1403637132.8383193016 -0.8895168556 -10.2534525217 0.6127136546 -0.6514341091 -0.4521041028 0.3774566790 0.4782906409
1403637132.9383192062 -0.8895168556 -10.2534525217 0.6127136546 -0.6514341091 -0.4521041028 0.3774566790 0.4782906409
1403637133.0383191109 -0.8895168556 -10.2534525217 0.6127136546 -0.6514341091 -0.4521041028 0.3774566790 0.4782906409
1403637133.1383192539 -0.8854015818 -10.2558863006 0.6204715961 -0.6511631270 -0.4503870164 0.3803111221 0.4780183761
1403637133.2383191586 -0.8854015818 -10.2558863006 0.6204715961 -0.6511631270 -0.4503870164 0.3803111221 0.4780183761
1403637133.3383193016 -0.8721874028 -10.2485546325 0.6470832175 -0.6507592432 -0.4528723153 0.3720355204 0.4827096901
1403637133.4383192062 -0.8653246636 -10.2428898142 0.6872786883 -0.6554534079 -0.4513303072 0.3659910141 0.4824234255
1403637133.5383191109 -0.8588817368 -10.2396060453 0.7126430391 -0.6616999487 -0.4523670926 0.3618953921 0.4759715502
1403637133.6383192539 -0.8531855414 -10.2255056215 0.7340583947 -0.6681203585 -0.4513193680 0.3564626636 0.4720809085
1403637133.7383191586 -0.8378572046 -10.2087075300 0.7909873531 -0.6699029282 -0.4507000681 0.3514623012 0.4738921462
1403637133.8383193016 -0.8258472272 -10.1934592232 0.9069870239 -0.6735893744 -0.4471093182 0.3457028472 0.4762983873
1403637133.9383192062 -0.8231805538 -10.1809997460 1.1008510657 -0.6803273731 -0.4428039760 0.3389856308 0.4755712842
1403637134.0383191109 -0.8220025372 -10.1751549112 1.3535929043 -0.6824545654 -0.4402871548 0.3334216310 0.4787828353
1403637134.1383192539 -0.8205189241 -10.1724514386 1.6186422628 -0.6813586390 -0.4393243853 0.3242236195 0.4874664440
1403637134.2383191586 -0.8262869713 -10.1695003485 1.8748543372 -0.6773540090 -0.4355704390 0.3161287491 0.5015302116
1403637134.3383193016 -0.8303951532 -10.1709526076 2.0974044835 -0.6693396132 -0.4293136513 0.3208494375 0.5145191050
1403637134.4383192062 -0.8351759221 -10.1681844193 2.2358414619 -0.6636311816 -0.4204061782 0.3272660531 0.5251183016
1403637134.5383191109 -0.8432717514 -10.1608507084 2.2527251320 -0.6656895541 -0.4127542082 0.3325280453 0.5252775269
1403637134.6383192539 -0.8534165421 -10.1392745784 2.1217233251 -0.6708190915 -0.4151842243 0.3263923705 0.5206647932
1403637134.7383191586 -0.8598337595 -10.1158522526 1.8720496619 -0.6780047004 -0.4242114141 0.3179419817 0.5091828735
1403637134.8383193016 -0.8587738185 -10.1045846226 1.5645349611 -0.6896612227 -0.4349540391 0.3105933285 0.4885838373
1403637134.9383192062 -0.8480276203 -10.1056549791 1.2694988640 -0.7025792934 -0.4408172298 0.3055603861 0.4676487537
1403637135.0383191109 -0.8325612509 -10.1144913041 1.0411515926 -0.7090243923 -0.4413533104 0.3068752833 0.4564200117
1403637135.1383192539 -0.8158887678 -10.1194201177 0.8955559243 -0.7112432612 -0.4433696195 0.3055631028 0.4518712141
1403637135.2383191586 -0.7994191343 -10.1216381785 0.8586087919 -0.7152288143 -0.4497964936 0.2975526235 0.4445146723
1403637135.3383193016 -0.7964230439 -10.1143582974 0.9844104439 -0.7190219197 -0.4520337208 0.2913148197 0.4402370612
1403637135.4383192062 -0.8079452978 -10.0997080569 1.2509668875 -0.7121977571 -0.4484717749 0.2925456730 0.4539432245
1403637135.5383191109 -0.8224736306 -10.0840777514 1.5927282077 -0.6993042000 -0.4427955174 0.2966505319 0.4763446520
1403637135.6383192539 -0.8399618249 -10.0709498227 1.9424172699 -0.6891129635 -0.4343984540 0.2989714913 0.4970285244
1403637135.7383191586 -0.8532183023 -10.0692873901 2.2518888526 -0.6813485293 -0.4232513804 0.3078984502 0.5116844682
1403637135.8383193016 -0.8565308835 -10.0690058498 2.4659489418 -0.6771059322 -0.4145279862 0.3178390972 0.5183361973
1403637135.9383192062 -0.8678613830 -10.0580520425 2.5177991539 -0.6775886874 -0.4102106031 0.3210912669 0.5191350789
1403637136.0383191109 -0.8805879844 -10.0520391064 2.3973074991 -0.6801128214 -0.4134089016 0.3193662512 0.5143392148
1403637136.1383192539 -0.9019855651 -10.0459301666 2.1526446057 -0.6850766032 -0.4188772640 0.3124979841 0.5075006359
1403637136.2383191586 -0.9192293166 -10.0494341274 1.8244244035 -0.6935446872 -0.4262872433 0.3018616243 0.4961396102
1403637136.3383193016 -0.9183191926 -10.0575816112 1.4860046714 -0.7060046685 -0.4348060997 0.2904263501 0.4776542670
1403637136.4383192062 -0.8971922410 -10.0741925437 1.1942849361 -0.7182788382 -0.4420757087 0.2835025624 0.4563670403
1403637136.5383191109 -0.8708656162 -10.0909084258 1.0094431162 -0.7280722585 -0.4444201007 0.2835565248 0.4381749169
1403637136.6383192539 -0.8534006150 -10.0983047939 0.9687448752 -0.7311683387 -0.4468755307 0.2812386140 0.4319721779
1403637136.7383191586 -0.8477711586 -10.0965923983 1.1037818537 -0.7302782515 -0.4488459392 0.2798813253 0.4323163680
1403637136.8383193016 -0.8480340075 -10.0924693259 1.4018313786 -0.7244830306 -0.4471026132 0.2845572511 0.4407388824
1403637136.9383192062 -0.8539928244 -10.0766654008 1.7859773668 -0.7142087275 -0.4393176441 0.2911251211 0.4605996797
1403637137.0383191109 -0.8604792176 -10.0526871391 2.1702030805 -0.7057608760 -0.4256050139 0.2948379713 0.4835623318
1403637137.1383192539 -0.8623576518 -10.0437886621 2.4809887948 -0.6986342587 -0.4094061350 0.3060730246 0.5006157137
1403637137.2383191586 -0.8603722386 -10.0459343296 2.6468833424 -0.6911370017 -0.4015365972 0.3184192173 0.5096147644
1403637137.3383193016 -0.8642118887 -10.0371722500 2.6355791518 -0.6863911088 -0.3999095422 0.3210583634 0.5156172332
1403637137.4383192062 -0.8827344988 -10.0271061059 2.4501617974 -0.6844545854 -0.4017736934 0.3226148125 0.5157707849
1403637137.5383191109 -0.8982181609 -10.0234580532 2.1478434067 -0.6879320507 -0.4109066491 0.3142501975 0.5090697720
1403637137.6383192539 -0.9054196166 -10.0277263216 1.7866661815 -0.6981856936 -0.4237597295 0.2950017723 0.4959217511
1403637137.7383191586 -0.9058885778 -10.0424783157 1.4317079287 -0.7122427454 -0.4322391075 0.2821826372 0.4756601569
1403637137.8383193016 -0.8812805111 -10.0708420239 1.1425492413 -0.7207790646 -0.4388276863 0.2799629742 0.4577428699
1403637137.9383192062 -0.8445469998 -10.0929300391 0.9657479961 -0.7261265448 -0.4466389841 0.2760474831 0.4439049964
1403637138.0383191109 -0.8231200403 -10.0913170609 0.9584170446 -0.7322181315 -0.4532710335 0.2681299393 0.4318660830
1403637138.1383192539 -0.8206002671 -10.0773220508 1.1548337650 -0.7322939562 -0.4537709415 0.2720807942 0.4287301433
1403637138.2383191586 -0.8278278727 -10.0407702898 1.4916411330 -0.7175971022 -0.4573386264 0.2725010715 0.4490422538
1403637138.3383193016 -0.8399566922 -10.0156236605 1.8858898905 -0.7016416388 -0.4473583096 0.2797855877 0.4788419139
1403637138.4383192062 -0.8542545032 -10.0071616660 2.2489754463 -0.6880891208 -0.4298747324 0.2892967749 0.5079846969
1403637138.5383191109 -0.8552901432 -10.0109116266 2.4963339583 -0.6794852663 -0.4151847164 0.2961024581 0.5274891074
1403637138.6383192539 -0.8548392971 -10.0078888490 2.5772681054 -0.6746387010 -0.4090339147 0.3014727354 0.5354139236
1403637138.7383191586 -0.8710162647 -9.9957667011 2.4796934134 -0.6763894085 -0.4084569466 0.3048577550 0.5317161273
1403637138.8383193016 -0.8988168117 -9.9785833612 2.2403034329 -0.6846409829 -0.4097026980 0.3012387240 0.5221739699
1403637138.9383192062 -0.9257292896 -9.9631985600 1.9025075249 -0.6933912684 -0.4161822028 0.2947045879 0.5090679020
1403637139.0383191109 -0.9468113359 -9.9668911489 1.5486960884 -0.7001394635 -0.4205097778 0.3021335247 0.4916213906
1403637139.1383192539 -0.9611447391 -9.9846857471 1.2308775927 -0.7048678488 -0.4236540605 0.3082207715 0.4782034178
1403637139.2383191586 -0.9680042771 -10.0067935727 0.9771030275 -0.7073399190 -0.4281136270 0.3108898829 0.4687605381
1403637139.3383193016 -0.9820267383 -10.0180935390 0.8141554888 -0.7061221183 -0.4324466377 0.3118888339 0.4659472233
1403637139.4383192062 -0.9951120337 -10.0195848607 0.7308718732 -0.7020484500 -0.4394299132 0.3133986239 0.4645542249
1403637139.5383191109 -1.0043516701 -10.0246192090 0.6911271340 -0.6968276947 -0.4430356492 0.3207668755 0.4639603314
1403637139.6383192539 -1.0154122935 -10.0301108683 0.6623003060 -0.6917310581 -0.4441154318 0.3244026370 0.4680091405
1403637139.7383191586 -1.0212983347 -10.0327185014 0.6299779011 -0.6878317896 -0.4457053385 0.3275823242 0.4700255325
1403637139.8383193016 -1.0201087735 -10.0284255224 0.6048448878 -0.6863572989 -0.4440709050 0.3303095160 0.4718159740
1403637139.9383192062 -1.0147751159 -10.0199572771 0.6012935228 -0.6827333961 -0.4364037454 0.3356183291 0.4804031827
1403637140.0383191109 -1.0059706606 -10.0175384821 0.5998352664 -0.6835274529 -0.4260018570 0.3400271883 0.4854834191
1403637140.1383192539 -0.9940995085 -10.0132920889 0.6039807915 -0.6798647243 -0.4184104462 0.3413251944 0.4961993216
1403637140.2383191586 -0.9863025562 -10.0072106986 0.6019727008 -0.6810443123 -0.4149797736 0.3394256642 0.4987591108
1403637140.3383193016 -0.9825425808 -10.0021472188 0.5985842943 -0.6824116701 -0.4121760721 0.3410988353 0.4980730696
1403637140.4383192062 -0.9822833032 -10.0028316894 0.5992634607 -0.6826508644 -0.4117221646 0.3416704605 0.4977287946
1403637140.5383191109 -0.9824494683 -10.0038715517 0.5998803759 -0.6829852644 -0.4110326593 0.3424801240 0.4972832656
1403637140.6383192539 -0.9829858477 -10.0047143057 0.6003577818 -0.6833033451 -0.4104495007 0.3433690287 0.4967146627
1403637140.7383191586 -0.9830313266 -10.0050134580 0.6004518359 -0.6832591534 -0.4104714670 0.3434194651 0.4967224327
1403637140.8383193016 -0.9829551013 -10.0051620095 0.6005277099 -0.6833145658 -0.4103995790 0.3435753281 0.4965978088
1403637140.9383192062 -0.9829602342 -10.0050536031 0.6005620129 -0.6833546979 -0.4103337132 0.3435211370 0.4966345025
1403637141.0383191109 -0.9830700870 -10.0051131557 0.6005763769 -0.6833606222 -0.4104093874 0.3434933187 0.4965830593
1403637141.1383192539 -0.9829406781 -10.0050483164 0.6005165346 -0.6832903670 -0.4104141150 0.3435355914 0.4966465806
1403637141.2383191586 -0.9829249229 -10.0050533145 0.6006153188 -0.6833456657 -0.4103964024 0.3435164219 0.4965983910
1403637141.3383193016 -0.9829985020 -10.0052127870 0.6005810883 -0.6832921922 -0.4103934281 0.3436026420 0.4966147790
1403637141.4383192062 -0.9829111876 -10.0051259654 0.6005512595 -0.6833488156 -0.4103872006 0.3435360233 0.4965881015
1403637141.5383191109 -0.9831318108 -10.0051786328 0.6006054218 -0.6833542460 -0.4104067073 0.3435254625 0.4965718132
1403637141.6383192539 -0.9830962824 -10.0051599092 0.6005448685 -0.6833618651 -0.4103799515 0.3434954379 0.4966042095
1403637141.7383191586 -0.9834838559 -10.0052101713 0.6005045800 -0.6833724468 -0.4103751944 0.3434465048 0.4966274229
1403637141.8383193016 -0.9832298954 -10.0051211369 0.6005247768 -0.6833687049 -0.4103686506 0.3435170505 0.4965891861
1403637141.9383192062 -0.9831174304 -10.0051597056 0.6004401708 -0.6834214699 -0.4102660372 0.3436277864 0.4965247402
1403637142.0383191109 -0.9831176103 -10.0053267638 0.6006863341 -0.6833499439 -0.4103176108 0.3435323081 0.4966466206
1403637142.1383192539 -0.9828053365 -10.0051937068 0.6005490743 -0.6833454423 -0.4103171839 0.3436167200 0.4965947692
1403637142.2383191586 -0.9830950376 -10.0051983739 0.6005162407 -0.6834081340 -0.4102636392 0.3435955690 0.4965673708
1403637142.3383193016 -0.9829845602 -10.0052259936 0.6005367342 -0.6834033568 -0.4101991059 0.3436723261 0.4965741412
1403637142.4383192062 -0.9830084234 -10.0052515646 0.6004164075 -0.6833363351 -0.4103353904 0.3435393983 0.4966457514
1403637142.5383191109 -0.9830946815 -10.0052432349 0.6004036634 -0.6833538131 -0.4103021491 0.3435260503 0.4966583990
1403637142.6383192539 -0.9829767993 -10.0051163600 0.6004115385 -0.6834060250 -0.4102687370 0.3436324747 0.4965405227
1403637142.7383191586 -0.9828114430 -10.0051602645 0.6005645992 -0.6833619597 -0.4103844479 0.3434839941 0.4966082790
1403637142.8383193016 -0.9827450858 -10.0050858387 0.6004304697 -0.6833800873 -0.4102697589 0.3436100869 0.4965908673
1403637142.9383192062 -0.9826885895 -10.0050997269 0.6003869056 -0.6833931881 -0.4102581735 0.3436032963 0.4965871085
1403637143.0383191109 -0.9826759016 -10.0051443393 0.6003598376 -0.6833580691 -0.4102712751 0.3435429102 0.4966663860
1403637143.1383192539 -0.9827525905 -10.0051257329 0.6004249668 -0.6833458648 -0.4102634992 0.3436027988 0.4966481722
1403637143.2383191586 -0.9826784588 -10.0050902061 0.6004115965 -0.6833915849 -0.4102595104 0.3436411897 0.4965619887
1403637143.3383193016 -0.9826330769 -10.0051570259 0.6005496148 -0.6833595775 -0.4102763778 0.3436126099 0.4966118766
1403637143.4383192062 -0.9827720521 -10.0051212253 0.6004489433 -0.6833781001 -0.4102019760 0.3436569477 0.4966171700
1403637143.5383191109 -0.9826595270 -10.0052838180 0.6001521225 -0.6833968579 -0.4102119517 0.3436105874 0.4966151967
1403637143.6383192539 -0.9827338810 -10.0053482572 0.6005248116 -0.6834061949 -0.4102262066 0.3435416529 0.4966382636
1403637143.7383191586 -0.9827150261 -10.0051829344 0.6004430258 -0.6833876753 -0.4102477721 0.3435310822 0.4966532456
1403637143.8383193016 -0.9829375608 -10.0052759986 0.6004549762 -0.6834152938 -0.4102102639 0.3435457466 0.4966360797
1403637143.9383192062 -0.9830803925 -10.0053867291 0.6005083115 -0.6832956452 -0.4103498161 0.3436786021 0.4965935039
1403637144.0383191109 -0.9831953447 -10.0053742139 0.6002634203 -0.6832990121 -0.4103275051 0.3437636337 0.4965484496
1403637144.1383192539 -0.9831908253 -10.0051982025 0.6002856322 -0.6834338861 -0.4101334673 0.3437482730 0.4965337725
1403637144.2383191586 -0.9831313686 -10.0050704256 0.6001270921 -0.6835348568 -0.4100872005 0.3436990867 0.4964670435
1403637144.3383193016 -0.9830133358 -10.0050799345 0.6003579103 -0.6835453472 -0.4099487550 0.3437881488 0.4965052721
1403637144.4383192062 -0.9831885651 -10.0053200858 0.6005392088 -0.6834188676 -0.4100426196 0.3438599238 0.4965521667
1403637144.5383191109 -0.9830450577 -10.0053802853 0.6005236578 -0.6833527582 -0.4100658262 0.3439576625 0.4965562934
1403637144.6383192539 -0.9830559575 -10.0050952685 0.6003456777 -0.6834348455 -0.4100634061 0.3435802831 0.4967065572
1403637144.7383191586 -0.9828863618 -10.0050287169 0.6005002015 -0.6833321603 -0.4102164320 0.3436981009 0.4966399632
1403637144.8383193016 -0.9829370337 -10.0050755629 0.6005722324 -0.6833175099 -0.4102050918 0.3436627604 0.4966939404
1403637144.9383192062 -0.9830091868 -10.0053242896 0.6004768031 -0.6832016671 -0.4104061125 0.3437656582 0.4966160259
1403637145.0383191109 -0.9829710373 -10.0054493357 0.6001916333 -0.6832009016 -0.4105242098 0.3437018744 0.4965636139
1403637145.1383192539 -0.9829447232 -10.0052666303 0.6000582419 -0.6833095625 -0.4103187476 0.3436379394 0.4966281645
1403637145.2383191586 -0.9830699354 -10.0051130172 0.6002833760 -0.6833723213 -0.4102765527 0.3435813687 0.4966158111
1403637145.3383193016 -0.9830705503 -10.0051099238 0.6003568983 -0.6833911722 -0.4102132013 0.3436493238 0.4965951847
1403637145.4383192062 -0.9826848370 -10.0051723013 0.6006072170 -0.6833812566 -0.4102657361 0.3435613221 0.4966263201
1403637145.5383191109 -0.9829201129 -10.0050909248 0.6004650090 -0.6834265581 -0.4102446828 0.3434620999 0.4966500034
1403637145.6383192539 -0.9831069182 -10.0051219200 0.6004713976 -0.6833830928 -0.4102366610 0.3436044068 0.4966180042
1403637145.7383191586 -0.9830387916 -10.0051330165 0.6002652660 -0.6833545748 -0.4102298855 0.3436768896 0.4966126879
1403637145.8383193016 -0.9828885530 -10.0049844687 0.6002354161 -0.6833970547 -0.4101653027 0.3437487807 0.4965578173
1403637145.9383192062 -0.9829596308 -10.0050701430 0.6003343100 -0.6833948009 -0.4101986190 0.3436649307 0.4965914361
1403637146.0383191109 -0.9831634248 -10.0051070171 0.6004005008 -0.6833610172 -0.4102667042 0.3436845918 0.4965680749
1403637146.1383192539 -0.9827952763 -10.0051523985 0.6003371457 -0.6833728404 -0.4102492073 0.3435890978 0.4966323396
1403637146.2383191586 -0.9824016703 -10.0043435654 0.6001564554 -0.6832229873 -0.4104943727 0.3430796058 0.4969880317
1403637146.3383193016 -0.9825805332 -10.0046365560 0.6003126961 -0.6831589494 -0.4104991862 0.3433216739 0.4969049167
1403637146.4383192062 -0.9827044501 -10.0049398256 0.6005407745 -0.6832579411 -0.4105186167 0.3432473994 0.4968040601
1403637146.5383191109 -0.9827962782 -10.0048696246 0.6004334116 -0.6832468231 -0.4104343091 0.3433062376 0.4968483510
1403637146.6383192539 -0.9826930857 -10.0047565183 0.6002395626 -0.6832616526 -0.4103709089 0.3434822328 0.4967586808
1403637146.7383191586 -0.9825884260 -10.0048325732 0.6002211560 -0.6833543387 -0.4102976803 0.3434996570 0.4966796221
1403637146.8383193016 -0.9827853726 -10.0049194452 0.6002749988 -0.6833198841 -0.4103116948 0.3435257608 0.4966973935
1403637146.9383192062 -0.9828413309 -10.0048833332 0.6003660670 -0.6833199659 -0.4103552480 0.3434585119 0.4967078067
1403637147.0383191109 -0.9831272612 -10.0048613081 0.6004838477 -0.6833176977 -0.4103794869 0.3435337863 0.4966388411
1403637147.1383192539 -0.9830290759 -10.0048550618 0.6005339078 -0.6833390633 -0.4103527409 0.3434438924 0.4966937138
1403637147.2383191586 -0.9826542160 -10.0047344021 0.6003850514 -0.6832711309 -0.4103465121 0.3434552438 0.4967844575
1403637147.3383193016 -0.9827367840 -10.0048049878 0.6003992399 -0.6832887590 -0.4103009462 0.3435297325 0.4967463419
1403637147.4383192062 -0.9826485628 -10.0048504535 0.6002980437 -0.6832836478 -0.4103746235 0.3434048685 0.4967788455
1403637147.5383191109 -0.9828455073 -10.0049108798 0.6003549578 -0.6832390138 -0.4104211353 0.3434337248 0.4967818620
1403637147.6383192539 -0.9827281807 -10.0048810018 0.6005407473 -0.6832365252 -0.4104511249 0.3434120603 0.4967754841
1403637147.7383191586 -0.9829778695 -10.0050437001 0.6006597504 -0.6832329016 -0.4103819703 0.3434297660 0.4968253580
1403637147.8383193016 -0.9830610855 -10.0049503112 0.6006173331 -0.6832770970 -0.4103413393 0.3434639236 0.4967745234
1403637147.9383192062 -0.9828215739 -10.0049117028 0.6004570817 -0.6833048088 -0.4103228432 0.3434754601 0.4967437075
1403637148.0383191109 -0.9828866277 -10.0050315032 0.6006426457 -0.6833161533 -0.4102770457 0.3435243649 0.4967321120
1403637148.1383192539 -0.9829956700 -10.0047397729 0.6005031040 -0.6832559559 -0.4102708781 0.3434952255 0.4968401508
1403637148.2383191586 -0.9826948071 -10.0047390955 0.6004231194 -0.6832429001 -0.4104107182 0.3436155299 0.4966593897
1403637148.3383193016 -0.9827568001 -10.0047165774 0.6003318165 -0.6831843809 -0.4104977520 0.3436226459 0.4966630392
1403637148.4383192062 -0.9829310254 -10.0049639121 0.6003469269 -0.6831129878 -0.4105612636 0.3437105933 0.4966478861
1403637148.5383191109 -0.9829983939 -10.0052298652 0.6005070400 -0.6830858612 -0.4108071235 0.3437167349 0.4964776124
1403637148.6383192539 -0.9818593193 -10.0054679600 0.6005600389 -0.6830157752 -0.4113290921 0.3438229557 0.4960681445
1403637148.7383191586 -0.9809211583 -10.0058226589 0.6006527441 -0.6827251175 -0.4119647224 0.3441056508 0.4957446748
1403637148.8383193016 -0.9804626318 -10.0060064127 0.6005084401 -0.6825961190 -0.4123888619 0.3442598342 0.4954625430
1403637148.9383192062 -0.9795712223 -10.0065920999 0.6004871403 -0.6824382084 -0.4131233667 0.3444381371 0.4949439820
1403637149.0383191109 -0.9788557984 -10.0069022699 0.6005279204 -0.6822806092 -0.4137425200 0.3444728260 0.4946198234
1403637149.1383192539 -0.9785834939 -10.0072337270 0.6005906895 -0.6822257662 -0.4140325685 0.3448354483 0.4941999086
1403637149.2383191586 -0.9770967405 -10.0071871463 0.6008116977 -0.6819919227 -0.4144365215 0.3451918242 0.4939352099
1403637149.3383193016 -0.9766783631 -10.0075032376 0.6007636268 -0.6817608483 -0.4152176388 0.3452829128 0.4935343639
1403637149.4383192062 -0.9751387930 -10.0075554892 0.6007733023 -0.6814009360 -0.4161364211 0.3456659868 0.4929891166
1403637149.5383191109 -0.9736221607 -10.0077379210 0.6003865303 -0.6809337073 -0.4178939488 0.3456544308 0.4921554107
1403637149.6383192539 -0.9678283859 -10.0084376072 0.5979056033 -0.6804805322 -0.4257831961 0.3445715403 0.4867498011
1403637149.7383191586 -0.9570417748 -10.0087589888 0.5952684359 -0.6780906200 -0.4350617232 0.3452227981 0.4813892684
1403637149.8383193016 -0.9495484649 -10.0036658703 0.5953836355 -0.6808583942 -0.4404233535 0.3435710292 0.4737278382
1403637149.9383192062 -0.9336372248 -9.9823083895 0.5969823111 -0.6883482677 -0.4475801694 0.3342829898 0.4627132342
1403637150.0383191109 -0.9115379631 -9.9398811289 0.6132420725 -0.6937768166 -0.4602526424 0.3160203658 0.4549421527
1403637150.1383192539 -0.8991715885 -9.8729255630 0.6625032945 -0.6976009545 -0.4684847541 0.2992365434 0.4520314530
1403637150.2383191586 -0.9165237826 -9.7873008496 0.7456021813 -0.6976964904 -0.4683188983 0.2922078784 0.4566306742
1403637150.3383193016 -0.9662911938 -9.6903953160 0.8549965056 -0.6956239908 -0.4629023689 0.2927805074 0.4648744291
1403637150.4383192062 -1.0400796807 -9.5875039982 0.9789975912 -0.6916127483 -0.4534720092 0.3001115008 0.4753609474
1403637150.5383191109 -1.1216543061 -9.4803793844 1.0945690278 -0.6899103900 -0.4480133303 0.3017574462 0.4819233895
1403637150.6383192539 -1.2092897286 -9.3706863602 1.2023040324 -0.6898723372 -0.4450728645 0.3014517471 0.4848846747
1403637150.7383191586 -1.2993587607 -9.2607812884 1.3011406869 -0.6901019870 -0.4438818071 0.3000924963 0.4864901669
1403637150.8383193016 -1.3942904947 -9.1505271302 1.3912733787 -0.6891586670 -0.4427429530 0.2992831033 0.4893553242
1403637150.9383192062 -1.4902795668 -9.0447305429 1.4815612818 -0.6853233256 -0.4401754834 0.3019501078 0.4953822925
1403637151.0383191109 -1.5861342655 -8.9444881623 1.5517121201 -0.6814490335 -0.4381044950 0.3051561063 0.5005710908
1403637151.1383192539 -1.6747630464 -8.8511674231 1.6075407704 -0.6766892091 -0.4366789826 0.3085993525 0.5061320184
1403637151.2383191586 -1.7510983397 -8.7705252970 1.6551175886 -0.6768937061 -0.4382318778 0.3087680061 0.5044105970
1403637151.3383193016 -1.8119658875 -8.7054304412 1.7354621304 -0.6817545593 -0.4393324159 0.3100903434 0.4960259349
1403637151.4383192062 -1.8651920193 -8.6405627093 1.8672642184 -0.6883129501 -0.4373127487 0.3149777238 0.4855634625
1403637151.5383191109 -1.9102404028 -8.5693975322 2.0028031417 -0.6881679075 -0.4404889963 0.3121662535 0.4847129103
1403637151.6383192539 -1.9564383749 -8.4919036777 2.1213584165 -0.6866758569 -0.4430760570 0.3097462618 0.4860217367
1403637151.7383191586 -1.9967606830 -8.4106452027 2.2225054277 -0.6855149155 -0.4448231709 0.3082556451 0.4870114009
1403637151.8383193016 -2.0390463003 -8.3295460087 2.3002850946 -0.6848215971 -0.4460454733 0.3075110430 0.4873394857
1403637151.9383192062 -2.0828275079 -8.2456605114 2.3558190294 -0.6841313395 -0.4472108143 0.3060713154 0.4881466458
1403637152.0383191109 -2.1285979119 -8.1638563712 2.4211490447 -0.6841918855 -0.4474171756 0.3066434433 0.4875132137
1403637152.1383192539 -2.1728546440 -8.0787159272 2.5077553399 -0.6852413552 -0.4472911655 0.3075094535 0.4856056367
1403637152.2383191586 -2.2191287999 -7.9965348791 2.5927588325 -0.6866867855 -0.4469464669 0.3079598590 0.4835916041
1403637152.3383193016 -2.2852179929 -7.8986526186 2.6569562120 -0.6885444727 -0.4468332685 0.3084350844 0.4807435262
1403637152.4383192062 -2.3375086550 -7.8069568935 2.6875943074 -0.6882369160 -0.4473395669 0.3080204993 0.4809788264
1403637152.5383191109 -2.3957652123 -7.7072490976 2.6871798366 -0.6878426490 -0.4477301231 0.3079778236 0.4812066991
1403637152.6383192539 -2.4553243865 -7.6042902220 2.6695211047 -0.6874335569 -0.4479036966 0.3075634973 0.4818942607
1403637152.7383191586 -2.5194316064 -7.4967739167 2.6562377044 -0.6864550435 -0.4468515158 0.3089427428 0.4833813998
1403637152.8383193016 -2.5909854562 -7.3857236798 2.6555434313 -0.6849870238 -0.4436706556 0.3137504596 0.4852934943
1403637152.9383192062 -2.6452961715 -7.2657436717 2.6868560792 -0.6824336062 -0.4431373940 0.3154814288 0.4882469572
1403637153.0383191109 -2.7128692073 -7.1513532351 2.7326326272 -0.6814092872 -0.4436774116 0.3151245662 0.4894162294
1403637153.1383192539 -2.7706079236 -7.0331386167 2.7725671531 -0.6816587106 -0.4449950456 0.3126368356 0.4894680997
1403637153.2383191586 -2.8121722172 -6.9103322736 2.8025055252 -0.6822881577 -0.4467209054 0.3098385607 0.4887978814
1403637153.3383193016 -2.8559787911 -6.7937026786 2.8064934177 -0.6819321940 -0.4476421854 0.3081734868 0.4895038903
1403637153.4383192062 -2.9010670198 -6.6805006649 2.8087514468 -0.6821748024 -0.4490684059 0.3058767028 0.4893000598
1403637153.5383191109 -2.9491194377 -6.5699740489 2.8284617639 -0.6838418850 -0.4508904289 0.3027545264 0.4872348450
1403637153.6383192539 -2.9914348567 -6.4553329027 2.8881784424 -0.6848850578 -0.4515168725 0.3021946508 0.4855341023
1403637153.7383191586 -3.0519478897 -6.3485147920 2.9654912344 -0.6836327663 -0.4508087616 0.3031975465 0.4873283791
1403637153.8383193016 -3.1175488313 -6.2484010438 3.0435336057 -0.6821022883 -0.4484989752 0.3063941540 0.4895995915
1403637153.9383192062 -3.1732092862 -6.1494605104 3.1028674536 -0.6807079969 -0.4479801958 0.3066330020 0.4918603147
1403637154.0383191109 -3.2346077496 -6.0595212525 3.1253750120 -0.6810603870 -0.4473916536 0.3072614604 0.4915158721
1403637154.1383192539 -3.2952914180 -5.9708952633 3.1093219339 -0.6862139432 -0.4465701084 0.3087606546 0.4840995978
1403637154.2383191586 -3.3511994324 -5.8808095691 3.0788573783 -0.6969118534 -0.4417373451 0.3151523108 0.4688933860
1403637154.3383193016 -3.4117479971 -5.7714264494 3.0232429662 -0.7027889883 -0.4387028459 0.3186635540 0.4605225188
1403637154.4383192062 -3.4779659840 -5.6306672280 2.9548857208 -0.6987152833 -0.4401062294 0.3157430008 0.4673433611
1403637154.5383191109 -3.5513588612 -5.4724609208 2.8699016400 -0.6926975271 -0.4407849781 0.3131420898 0.4773057412
1403637154.6383192539 -3.6201781349 -5.3009110476 2.7988047579 -0.6904183870 -0.4445176481 0.3045984631 0.4826450950
1403637154.7383191586 -3.6957440628 -5.1287853891 2.7287620514 -0.6926013360 -0.4489889560 0.2917261498 0.4833302807
1403637154.8383193016 -3.7842591157 -4.9462940256 2.6759903876 -0.7000347151 -0.4444072422 0.2812962096 0.4830383454
1403637154.9383192062 -3.8958418740 -4.7637757471 2.6440646300 -0.7074222746 -0.4375153851 0.2741563251 0.4826720652
1403637155.0383191109 -4.0322382837 -4.5782549631 2.6359278317 -0.7119918277 -0.4279627603 0.2707999147 0.4863979022
1403637155.1383192539 -4.1847980695 -4.3873948784 2.6724528519 -0.7154253260 -0.4137928154 0.2687127215 0.4947075723
1403637155.2383191586 -4.3452687192 -4.2044100663 2.7427381032 -0.7167457544 -0.4026402288 0.2673075562 0.5026957729
1403637155.3383193016 -4.5113208451 -4.0251532026 2.8370754858 -0.7161968952 -0.3950739866 0.2670927090 0.5095488566
1403637155.4383192062 -4.6897750091 -3.8323379134 2.9151688105 -0.7184794976 -0.3838435542 0.2647084645 0.5161208834
1403637155.5383191109 -4.8572933063 -3.6448889376 2.9588099313 -0.7232789257 -0.3696460540 0.2604398295 0.5219199993
1403637155.6383192539 -5.0158767950 -3.4626526602 2.9657222093 -0.7297330811 -0.3562731802 0.2592203446 0.5228421027
1403637155.7383191586 -5.1608516574 -3.2827518402 2.9538668705 -0.7364646172 -0.3441286152 0.2569609873 0.5226532453
1403637155.8383193016 -5.2833097987 -3.0886819052 2.9134084046 -0.7442712375 -0.3282035266 0.2524082151 0.5240542559
1403637155.9383192062 -5.4025496668 -2.8800923949 2.8439491237 -0.7546815870 -0.3131779057 0.2388563586 0.5247122465
1403637156.0383191109 -5.4964346266 -2.6645007874 2.7769127376 -0.7623787782 -0.2938163270 0.2272345736 0.5299198175
1403637156.1383192539 -5.5815844507 -2.4421095089 2.7070432530 -0.7686755774 -0.2714325553 0.2179999213 0.5365987877
1403637156.2383191586 -5.6472982206 -2.1996659437 2.6340571299 -0.7757994335 -0.2474168048 0.2072939429 0.5421709924
1403637156.3383193016 -5.6902508673 -1.9443683308 2.5594102389 -0.7831188056 -0.2234865181 0.1940967550 0.5469050761
1403637156.4383192062 -5.7024150501 -1.6821918025 2.4907752845 -0.7902809366 -0.2003462421 0.1781016357 0.5509965807
1403637156.5383191109 -5.6780891831 -1.4040192626 2.4133795891 -0.7949783543 -0.1770970428 0.1623870887 0.5570246736
1403637156.6383192539 -5.6370162739 -1.1220688131 2.3284300987 -0.7989701686 -0.1557002940 0.1450080624 0.5624737771
1403637156.7383191586 -5.5770221423 -0.8525999162 2.2349808579 -0.8020548909 -0.1362593018 0.1264706155 0.5675795433
1403637156.8383193016 -5.4896399840 -0.5709205290 2.1009807009 -0.8067862734 -0.1252284038 0.1072213412 0.5673775991
1403637156.9383192062 -5.3857556767 -0.2948117909 1.9548327840 -0.8110810578 -0.1202858481 0.0918449325 0.5650162306
1403637157.0383191109 -5.2752117393 -0.0164107666 1.7881296879 -0.8151995188 -0.1174092252 0.0834067195 0.5609885360
1403637157.1383192539 -5.1682243792 0.2698055062 1.6036534985 -0.8177062340 -0.1140142295 0.0830332568 0.5580884774
1403637157.2383191586 -5.0516460225 0.5639607068 1.4584835025 -0.8184588451 -0.1117649478 0.0860306685 0.5569851339
1403637157.3383193016 -4.9322746558 0.8725678461 1.3370130997 -0.8182146424 -0.1100491900 0.0914016676 0.5568300548
1403637157.4383192062 -4.8063854129 1.1814888299 1.2708439189 -0.8188048016 -0.1068013009 0.1003740765 0.5550470465
1403637157.5383191109 -4.6560699234 1.5161023236 1.2332727654 -0.8191445901 -0.1056285731 0.1079817365 0.5533395789
1403637157.6383192539 -4.4860373624 1.8435906372 1.2284653258 -0.8187701210 -0.1071001356 0.1119247728 0.5528271838
1403637157.7383191586 -4.2826947385 2.2050941288 1.2540629464 -0.8186995452 -0.1087744095 0.1143809731 0.5521015989
1403637157.8383193016 -4.0656513240 2.5732390465 1.2952166147 -0.8137072013 -0.1116810076 0.1127749660 0.5591866863
1403637157.9383192062 -3.8135084071 2.9625329413 1.3100178439 -0.8089573070 -0.1147950162 0.1096037555 0.5660363915
1403637158.0383191109 -3.5540138130 3.3423262455 1.3018365428 -0.8055551729 -0.1199165557 0.1027934287 0.5710817753
1403637158.1383192539 -3.2696439739 3.7296328489 1.3156454964 -0.8037236288 -0.1233230383 0.0980743924 0.5737605513
1403637158.2383191586 -2.9711073770 4.1151091807 1.3536413759 -0.8023863439 -0.1236850046 0.0965431405 0.5758103827
1403637158.3383193016 -2.6833550973 4.4888770073 1.3899032115 -0.8030490583 -0.1191784699 0.0922694012 0.5765371279
1403637158.4383192062 -2.3677272890 4.8491443659 1.4531965989 -0.8044244429 -0.1069248364 0.0870825671 0.5778278477
1403637158.5383191109 -2.0438794663 5.2088129939 1.4842821948 -0.8058260678 -0.0887211098 0.0817665375 0.5797302360
1403637158.6383192539 -1.7012641319 5.5560362498 1.4876936123 -0.8083031321 -0.0654745368 0.0769442453 0.5800333738
1403637158.7383191586 -1.3311459996 5.8932952901 1.4627883799 -0.8099966225 -0.0436433073 0.0654850136 0.5811303178
1403637158.8383193016 -0.9481246486 6.2200155905 1.4142819060 -0.8137021107 -0.0286834865 0.0516282467 0.5782738596
1403637158.9383192062 -0.5458114383 6.5435669999 1.3705073950 -0.8163312825 -0.0211999018 0.0385047622 0.5759090073
1403637159.0383191109 -0.1314272215 6.8560652177 1.3462180272 -0.8193254764 -0.0190391636 0.0263478937 0.5724063789
1403637159.1383192539 0.2831376709 7.1702530217 1.3449780957 -0.8198362521 -0.0155041302 0.0238654117 0.5718903600
1403637159.2383191586 0.7004165979 7.4842379925 1.3379084675 -0.8194052271 -0.0097903997 0.0297116719 0.5723604096
1403637159.3383193016 1.1378337108 7.7832999027 1.3046565047 -0.8196055814 -0.0071011825 0.0351373019 0.5718055913
1403637159.4383192062 1.5890818680 8.1014658438 1.2522358742 -0.8197217867 -0.0085833806 0.0370842486 0.5714956487
1403637159.5383191109 2.0545092180 8.4103899571 1.1750852185 -0.8199271137 -0.0137683033 0.0346765255 0.5712508212
1403637159.6383192539 2.5375505492 8.7214817088 1.0944279900 -0.8214346611 -0.0212769274 0.0285552612 0.5691897635
1403637159.7383191586 3.0118188876 9.0396155566 1.0306629692 -0.8213561294 -0.0270517706 0.0235833220 0.5692856377
1403637159.8383193016 3.4957370337 9.3616116091 0.9951470732 -0.8202716216 -0.0293503391 0.0206009657 0.5708490384
1403637159.9383192062 3.9800233847 9.6947629222 0.9762547044 -0.8210640424 -0.0226854889 0.0141804206 0.5702088412
1403637160.0383191109 4.4550795104 10.0340232323 0.9631833773 -0.8207735132 -0.0073291645 0.0048771976 0.5711859034
1403637160.1383192539 4.9444628437 10.3779829529 0.9262588076 -0.8166240910 0.0143613997 -0.0029300307 0.5769837598
1403637160.2383191586 5.4400580041 10.7224191479 0.8808674686 -0.8139044025 0.0364719525 -0.0173970369 0.5795918938
1403637160.3383193016 5.9368006220 11.0681513929 0.7982258536 -0.8116537473 0.0608278538 -0.0347042973 0.5799256663
1403637160.4383192062 6.4362920767 11.3972467129 0.7069672270 -0.8098530125 0.0873248389 -0.0546387513 0.5775180322
1403637160.5383191109 6.9360244660 11.7172908144 0.5947393484 -0.8088969318 0.1122502086 -0.0795527236 0.5716266338
1403637160.6383192539 7.4362802778 12.0162990532 0.4638095560 -0.8064613951 0.1369831252 -0.1030239005 0.5658990347
1403637160.7383191586 7.8948225019 12.3348182725 0.3361641154 -0.8063499460 0.1572096682 -0.1188720866 0.5576327750
1403637160.8383193016 8.3599918380 12.6519490053 0.2344890155 -0.8062085971 0.1697198720 -0.1303398334 0.5515744654
1403637160.9383192062 8.8057330995 12.9711868604 0.1737613797 -0.8066197884 0.1794905260 -0.1347072310 0.5468104150
1403637161.0383191109 9.2273546110 13.3086910749 0.1847939950 -0.8072550519 0.1884511366 -0.1317938420 0.5435584914
1403637161.1383192539 9.6733207658 13.6290079879 0.2336023048 -0.8049135386 0.1968166054 -0.1237230694 0.5459578933
1403637161.2383191586 10.1278947395 13.9800814600 0.3344757114 -0.7983026968 0.2078586010 -0.1094212943 0.5545580101
1403637161.3383193016 10.5707260212 14.3440551047 0.4581344767 -0.7935563934 0.2151586834 -0.0988417263 0.5605401900
1403637161.4383192062 11.0440498300 14.6861205352 0.6068173290 -0.7938341500 0.2123516255 -0.1045698333 0.5601778998
1403637161.5383191109 11.5771194631 14.9873541907 0.7548189139 -0.7941307983 0.2140092994 -0.1134443163 0.5573927539
1403637161.6383192539 12.1069615879 15.2993436314 0.9056671643 -0.7918711435 0.2213186639 -0.1239343899 0.5555163436
1403637161.7383191586 12.6757511990 15.5912744258 1.0471537909 -0.7855894380 0.2267793613 -0.1351841101 0.5595941499
1403637161.8383193016 13.2719640185 15.8581018265 1.1483268974 -0.7739187623 0.2273058068 -0.1499405950 0.5717513773
1403637161.9383192062 13.8297578141 16.1125012878 1.2351713661 -0.7606588298 0.2283858960 -0.1636464422 0.5851989996
1403637162.0383191109 14.3718380642 16.3383092305 1.3236480387 -0.7502551648 0.2290039966 -0.1732348392 0.5955367728
1403637162.1383192539 14.8799596272 16.5229281151 1.3645237260 -0.7451853792 0.2320021619 -0.1757787957 0.5999796351
1403637162.2383191586 15.3844836411 16.6365261480 1.3551286744 -0.7460950545 0.2399899987 -0.1662273083 0.5984274827
1403637162.3383193016 15.8555941025 16.7111212954 1.3462656860 -0.7495402452 0.2459578693 -0.1573265703 0.5940896377
1403637162.4383192062 16.3277952569 16.7387482319 1.3056587624 -0.7533342234 0.2521796024 -0.1462345063 0.5894984862
1403637162.5383191109 16.7932576134 16.7318381695 1.2675024971 -0.7653400154 0.2524069132 -0.1442382289 0.5742305672
1403637162.6383192539 17.2911234690 16.6593443994 1.2405059035 -0.7678402360 0.2465422568 -0.1504589725 0.5718394751
1403637162.7383191586 17.7776572858 16.5899039965 1.2764662260 -0.7545814474 0.2475047988 -0.1555976577 0.5874841127
1403637162.8383193016 18.2720668452 16.4703275319 1.2979692371 -0.7431101000 0.2568449358 -0.1650664927 0.5954587401
1403637162.9383192062 18.7475946604 16.3144832210 1.2717181267 -0.7352348151 0.2703899094 -0.1831086645 0.5939615144
1403637163.0383191109 19.2264625050 16.1050055239 1.2325730679 -0.7289345680 0.2875343532 -0.2057413157 0.5862157472
1403637163.1383192539 19.6979320488 15.8410786220 1.1732458945 -0.7202782736 0.3092671684 -0.2312413379 0.5762642370
1403637163.2383191586 20.1444780232 15.5553474095 1.0981525653 -0.7088774159 0.3342079919 -0.2566505854 0.5656220508
1403637163.3383193016 20.5509640117 15.2323427643 1.0006038444 -0.6957192908 0.3598207880 -0.2776249893 0.5562625588
1403637163.4383192062 20.9224335380 14.8713626532 0.8993548318 -0.6832684760 0.3875472531 -0.2893343004 0.5470255743
1403637163.5383191109 21.2463795637 14.4791399843 0.7845514321 -0.6747089303 0.4134047809 -0.2932670872 0.5365247078
1403637163.6383192539 21.5297325048 14.0777667083 0.6939974552 -0.6727172742 0.4366933924 -0.2897292734 0.5223095808
1403637163.7383191586 21.8137099998 13.6295613605 0.6422005026 -0.6721838096 0.4542170538 -0.2827871021 0.5117492052
1403637163.8383193016 22.0856231818 13.1670193305 0.6390151258 -0.6708314405 0.4652934137 -0.2779524868 0.5061913005
1403637163.9383192062 22.3779962096 12.6569630054 0.6779013361 -0.6660622700 0.4725745185 -0.2727081947 0.5085908153
1403637164.0383191109 22.6918541464 12.1040311229 0.7505695909 -0.6627909527 0.4738624133 -0.2728196175 0.5115975201
1403637164.1383192539 23.0121120925 11.5183139056 0.8437387023 -0.6607963745 0.4702364512 -0.2772783911 0.5151140895
1403637164.2383191586 23.3382210621 10.9018449861 0.9843569144 -0.6623607497 0.4643187968 -0.2831455441 0.5152813728
1403637164.3383193016 23.6874293757 10.2005724083 1.1152963198 -0.6684309057 0.4544819952 -0.2916254659 0.5114692836
1403637164.4383192062 24.0170088425 9.5143791082 1.2328442753 -0.6742940038 0.4503645130 -0.2923481827 0.5069831772
1403637164.5383191109 24.3462137459 8.8021042324 1.3319608830 -0.6755191037 0.4524767120 -0.2828525753 0.5088547792
1403637164.6383192539 24.7047912650 8.0504730068 1.3890027382 -0.6766115836 0.4537239132 -0.2735646755 0.5113645899
1403637164.7383191586 25.0607144039 7.2997059545 1.4109306856 -0.6805625204 0.4473672016 -0.2780355773 0.5093068432
1403637164.8383193016 25.4369618194 6.5206870485 1.4206499976 -0.6808950010 0.4389521161 -0.2929267770 0.5078355450
1403637164.9383192062 25.8102752301 5.7416622086 1.4043794421 -0.6781829674 0.4382769917 -0.3066896766 0.5039073164
1403637165.0383191109 26.1937635714 4.9331014854 1.3683336510 -0.6727175747 0.4444497673 -0.3169724403 0.4994436316
1403637165.1383192539 26.5613250913 4.1254450656 1.3233509611 -0.6609619304 0.4540544659 -0.3299759952 0.4980760095
1403637165.2383191586 26.9140835896 3.3210711264 1.2769922216 -0.6499636694 0.4668126286 -0.3447574540 0.4906887978
1403637165.3383193016 27.2531550057 2.5244180652 1.2286805560 -0.6425301626 0.4844860899 -0.3547586151 0.4759984705
1403637165.4383192062 27.5544261210 1.7210842067 1.2250646848 -0.6390319768 0.5019843376 -0.3585996513 0.4594084758
1403637165.5383191109 27.8373168045 0.9315605396 1.2663787486 -0.6353026461 0.5130000512 -0.3638315908 0.4481607623
1403637165.6383192539 28.1104044186 0.1698135770 1.3196014057 -0.6339158836 0.5180929494 -0.3729240988 0.4366439795
1403637165.7383191586 28.3891092095 -0.5782244192 1.3752596281 -0.6354859947 0.5164067777 -0.3856044555 0.4251950076
1403637165.8383193016 28.6575034980 -1.2986903740 1.4123541185 -0.6382422686 0.5121558971 -0.3975293293 0.4151067044
1403637165.9383192062 28.9229404224 -1.9705116676 1.4319941972 -0.6436824821 0.5047566597 -0.4044730548 0.4090172668
1403637166.0383191109 29.1707201235 -2.5850501960 1.4188237075 -0.6520102152 0.4938833959 -0.4070631829 0.4065235979
1403637166.1383192539 29.4155074641 -3.1505442126 1.3490417952 -0.6593867629 0.4839928311 -0.4076368584 0.4059460902
1403637166.2383191586 29.6518499978 -3.6344893199 1.2162738856 -0.6625497059 0.4769917770 -0.4064113322 0.4102883875
1403637166.3383193016 29.8704558807 -4.0598638025 1.0759199067 -0.6565744219 0.4681931626 -0.4076557741 0.4283946321
1403637166.4383192062 30.0506720308 -4.4457700314 0.9780553785 -0.6442945243 0.4534031509 -0.4116029110 0.4581410181
1403637166.5383191109 30.1904198461 -4.7703385681 0.8978979165 -0.6427734912 0.4446072539 -0.4096539211 0.4704787920
1403637166.6383192539 30.2584607568 -5.0572055955 0.8012201998 -0.6530415681 0.4452611452 -0.4003498479 0.4636800860
1403637166.7383191586 30.2598931963 -5.3316278131 0.7364318258 -0.6703453228 0.4485176093 -0.3896340234 0.4445834343
1403637166.8383193016 30.2571755940 -5.5556995815 0.6599364042 -0.6827554786 0.4434164778 -0.3899697424 0.4302910453
1403637166.9383192062 30.2315225631 -5.7323176492 0.5462845988 -0.6891070117 0.4299307009 -0.4009844739 0.4236774370
1403637167.0383191109 30.1804505800 -5.7986733478 0.4580135854 -0.6901717953 0.4143539327 -0.4162941807 0.4226971334
1403637167.1383192539 30.0864958498 -5.7808244231 0.4027735325 -0.6895818051 0.3998338775 -0.4297696452 0.4241554628
1403637167.2383191586 29.9341748601 -5.6767439880 0.4094152202 -0.6879496562 0.3894844712 -0.4395028520 0.4264555783
1403637167.3383193016 29.6979426216 -5.4575114627 0.4207175294 -0.6873745758 0.3898894301 -0.4403317703 0.4261576667
1403637167.4383192062 29.3944791012 -5.1209659156 0.4468171684 -0.6885036643 0.4044075046 -0.4257938466 0.4255782827
1403637167.5383191109 29.0560165411 -4.7059440989 0.4455585228 -0.6844637199 0.4290532412 -0.3962372585 0.4363699891
1403637167.6383192539 28.7100315866 -4.2578124212 0.4253086819 -0.6772835187 0.4501876355 -0.3683015000 0.4505242871
1403637167.7383191586 28.3237334254 -3.7966301004 0.3819304211 -0.6756670286 0.4586798261 -0.3504233537 0.4585742653
1403637167.8383193016 27.9448392795 -3.3139128673 0.3059526890 -0.6823920170 0.4580517071 -0.3368280452 0.4594307747
1403637167.9383192062 27.5854202323 -2.8355216433 0.2229361565 -0.6929028102 0.4519303671 -0.3278649843 0.4562337023
1403637168.0383191109 27.2436941942 -2.3684035675 0.1643945935 -0.7016982123 0.4394720008 -0.3298422838 0.4535284414
1403637168.1383192539 26.9140371980 -1.8558207400 0.1256355256 -0.7051563154 0.4355745206 -0.3236373280 0.4563861170
1403637168.2383191586 26.6079362062 -1.3479944060 0.0396277882 -0.7046805282 0.4329424419 -0.3192723564 0.4626568465
1403637168.3383193016 26.3093706324 -0.8277706921 -0.1136850596 -0.7019488022 0.4268486021 -0.3231572588 0.4697207000
1403637168.4383192062 26.0292037948 -0.2884838051 -0.3115734463 -0.6962060116 0.4183098612 -0.3317097248 0.4798778052
1403637168.5383191109 25.7374727958 0.2513907126 -0.5302105504 -0.6900714777 0.4164955589 -0.3323175814 0.4897936608
1403637168.6383192539 25.4269358352 0.7882700788 -0.7335885468 -0.6919079053 0.4196503974 -0.3269893293 0.4880932012
1403637168.7383191586 25.1114807988 1.3092782048 -0.9222215128 -0.6960091362 0.4211843980 -0.3249688242 0.4822553768
1403637168.8383193016 24.7937561473 1.8328553452 -1.0709311709 -0.6979736480 0.4225685859 -0.3246197860 0.4784250949
1403637168.9383192062 24.4806296829 2.3702450651 -1.2099686254 -0.7007817650 0.4205151018 -0.3284881607 0.4734632988
1403637169.0383191109 24.1648202506 2.9009846586 -1.3704074421 -0.7021974412 0.4184065097 -0.3331020056 0.4699976596
1403637169.1383192539 23.8374893890 3.4490469161 -1.5108434880 -0.7048872413 0.4119992752 -0.3379390495 0.4681749386
1403637169.2383191586 23.5002017342 4.0335010227 -1.6256132384 -0.7083120755 0.4010270271 -0.3365619304 0.4734948725
1403637169.3383193016 23.1447991190 4.6372159478 -1.7046606012 -0.7128654649 0.3868372619 -0.3277853211 0.4844961765
1403637169.4383192062 22.7643186026 5.2577870776 -1.7459212415 -0.7205501900 0.3678147626 -0.3162462271 0.4954876869
1403637169.5383191109 22.3627151773 5.8853106844 -1.7418774632 -0.7296862180 0.3431798108 -0.3039369183 0.5073539104
1403637169.6383192539 21.9366964788 6.5269762903 -1.7361541639 -0.7391828202 0.3121033878 -0.2925733478 0.5201933004
1403637169.7383191586 21.4760030554 7.1800727219 -1.7261085627 -0.7486848549 0.2833355257 -0.2752722903 0.5323693587
1403637169.8383193016 20.9858210553 7.8147731158 -1.7200328519 -0.7579231467 0.2568928065 -0.2569383127 0.5417945119
1403637169.9383192062 20.4673436137 8.4480393269 -1.7586226437 -0.7657598558 0.2292837460 -0.2450344080 0.5486337084
1403637170.0383191109 19.9089338907 9.0803279786 -1.8136717660 -0.7721466249 0.2041000846 -0.2339646455 0.5544305996
1403637170.1383192539 19.3213144225 9.7075221094 -1.8847004603 -0.7780500850 0.1812018982 -0.2197073645 0.5599398282
1403637170.2383191586 18.6771516038 10.3314779346 -1.9930728045 -0.7817684460 0.1581887207 -0.2057840003 0.5669809262
1403637170.3383193016 17.9912286304 10.9462675894 -2.1224541800 -0.7843676952 0.1346718318 -0.1905956182 0.5747209120
1403637170.4383192062 17.2475716467 11.5449655158 -2.2521208010 -0.7830830628 0.1182822835 -0.1604000042 0.5891197304
1403637170.5383191109 16.4937871512 12.1229443427 -2.4118879286 -0.7774531436 0.1011846357 -0.1262387930 0.6077763125
1403637170.6383192539 15.7325834082 12.6619131309 -2.5894478352 -0.7700876053 0.0804579855 -0.0957088330 0.6255648744
1403637170.7383191586 14.9224759656 13.1360029059 -2.7822928045 -0.7640380853 0.0554917777 -0.0708332552 0.6388654919
1403637170.8383193016 14.1077511013 13.5248306445 -2.9898893655 -0.7666264976 0.0293890028 -0.0450558122 0.6398359739
1403637170.9383192062 13.2758949790 13.8436344227 -3.1433058238 -0.7723557968 -0.0005085481 -0.0213562137 0.6348308253
1403637171.0383191109 12.4710512819 14.0768848693 -3.2619552875 -0.7775563543 -0.0291784993 0.0030480285 0.6281285224
1403637171.1383192539 11.6924071499 14.2595297702 -3.3149003513 -0.7822072249 -0.0545847407 0.0268647907 0.6200408426
1403637171.2383191586 10.9494065075 14.3962477688 -3.3180639829 -0.7823159343 -0.0731959306 0.0454819367 0.6168918286
1403637171.3383193016 10.2171937301 14.4793935391 -3.3242043689 -0.7781644402 -0.0881119307 0.0550690559 0.6194059983
1403637171.4383192062 9.5254458968 14.5192791756 -3.2995219261 -0.7744058006 -0.1035380350 0.0523311718 0.6219622012
1403637171.5383191109 8.8456879353 14.4960701340 -3.2604602090 -0.7735374998 -0.1124388146 0.0498686791 0.6216995772
1403637171.6383192539 8.1745988608 14.4300330531 -3.2157322130 -0.7729238054 -0.1179068503 0.0452609453 0.6218023903
1403637171.7383191586 7.5002442026 14.3216850436 -3.1984884213 -0.7718191590 -0.1186377289 0.0406261554 0.6233536642
1403637171.8383193016 6.8315458925 14.1603990945 -3.1998204292 -0.7701442537 -0.1181111523 0.0344265015 0.6258932818
1403637171.9383192062 6.1592214119 13.9378143804 -3.2117584363 -0.7691559927 -0.1154924547 0.0302621407 0.6278094892
1403637172.0383191109 5.4797122554 13.6611177291 -3.2449945360 -0.7679416516 -0.1124729288 0.0265205892 0.6300096177
1403637172.1383192539 4.7856712534 13.3279149187 -3.2975775419 -0.7684776593 -0.1071196743 0.0270225139 0.6302675990
1403637172.2383191586 4.0991043636 12.9292441578 -3.3311262583 -0.7773447061 -0.0952607652 0.0395547383 0.6205610503
1403637172.3383193016 3.4221742695 12.4780630694 -3.3305630133 -0.7890529337 -0.0817414654 0.0550842226 0.6063658376
1403637172.4383192062 2.7667208537 12.0025860284 -3.3009243833 -0.7967536055 -0.0697521909 0.0674159355 0.5964674473
1403637172.5383191109 2.1423380677 11.5161112699 -3.2431538285 -0.8012988863 -0.0594142273 0.0767482183 0.5903386786
1403637172.6383192539 1.5706847193 11.0193498063 -3.1552939832 -0.8034185339 -0.0527771262 0.0811139636 0.5874978802
1403637172.7383191586 1.0482849527 10.5188524985 -3.0392087809 -0.8067985352 -0.0473923886 0.0835189722 0.5829705536
1403637172.8383193016 0.5870211921 10.0274870545 -2.9171982618 -0.8157109839 -0.0394036104 0.0809463118 0.5714110961
1403637172.9383192062 0.1803956148 9.5339663904 -2.8073615133 -0.8315315104 -0.0294258473 0.0729838482 0.5498752810
1403637173.0383191109 -0.1771744011 9.0854355359 -2.7581112512 -0.8452190769 -0.0192564288 0.0664563643 0.5299221203
1403637173.1383192539 -0.4996108945 8.6866910297 -2.7638553953 -0.8529180484 -0.0055959219 0.0590772287 0.5186611316
1403637173.2383191586 -0.7684505570 8.3425812460 -2.8351211943 -0.8545986202 0.0143847627 0.0493562666 0.5167380729
1403637173.3383193016 -0.9823325635 8.0683266930 -2.9109194393 -0.8491880897 0.0365854543 0.0349571177 0.5256606251
1403637173.4383192062 -1.1438932822 7.8459584537 -2.9924111873 -0.8427026315 0.0597297788 0.0205722678 0.5346600884
1403637173.5383191109 -1.2526392362 7.6665305072 -3.0774418268 -0.8371601415 0.0828991839 0.0068083365 0.5405962166
1403637173.6383192539 -1.3018124228 7.5205612136 -3.1887811090 -0.8330435887 0.1097306943 0.0001461743 0.5422153932
1403637173.7383191586 -1.3003890213 7.3965597052 -3.3188441586 -0.8313005448 0.1370730600 -0.0033699357 0.5386455457
1403637173.8383193016 -1.2127246028 7.3002617578 -3.4781018173 -0.8334874936 0.1620868385 -0.0071483141 0.5281811777
1403637173.9383192062 -1.0491735785 7.2324375469 -3.6350639192 -0.8395877638 0.1761551925 -0.0191634655 0.5135119245
1403637174.0383191109 -0.7863002983 7.2162104409 -3.7322116038 -0.8388983694 0.1705102377 -0.0489661527 0.5145659341
1403637174.1383192539 -0.4630377590 7.2572283163 -3.7490886246 -0.8245901662 0.1601604392 -0.0776476882 0.5370014227
1403637174.2383191586 -0.1034912821 7.3296206157 -3.6900470238 -0.8058297475 0.1551148093 -0.0914067854 0.5641122348
1403637174.3383193016 0.2628230719 7.3922872888 -3.6074584086 -0.7953433509 0.1567355510 -0.0909712115 0.5784350957
1403637174.4383192062 0.6331071457 7.4353144257 -3.4961981258 -0.7907315111 0.1647027025 -0.0804075749 0.5840816031
1403637174.5383191109 1.0306237590 7.4543343598 -3.3533848082 -0.7852297590 0.1778127965 -0.0699625851 0.5889839316
1403637174.6383192539 1.4755363272 7.4431798256 -3.2059553157 -0.7823409850 0.1877544391 -0.0774288501 0.5888086505
1403637174.7383191586 1.9496054098 7.3923635216 -3.0688822793 -0.7760350831 0.1966858684 -0.1018597837 0.5905157097
1403637174.8383193016 2.4490983139 7.3138472113 -2.9691147010 -0.7707871591 0.2107335301 -0.1274370105 0.5875698623
1403637174.9383192062 2.9499474567 7.1979827728 -2.8916784090 -0.7710415615 0.2360763846 -0.1412698336 0.5742871103
1403637175.0383191109 3.4595354506 7.0615002012 -2.8322941314 -0.7683781530 0.2583202673 -0.1552217946 0.5645988381
1403637175.1383192539 3.9809106241 6.9023556872 -2.7811718245 -0.7587876708 0.2736157517 -0.1679567896 0.5667152794
1403637175.2383191586 4.4957247541 6.7264506855 -2.7484572535 -0.7444623708 0.2861671280 -0.1761238339 0.5769441467
1403637175.3383193016 5.0153102682 6.5151844285 -2.7332471617 -0.7313745382 0.2917406334 -0.1863014100 0.5875972025
1403637175.4383192062 5.5087269583 6.2491474125 -2.7327223274 -0.7252569611 0.2962728582 -0.1899037087 0.5917442989
1403637175.5383191109 5.9957452737 5.9301504394 -2.7551975037 -0.7284009325 0.3043581345 -0.1827982651 0.5859889093
1403637175.6383192539 6.4725656952 5.5590896523 -2.7953877446 -0.7368307497 0.3101952128 -0.1742565627 0.5748860988
1403637175.7383191586 6.9689650600 5.1441024845 -2.8166064096 -0.7429347752 0.3125746118 -0.1686492634 0.5673644841
1403637175.8383193016 7.4767848317 4.6865126866 -2.7949752815 -0.7471544945 0.3084346354 -0.1719976898 0.5630675197
1403637175.9383192062 8.0124872593 4.2053052994 -2.7445422471 -0.7496092068 0.2982189621 -0.1839090878 0.5615415703
1403637176.0383191109 8.5600673795 3.6991321603 -2.6474701463 -0.7452099702 0.2911909511 -0.1900522790 0.5689903880
1403637176.1383192539 9.0919854083 3.1672877290 -2.5263350576 -0.7400180209 0.2844387622 -0.1946778984 0.5775538374
1403637176.2383191586 9.6105117444 2.6091405418 -2.4339330068 -0.7360695798 0.2792818135 -0.1984574865 0.5837960846
1403637176.3383193016 10.1059165285 2.0208457582 -2.3638154586 -0.7338105008 0.2807137410 -0.2010461061 0.5850661567
1403637176.4383192062 10.5893029096 1.4053457814 -2.3323540693 -0.7350635521 0.2828679330 -0.2035580953 0.5815766576
1403637176.5383191109 11.0442701061 0.7464229139 -2.2987296342 -0.7384100577 0.2882324188 -0.2100962542 0.5723043102
1403637176.6383192539 11.4886314413 0.0796920173 -2.2876462476 -0.7390276051 0.3009694057 -0.2129848250 0.5638200777
1403637176.7383191586 11.9279123001 -0.6238160745 -2.2869334287 -0.7405473968 0.3128573902 -0.2149447068 0.5545345612
1403637176.8383193016 12.3514438980 -1.3215818338 -2.3001280702 -0.7418800827 0.3214333613 -0.2176735412 0.5467291529
1403637176.9383192062 12.7688703471 -2.0200487796 -2.3395539194 -0.7463932324 0.3282147647 -0.2184216624 0.5361568691
1403637177.0383191109 13.1885609060 -2.7179890497 -2.3887287415 -0.7539853719 0.3340012455 -0.2166669733 0.5224984686
1403637177.1383192539 13.6155309070 -3.4282372922 -2.4510289578 -0.7660285189 0.3405843488 -0.2107651190 0.5027729847
1403637177.2383191586 14.0746789962 -4.0933083475 -2.5511962161 -0.7745688755 0.3457755561 -0.2058923378 0.4879453526
1403637177.3383193016 14.5565819343 -4.7214961896 -2.6697396412 -0.7789629687 0.3484068517 -0.2034229759 0.4800504681
1403637177.4383192062 15.0887302290 -5.3107087546 -2.7943834130 -0.7828112796 0.3453892525 -0.2081859055 0.4738896428
1403637177.5383191109 15.6645765732 -5.8521987962 -2.9505702602 -0.7856203515 0.3405686188 -0.2204576378 0.4671317899
1403637177.6383192539 16.2625462739 -6.3307487408 -3.0699823154 -0.7864838577 0.3317198445 -0.2383925582 0.4632214099
1403637177.7383191586 16.8853490536 -6.7399781755 -3.1372345406 -0.7837608768 0.3229296531 -0.2550245515 0.4651857749
1403637177.8383193016 17.5263263580 -7.0736810948 -3.1783074661 -0.7769618874 0.3270563959 -0.2610555840 0.4703342657
1403637177.9383192062 18.1670387045 -7.3576727440 -3.2238370778 -0.7693218521 0.3401603955 -0.2666626228 0.4704528019
1403637178.0383191109 18.8034603913 -7.5817749101 -3.3082014760 -0.7633347145 0.3487344509 -0.2861632901 0.4624013060
1403637178.1383192539 19.4463130315 -7.7746391488 -3.3919379586 -0.7573629483 0.3540949518 -0.3112524368 0.4518186032
1403637178.2383191586 20.0654922476 -7.8799578735 -3.4773617801 -0.7509681718 0.3599048630 -0.3306747213 0.4440377498
1403637178.3383193016 20.6464316295 -7.8897664692 -3.5291414705 -0.7430429020 0.3587112752 -0.3503075189 0.4432810723
1403637178.4383192062 21.1859428336 -7.8036879323 -3.5604847860 -0.7382646284 0.3558928199 -0.3661182503 0.4407528399
1403637178.5383191109 21.6742782993 -7.6287879453 -3.5536290256 -0.7351129234 0.3588821968 -0.3704308831 0.4399926357
1403637178.6383192539 22.1120016021 -7.3713085918 -3.5159026997 -0.7306027085 0.3654277294 -0.3660779728 0.4457232042
1403637178.7383191586 22.4952820348 -7.0385462212 -3.4848109961 -0.7211049576 0.3744311237 -0.3556754851 0.4618483766
1403637178.8383193016 22.8503073808 -6.6651249000 -3.4879746078 -0.7104092334 0.3801747073 -0.3475728829 0.4795612622
1403637178.9383192062 23.1558555525 -6.2637572190 -3.5107281363 -0.7019599357 0.3880133070 -0.3360567794 0.4937243799
1403637179.0383191109 23.4173710819 -5.8391552048 -3.5566086697 -0.6957475855 0.3910817953 -0.3305746785 0.5036970404
1403637179.1383192539 23.6533225717 -5.4285114513 -3.6452087395 -0.6984474595 0.3934439368 -0.3254889350 0.5014279291
1403637179.2383191586 23.8520863653 -5.0182199188 -3.7480428780 -0.7033991192 0.3935718267 -0.3224731214 0.4963285024
1403637179.3383193016 24.0209125112 -4.6048211324 -3.7741091337 -0.7075742092 0.3914557687 -0.3232741507 0.4915230851
1403637179.4383192062 24.1580746737 -4.1669128412 -3.7283018971 -0.7105485955 0.3895727877 -0.3236077027 0.4884995304
1403637179.5383191109 24.2597732116 -3.7263665400 -3.6486657861 -0.7108089628 0.3898411613 -0.3223045876 0.4887680842
1403637179.6383192539 24.3496089162 -3.2734888236 -3.5894590619 -0.7096006075 0.3897806598 -0.3229999528 0.4901112583
1403637179.7383191586 24.4257066638 -2.8220355354 -3.6089850235 -0.7087891823 0.3876357430 -0.3276939641 0.4898704846
1403637179.8383193016 24.4879806736 -2.3668238036 -3.7474494252 -0.7110180404 0.3797284036 -0.3408111388 0.4838465184
1403637179.9383192062 24.5116878568 -1.8900538059 -3.9932529123 -0.7106253080 0.3703739390 -0.3551640107 0.4813453463
1403637180.0383191109 24.4976164044 -1.3750710739 -4.2536820857 -0.7095988831 0.3724102946 -0.3530121597 0.4828689395
1403637180.1383192539 24.4251222851 -0.8421449562 -4.4734461063 -0.7082049541 0.3809560184 -0.3402678040 0.4873767297
1403637180.2383191586 24.3217081634 -0.2835048717 -4.6743921974 -0.7067590176 0.3894310426 -0.3269739452 0.4918568828
1403637180.3383193016 24.1867629472 0.2822350339 -4.8501620599 -0.7062585758 0.3948059563 -0.3176141442 0.4944171683
1403637180.4383192062 24.0377757705 0.8407799191 -4.9931799659 -0.7129601674 0.4021234211 -0.3062561648 0.4859955919
1403637180.5383191109 23.8833772050 1.4004667537 -5.1010772676 -0.7214744743 0.4087536040 -0.2968727691 0.4735627024
1403637180.6383192539 23.7475047079 1.9648184284 -5.1599143200 -0.7241068170 0.4038306833 -0.3045187826 0.4688906139
1403637180.7383191586 23.6177905329 2.5541410419 -5.1739962178 -0.7186772784 0.3970473820 -0.3156830272 0.4756054796
1403637180.8383193016 23.4708506158 3.1725959240 -5.1714284007 -0.7142223229 0.3924384717 -0.3266255139 0.4787424079
1403637180.9383192062 23.3178465516 3.7901770032 -5.1324183896 -0.7136113516 0.3857415439 -0.3406169735 0.4753339642
1403637181.0383191109 23.1438952974 4.4357946711 -5.0566992791 -0.7143660245 0.3807125772 -0.3528567916 0.4692879726
1403637181.1383192539 22.9217633241 5.1181825015 -4.9482392902 -0.7110517115 0.3858764841 -0.3507653181 0.4716656594
1403637181.2383191586 22.6780014189 5.8321652868 -4.7830681782 -0.7041600829 0.3972526918 -0.3391187767 0.4809857916
1403637181.3383193016 22.4041650115 6.5530880870 -4.6052556361 -0.6958357951 0.4035941507 -0.3340817062 0.4912369299
1403637181.4383192062 22.1060598488 7.2735974801 -4.4003513787 -0.6916725142 0.4025002060 -0.3387375338 0.4948126923
1403637181.5383191109 21.7878509760 7.9800437928 -4.1895989672 -0.6938209560 0.4037603632 -0.3401806304 0.4897623800
1403637181.6383192539 21.4418742704 8.6997985299 -3.9460501418 -0.6959345514 0.4083892153 -0.3383781766 0.4841420851
1403637181.7383191586 21.0778633782 9.4073096169 -3.6929350124 -0.6947436939 0.4137399490 -0.3351062632 0.4835847875
1403637181.8383193016 20.7089109408 10.1204321770 -3.4487685743 -0.6899492891 0.4183129701 -0.3322102274 0.4884880780
1403637181.9383192062 20.3211302420 10.8409574905 -3.2244690102 -0.6879882037 0.4210651939 -0.3305000970 0.4900469568
1403637182.0383191109 19.9313769039 11.5285106353 -3.0321087996 -0.6861067119 0.4204624259 -0.3308933867 0.4929284886
1403637182.1383192539 19.5261363030 12.2226139305 -2.8442172974 -0.6813942451 0.4184551709 -0.3321503358 0.5002732325
1403637182.2383191586 19.1092585459 12.8970155058 -2.6719404372 -0.6752203860 0.4193212651 -0.3269183175 0.5112450690
1403637182.3383193016 18.6724504273 13.5456026302 -2.5153272109 -0.6696759054 0.4202029970 -0.3207210450 0.5216336208
1403637182.4383192062 18.2186383463 14.1434606580 -2.3667469381 -0.6649288338 0.4184153276 -0.3178790655 0.5308023731
1403637182.5383191109 17.7377387029 14.7106675931 -2.2160589545 -0.6634645820 0.4099415090 -0.3264484081 0.5340357146
1403637182.6383192539 17.2252988962 15.2289906727 -2.0356720788 -0.6650243784 0.4044001514 -0.3321059882 0.5328308421
1403637182.7383191586 16.6675630146 15.7139389794 -1.8347291573 -0.6649954475 0.4049890230 -0.3296922947 0.5339175375
1403637182.8383193016 16.0738023653 16.1574399040 -1.6464070936 -0.6632344608 0.4100973582 -0.3231242526 0.5362191009
1403637182.9383192062 15.4528173895 16.5485029325 -1.4853596114 -0.6602170291 0.4142700226 -0.3180214509 0.5397741932
1403637183.0383191109 14.8159471998 16.9037133028 -1.3830030991 -0.6557941612 0.4206982285 -0.3099164616 0.5448842129
1403637183.1383192539 14.1560260853 17.2155822633 -1.3427763544 -0.6519910913 0.4263463696 -0.3023366593 0.5492985840
1403637183.2383191586 13.4909897403 17.4655104784 -1.3779930167 -0.6505103156 0.4299889579 -0.2970944520 0.5510723291
1403637183.3383193016 12.7980851364 17.6393203380 -1.4410711802 -0.6500449466 0.4331191384 -0.2925186059 0.5516178429
1403637183.4383192062 12.1040868749 17.7570317201 -1.5132425118 -0.6492521041 0.4354804344 -0.2899438091 0.5520517042
1403637183.5383191109 11.4028176669 17.8108168868 -1.6073744953 -0.6485749860 0.4375584235 -0.2877310879 0.5523621408
1403637183.6383192539 10.6886085539 17.7909718963 -1.7250441719 -0.6467666998 0.4401563122 -0.2842831590 0.5542006337
1403637183.7383191586 9.9881525597 17.6856614352 -1.8339424403 -0.6461636935 0.4438146806 -0.2792081513 0.5545663339
1403637183.8383193016 9.2626480443 17.4973466325 -1.9585551926 -0.6484426100 0.4513561323 -0.2674398195 0.5516119709
1403637183.9383192062 8.5682516786 17.2386853661 -2.0209793326 -0.6499026868 0.4589892674 -0.2566069882 0.5487332719
1403637184.0383191109 7.8950222332 16.8906247965 -2.0559816828 -0.6512452389 0.4655803808 -0.2477829566 0.5456355508
1403637184.1383192539 7.2573127872 16.4566202705 -2.0650473857 -0.6527876906 0.4674265423 -0.2473729677 0.5423903330
1403637184.2383191586 6.6358410280 15.9361785529 -2.0462077441 -0.6572845760 0.4639018331 -0.2553532020 0.5362525689
1403637184.3383193016 6.0665879390 15.3540497732 -2.0886506007 -0.6673602385 0.4543119537 -0.2721016495 0.5236331284
1403637184.4383192062 5.5097104492 14.7302057346 -2.2034399644 -0.6784979170 0.4469496228 -0.2838251501 0.5092346172
1403637184.5383191109 4.9713646816 14.0990666740 -2.3279832779 -0.6884803815 0.4451939211 -0.2858945308 0.4960458185
1403637184.6383192539 4.4610693181 13.4593853219 -2.4847277707 -0.6973818648 0.4458374170 -0.2837987898 0.4840927381
1403637184.7383191586 3.9886825651 12.8137654398 -2.6180019256 -0.7038327139 0.4480153786 -0.2791135502 0.4753917936
1403637184.8383193016 3.5423415348 12.1774884095 -2.7344227049 -0.7084189497 0.4490632971 -0.2768307562 0.4688810929
1403637184.9383192062 3.1562280908 11.5458049173 -2.8070786783 -0.7116163795 0.4484273655 -0.2768853436 0.4645960964
1403637185.0383191109 2.8233382573 10.9392245402 -2.8311212397 -0.7142002241 0.4492095691 -0.2754442376 0.4607160458
1403637185.1383192539 2.5462786054 10.3456480946 -2.8213258990 -0.7149224660 0.4508376397 -0.2736918828 0.4590468861
1403637185.2383191586 2.3198247682 9.7695388419 -2.7707001108 -0.7165090187 0.4509501777 -0.2741579465 0.4561756062
1403637185.3383193016 2.1526530529 9.2097803440 -2.6997319378 -0.7208225197 0.4507854248 -0.2744962603 0.4492874346
1403637185.4383192062 2.0420571135 8.6771025393 -2.5947419053 -0.7267423260 0.4489458780 -0.2773472341 0.4397404939
1403637185.5383191109 1.9972180279 8.1824605041 -2.4587152734 -0.7282350840 0.4468427687 -0.2813754265 0.4368444481
1403637185.6383192539 2.0103780307 7.7262240567 -2.2778032451 -0.7218896122 0.4445580183 -0.2867691026 0.4461020489
1403637185.7383191586 2.0702265056 7.2977351541 -2.0948524197 -0.7122543966 0.4396250796 -0.2958919472 0.4602949267
1403637185.8383193016 2.1530876810 6.8918069729 -1.9493668191 -0.7083690399 0.4337951478 -0.3055294892 0.4654962989
1403637185.9383192062 2.2551792625 6.5063015899 -1.8320597962 -0.7051196984 0.4304154291 -0.3109822345 0.4699349094
1403637186.0383191109 2.3616354024 6.1477420690 -1.7383208000 -0.7002978883 0.4285926301 -0.3139541183 0.4767851053
1403637186.1383192539 2.4666275512 5.7981455468 -1.6361024293 -0.6977961328 0.4271439454 -0.3157531636 0.4805502541
1403637186.2383191586 2.5694053517 5.4676784357 -1.5070821213 -0.6975834226 0.4271592560 -0.3158023659 0.4808130657
1403637186.3383193016 2.6744371153 5.1358428683 -1.3304199761 -0.6968369680 0.4255881466 -0.3175537203 0.4821333884
1403637186.4383192062 2.7777958913 4.8300259143 -1.1303132398 -0.6938582674 0.4270685779 -0.3161301263 0.4860399960
1403637186.5383191109 2.8774930396 4.5411603328 -0.9096224660 -0.6897844357 0.4308431588 -0.3119024837 0.4912112026
1403637186.6383192539 2.9612114446 4.2427710985 -0.6735297635 -0.6879291483 0.4329074033 -0.3104801650 0.4928962713
1403637186.7383191586 3.0501773258 3.9410105212 -0.4773126222 -0.6881424110 0.4377021970 -0.3054037092 0.4915337051
1403637186.8383193016 3.1447100108 3.6343719903 -0.3197073020 -0.6871201228 0.4468588460 -0.2933340198 0.4920754631
1403637186.9383192062 3.2457451783 3.3289870920 -0.1852740672 -0.6835556768 0.4564459105 -0.2802599218 0.4958458871
1403637187.0383191109 3.3744285768 2.9969699737 -0.0933870373 -0.6792388116 0.4620842065 -0.2723992405 0.5009106475
1403637187.1383192539 3.5134538743 2.6372168358 -0.0214081232 -0.6763919192 0.4606714213 -0.2749611771 0.5046505367
1403637187.2383191586 3.6803569342 2.2217665645 0.0289907050 -0.6780517329 0.4592297527 -0.2829963929 0.4992663852
1403637187.3383193016 3.8740122003 1.8075652073 0.0239763215 -0.6852805787 0.4614837732 -0.2901586835 0.4829401556
1403637187.4383192062 4.0812514106 1.3799291988 0.0026223028 -0.6920356797 0.4618034496 -0.2978344248 0.4681013216
1403637187.5383191109 4.3152573875 0.9506452077 -0.0248122483 -0.6951679715 0.4641594345 -0.3007954513 0.4591509635
1403637187.6383192539 4.5697012540 0.5150759510 -0.0305272379 -0.6957199355 0.4673650643 -0.3008149226 0.4550319224
1403637187.7383191586 4.8639436086 0.1132324090 -0.0631799946 -0.6949656612 0.4711746405 -0.2988316921 0.4535601479
1403637187.8383193016 5.1894176863 -0.2838889031 -0.1047889365 -0.6953221046 0.4739632930 -0.2967773693 0.4514522798
1403637187.9383192062 5.5503644995 -0.6665913911 -0.1712237094 -0.6970840370 0.4728705443 -0.2995663590 0.4480259928
1403637188.0383191109 5.9401843707 -1.0312558871 -0.2354634825 -0.6969446740 0.4696089033 -0.3051781499 0.4478860302
1403637188.1383192539 6.3550710359 -1.3936334036 -0.2744680340 -0.6963751149 0.4655915986 -0.3114972688 0.4486152185
1403637188.2383191586 6.7993543680 -1.7202329338 -0.3584506313 -0.6948993075 0.4552891683 -0.3266996603 0.4506595806
1403637188.3383193016 7.2610269495 -2.0375183359 -0.4392412015 -0.6914179065 0.4501434297 -0.3345317427 0.4554126529
1403637188.4383192062 7.7230559991 -2.3109122073 -0.5364912802 -0.6849897985 0.4490554498 -0.3371091328 0.4642150489
1403637188.5383191109 8.1754171681 -2.5753099647 -0.6339549502 -0.6779095275 0.4516431129 -0.3390297207 0.4706548837
1403637188.6383192539 8.6244148359 -2.8401050071 -0.7687269189 -0.6691073132 0.4609156630 -0.3389381875 0.4743132510
1403637188.7383191586 9.0654052895 -3.0962467145 -0.9172725149 -0.6561110273 0.4769789269 -0.3363205408 0.4784327716
1403637188.8383193016 9.4952622789 -3.3626739236 -1.0697465389 -0.6429704572 0.4958859825 -0.3333932450 0.4790981400
1403637188.9383192062 9.9231038135 -3.6739596743 -1.2454368015 -0.6347926493 0.5085698108 -0.3355132156 0.4752114499
1403637189.0383191109 10.3443655760 -3.9902532509 -1.3827890626 -0.6360602342 0.5139230143 -0.3430488716 0.4621990756
1403637189.1383192539 10.7501853236 -4.3216628277 -1.4952516418 -0.6418929178 0.5184239359 -0.3466264086 0.4461616720
1403637189.2383191586 11.1654371108 -4.6502721576 -1.6073492524 -0.6450468152 0.5250386583 -0.3436252299 0.4360856737
1403637189.3383193016 11.6012746659 -4.9859130813 -1.7580663659 -0.6409879799 0.5300367464 -0.3395185002 0.4392296041
1403637189.4383192062 12.0632067312 -5.3222085724 -1.9396489323 -0.6335651636 0.5263239111 -0.3451915033 0.4499123805
1403637189.5383191109 12.5257513420 -5.6621088974 -2.1029082940 -0.6303175006 0.5201790859 -0.3528270357 0.4556606741
1403637189.6383192539 12.9859160068 -6.0176685734 -2.2358367105 -0.6314827122 0.5136188997 -0.3600237838 0.4558597209
1403637189.7383191586 13.4284323445 -6.3814133461 -2.3303603124 -0.6340169021 0.5094250483 -0.3631354135 0.4545782216
1403637189.8383193016 13.8686242923 -6.7442510602 -2.3873457893 -0.6378437589 0.5083580373 -0.3627478683 0.4507121357
1403637189.9383192062 14.3088610338 -7.0894167937 -2.3935593329 -0.6369425305 0.5070762673 -0.3637513815 0.4526177245
1403637190.0383191109 14.7299401675 -7.4343509891 -2.3563681166 -0.6357446402 0.5049962964 -0.3672372191 0.4538108834
1403637190.1383192539 15.1320808912 -7.7886327548 -2.2977447558 -0.6343048578 0.5036571804 -0.3700943253 0.4549911894
1403637190.2383191586 15.5230249749 -8.1303023727 -2.2168038504 -0.6321912597 0.5037498201 -0.3712930078 0.4568499012
1403637190.3383193016 15.8878881525 -8.4649017805 -2.0968767925 -0.6308471253 0.5045105300 -0.3723003679 0.4570486469
1403637190.4383192062 16.2287033884 -8.7902036366 -1.9488211704 -0.6290305827 0.5068345730 -0.3708443626 0.4581633992
1403637190.5383191109 16.5634804459 -9.1278972820 -1.8001449117 -0.6284768814 0.5066278447 -0.3733174579 0.4571423325
1403637190.6383192539 16.8776658327 -9.4592613674 -1.6813939726 -0.6318002153 0.5020067903 -0.3783922319 0.4534721483
1403637190.7383191586 17.1712843513 -9.7882797648 -1.5903406601 -0.6386680274 0.4943087256 -0.3760889674 0.4542236487
1403637190.8383193016 17.4423682872 -10.1066086753 -1.5182827311 -0.6436470528 0.4881389193 -0.3674599446 0.4608818244
1403637190.9383192062 17.7011375696 -10.4085882854 -1.4798695822 -0.6463838776 0.4835973876 -0.3589487432 0.4684839904
1403637191.0383191109 17.9426920277 -10.7176859218 -1.4627421755 -0.6487422357 0.4790931085 -0.3535555679 0.4739216870
1403637191.1383192539 18.1761514574 -11.0158753698 -1.4766729240 -0.6500235845 0.4756075706 -0.3505372225 0.4779021177
1403637191.2383191586 18.3817019489 -11.3135644632 -1.5173637558 -0.6514736572 0.4726741570 -0.3504367292 0.4789105492
1403637191.3383193016 18.6139363258 -11.6310523440 -1.5893092477 -0.6526155149 0.4701125645 -0.3509575991 0.4794954954
1403637191.4383192062 18.7994563985 -11.9341784136 -1.6505690914 -0.6536200677 0.4670310243 -0.3549830472 0.4781734682
1403637191.5383191109 18.9584407411 -12.2438710859 -1.6707966007 -0.6541961179 0.4658213825 -0.3580684171 0.4762613648
1403637191.6383192539 19.0991963920 -12.5429001415 -1.6732569470 -0.6581623868 0.4660862676 -0.3606411012 0.4685337340
1403637191.7383191586 19.2358185971 -12.8426097640 -1.6478221099 -0.6635377035 0.4702599207 -0.3572760298 0.4592680716
1403637191.8383193016 19.3594297735 -13.1201460478 -1.5926850942 -0.6684432593 0.4706511383 -0.3591459450 0.4502058476
1403637191.9383192062 19.4542361049 -13.3729305615 -1.5057256000 -0.6725001973 0.4657537144 -0.3681761846 0.4418860252
1403637192.0383191109 19.5559214145 -13.5850380454 -1.3862707518 -0.6755934964 0.4649566099 -0.3712513545 0.4353862772
1403637192.1383192539 19.6518707452 -13.7526860725 -1.2419727396 -0.6788883228 0.4708881658 -0.3652315714 0.4289299241
1403637192.2383191586 19.7491753457 -13.8785752103 -1.0556436324 -0.6819066909 0.4724971435 -0.3642510823 0.4231676540
1403637192.3383193016 19.8443170789 -13.9577245233 -0.8566730435 -0.6848193602 0.4677231817 -0.3715008024 0.4174261886
1403637192.4383192062 19.9569329783 -13.9774317145 -0.6540860412 -0.6834532161 0.4678536714 -0.3723883074 0.4187261541
1403637192.5383191109 20.0735833819 -13.9574907877 -0.4824218848 -0.6812141514 0.4780133549 -0.3598859381 0.4218206064
1403637192.6383192539 20.1931157518 -13.9060971454 -0.3364187450 -0.6798142669 0.4871317417 -0.3479673337 0.4236436750
1403637192.7383191586 20.3411245589 -13.8314273681 -0.2395670403 -0.6790080138 0.4907740327 -0.3428778658 0.4248808481
1403637192.8383193016 20.5159975049 -13.7399248204 -0.1530935487 -0.6777341125 0.4894549547 -0.3437362993 0.4277331840
1403637192.9383192062 20.7051954006 -13.6275500065 -0.0416249924 -0.6746655907 0.4859761552 -0.3474172933 0.4335374744
1403637193.0383191109 20.9313791117 -13.4929543091 0.1092915960 -0.6720858757 0.4848139808 -0.3478025242 0.4385081343
1403637193.1383192539 21.1610458763 -13.3491920553 0.2642724382 -0.6690320060 0.4947190020 -0.3331565078 0.4434591585
1403637193.2383191586 21.4145464079 -13.1946563244 0.4392414619 -0.6660414560 0.5073633096 -0.3145997319 0.4472116498
1403637193.3383193016 21.6874324371 -13.0629540380 0.5729363168 -0.6667728183 0.5067791870 -0.3160121667 0.4457860193
1403637193.4383192062 21.9898237303 -12.9315798168 0.6483880680 -0.6678512627 0.4967252029 -0.3314867712 0.4442468731
1403637193.5383191109 22.3212191548 -12.8146354486 0.7002065946 -0.6696856668 0.4875468095 -0.3437433861 0.4423343767
1403637193.6383192539 22.6560893240 -12.6860684546 0.7820483240 -0.6722843525 0.4821592378 -0.3501454368 0.4392657416
1403637193.7383191586 22.9952551045 -12.5324276966 0.9003191064 -0.6743274851 0.4789307861 -0.3538216653 0.4367126906
1403637193.8383193016 23.3448887724 -12.3553793093 1.0413532933 -0.6757438168 0.4771642028 -0.3556702301 0.4349520720
1403637193.9383192062 23.7028091106 -12.1583368637 1.1909790992 -0.6743656119 0.4768588731 -0.3562237152 0.4369683071
1403637194.0383191109 24.0643457739 -11.9385150661 1.3047637212 -0.6700779494 0.4742416006 -0.3600720357 0.4432139158
1403637194.1383192539 24.4064892420 -11.7085255866 1.3378629972 -0.6672753379 0.4732941976 -0.3622256479 0.4466864740
1403637194.2383191586 24.7517416249 -11.4545302721 1.3221904711 -0.6672504850 0.4753658410 -0.3599640436 0.4463518732
1403637194.3383193016 25.0838023313 -11.2219019964 1.3080578327 -0.6681466127 0.4772920104 -0.3579301673 0.4445879397
1403637194.4383192062 25.4166581409 -10.9448625690 1.3362848989 -0.6697765289 0.4779792301 -0.3571661634 0.4420040595
1403637194.5383191109 25.7489644303 -10.6571134962 1.3889888560 -0.6696851929 0.4794643814 -0.3553647973 0.4419858710
1403637194.6383192539 26.0911389084 -10.3592396143 1.4706537458 -0.6702486813 0.4802371879 -0.3550348237 0.4405555838
1403637194.7383191586 26.4277484648 -10.0367939624 1.5683133866 -0.6728858341 0.4834289302 -0.3520085261 0.4354435914
1403637194.8383193016 26.7674490994 -9.7071778272 1.6705926068 -0.6739731845 0.4860860392 -0.3497294185 0.4326313013
1403637194.9383192062 27.1114753484 -9.3673151709 1.7507791281 -0.6723356677 0.4874521925 -0.3488080118 0.4343824132
1403637195.0383191109 27.4820951988 -8.9989251888 1.8161303577 -0.6670564105 0.4847459119 -0.3539055379 0.4413706111
1403637195.1383192539 27.8490293742 -8.6419696743 1.8410007416 -0.6619597206 0.4815187307 -0.3591807890 0.4482613090
1403637195.2383191586 28.1937766316 -8.2652946635 1.8479341210 -0.6577354161 0.4789789171 -0.3633878768 0.4537759032
1403637195.3383193016 28.5436348076 -7.8814579190 1.8294613602 -0.6550890202 0.4772906098 -0.3656158489 0.4575774256
1403637195.4383192062 28.8733957313 -7.5067713695 1.8105254471 -0.6550848117 0.4753203247 -0.3655434756 0.4596873349
1403637195.5383191109 29.1738664040 -7.1250425710 1.7964104566 -0.6593490209 0.4720071662 -0.3594189268 0.4618291229
1403637195.6383192539 29.4592950998 -6.7442735175 1.8264455820 -0.6632307719 0.4664957104 -0.3556949789 0.4647448518
1403637195.7383191586 29.7277504579 -6.3544226080 1.8930522133 -0.6655595027 0.4611790065 -0.3542951873 0.4677813513
1403637195.8383193016 29.9732876357 -5.9659294378 1.9569178242 -0.6695388757 0.4540327032 -0.3579259771 0.4663271311
1403637195.9383192062 30.2090148734 -5.5926704038 2.0427615992 -0.6748746656 0.4458385301 -0.3645579038 0.4613780724
1403637196.0383191109 30.4267412335 -5.2023878851 2.0878062014 -0.6791232440 0.4355181095 -0.3756300069 0.4560895676
1403637196.1383192539 30.6037178784 -4.7500737634 2.1310339263 -0.6781416281 0.4236175953 -0.3906480522 0.4561427019
1403637196.2383191586 30.7530912817 -4.2936969654 2.1525695389 -0.6735559509 0.4117218630 -0.4052682585 0.4610478580
1403637196.3383193016 30.8362497893 -3.8002903682 2.1527519530 -0.6692056881 0.4029034190 -0.4166870480 0.4649779413
1403637196.4383192062 30.8473126699 -3.2867930553 2.1192610583 -0.6659146294 0.3984042436 -0.4234506497 0.4674626321
1403637196.5383191109 30.7929605312 -2.7092040270 2.0824985130 -0.6644592074 0.4010603533 -0.4220652752 0.4685140960
1403637196.6383192539 30.6549977121 -2.0987189084 2.0110416882 -0.6627709397 0.4064698861 -0.4171819008 0.4706125528
1403637196.7383191586 30.4453653501 -1.4430855288 1.9235927351 -0.6604534620 0.4126896834 -0.4113302703 0.4735988370
1403637196.8383193016 30.1920894013 -0.8194641059 1.8101334198 -0.6597568989 0.4166309590 -0.4069938453 0.4748636522
1403637196.9383192062 29.8778969324 -0.1193143732 1.6828625650 -0.6571467489 0.4171779043 -0.4083114973 0.4768673482
1403637197.0383191109 29.4853820343 0.5520333244 1.5680704954 -0.6543811200 0.4245107199 -0.3952161382 0.4851599763
1403637197.1383192539 29.0347401816 1.2586120849 1.4709122032 -0.6581103817 0.4259046400 -0.3800159728 0.4910028754
1403637197.2383191586 28.5277891670 1.9625262257 1.4111054060 -0.6675116354 0.4206620935 -0.3622037908 0.4962660916
1403637197.3383193016 27.9683447895 2.6594678482 1.3651970538 -0.6820826546 0.4100353797 -0.3397704858 0.5011888433
1403637197.4383192062 27.3796128898 3.3517225864 1.3657884948 -0.6981990011 0.3913191292 -0.3161126541 0.5093724412
1403637197.5383191109 26.7742721058 4.0180026458 1.3850508025 -0.7190928660 0.3620731411 -0.2952904142 0.5144045702
1403637197.6383192539 26.1557203123 4.6594368673 1.4290593227 -0.7402526893 0.3260713068 -0.2736765460 0.5203888997
1403637197.7383191586 25.5372205850 5.2895364212 1.5087133793 -0.7561974953 0.2889609571 -0.2521020561 0.5301994594
1403637197.8383193016 24.8810865817 5.9383207879 1.6220932702 -0.7675022088 0.2491517050 -0.2372386294 0.5409081439
1403637197.9383192062 24.2292790701 6.5495664700 1.7608723208 -0.7772112606 0.2133101272 -0.2212782984 0.5490695409
1403637198.0383191109 23.5461295646 7.1677732707 1.9191756018 -0.7841728187 0.1823342056 -0.2049609991 0.5566131661
1403637198.1383192539 22.8284899399 7.7892381306 2.1186466313 -0.7894804994 0.1554348484 -0.1878326672 0.5632756324
1403637198.2383191586 22.0580811947 8.3852405765 2.3556376030 -0.7952919369 0.1315116003 -0.1702103798 0.5667837865
1403637198.3383193016 21.2715605211 8.9696452034 2.6047793922 -0.7976549030 0.1051242423 -0.1571459809 0.5727134450
1403637198.4383192062 20.4432731921 9.5389153870 2.8680346199 -0.7968151320 0.0801304677 -0.1509798659 0.5795427799
1403637198.5383191109 19.6156910177 10.0921439803 3.0481634396 -0.7946759739 0.0625419195 -0.1496302287 0.5849695714
1403637198.6383192539 18.7402030854 10.6271138035 3.1787530779 -0.7926525118 0.0507301991 -0.1517556656 0.5883015047
1403637198.7383191586 17.8366468782 11.1226560515 3.2378522557 -0.7918542191 0.0473309294 -0.1485413456 0.5904762039
1403637198.8383193016 16.8536146707 11.6182544402 3.2318775241 -0.7873258448 0.0476975789 -0.1455805707 0.5972011826
1403637198.9383192062 15.8507352250 12.0815976626 3.1702298781 -0.7800162528 0.0537946434 -0.1372095602 0.6081564916
1403637199.0383191109 14.7856829676 12.5034511629 3.1142431414 -0.7739826813 0.0606082236 -0.1209175116 0.6185922791
1403637199.1383192539 13.6838555881 12.8734041259 3.0817076404 -0.7768240565 0.0614084389 -0.1034099548 0.6181260148
1403637199.2383191586 12.5559986163 13.1847718317 3.0548866251 -0.7814250181 0.0538333273 -0.0872743996 0.6155161193
1403637199.3383193016 11.4073471723 13.4404258549 3.0541070599 -0.7825098220 0.0374555319 -0.0748405653 0.6169881291
1403637199.4383192062 10.2608684591 13.6387467889 3.0821381818 -0.7826423256 0.0155131053 -0.0611293948 0.6192685450
1403637199.5383191109 9.0999842763 13.7948618268 3.1219766020 -0.7825284916 -0.0079467905 -0.0452150082 0.6209199718
1403637199.6383192539 7.9511603528 13.8985400908 3.1351951319 -0.7803550686 -0.0284817353 -0.0239703716 0.6242276660
1403637199.7383191586 6.8013640076 13.9518095568 3.1131281076 -0.7766958539 -0.0465743915 0.0036193988 0.6281411279
1403637199.8383193016 5.6380991090 13.9646524784 3.0278564207 -0.7716088301 -0.0626886726 0.0403822559 0.6317113399
1403637199.9383192062 4.5216248417 13.9252509468 2.8483041941 -0.7626094028 -0.0793767960 0.0826440502 0.6366287647
1403637200.0383191109 3.4547350318 13.8251847612 2.6298333081 -0.7478620218 -0.1000174901 0.1246126402 0.6443373246
1403637200.1383192539 2.4652737816 13.6504240824 2.3907191846 -0.7326833082 -0.1290238693 0.1567071284 0.6495928625
1403637200.2383191586 1.5697608070 13.4076653489 2.1256608854 -0.7284228100 -0.1636867279 0.1758328221 0.6416304884
1403637200.3383193016 0.7529144580 13.0995552608 1.8454545466 -0.7331865287 -0.2027181420 0.1720354227 0.6258967027
1403637200.4383192062 0.0008195764 12.7318205246 1.5810191112 -0.7448224920 -0.2303963178 0.1683175487 0.6031800685
1403637200.5383191109 -0.6964164121 12.3302504355 1.3694035687 -0.7557773341 -0.2443580358 0.1704647870 0.5831222239
1403637200.6383192539 -1.3765123926 11.8991501508 1.1965562249 -0.7609279447 -0.2445721881 0.1803400476 0.5732805377
1403637200.7383191586 -2.0094000540 11.4644595713 1.0679548128 -0.7647702342 -0.2418308852 0.1853686379 0.5676995507
1403637200.8383193016 -2.5996689739 11.0282716866 0.9772837236 -0.7667380098 -0.2308306334 0.1914806531 0.5675959853
1403637200.9383192062 -3.1429945043 10.5922433841 0.9241484169 -0.7687205516 -0.2212238616 0.1893067490 0.5694661283
1403637201.0383191109 -3.6556685409 10.1511086313 0.8766401848 -0.7708831824 -0.2138881440 0.1823183625 0.5716213743
1403637201.1383192539 -4.1109805639 9.6959075332 0.8777826982 -0.7739679267 -0.2077743075 0.1741459431 0.5722557786
1403637201.2383191586 -4.5303122785 9.2467923236 0.9036195289 -0.7778335777 -0.1995960630 0.1714747498 0.5707300126
1403637201.3383193016 -4.9063354489 8.8054773651 0.9564226735 -0.7841557935 -0.1813951383 0.1791955842 0.5657600533
1403637201.4383192062 -5.2362492720 8.3771169188 0.9873099186 -0.7944943025 -0.1591836521 0.1856632174 0.5558493842
1403637201.5383191109 -5.5085774771 7.9522961718 0.9885280795 -0.8046446743 -0.1369717659 0.1889175921 0.5459815261
1403637201.6383192539 -5.7140150060 7.5669469191 0.9740246478 -0.8100422146 -0.1198974021 0.1911404174 0.5412222874
1403637201.7383191586 -5.8426098230 7.2220490233 0.9445091676 -0.8089617457 -0.1113708547 0.1867210879 0.5461800637
1403637201.8383193016 -5.9016432058 6.9213884437 0.8988319377 -0.8056692438 -0.1112536091 0.1764882059 0.5544110544
1403637201.9383192062 -5.8958039623 6.6379018320 0.8639031844 -0.8038128862 -0.1120978906 0.1701104271 0.5589108600
1403637202.0383191109 -5.8189660433 6.3712425450 0.8749567759 -0.8081378775 -0.1103044648 0.1728050075 0.5521634952
1403637202.1383192539 -5.6624248440 6.1444341206 0.9035537092 -0.8166066675 -0.1107250027 0.1763415519 0.5383281355
1403637202.2383191586 -5.4229589571 5.9719394855 0.9440850729 -0.8226587222 -0.1235513285 0.1630782766 0.5304462006
1403637202.3383193016 -5.1633189764 5.8153107989 0.9790853106 -0.8258638781 -0.1415751948 0.1416340210 0.5271101623
1403637202.4383192062 -4.8760320841 5.7188212742 0.9874400786 -0.8256948934 -0.1535960103 0.1277416789 0.5275587854
1403637202.5383191109 -4.5852486399 5.6647390401 0.9909416076 -0.8211842549 -0.1573069962 0.1241310988 0.5343242449
1403637202.6383192539 -4.2871719107 5.6423275594 1.0274615573 -0.8144617800 -0.1574969323 0.1252826319 0.5441975628
1403637202.7383191586 -3.9829606221 5.6610232103 1.0913537597 -0.8084124638 -0.1594577945 0.1239102143 0.5528912722
1403637202.8383193016 -3.6760538139 5.6946704847 1.1668441823 -0.8043641151 -0.1657833804 0.1157705446 0.5586693317
1403637202.9383192062 -3.3730428282 5.7282830383 1.2275769582 -0.8019205842 -0.1718188756 0.1069923738 0.5620981076
1403637203.0383191109 -3.0809464013 5.7630568914 1.2639929455 -0.8007188482 -0.1748445048 0.1019995871 0.5638038750
1403637203.1383192539 -2.7982674954 5.7998992445 1.2839327427 -0.8004435496 -0.1734913314 0.1034028167 0.5643569255
1403637203.2383191586 -2.5307191123 5.8245942724 1.2807838686 -0.7997332261 -0.1741442219 0.1010990348 0.5655789443
1403637203.3383193016 -2.2822466538 5.8486632506 1.2676543983 -0.7991061691 -0.1741670538 0.0999533438 0.5666608307
1403637203.4383192062 -2.0425608057 5.8768932516 1.2447754831 -0.7994381131 -0.1736343345 0.0994405366 0.5664462913
1403637203.5383191109 -1.8187294363 5.8977059383 1.2023908407 -0.7989492980 -0.1735290954 0.0987190831 0.5672937642
1403637203.6383192539 -1.6086430314 5.9263291276 1.1607180163 -0.7981469666 -0.1748050585 0.0954904104 0.5685826173
1403637203.7383191586 -1.4135406083 5.9345677618 1.0830381451 -0.7976209595 -0.1734157891 0.0959798163 0.5696627457
1403637203.8383193016 -1.2309493114 5.9255322432 0.9896601328 -0.7975751060 -0.1723967956 0.0960523805 0.5700238902
1403637203.9383192062 -1.0627917134 5.9247509053 0.8952223786 -0.7970387356 -0.1721404923 0.0956077662 0.5709256168
1403637204.0383191109 -0.9156304614 5.9093615792 0.7819068941 -0.7971643083 -0.1722250222 0.0941861082 0.5709611058
1403637204.1383192539 -0.7781867883 5.8884708168 0.6820926586 -0.7971548816 -0.1715516748 0.0943221208 0.5711544933
1403637204.2383191586 -0.6514853332 5.8562730753 0.6245042425 -0.7974044466 -0.1713919761 0.0937371392 0.5709503375
1403637204.3383193016 -0.5448326101 5.8212431186 0.6136022050 -0.7985432168 -0.1696488540 0.0953030993 0.5696185710
1403637204.4383192062 -0.4481279623 5.7924475534 0.6318299427 -0.7970945108 -0.1662780955 0.0978273818 0.5722077762
1403637204.5383191109 -0.3586096451 5.7410642986 0.6816291229 -0.7951486236 -0.1618007692 0.1011099600 0.5756178884
1403637204.6383192539 -0.2749347681 5.6834680616 0.7485034781 -0.7965988284 -0.1594505788 0.1001755106 0.5744307501
1403637204.7383191586 -0.1928186079 5.6222726882 0.8400277457 -0.7980208406 -0.1588378265 0.0970350493 0.5731644459
1403637204.8383193016 -0.1105385272 5.5590645918 0.9099617576 -0.8005200729 -0.1574963542 0.0955362545 0.5702940780
1403637204.9383192062 -0.0311598314 5.4882912177 0.9423345542 -0.8022598363 -0.1575885837 0.0933878447 0.5681757684
1403637205.0383191109 0.0354871686 5.4090245347 0.9433794810 -0.8060906038 -0.1580907543 0.0916153953 0.5628782028
1403637205.1383192539 0.0938888174 5.3252628330 0.9276990077 -0.8074037617 -0.1583132357 0.0908843369 0.5610491265
1403637205.2383191586 0.1418414208 5.2600661868 0.9071448041 -0.8076113885 -0.1603670844 0.0912452789 0.5601076168
1403637205.3383193016 0.1820106077 5.1947794665 0.8726598392 -0.8063125834 -0.1663106622 0.0946246221 0.5596846991
1403637205.4383192062 0.2036319446 5.1348788878 0.8520633309 -0.8039259615 -0.1730899262 0.0974928811 0.5605694105
1403637205.5383191109 0.2122735892 5.0769288562 0.8580341104 -0.7992866023 -0.1784426359 0.1018590601 0.5647334636
1403637205.6383192539 0.2150902432 5.0202349499 0.8814505678 -0.7964811110 -0.1824905084 0.1048993431 0.5668431724
1403637205.7383191586 0.2063150436 4.9526548059 0.8630873819 -0.7957937322 -0.1848261572 0.1069307640 0.5666722502
1403637205.8383193016 0.1948979080 4.8947851368 0.8284442067 -0.7955041214 -0.1867366282 0.1075400959 0.5663371366
1403637205.9383192062 0.1626408733 4.8172209536 0.7557986431 -0.7952832231 -0.1868822556 0.1088761610 0.5663440643
1403637206.0383191109 0.1348697882 4.7403287896 0.7009729835 -0.7946310299 -0.1871768456 0.1100687483 0.5669314115
1403637206.1383192539 0.0956539331 4.6645696769 0.6808757759 -0.7952490800 -0.1847714749 0.1146180089 0.5659515128
1403637206.2383191586 0.0523067488 4.5813257002 0.6998647272 -0.7962868406 -0.1810168221 0.1211542050 0.5643419497
1403637206.3383193016 0.0131237732 4.4910964515 0.7531425792 -0.7961398560 -0.1781877126 0.1247881813 0.5646577534
1403637206.4383192062 -0.0208597110 4.4174183980 0.8215515618 -0.7962533989 -0.1780729060 0.1249065504 0.5645076781
1403637206.5383191109 -0.0542029371 4.3355495794 0.9090903368 -0.7960435159 -0.1777997857 0.1244258334 0.5649957247
1403637206.6383192539 -0.0754660262 4.2524508023 0.9710108171 -0.7957611104 -0.1785682385 0.1222057115 0.5656353980
1403637206.7383191586 -0.0974976888 4.1671042103 1.0069722041 -0.7952456909 -0.1790865620 0.1198267678 0.5667043675
1403637206.8383193016 -0.1087012815 4.0751560492 1.0170168350 -0.7943804914 -0.1791165470 0.1184035916 0.5682054972
1403637206.9383192062 -0.1264135672 3.9785343317 1.0454556807 -0.7929133832 -0.1782676111 0.1185309903 0.5704905170
1403637207.0383191109 -0.1323705532 3.8741531134 1.0963380909 -0.7926296552 -0.1772318832 0.1180679066 0.5713029482
1403637207.1383192539 -0.1326859925 3.7736357835 1.1579002664 -0.7926655518 -0.1757023631 0.1179969365 0.5717400856
1403637207.2383191586 -0.1398018080 3.6521502513 1.1837540228 -0.7920310009 -0.1739225223 0.1179137885 0.5731790195
1403637207.3383193016 -0.1266999067 3.5413477075 1.1787717439 -0.7929262506 -0.1727760983 0.1174957488 0.5723732435
1403637207.4383192062 -0.1286659244 3.4034551911 1.1492608406 -0.7929678912 -0.1721017276 0.1163761519 0.5727473353
1403637207.5383191109 -0.1148165790 3.2695635840 1.1045327595 -0.7949344360 -0.1707754823 0.1163053391 0.5704279492
1403637207.6383192539 -0.0933938464 3.1197743797 1.0464255847 -0.8023384648 -0.1667024838 0.1208703617 0.5602264055
1403637207.7383191586 -0.0698755278 2.9922100657 1.0070303321 -0.8075084436 -0.1648940814 0.1226175092 0.5529059611
1403637207.8383193016 -0.0383092857 2.8831987608 1.0181947138 -0.8063480953 -0.1663173322 0.1195317833 0.5548454262
1403637207.9383192062 0.0028647170 2.7748330031 1.0675932470 -0.8035199070 -0.1687619388 0.1148160912 0.5591890846
1403637208.0383191109 0.0484955615 2.6794243075 1.1601347097 -0.8016047189 -0.1705193760 0.1113979492 0.5620885285
1403637208.1383192539 0.0913897495 2.5942047185 1.2845031781 -0.8011859241 -0.1718742484 0.1086195373 0.5628162701
1403637208.2383191586 0.1336531306 2.5067598537 1.4193004581 -0.8009688041 -0.1722124224 0.1067281319 0.5633834948
1403637208.3383193016 0.1696705710 2.3989918433 1.5288695229 -0.8019206165 -0.1656103352 0.1140619162 0.5625712586
1403637208.4383192062 0.2102053316 2.3113996414 1.6174336013 -0.8016253560 -0.1618472492 0.1170882046 0.5634648250
1403637208.5383191109 0.2491757847 2.2382482454 1.6595752715 -0.8005475272 -0.1617986772 0.1154998898 0.5653358472
1403637208.6383192539 0.3028675499 2.1718347790 1.6896907840 -0.7995963973 -0.1640195236 0.1113043147 0.5668814222
1403637208.7383191586 0.3619289692 2.0928324040 1.7007117118 -0.7980620994 -0.1656464912 0.1083645013 0.5691355378
1403637208.8383193016 0.4166852465 2.0106982414 1.6867324984 -0.7970624428 -0.1661908434 0.1072801713 0.5705813095
1403637208.9383192062 0.4683670094 1.9158281941 1.6361758525 -0.7961443789 -0.1703710294 0.1009093353 0.5717911737
1403637209.0383191109 0.5153939345 1.8255909790 1.5731984565 -0.7946856637 -0.1777490114 0.0894622405 0.5734775430
1403637209.1383192539 0.5467007355 1.7165086141 1.4897687736 -0.7921681126 -0.1855580725 0.0840475899 0.5753032989
1403637209.2383191586 0.5680807221 1.6048998973 1.4341810227 -0.7933506044 -0.1905955594 0.0978864235 0.5698126002
1403637209.3383193016 0.5577302599 1.4828884335 1.4113923692 -0.7962656322 -0.1986499095 0.1127917829 0.5601582546
1403637209.4383192062 0.5378035741 1.3636405841 1.4131123491 -0.7992275000 -0.2079437463 0.1204846177 0.5508886081
1403637209.5383191109 0.5027617099 1.2405630805 1.4355247615 -0.8056212311 -0.2182549774 0.1224294629 0.5369825169
1403637209.6383192539 0.4515374778 1.1434153287 1.4756731794 -0.8133787998 -0.2274242513 0.1218000829 0.5213999211
1403637209.7383191586 0.3706453411 1.0745923575 1.5477640748 -0.8180217794 -0.2327192871 0.1224121075 0.5115636596
1403637209.8383193016 0.2604470613 1.0449165423 1.6447534958 -0.8203881131 -0.2352465590 0.1221091449 0.5066673041
1403637209.9383192062 0.1133006836 1.0574153941 1.7050981774 -0.8240539222 -0.2355788998 0.1224332451 0.5004476155
1403637210.0383191109 -0.0622944781 1.1090348417 1.7263181449 -0.8296339875 -0.2377415056 0.1191678421 0.4909026875
1403637210.1383192539 -0.2725706602 1.1948458379 1.6709760548 -0.8357468797 -0.2386006059 0.1162976761 0.4806992350
1403637210.2383191586 -0.5165291620 1.3480008184 1.5652673300 -0.8416054002 -0.2398874973 0.1134232266 0.4704141906
1403637210.3383193016 -0.8144812120 1.5687936863 1.4415352048 -0.8448938503 -0.2406701209 0.1116656252 0.4645030278
1403637210.4383192062 -1.1557821257 1.8727207330 1.3147609787 -0.8449165351 -0.2409113467 0.1117363621 0.4643196713
1403637210.5383191109 -1.5556647856 2.2497708129 1.2084494055 -0.8377509716 -0.2399466864 0.1148601212 0.4768711040
1403637210.6383192539 -1.9960837253 2.6946896597 1.0986296174 -0.8307440035 -0.2371521396 0.1208199634 0.4889026486
1403637210.7383191586 -2.4741448261 3.1711357100 0.9712146993 -0.8259259478 -0.2355430615 0.1254974963 0.4966046449
1403637210.8383193016 -2.9811034766 3.6933919891 0.8432139169 -0.8240048115 -0.2291031709 0.1362835614 0.4999545966
1403637210.9383192062 -3.5011250217 4.2548241976 0.6926533177 -0.8204369539 -0.2206291826 0.1486896274 0.5060606319
1403637211.0383191109 -4.0241299657 4.8479799656 0.5226917168 -0.8137575795 -0.2131330260 0.1585656119 0.5169428032
1403637211.1383192539 -4.5436182618 5.4635489182 0.3470934266 -0.8090029628 -0.2081235105 0.1630919501 0.5249760245
1403637211.2383191586 -5.0365705787 6.1153103837 0.1596824644 -0.8035195811 -0.2101442987 0.1571767505 0.5343136959
1403637211.3383193016 -5.5239568241 6.7711997087 -0.0467235047 -0.7964765607 -0.2100294922 0.1518489120 0.5463099931
1403637211.4383192062 -5.9988637542 7.4085919170 -0.2682826878 -0.7920354750 -0.2087626985 0.1494805053 0.5538533386
1403637211.5383191109 -6.4472753819 8.0552041973 -0.4946335190 -0.7929481927 -0.2075888961 0.1493206714 0.5530310579
1403637211.6383192539 -6.8953785551 8.6850067381 -0.7036753973 -0.7965551912 -0.2071004728 0.1491322558 0.5480591134
1403637211.7383191586 -7.3195802557 9.3182852732 -0.8777472634 -0.8018206300 -0.2054757031 0.1516792765 0.5402377346
1403637211.8383193016 -7.7394942714 9.9555124940 -1.0189031038 -0.8092882299 -0.2012839426 0.1577681823 0.5288161647
1403637211.9383192062 -8.1396292970 10.6179972645 -1.1284008889 -0.8121788717 -0.2013265499 0.1569064428 0.5246079192
1403637212.0383191109 -8.5232157008 11.3065015821 -1.1931539656 -0.8076019818 -0.2044633959 0.1514981898 0.5319981741
1403637212.1383192539 -8.8998723271 12.0195241902 -1.2209227349 -0.7976104146 -0.2049091211 0.1499494415 0.5471243402
1403637212.2383191586 -9.2775430649 12.6969030347 -1.2344727494 -0.7898667874 -0.2041328034 0.1488320670 0.5588284823
1403637212.3383193016 -9.6220385020 13.3891884234 -1.2202276547 -0.7860543973 -0.2036576931 0.1482426091 0.5645052324
1403637212.4383192062 -9.9607107218 14.0422496706 -1.1763457479 -0.7847880983 -0.2026185969 0.1466918434 0.5670404289
1403637212.5383191109 -10.2736923964 14.6819976506 -1.1066250966 -0.7887400274 -0.2032627239 0.1434932105 0.5621237700
1403637212.6383192539 -10.5832818808 15.3151315759 -1.0390902730 -0.7946223075 -0.2038912166 0.1400911968 0.5544170062
1403637212.7383191586 -10.8846515514 15.9331287339 -0.9579564741 -0.7988758209 -0.2055185899 0.1364498524 0.5485808689
1403637212.8383193016 -11.1827423987 16.5474803479 -0.8659022847 -0.8006976287 -0.2078039243 0.1329041171 0.5459279551
1403637212.9383192062 -11.4796923828 17.1745270947 -0.7624635324 -0.8001473494 -0.2109567028 0.1290720485 0.5464447778
1403637213.0383191109 -11.7881320553 17.7882353722 -0.6590280115 -0.7996813058 -0.2134118332 0.1280648817 0.5464106373
1403637213.1383192539 -12.0912358084 18.4128881185 -0.5631349141 -0.8003465223 -0.2131089141 0.1321840648 0.5445708476
1403637213.2383191586 -12.4074109701 19.0124658232 -0.4869374933 -0.8004172174 -0.2125781123 0.1356578271 0.5438196191
1403637213.3383193016 -12.7250806832 19.6373703254 -0.4350567389 -0.7998865147 -0.2124878017 0.1375280408 0.5441659082
1403637213.4383192062 -13.0431205413 20.2529766063 -0.4111619086 -0.7974807679 -0.2124963467 0.1382185215 0.5475083267
1403637213.5383191109 -13.3640953527 20.8544430467 -0.3986747258 -0.7949565096 -0.2132072186 0.1371463415 0.5511603312
1403637213.6383192539 -13.6741538534 21.4653826448 -0.4249886377 -0.7907354424 -0.2202633883 0.1274875445 0.5567480812
1403637213.7383191586 -14.0028964894 22.0613300426 -0.4535879314 -0.7894896500 -0.2271144292 0.1184183049 0.5577653929
1403637213.8383193016 -14.3441386807 22.6318961872 -0.5154465401 -0.7900420808 -0.2313114290 0.1139858942 0.5561796017
1403637213.9383192062 -14.6973689002 23.1825873533 -0.5853177653 -0.7904591481 -0.2336315137 0.1119761665 0.5550243140
1403637214.0383191109 -15.0771552469 23.7144571994 -0.6564246930 -0.7861891015 -0.2347921792 0.1154023668 0.5598764355
1403637214.1383192539 -15.4812509639 24.2260083387 -0.6922984022 -0.7817394274 -0.2352611840 0.1298245080 0.5627443825
1403637214.2383191586 -15.9005340226 24.7088600588 -0.6948994795 -0.7764351363 -0.2405879682 0.1444948837 0.5642580414
1403637214.3383193016 -16.3256032330 25.1592506299 -0.6681935870 -0.7677637955 -0.2533949915 0.1567134097 0.5672483052
1403637214.4383192062 -16.7497826386 25.5775948480 -0.6217474760 -0.7553374515 -0.2756278058 0.1646527019 0.5713003893
1403637214.5383191109 -17.1768626593 25.9500774695 -0.5437684049 -0.7419115702 -0.3023864961 0.1713687350 0.5733780477
1403637214.6383192539 -17.6097366615 26.2684213124 -0.4510989649 -0.7281075822 -0.3267988023 0.1748661124 0.5766140253
1403637214.7383191586 -18.0568278423 26.5108786233 -0.3416359207 -0.7153289987 -0.3463942239 0.1750054164 0.5811097741
1403637214.8383193016 -18.5095510410 26.7007444945 -0.1974841334 -0.7078328861 -0.3572441073 0.1786971484 0.5825946981
1403637214.9383192062 -18.9641467746 26.8299752654 -0.0527080701 -0.7050324251 -0.3620819189 0.1828791735 0.5817053993
1403637215.0383191109 -19.4287868213 26.8867657363 0.0832815073 -0.7029804258 -0.3628384559 0.1872879370 0.5823143520
1403637215.1383192539 -19.8995324786 26.8678550394 0.1867513271 -0.7002840750 -0.3618183754 0.1897455575 0.5853941416
1403637215.2383191586 -20.3866386569 26.7696211891 0.2468365391 -0.6995496503 -0.3577138732 0.1952707650 0.5869756383
1403637215.3383193016 -20.8760614923 26.6040299141 0.2787638433 -0.6981887794 -0.3553974459 0.2067231941 0.5860807153
1403637215.4383192062 -21.3372865519 26.3764947858 0.3173095894 -0.6925647146 -0.3550552969 0.2256437044 0.5859818862
1403637215.5383191109 -21.7632023928 26.0804738164 0.3465891607 -0.6827094252 -0.3596710826 0.2472973669 0.5859936564
1403637215.6383192539 -22.1520777717 25.6971582614 0.4022026610 -0.6754114966 -0.3726087441 0.2645601465 0.5787831744
1403637215.7383191586 -22.4915290815 25.2803560049 0.4965813478 -0.6702266767 -0.3945230361 0.2764495954 0.5645559291
1403637215.8383193016 -22.7956041882 24.7927378047 0.5917310877 -0.6684821395 -0.4179312566 0.2874019219 0.5439349494
1403637215.9383192062 -23.0582772303 24.2912204192 0.6904267158 -0.6650322856 -0.4362532191 0.3003176310 0.5265211377
1403637216.0383191109 -23.2880619603 23.7582687705 0.8423379013 -0.6618246823 -0.4493888963 0.3137280863 0.5114805937
1403637216.1383192539 -23.4910370956 23.1982288908 0.9953225143 -0.6565930542 -0.4610493335 0.3272012567 0.4992578602
1403637216.2383191586 -23.6605456726 22.6487819557 1.1275050700 -0.6515290238 -0.4682141920 0.3390660254 0.4912429460
1403637216.3383193016 -23.8210421848 22.1031192954 1.2338631630 -0.6472529554 -0.4706229426 0.3483264850 0.4881048223
1403637216.4383192062 -23.9693644945 21.5601382353 1.3365400503 -0.6416704232 -0.4697094165 0.3555091895 0.4911673322
1403637216.5383191109 -24.0692589530 21.0338250885 1.4018310106 -0.6368930269 -0.4675515318 0.3603155769 0.4959188667
1403637216.6383192539 -24.1220994654 20.5007339425 1.4464087535 -0.6361028033 -0.4630013706 0.3661939672 0.4968952935
1403637216.7383191586 -24.1418022579 19.9707079042 1.4780125938 -0.6338592365 -0.4556470818 0.3730175636 0.5014639593
1403637216.8383193016 -24.0952497294 19.4467034688 1.5128622102 -0.6301832007 -0.4509798482 0.3750654894 0.5087358732
1403637216.9383192062 -23.9848280126 18.9416592669 1.5606688540 -0.6273085037 -0.4486831256 0.3732544015 0.5156051258
1403637217.0383191109 -23.8169982044 18.4190903273 1.6301310295 -0.6325946055 -0.4478320663 0.3705112714 0.5118514465
1403637217.1383192539 -23.5799001176 17.8960674915 1.7191189508 -0.6439567472 -0.4441706920 0.3729856926 0.4989125947
1403637217.2383191586 -23.2988977079 17.3907004206 1.7755051282 -0.6525669457 -0.4368466733 0.3794978306 0.4891858154
1403637217.3383193016 -22.9902571550 16.8861723422 1.8144809632 -0.6589851025 -0.4319928909 0.3816226393 0.4832027919
1403637217.4383192062 -22.6200629770 16.4230950725 1.7861772630 -0.6629644734 -0.4273788518 0.3835569587 0.4803222705
1403637217.5383191109 -22.1963967889 16.0117651673 1.7600778719 -0.6624083284 -0.4273952166 0.3841358144 0.4806123297
1403637217.6383192539 -21.7360357066 15.6262639517 1.6984676517 -0.6532782187 -0.4352663042 0.3838152332 0.4862681156
1403637217.7383191586 -21.2177294679 15.2528834814 1.6297725446 -0.6331459935 -0.4542361564 0.3795954003 0.4987013105
1403637217.8383193016 -20.6563912454 14.8690557765 1.5853113288 -0.6133554019 -0.4777676238 0.3800417213 0.5011003279
1403637217.9383192062 -20.0610226634 14.4590206115 1.5620625801 -0.5986714037 -0.4987443690 0.3841023785 0.4952897814
1403637218.0383191109 -19.4080731362 14.0475063712 1.5825500331 -0.5901696260 -0.5143542388 0.3900153484 0.4847964084
1403637218.1383192539 -18.7270607593 13.6284525772 1.5961966982 -0.5861645478 -0.5252754081 0.3948544135 0.4739059619
1403637218.2383191586 -18.0115316143 13.2019772065 1.6012030984 -0.5831398588 -0.5330249009 0.3970331336 0.4671156719
1403637218.3383193016 -17.2781727282 12.7791619993 1.5786804484 -0.5796835382 -0.5377716914 0.3979446601 0.4651974323
1403637218.4383192062 -16.5120458898 12.3576026368 1.5379537097 -0.5787720786 -0.5387603322 0.4001834923 0.4632638104
1403637218.5383191109 -15.7370900364 11.9172284684 1.4900384925 -0.5776434605 -0.5393011004 0.4001971427 0.4640308208
1403637218.6383192539 -14.9279771878 11.4782679618 1.4701586762 -0.5795644761 -0.5399341834 0.3979673642 0.4628153763
1403637218.7383191586 -14.0964148325 11.0416850457 1.4593805299 -0.5836982571 -0.5414388916 0.3939463281 0.4592891920
1403637218.8383193016 -13.2385608692 10.5971618476 1.4457171828 -0.5854507547 -0.5431419340 0.3889021106 0.4593467118
1403637218.9383192062 -12.3910856846 10.1439857902 1.3528773685 -0.5836835875 -0.5470103446 0.3807602639 0.4638046723
1403637219.0383191109 -11.5265418052 9.6710393716 1.1980759496 -0.5816855887 -0.5504933107 0.3736455085 0.4679615632
1403637219.1383192539 -10.6792902288 9.1732791728 1.0374060571 -0.5809411182 -0.5511429751 0.3716650949 0.4696955348
1403637219.2383191586 -9.8194622184 8.6462875058 0.8842109324 -0.5825351717 -0.5502280677 0.3717401009 0.4687335541
1403637219.3383193016 -8.9533804325 8.1071769589 0.7882799608 -0.5853632244 -0.5489470474 0.3726891507 0.4659504604
1403637219.4383192062 -8.0919660468 7.5332026153 0.7072568542 -0.5887057345 -0.5490811799 0.3715150300 0.4625062146
1403637219.5383191109 -7.2096077834 6.9542892166 0.6691594653 -0.5978079220 -0.5528773459 0.3657618229 0.4507445149
1403637219.6383192539 -6.3513578348 6.3648728797 0.6440470584 -0.6064968982 -0.5562505867 0.3599555989 0.4395210622
1403637219.7383191586 -5.5344188048 5.7600248850 0.6411894573 -0.6112703638 -0.5576989493 0.3562223237 0.4340807303
1403637219.8383193016 -4.7351047615 5.1613231972 0.6823521718 -0.6142453706 -0.5590286887 0.3533606411 0.4304948399
1403637219.9383192062 -3.9768188042 4.5531945454 0.7528780393 -0.6162162226 -0.5592804042 0.3527537558 0.4278408398
1403637220.0383191109 -3.2804914174 3.9461041102 0.8459240086 -0.6169308129 -0.5592775065 0.3524593268 0.4270567477
1403637220.1383192539 -2.6036612708 3.3509324063 0.9702624153 -0.6169381406 -0.5598555583 0.3512037596 0.4273230673
1403637220.2383191586 -1.9675278888 2.7441206747 1.1422589363 -0.6187510569 -0.5580614881 0.3540663028 0.4246781820
1403637220.3383193016 -1.3742714884 2.1433319116 1.3456977429 -0.6210340730 -0.5519958258 0.3620126856 0.4225684605
1403637220.4383192062 -0.8129904950 1.5516148897 1.5669449033 -0.6234853930 -0.5444022534 0.3713161877 0.4207332171
1403637220.5383191109 -0.2717039715 0.9859440607 1.7676989309 -0.6244602147 -0.5389567878 0.3777895929 0.4205354262
1403637220.6383192539 0.2598218664 0.4512638731 1.9435747979 -0.6245431565 -0.5364607654 0.3802138155 0.4214180197
1403637220.7383191586 0.7664635227 -0.0621962578 2.0941604024 -0.6249561240 -0.5370590188 0.3787240228 0.4213852964
1403637220.8383193016 1.2612977533 -0.5602231290 2.2210039947 -0.6259063133 -0.5378904303 0.3771139671 0.4203572621
1403637220.9383192062 1.7349439390 -1.0303163719 2.3208102639 -0.6267837091 -0.5386253548 0.3752140574 0.4198086710
1403637221.0383191109 2.1995981085 -1.4739118949 2.3931936527 -0.6301228060 -0.5383641519 0.3706452062 0.4192033163
1403637221.1383192539 2.6400213507 -1.8928183805 2.4303766387 -0.6368557109 -0.5344021955 0.3637694565 0.4201200775
1403637221.2383191586 3.0645407404 -2.2786828073 2.4488721429 -0.6450428124 -0.5276241810 0.3540246625 0.4244985655
1403637221.3383193016 3.4551000524 -2.6542459909 2.4486633973 -0.6533344339 -0.5182107932 0.3456762465 0.4302553007
1403637221.4383192062 3.7976544975 -3.0231614442 2.4305533472 -0.6597263013 -0.5095114034 0.3405191923 0.4349781798
1403637221.5383191109 4.1354860899 -3.3492868376 2.3847912421 -0.6658072179 -0.5029734076 0.3370312739 0.4360371776
1403637221.6383192539 4.4572756584 -3.6580236847 2.3178696392 -0.6697089748 -0.4986713970 0.3331609698 0.4379731672
1403637221.7383191586 4.7389767797 -3.9578448947 2.2455443288 -0.6735553689 -0.4950981317 0.3303710270 0.4382419304
1403637221.8383193016 4.9813608387 -4.2448777815 2.1431603465 -0.6772337080 -0.4912058642 0.3280653320 0.4386849002
1403637221.9383192062 5.2185237516 -4.4870830680 2.0315118434 -0.6839668912 -0.4835714189 0.3243247417 0.4395013498
1403637222.0383191109 5.4203805125 -4.7016158328 1.8957380204 -0.6923091272 -0.4720404397 0.3156814403 0.4452315397
1403637222.1383192539 5.6084817203 -4.8802674254 1.7469513460 -0.7033026643 -0.4570098099 0.3039180844 0.4518198691
1403637222.2383191586 5.7579593269 -5.0352076614 1.5814101739 -0.7128239948 -0.4391193718 0.2931609519 0.4616414042
1403637222.3383193016 5.8856041189 -5.1729017893 1.4089816445 -0.7161760950 -0.4237125364 0.2867011387 0.4747230187
1403637222.4383192062 6.0059556687 -5.2935691533 1.2397187260 -0.7162075577 -0.4096914003 0.2847659581 0.4879631544
1403637222.5383191109 6.1139966510 -5.4010146590 1.0962663857 -0.7162528244 -0.4003594139 0.2832363830 0.4964588427
1403637222.6383192539 6.2260454179 -5.5049976533 0.9933811202 -0.7168304733 -0.3956004577 0.2805285501 0.5009571669
1403637222.7383191586 6.3434668699 -5.5957300230 0.9048537429 -0.7187270564 -0.3944485442 0.2777105172 0.5007181173
1403637222.8383193016 6.4520805643 -5.6859553815 0.8540241192 -0.7228283549 -0.3965393217 0.2733253415 0.4955491836
1403637222.9383192062 6.5394081767 -5.7614331589 0.8269091055 -0.7283625498 -0.4001128348 0.2691608893 0.4867752368
1403637223.0383191109 6.6199935484 -5.8212200193 0.8409864674 -0.7317315858 -0.4034127262 0.2663935598 0.4804805199
1403637223.1383192539 6.6814674671 -5.8641969766 0.8969738497 -0.7322960877 -0.4061773990 0.2653957380 0.4778362300
1403637223.2383191586 6.7315002469 -5.8767251777 0.9911150656 -0.7297085223 -0.4079828179 0.2668768930 0.4794290529
1403637223.3383193016 6.7410402011 -5.8736520240 1.1236316898 -0.7236324545 -0.4084133900 0.2709318149 0.4859532131
1403637223.4383192062 6.7296810708 -5.8596804467 1.2812788585 -0.7178625642 -0.4089791190 0.2744948606 0.4919979580
1403637223.5383191109 6.7047363697 -5.8423481135 1.4578924083 -0.7135260011 -0.4096790805 0.2768927055 0.4963608833
1403637223.6383192539 6.6808021274 -5.8161541184 1.6232398156 -0.7107350992 -0.4098491965 0.2785708200 0.4992770304
1403637223.7383191586 6.6555856714 -5.7903423494 1.7514377051 -0.7092580193 -0.4105641596 0.2789475891 0.5005780414
1403637223.8383193016 6.6186022184 -5.7640764084 1.8569635789 -0.7082618568 -0.4104331401 0.2797711958 0.5016351839
1403637223.9383192062 6.6043907421 -5.7420789595 1.9333550811 -0.7068601291 -0.4110621766 0.2791547614 0.5034374480
1403637224.0383191109 6.5660135415 -5.7232695458 1.9758382798 -0.7068472101 -0.4101761869 0.2797924310 0.5038240892
1403637224.1383192539 6.5377574863 -5.7075911638 1.9911023218 -0.7062963697 -0.4106788662 0.2790063865 0.5046223769
1403637224.2383191586 6.5036431107 -5.6937302211 1.9767611528 -0.7056700208 -0.4107275109 0.2784496218 0.5057653029
1403637224.3383193016 6.4708509746 -5.6813186714 1.9389352069 -0.7048513381 -0.4104354257 0.2788954952 0.5068970854
1403637224.4383192062 6.4510866325 -5.6760814103 1.8753827801 -0.7041674925 -0.4112840310 0.2773541922 0.5080041736
1403637224.5383191109 6.4132033924 -5.6897097646 1.7881904351 -0.7033306887 -0.4113761748 0.2767759764 0.5094022420
1403637224.6383192539 6.3914529497 -5.7051721651 1.7046342745 -0.7041160063 -0.4094306214 0.2795627254 0.5083619758
1403637224.7383191586 6.3660849914 -5.7262966685 1.6473058983 -0.7073364681 -0.4051635952 0.2858057118 0.5038180992
1403637224.8383193016 6.3481272114 -5.7460335885 1.6161590820 -0.7083399326 -0.4047491712 0.2861431635 0.5025482448
1403637224.9383192062 6.3340854123 -5.7666134035 1.5864888252 -0.7055617267 -0.4070169772 0.2823920132 0.5067292975
1403637225.0383191109 6.3317926841 -5.7810892245 1.5369840303 -0.7041449487 -0.4087046439 0.2800216337 0.5086534085
1403637225.1383192539 6.3274420119 -5.8089020796 1.4615970425 -0.7023651221 -0.4098779515 0.2784799683 0.5110109661
1403637225.2383191586 6.3236267780 -5.8474867702 1.3637597897 -0.7013057433 -0.4103394893 0.2787292062 0.5119587753
1403637225.3383193016 6.3248735825 -5.8929081804 1.2578333529 -0.7005385027 -0.4104080336 0.2797542943 0.5123949522
1403637225.4383192062 6.3449694409 -5.9427888867 1.1815048473 -0.6987923541 -0.4107662816 0.2810304294 0.5137919866
1403637225.5383191109 6.3530192866 -6.0126532833 1.1343215993 -0.6979741326 -0.4117593504 0.2809955342 0.5141282498
1403637225.6383192539 6.3744148907 -6.0921138599 1.1184743309 -0.6990080190 -0.4137511868 0.2796327032 0.5118625755
1403637225.7383191586 6.4021343474 -6.1822372522 1.1350870446 -0.7017721883 -0.4160208343 0.2772383582 0.5075247323
1403637225.8383193016 6.4180381561 -6.2808902619 1.1938168410 -0.7054570823 -0.4181864809 0.2743899322 0.5021558894
1403637225.9383192062 6.4300373154 -6.3863323840 1.2937063407 -0.7052830082 -0.4187296431 0.2747172119 0.5017686896
1403637226.0383191109 6.4464688141 -6.4965299027 1.4306849402 -0.7011936400 -0.4164717709 0.2785547900 0.5072336467
1403637226.1383192539 6.4372535026 -6.6221052272 1.5427495305 -0.6980773191 -0.4146415936 0.2811288710 0.5115925755
1403637226.2383191586 6.4392085140 -6.7369175362 1.6305684594 -0.6968122790 -0.4136029561 0.2824671270 0.5134175345
1403637226.3383193016 6.4567041349 -6.8677405422 1.7001253454 -0.6988283176 -0.4158076946 0.2794081141 0.5105624833
1403637226.4383192062 6.4834708151 -7.0167638490 1.7456024960 -0.7044154317 -0.4200961787 0.2731074733 0.5027229936
1403637226.5383191109 6.4927089872 -7.1660865511 1.7724609047 -0.7088604695 -0.4232095299 0.2688415342 0.4961197014
1403637226.6383192539 6.4923630064 -7.3141426661 1.7845169286 -0.7109185809 -0.4253918235 0.2657966303 0.4929388595
1403637226.7383191586 6.4622584858 -7.4711109539 1.7873705123 -0.7123753378 -0.4253164010 0.2658970313 0.4908422414
1403637226.8383193016 6.4267443129 -7.6198194850 1.7666898771 -0.7125026274 -0.4250680205 0.2667194094 0.4904262845
1403637226.9383192062 6.3644995757 -7.7732435344 1.7369002394 -0.7142663479 -0.4210722255 0.2714718947 0.4886970181
1403637227.0383191109 6.2920580672 -7.9145232315 1.6984556580 -0.7169489028 -0.4127168521 0.2821785227 0.4858233754
1403637227.1383192539 6.2055623086 -8.0377594959 1.6757392485 -0.7197629790 -0.4028842354 0.2941449075 0.4828087824
1403637227.2383191586 6.1338274257 -8.1381205177 1.6739888011 -0.7200907215 -0.4000038775 0.2966097710 0.4832068858
1403637227.3383193016 6.0650066545 -8.2124695769 1.7006191279 -0.7177528347 -0.4037836061 0.2895532259 0.4877997510
1403637227.4383192062 6.0020187691 -8.2698999633 1.7407724921 -0.7163360853 -0.4076559894 0.2823285833 0.4908867266
1403637227.5383191109 5.9268307807 -8.3115349419 1.7629280358 -0.7167108444 -0.4081592386 0.2793865199 0.4916042860
1403637227.6383192539 5.8662789609 -8.3478426262 1.7698018352 -0.7190205732 -0.4053967320 0.2817296230 0.4891741249
1403637227.7383191586 5.7879317950 -8.3780104854 1.7434651416 -0.7215061426 -0.4024360852 0.2842110082 0.4865163783
1403637227.8383193016 5.7141117006 -8.3848462459 1.7018017722 -0.7217169006 -0.4015435257 0.2842495372 0.4869185897
1403637227.9383192062 5.6434603949 -8.3723240893 1.6524026390 -0.7150150316 -0.4015896879 0.2840399451 0.4967902342
1403637228.0383191109 5.5739156930 -8.3541004469 1.5868653170 -0.7073995787 -0.4029273053 0.2827253710 0.5072492360
1403637228.1383192539 5.5092373227 -8.3418614502 1.5088208964 -0.7032812757 -0.4028436695 0.2843314515 0.5121211292
1403637228.2383191586 5.4587387716 -8.3362763088 1.4455546520 -0.7006178223 -0.4031994516 0.2861093811 0.5144961529
1403637228.3383193016 5.4212960485 -8.3380181168 1.4108160385 -0.6991882785 -0.4035662425 0.2873052277 0.5154859312
1403637228.4383192062 5.3951499689 -8.3505539934 1.4050021502 -0.6974238372 -0.4059983658 0.2853331172 0.5170593105
1403637228.5383191109 5.3876817143 -8.3766421823 1.4328118491 -0.6949102296 -0.4080369823 0.2835474001 0.5198138760
1403637228.6383192539 5.3827499166 -8.4212043870 1.4824164321 -0.6932263795 -0.4101487498 0.2813796647 0.5215751855
1403637228.7383191586 5.3996591705 -8.4821802990 1.5485441224 -0.6980309923 -0.4114470882 0.2793975977 0.5151708549
1403637228.8383193016 5.4183917034 -8.5573599571 1.5942883674 -0.7050154957 -0.4106673281 0.2803846527 0.5056579308
1403637228.9383192062 5.4452156484 -8.6335841177 1.6241091141 -0.7082393101 -0.4097750356 0.2807783437 0.5016423242
1403637229.0383191109 5.4657204217 -8.7092067440 1.6314996917 -0.7054001833 -0.4115808533 0.2774704796 0.5059860823
1403637229.1383192539 5.4861786637 -8.7888743559 1.6302179404 -0.7008475344 -0.4114356275 0.2773223309 0.5124702749
1403637229.2383191586 5.5033519440 -8.8773692176 1.6030354377 -0.6984735800 -0.4119667444 0.2758676924 0.5160572409
1403637229.3383193016 5.5268363720 -8.9804652873 1.5586935780 -0.7004061505 -0.4097130839 0.2720470094 0.5172589660
1403637229.4383192062 5.5585608364 -9.0898263413 1.5001338741 -0.7133154694 -0.3995270742 0.2680973991 0.5095909562
1403637229.5383191109 5.5917891510 -9.1939643972 1.4305559754 -0.7330654156 -0.3797535140 0.2656216804 0.4978428345
1403637229.6383192539 5.6194259719 -9.2839423851 1.3456945894 -0.7525377739 -0.3546025591 0.2595227179 0.4905016644
1403637229.7383191586 5.6401634184 -9.3318270441 1.2488676248 -0.7677790407 -0.3292433654 0.2461833805 0.4914345268
1403637229.8383193016 5.6727404149 -9.3323670037 1.1460676445 -0.7717135407 -0.3099813026 0.2209042130 0.5094812380
1403637229.9383192062 5.6955726583 -9.3077687731 1.0335078607 -0.7723848754 -0.2904582306 0.1944741434 0.5303163471
1403637230.0383191109 5.7299999037 -9.2789824127 0.9225719325 -0.7761768546 -0.2684823301 0.1718483532 0.5439989635
1403637230.1383192539 5.7488369614 -9.2551092097 0.8176541873 -0.7879940238 -0.2439570384 0.1561103117 0.5433046590
1403637230.2383191586 5.7749753327 -9.2351323420 0.7560799415 -0.7974740738 -0.2246824384 0.1416282278 0.5417511869
1403637230.3383193016 5.7734593989 -9.2043940361 0.7270048750 -0.8013622561 -0.2134907191 0.1292499630 0.5436310279
1403637230.4383192062 5.7704484388 -9.1691477588 0.7465402087 -0.7989486476 -0.2043573657 0.1243444099 0.5517767603
1403637230.5383191109 5.7506534241 -9.1365850815 0.7935275334 -0.7923194582 -0.1978652572 0.1222517751 0.5640334383
1403637230.6383192539 5.7284748764 -9.1035105891 0.8706392600 -0.7872831206 -0.1866375959 0.1201964273 0.5752430049
1403637230.7383191586 5.7166038375 -9.0862823101 0.9635313001 -0.7900404850 -0.1702177506 0.1155946922 0.5774944299
1403637230.8383193016 5.7010063299 -9.0803716350 1.0614306784 -0.8021158848 -0.1494993344 0.1076188974 0.5680477351
1403637230.9383192062 5.7149005585 -9.0747951448 1.1539804766 -0.8157846646 -0.1248074920 0.0941793724 0.5568201835
1403637231.0383191109 5.7328156403 -9.0465455822 1.2131500071 -0.8258028878 -0.0976411660 0.0754761517 0.5502900542
1403637231.1383192539 5.7754272085 -8.9915430223 1.2401819003 -0.8317857632 -0.0659972715 0.0549263518 0.5484158095
1403637231.2383191586 5.8219768617 -8.9288178874 1.2052717880 -0.8344627993 -0.0288900910 0.0349339192 0.5491965226
1403637231.3383193016 5.8961985350 -8.8247636161 1.0967100841 -0.8343817301 0.0101719381 0.0129951036 0.5509399127
1403637231.4383192062 5.9814375996 -8.7126059890 0.9351760047 -0.8304110336 0.0508602529 -0.0114563802 0.5547066804
1403637231.5383191109 6.0912269221 -8.6027817463 0.6885340665 -0.8273924878 0.0956168452 -0.0323781662 0.5524769175
1403637231.6383192539 6.2381434679 -8.4760521896 0.4050047655 -0.8241582051 0.1374329987 -0.0570520831 0.5464617861
1403637231.7383191586 6.4061966076 -8.3478253592 0.0955571086 -0.8171040189 0.1738303171 -0.0848745511 0.5430656993
1403637231.8383193016 6.6127133855 -8.1887166779 -0.1674214990 -0.8088788862 0.2071304191 -0.1091270804 0.5393544449
1403637231.9383192062 6.8571415971 -8.0384543095 -0.3846000350 -0.8024582463 0.2372855705 -0.1275885953 0.5324260243
1403637232.0383191109 7.1282823811 -7.8817991213 -0.5496955577 -0.7902085536 0.2643182195 -0.1447159485 0.5336324718
1403637232.1383192539 7.4290858096 -7.7288368045 -0.6836950274 -0.7712693972 0.2896999830 -0.1618121917 0.5431705547
1403637232.2383191586 7.7782898132 -7.5954965295 -0.7902665820 -0.7564764823 0.3123196365 -0.1778985106 0.5463990266
1403637232.3383193016 8.1209707507 -7.4874693613 -0.8621903745 -0.7452894814 0.3297349389 -0.1987556130 0.5443479267
1403637232.4383192062 8.5117069241 -7.4140655729 -0.8884900940 -0.7344114329 0.3457840231 -0.2206032768 0.5407471229
1403637232.5383191109 8.8901980216 -7.3767815559 -0.9057230007 -0.7242537075 0.3714850381 -0.2291454502 0.5338050170
1403637232.6383192539 9.2676893732 -7.3615523722 -0.9090087087 -0.7165412910 0.4018558438 -0.2321517172 0.5207552585
1403637232.7383191586 9.6950662279 -7.3928348499 -0.8668306081 -0.7085223714 0.4308968570 -0.2356478912 0.5067484773
1403637232.8383193016 10.1462445092 -7.4588907649 -0.8085254614 -0.7030548680 0.4548302434 -0.2402045812 0.4910652314
1403637232.9383192062 10.6216550800 -7.5406629186 -0.7406603942 -0.7034248096 0.4686257916 -0.2479723890 0.4733847262
1403637233.0383191109 11.1584240792 -7.6400012186 -0.6269717664 -0.7058848212 0.4745880889 -0.2564313032 0.4590596386
1403637233.1383192539 11.7427116472 -7.7549107489 -0.5160583820 -0.7100410220 0.4764874977 -0.2624345437 0.4471347917
1403637233.2383191586 12.3828437679 -7.8569638914 -0.4070224599 -0.7155433600 0.4777605330 -0.2630669450 0.4365069938
1403637233.3383193016 13.0634721606 -7.9604970000 -0.3384112263 -0.7214280802 0.4771359663 -0.2618015384 0.4281854145
1403637233.4383192062 13.8104385793 -8.0377174197 -0.3033796596 -0.7276807225 0.4752127786 -0.2602095392 0.4206478061
1403637233.5383191109 14.6213982365 -8.1009143570 -0.3328067544 -0.7347965915 0.4590518766 -0.2765477142 0.4157724203
1403637233.6383192539 15.4876445315 -8.1396893685 -0.4255106554 -0.7381349280 0.4268722382 -0.3131633050 0.4181694212
1403637233.7383191586 16.3585423111 -8.1223348227 -0.5496632411 -0.7366594914 0.3965416687 -0.3474047049 0.4235533847
1403637233.8383193016 17.2230600574 -8.0205394490 -0.6650913341 -0.7340269852 0.3750735838 -0.3713675793 0.4273292790
1403637233.9383192062 18.0367078383 -7.8491363474 -0.8362616389 -0.7325522355 0.3632955727 -0.3845727941 0.4283541937
1403637234.0383191109 18.7906280304 -7.5848472029 -1.0227353496 -0.7322877672 0.3543716862 -0.3949695918 0.4268188791
1403637234.1383192539 19.4756406149 -7.2374400455 -1.2099333347 -0.7303617948 0.3432999206 -0.4079491288 0.4269593910
1403637234.2383191586 20.0986580264 -6.7706891262 -1.3830316366 -0.7278036122 0.3371971086 -0.4165781765 0.4278581948
1403637234.3383193016 20.6286727365 -6.1952003299 -1.6057086085 -0.7221251728 0.3399310369 -0.4156456616 0.4361431060
1403637234.4383192062 21.0846756741 -5.5425752958 -1.8115241425 -0.7165368652 0.3484238922 -0.4025433153 0.4507045501
1403637234.5383191109 21.4473273851 -4.8047672180 -2.0380915832 -0.7120905630 0.3513010865 -0.3871340623 0.4686595720
1403637234.6383192539 21.7383756541 -4.0199827796 -2.2889898901 -0.7096899441 0.3513762209 -0.3684386988 0.4869577598
1403637234.7383191586 21.9445584226 -3.2024333935 -2.5418340409 -0.7101707176 0.3475608047 -0.3490947766 0.5029829778
1403637234.8383193016 22.0998496418 -2.3885111504 -2.8233280674 -0.7123300834 0.3427700010 -0.3256852471 0.5186749450
1403637234.9383192062 22.1758737348 -1.5533977818 -3.0858235061 -0.7155540089 0.3378321985 -0.2992305426 0.5332100415
1403637235.0383191109 22.2119840153 -0.7576134412 -3.3243779503 -0.7217937550 0.3244851384 -0.2825615745 0.5421089621
1403637235.1383192539 22.1970739546 0.0283063501 -3.5231128176 -0.7302805284 0.3062215825 -0.2708114075 0.5473389022
1403637235.2383191586 22.1472141048 0.7761473841 -3.6934086760 -0.7379936984 0.2882835550 -0.2592726724 0.5523002574
1403637235.3383193016 22.0580925600 1.4957921076 -3.8298828059 -0.7487421409 0.2755563863 -0.2498601174 0.5486563644
1403637235.4383192062 21.9370648637 2.1919220975 -3.9605793408 -0.7627147101 0.2716567604 -0.2361923929 0.5372913819
1403637235.5383191109 21.7945866884 2.8773921386 -4.0656491409 -0.7755425785 0.2666944665 -0.2219846972 0.5273808534
1403637235.6383192539 21.6465613003 3.5698653690 -4.1355395585 -0.7837346967 0.2560181022 -0.2133345924 0.5241211771
1403637235.7383191586 21.4775295609 4.2837762493 -4.1808336694 -0.7850619391 0.2405875076 -0.2088332363 0.5312100173
1403637235.8383193016 21.3052598127 5.0026881383 -4.1671654622 -0.7826614873 0.2140344524 -0.2156116600 0.5432696031
1403637235.9383192062 21.0807212443 5.7202189780 -4.1518752109 -0.7821021983 0.1845032176 -0.2238812394 0.5514996870
1403637236.0383191109 20.8006218970 6.4398759658 -4.0952911526 -0.7857703501 0.1592418536 -0.2234075687 0.5543428968
1403637236.1383192539 20.4590111024 7.1558593497 -4.0102299444 -0.7901369924 0.1374668249 -0.2172689869 0.5563996698
1403637236.2383191586 20.0296046415 7.8783912583 -3.9018525665 -0.7943726168 0.1169031453 -0.2089625336 0.5582476689
1403637236.3383193016 19.5247278673 8.6059990187 -3.7472116295 -0.7975877859 0.0996802453 -0.1947180023 0.5621409717
1403637236.4383192062 18.9380589208 9.3372291022 -3.5607523449 -0.8001306596 0.0862366958 -0.1766734580 0.5666927291
1403637236.5383191109 18.2994395935 10.0700293907 -3.3503423580 -0.8005817090 0.0777069189 -0.1593041250 0.5724096066
1403637236.6383192539 17.6137087435 10.7805167356 -3.1588830075 -0.7979663451 0.0715403806 -0.1490818072 0.5795742410
1403637236.7383191586 16.8960762414 11.4691954538 -2.9946270127 -0.7929571027 0.0642672018 -0.1415291210 0.5891165147
1403637236.8383193016 16.1386227485 12.1412515542 -2.8399262269 -0.7861793816 0.0552533370 -0.1299434370 0.6016508555
1403637236.9383192062 15.3438583386 12.7582522149 -2.6552312205 -0.7752375148 0.0445940273 -0.1136493982 0.6197596168
1403637237.0383191109 14.4984283508 13.3053140348 -2.4393237656 -0.7607344784 0.0353947289 -0.1007609187 0.6402167631
1403637237.1383192539 13.5963975854 13.7691747706 -2.1953643748 -0.7467922336 0.0287799710 -0.0855469219 0.6589042398
1403637237.2383191586 12.6705068513 14.1437629118 -1.9207572745 -0.7414446135 0.0215340706 -0.0659333859 0.6674196263
1403637237.3383193016 11.7242690442 14.3882870801 -1.6482831422 -0.7434098401 0.0115975088 -0.0493990788 0.6669085683
1403637237.4383192062 10.7614868446 14.5291459430 -1.3205482085 -0.7459305388 0.0044958351 -0.0352802711 0.6650734706
1403637237.5383191109 9.8246345929 14.5661998911 -0.9842722140 -0.7480253266 -0.0013699220 -0.0248894865 0.6632018905
1403637237.6383192539 8.8966746780 14.4938750335 -0.6145341642 -0.7491227097 -0.0026636862 -0.0131850703 0.6622946659
1403637237.7383191586 7.9695287711 14.3333836938 -0.2332597695 -0.7498911372 0.0000466518 -0.0005151168 0.6615610439
1403637237.8383193016 7.0845331694 14.0620075941 0.1436194006 -0.7540834601 0.0061140963 0.0098137427 0.6566768181
1403637237.9383192062 6.2345241917 13.7271480701 0.4711902309 -0.7616266192 0.0185934361 0.0146116614 0.6475844936
1403637238.0383191109 5.4353803030 13.3328505627 0.7753342941 -0.7716768647 0.0371066377 0.0154886156 0.6347424806
1403637238.1383192539 4.6885604563 12.8794209012 1.0685181166 -0.7817583661 0.0650183773 0.0182323655 0.6199145494
1403637238.2383191586 3.9959542974 12.3887083036 1.3208645208 -0.7871634189 0.0994450220 0.0186631823 0.6083881370
1403637238.3383193016 3.3916359175 11.8625560690 1.5533555570 -0.7887351503 0.1387399719 0.0165090115 0.5986447489
1403637238.4383192062 2.8811431839 11.3016666019 1.7829761270 -0.7850061240 0.1798532082 0.0087013469 0.5927415081
1403637238.5383191109 2.4719369616 10.7031094911 1.9759950257 -0.7790149341 0.2183927574 -0.0049729490 0.5877206868
1403637238.6383192539 2.1749815483 10.0585350015 2.1597279275 -0.7771737601 0.2539947207 -0.0153850400 0.5755440288
1403637238.7383191586 1.9845888661 9.3630762501 2.3061722539 -0.7857491260 0.2820471384 -0.0191077700 0.5501659893
1403637238.8383193016 1.9114943724 8.6578241271 2.4476264155 -0.7982781477 0.3041933237 -0.0190132605 0.5194775419
1403637238.9383192062 1.9754802225 7.9531916839 2.5872220761 -0.8119694907 0.3197622708 -0.0181398200 0.4879842040
1403637239.0383191109 2.2041560537 7.2702582933 2.7458452350 -0.8232544984 0.3251540562 -0.0256077936 0.4646193189
1403637239.1383192539 2.6048276648 6.6368387160 2.8842349376 -0.8277607323 0.3179925837 -0.0492954433 0.4596333823
1403637239.2383191586 3.1568784380 6.0568829109 3.0584272508 -0.8225392100 0.3081322555 -0.0819553202 0.4709215292
1403637239.3383193016 3.8287699482 5.5182536128 3.2262589937 -0.8137777843 0.3080297621 -0.1059563543 0.4813072142
1403637239.4383192062 4.5812329843 5.0179941288 3.3629922893 -0.8040914147 0.3201227697 -0.1219217380 0.4858945347
1403637239.5383191109 5.4148013599 4.5440668236 3.4177271738 -0.7927799247 0.3368210256 -0.1396165895 0.4884248107
1403637239.6383192539 6.3081993589 4.0918729670 3.4010479863 -0.7805130526 0.3554312385 -0.1598572737 0.4887879514
1403637239.7383191586 7.2433246311 3.6318526794 3.3340319615 -0.7643718091 0.3722435552 -0.1852275528 0.4928095238
1403637239.8383193016 8.2339099542 3.1759853896 3.1922283011 -0.7436893659 0.3831414905 -0.2196839682 0.5018642042
1403637239.9383192062 9.2520078016 2.7237622903 3.0094280381 -0.7230326606 0.3957199085 -0.2512237008 0.5074605185
1403637240.0383191109 10.2518579604 2.2823276625 2.7842380591 -0.7042417205 0.4106498651 -0.2804342682 0.5067217270
1403637240.1383192539 11.2368373939 1.8289490962 2.5341108856 -0.6875141559 0.4309796371 -0.3017012804 0.5005568652
1403637240.2383191586 12.2038902164 1.3692482970 2.2868241944 -0.6741917199 0.4529753128 -0.3179214061 0.4890857495
1403637240.3383193016 13.1792819010 0.8658893730 1.9895136963 -0.6698163858 0.4737987389 -0.3256587010 0.4699012394
1403637240.4383192062 14.1085118027 0.4224526898 1.7058496028 -0.6723154800 0.4886265006 -0.3317401240 0.4463009392
1403637240.5383191109 15.0530527691 -0.0337591737 1.4706812586 -0.6757312632 0.4965527946 -0.3364347535 0.4285256570
1403637240.6383192539 15.9939532348 -0.4255318629 1.2649998827 -0.6751438648 0.4997807087 -0.3406775903 0.4223017694
1403637240.7383191586 16.9523219741 -0.8145291412 1.1019454360 -0.6739805527 0.4989649560 -0.3446876018 0.4218704120
1403637240.8383193016 17.9136028755 -1.1469774998 1.0086077717 -0.6707407251 0.4904238085 -0.3563163649 0.4273523322
1403637240.9383192062 18.8750193508 -1.4653024356 0.9173611598 -0.6636896019 0.4792805022 -0.3687801695 0.4402357313
1403637241.0383191109 19.8271135914 -1.7368672228 0.8328401608 -0.6618994447 0.4745423604 -0.3716419722 0.4456241889
1403637241.1383192539 20.7439182561 -2.0086073032 0.7246743394 -0.6646650950 0.4746083310 -0.3660521103 0.4460640045
1403637241.2383191586 21.6339117121 -2.2348647197 0.5815506250 -0.6682464912 0.4708034589 -0.3662886213 0.4445485081
1403637241.3383193016 22.4972152930 -2.4388557445 0.4246920458 -0.6718256216 0.4646244698 -0.3700056359 0.4425723281
1403637241.4383192062 23.3512835482 -2.6138278582 0.2432024785 -0.6756943766 0.4566873786 -0.3763348795 0.4395973228
1403637241.5383191109 24.1635720932 -2.7570407646 0.0883492452 -0.6775213144 0.4469611762 -0.3854118805 0.4389171423
1403637241.6383192539 24.9555248091 -2.8451967995 -0.0568387323 -0.6773389323 0.4395908455 -0.3914511729 0.4412911042
1403637241.7383191586 25.7033576339 -2.8821174903 -0.1491349444 -0.6733043867 0.4325278883 -0.3971222633 0.4493047258
1403637241.8383193016 26.3839253820 -2.8491270328 -0.2274872751 -0.6673250613 0.4283183858 -0.4009317665 0.4587748266
1403637241.9383192062 27.0066754681 -2.7764063597 -0.2544405442 -0.6569576310 0.4322866161 -0.3936870998 0.4759678773
1403637242.0383191109 27.5536085524 -2.6764311328 -0.2914121100 -0.6478111185 0.4346244214 -0.3897881886 0.4893950705
1403637242.1383192539 28.0384279809 -2.5753494663 -0.2830410609 -0.6489287709 0.4343204752 -0.3923000244 0.4861665002
1403637242.2383191586 28.4384597821 -2.4594252694 -0.2672923317 -0.6538167605 0.4324991541 -0.3972935808 0.4771015993
1403637242.3383193016 28.7882892468 -2.3198324466 -0.2423726807 -0.6570541181 0.4283133229 -0.4051059326 0.4698050306
1403637242.4383192062 29.0759415360 -2.1633950429 -0.2360388936 -0.6582239080 0.4210150263 -0.4160774306 0.4651528848
1403637242.5383191109 29.2895189076 -1.9483596293 -0.2659457374 -0.6574857297 0.4155721295 -0.4234912806 0.4644001030
1403637242.6383192539 29.4150323859 -1.6967396680 -0.2613867537 -0.6593246842 0.4102465342 -0.4195315098 0.4700872836
1403637242.7383191586 29.4373019436 -1.4091998940 -0.2605889667 -0.6645682056 0.4041873652 -0.4056096936 0.4800650480
1403637242.8383193016 29.3915923087 -1.0826980792 -0.2109732666 -0.6669998714 0.3992770817 -0.3882217741 0.4949473080
1403637242.9383192062 29.2814418122 -0.7244914461 -0.1384913813 -0.6683361784 0.3919069340 -0.3782083419 0.5066499362
1403637243.0383191109 29.0950880154 -0.3745764990 -0.0697731569 -0.6716195926 0.3838166947 -0.3749022907 0.5109404469
1403637243.1383192539 28.8398267583 -0.0063586548 -0.0053034907 -0.6785272952 0.3777348483 -0.3750365135 0.5062259451
1403637243.2383191586 28.5364501502 0.3405843469 0.0149327218 -0.6860977187 0.3805410435 -0.3661402510 0.5003995915
1403637243.3383193016 28.1808198191 0.7137553185 0.0056953578 -0.6901716301 0.3855186696 -0.3568770099 0.4976718560
1403637243.4383192062 27.7760265546 1.0911743202 -0.0267920764 -0.6909875477 0.3901314802 -0.3503327892 0.4975947889
1403637243.5383191109 27.3367200200 1.4748622583 -0.0417814172 -0.6913105859 0.3928190239 -0.3468780853 0.4974519898
1403637243.6383192539 26.8597576727 1.8659961743 -0.0384451898 -0.6936313892 0.4010813373 -0.3366563872 0.4946430366
1403637243.7383191586 26.3709856660 2.2601736516 -0.0072285404 -0.6953620197 0.4100278777 -0.3264769165 0.4916926114
1403637243.8383193016 25.8637250060 2.6638902751 0.0844884451 -0.6956865985 0.4239084706 -0.3096796221 0.4903267246
1403637243.9383192062 25.3668965214 3.0426166942 0.1955287599 -0.6949938567 0.4343744086 -0.2975641219 0.4896509019
1403637244.0383191109 24.8929664743 3.4036704750 0.3430269913 -0.6939943500 0.4379170886 -0.2957478817 0.4890129406
1403637244.1383192539 24.4352468767 3.7645366167 0.5459551749 -0.6933979875 0.4392055043 -0.2980069596 0.4873290552
1403637244.2383191586 23.9966709499 4.0860163983 0.7626320067 -0.6913684477 0.4392277563 -0.3013980634 0.4881063972
1403637244.3383193016 23.5767958334 4.3732243778 1.0016961002 -0.6919853000 0.4413710747 -0.3003612413 0.4859331680
1403637244.4383192062 23.1721995178 4.6766455328 1.2663130438 -0.6957563748 0.4418255041 -0.2964016824 0.4825550057
1403637244.5383191109 22.7884373053 4.9515709415 1.5415692672 -0.7035398942 0.4324482636 -0.2974854286 0.4790851034
1403637244.6383192539 22.4351628478 5.2207193187 1.8054920461 -0.7148546096 0.4174170769 -0.2990317549 0.4746850331
1403637244.7383191586 22.0881830438 5.4997069610 2.0549704748 -0.7252186992 0.4030001114 -0.2961641843 0.4732182630
1403637244.8383193016 21.7706145367 5.7909113696 2.2774627384 -0.7325640121 0.3923499617 -0.2916734544 0.4736434015
1403637244.9383192062 21.4587849511 6.1066544687 2.4696198774 -0.7375319308 0.3857502700 -0.2855024327 0.4751123458
1403637245.0383191109 21.1687880508 6.4268690969 2.6340196679 -0.7411498906 0.3865665919 -0.2741623267 0.4754977689
1403637245.1383192539 20.9002314163 6.7762591724 2.7815544085 -0.7436581475 0.3973932031 -0.2537799826 0.4739693262
1403637245.2383191586 20.6836777773 7.1189216983 2.8999421556 -0.7465769039 0.3991701473 -0.2482452557 0.4708082551
1403637245.3383193016 20.5125259335 7.4649166310 2.9977767395 -0.7466411018 0.3904103303 -0.2600115208 0.4716999556
1403637245.4383192062 20.3809372920 7.8341170498 3.0843152490 -0.7465264702 0.3826776358 -0.2683308460 0.4735552908
1403637245.5383191109 20.2671322899 8.2338281640 3.1583304173 -0.7491937294 0.3748606221 -0.2688241544 0.4753123645
1403637245.6383192539 20.1738727015 8.6375176780 3.1874344609 -0.7543794786 0.3648922389 -0.2641343378 0.4774916836
1403637245.7383191586 20.0839653040 9.0850112765 3.2074107586 -0.7598056763 0.3517595943 -0.2564666496 0.4828927208
1403637245.8383193016 20.0121194501 9.5401256239 3.2200916430 -0.7605023462 0.3306130735 -0.2488935303 0.5003830410
1403637245.9383192062 19.9596786228 10.0091613220 3.2074724990 -0.7632810049 0.3047424983 -0.2363886010 0.5183189622
1403637246.0383191109 19.8445112524 10.4942808904 3.1604386402 -0.7694020886 0.2745325712 -0.2209927358 0.5327424370
1403637246.1383192539 19.7325241029 10.9796395533 3.0895954612 -0.7775100158 0.2402858808 -0.2000009608 0.5456560148
1403637246.2383191586 19.6058459810 11.4425193264 3.0118950065 -0.7861408851 0.2032704610 -0.1746092916 0.5569337696
1403637246.3383193016 19.4865837373 11.8881422429 2.9051720814 -0.7946264717 0.1620737078 -0.1482822289 0.5659622464
1403637246.4383192062 19.3584980587 12.3042978739 2.7822011293 -0.8012857081 0.1154558699 -0.1265791058 0.5732267319
1403637246.5383191109 19.2131943888 12.7121836670 2.6331438692 -0.8023791798 0.0710143210 -0.1052980292 0.5831440158
1403637246.6383192539 19.0493649807 13.1008161800 2.4626601401 -0.7993988994 0.0300957587 -0.0839301198 0.5941476079
1403637246.7383191586 18.7633044780 13.4780469749 2.3006760157 -0.7942518747 -0.0058857655 -0.0629215030 0.6042931423
1403637246.8383193016 18.5876585930 13.7733902642 2.1500008321 -0.7905997469 -0.0402279947 -0.0385168522 0.6097952122
1403637246.9383192062 18.2599577808 14.0477897819 2.0383527471 -0.7924439371 -0.0693778469 -0.0168127032 0.6057529644
1403637247.0383191109 17.9624791347 14.2894499739 1.9743180150 -0.7995370568 -0.0914540848 0.0012663510 0.5936118610
1403637247.1383192539 17.6306794501 14.4964503432 1.8995800785 -0.8074355790 -0.1026371989 0.0161626945 0.5807341548
1403637247.2383191586 17.2798950516 14.6966295561 1.8185024777 -0.8128588997 -0.1073832030 0.0265794075 0.5718590666
1403637247.3383193016 16.9336203627 14.8846646501 1.7213691764 -0.8097685050 -0.1084033524 0.0340284145 0.5756437688
1403637247.4383192062 16.5339032997 15.0792728947 1.6635456250 -0.7938924943 -0.1072554904 0.0372229461 0.5973653987
1403637247.5383191109 16.1471413198 15.2337476275 1.5211842307 -0.7875009720 -0.1060309087 0.0389439689 0.6058737762
1403637247.6383192539 15.7650461467 15.3483558759 1.3949945188 -0.7868126251 -0.1122465651 0.0396736007 0.6056010296
1403637247.7383191586 15.3823719238 15.4072118285 1.2295125686 -0.7829251355 -0.1270342179 0.0369550509 0.6078855681
1403637247.8383193016 14.9638532771 15.4376548638 1.0999044436 -0.7793759321 -0.1443642976 0.0358483509 0.6086435753
1403637247.9383192062 14.5370684506 15.4005727937 0.9881055353 -0.7750823480 -0.1549205748 0.0504074367 0.6104965680
1403637248.0383191109 14.0683740405 15.3164565632 0.9431026165 -0.7744786176 -0.1633041581 0.0696382543 0.6071780104
1403637248.1383192539 13.6063708620 15.1742309768 0.8870549575 -0.7802891570 -0.1768834869 0.0829133230 0.5941266232
1403637248.2383191586 13.1045753827 14.9874486740 0.8125719293 -0.7857821092 -0.1887955314 0.0910536006 0.5819037430
1403637248.3383193016 12.6229677318 14.8074598376 0.7627419412 -0.7884996253 -0.1964764630 0.0992087211 0.5743021592
1403637248.4383192062 12.1211255423 14.5937096046 0.6489576266 -0.7874906824 -0.1986939063 0.1056149651 0.5737809999
1403637248.5383191109 11.6211419226 14.3845019918 0.5556363178 -0.7826977786 -0.1992226069 0.1093852592 0.5794216128
1403637248.6383192539 11.1253465033 14.1533256219 0.4788879654 -0.7795651230 -0.1999218859 0.1089732663 0.5834674676
1403637248.7383191586 10.6308943421 13.8987073604 0.4182748361 -0.7842817025 -0.2000255688 0.1051240172 0.5777896884
1403637248.8383193016 10.1460051073 13.6228445948 0.3731659163 -0.7894018006 -0.1989053860 0.1008447248 0.5719368725
1403637248.9383192062 9.6500316648 13.3416832041 0.3808004009 -0.7930307287 -0.1950383276 0.0999185259 0.5684000372
1403637249.0383191109 9.1420452049 13.0550649275 0.4273168746 -0.7944464797 -0.1915743319 0.0984304241 0.5678604739
1403637249.1383192539 8.6194883312 12.7646569134 0.4850811741 -0.7947196381 -0.1889063118 0.0962750044 0.5687409127
1403637249.2383191586 8.1032913093 12.4691683287 0.5821624192 -0.7949518131 -0.1871139725 0.0952028766 0.5691892379
1403637249.3383193016 7.5681635849 12.1690046355 0.7077264117 -0.7938700519 -0.1851220160 0.0940700331 0.5715339087
1403637249.4383192062 7.0260080202 11.8630191945 0.7998598081 -0.7945631200 -0.1832015779 0.0944487676 0.5711270091
1403637249.5383191109 6.4828300705 11.5445968854 0.8128943092 -0.7946857670 -0.1821622818 0.0947294683 0.5712422976
1403637249.6383192539 5.9527816867 11.2259833869 0.7520154076 -0.7943666472 -0.1820875209 0.0958951022 0.5715154362
1403637249.7383191586 5.4103386458 10.9043042153 0.6523391570 -0.7900148321 -0.1817019017 0.0983170929 0.5772302255
1403637249.8383193016 4.8660297959 10.5604636231 0.5715180729 -0.7841222213 -0.1838103664 0.1016534182 0.5839800286
1403637249.9383192062 4.3231611109 10.1998469020 0.5157720095 -0.7813417860 -0.1911352245 0.1078962465 0.5842351748
1403637250.0383191109 3.7903082140 9.8158060996 0.4952466031 -0.7836138295 -0.1974339542 0.1208632227 0.5765078328
1403637250.1383192539 3.2505023092 9.4199668416 0.5055484551 -0.7870864469 -0.2030629762 0.1331454741 0.5670384780
1403637250.2383191586 2.7287909845 9.0211281685 0.5278568792 -0.7869676737 -0.2105927169 0.1453790466 0.5614245462
1403637250.3383193016 2.2267954008 8.6325373437 0.5230005433 -0.7863747046 -0.2149309722 0.1586018361 0.5570143254
1403637250.4383192062 1.7421849833 8.2468539850 0.4866487089 -0.7869814298 -0.2174624710 0.1682186609 0.5523339433
1403637250.5383191109 1.2895179462 7.8767419077 0.4326554301 -0.7895433692 -0.2185384378 0.1753008621 0.5460144935
1403637250.6383192539 0.8538031015 7.5250585585 0.3887867543 -0.7910609930 -0.2227420846 0.1776741876 0.5413320165
1403637250.7383191586 0.4438012559 7.2004222250 0.3734300449 -0.7910293692 -0.2276256436 0.1795204581 0.5387313881
1403637250.8383193016 0.0606944205 6.9082174785 0.3978098802 -0.7899044724 -0.2315444075 0.1799474277 0.5385694338
1403637250.9383192062 -0.2930456945 6.6300328344 0.4470550375 -0.7890884701 -0.2318285947 0.1828668769 0.5386599988
1403637251.0383191109 -0.6207587638 6.3712326352 0.5372271774 -0.7888293206 -0.2320241980 0.1867368309 0.5376266646
1403637251.1383192539 -0.9426628177 6.1229078377 0.6319602367 -0.7901426744 -0.2345482635 0.1935238587 0.5321749546
1403637251.2383191586 -1.2258387489 5.9093886757 0.7644221796 -0.7908788315 -0.2380003423 0.2004416939 0.5269626535
1403637251.3383193016 -1.4777098948 5.7362296065 0.9347699378 -0.7878717612 -0.2448211761 0.2042865655 0.5268659020
1403637251.4383192062 -1.7185333097 5.5744419812 1.1232034581 -0.7794458220 -0.2581276521 0.2028274527 0.5335685057
1403637251.5383191109 -1.9278962572 5.4541677493 1.3160885913 -0.7719934779 -0.2718872962 0.2069286074 0.5359887310
1403637251.6383192539 -2.1280558067 5.3246368307 1.4682955647 -0.7657339146 -0.2845215975 0.2127810499 0.5361186970
1403637251.7383191586 -2.2925115192 5.2096012984 1.6017634479 -0.7620119049 -0.2932463297 0.2201908626 0.5337231782
1403637251.8383193016 -2.4645219209 5.0991359863 1.7094046466 -0.7587690398 -0.2998820272 0.2239280864 0.5331008592
1403637251.9383192062 -2.6111676330 4.9982066122 1.8012801489 -0.7520096322 -0.3060633289 0.2236571679 0.5392441219
1403637252.0383191109 -2.7312188749 4.9035263725 1.8774613352 -0.7443361319 -0.3114368341 0.2210830066 0.5478075623
1403637252.1383192539 -2.8400036735 4.8088314357 1.9377922648 -0.7388154555 -0.3130489618 0.2224795874 0.5537643031
1403637252.2383191586 -2.9452840053 4.6814009441 1.9865690922 -0.7377665049 -0.3103187731 0.2278411559 0.5545189366
1403637252.3383193016 -3.0204755316 4.5533466178 2.0024271446 -0.7400044491 -0.3090160792 0.2304364552 0.5511819285
1403637252.4383192062 -3.0739079649 4.4095764158 1.9863566240 -0.7459314889 -0.3089307952 0.2301707894 0.5432949341
1403637252.5383191109 -3.1154989682 4.2617644879 1.9337984382 -0.7501723132 -0.3090749264 0.2289760422 0.5378514317
1403637252.6383192539 -3.1268265424 4.1220937265 1.8762107499 -0.7540364216 -0.3085620991 0.2288009108 0.5327932517
1403637252.7383191586 -3.1273037799 3.9818257632 1.7965500474 -0.7613774769 -0.3076190894 0.2297991994 0.5223668840
1403637252.8383193016 -3.1301608185 3.8592988824 1.7250163326 -0.7674955928 -0.3069060830 0.2295159611 0.5138886989
1403637252.9383192062 -3.1073206926 3.7713403782 1.7066974065 -0.7627194934 -0.3087616255 0.2258826898 0.5214424641
1403637253.0383191109 -3.0791676046 3.6962196484 1.7236106529 -0.7572243512 -0.3110817992 0.2216565355 0.5298186259
1403637253.1383192539 -3.0445838496 3.6305395410 1.7586373465 -0.7540911936 -0.3110393186 0.2207344832 0.5346749498
1403637253.2383191586 -3.0124877561 3.5586122612 1.7870765107 -0.7528630279 -0.3103432846 0.2204475880 0.5369238008
1403637253.3383193016 -2.9693162426 3.4840444403 1.7894801552 -0.7535297153 -0.3093408992 0.2205569748 0.5365219447
1403637253.4383192062 -2.9028079640 3.4177109607 1.7769390275 -0.7534386694 -0.3083515941 0.2215177750 0.5368233798
1403637253.5383191109 -2.8459506371 3.3496725124 1.7188092690 -0.7535301178 -0.3087604097 0.2199486276 0.5371051780
1403637253.6383192539 -2.7821571812 3.2788828859 1.6779762274 -0.7531492135 -0.3102599053 0.2175078358 0.5377689046
1403637253.7383191586 -2.7036925097 3.2030099082 1.6559445389 -0.7511782511 -0.3121995503 0.2148718277 0.5404560793
1403637253.8383193016 -2.6230836886 3.1269565084 1.6674883314 -0.7489744657 -0.3136620076 0.2124128869 0.5436305365
1403637253.9383192062 -2.5411415301 3.0424932377 1.7038594296 -0.7483599199 -0.3141360162 0.2119284112 0.5443917176
1403637254.0383191109 -2.4462523507 2.9394431519 1.7576882422 -0.7472337586 -0.3149599011 0.2105704918 0.5459872148
1403637254.1383192539 -2.3586303295 2.8278473645 1.8383348195 -0.7453046477 -0.3169684655 0.2120907588 0.5468724569
1403637254.2383191586 -2.2706707554 2.6993097471 1.9417701590 -0.7439823177 -0.3236430097 0.2155156007 0.5434137826
1403637254.3383193016 -2.1814188410 2.5544528910 2.0692465713 -0.7435002624 -0.3334228182 0.2175294473 0.5373244119
1403637254.4383192062 -2.0989262267 2.4024428834 2.1857234632 -0.7434974444 -0.3414084263 0.2206441433 0.5310065900
1403637254.5383191109 -2.0182726274 2.2485879168 2.2781001641 -0.7432477696 -0.3475702331 0.2225392179 0.5265491264
1403637254.6383192539 -1.9381158448 2.0920974479 2.3474934555 -0.7408384153 -0.3507698418 0.2259492453 0.5263704960
1403637254.7383191586 -1.8649383028 1.9401986295 2.3960959657 -0.7374945899 -0.3527563378 0.2284748812 0.5286434760
1403637254.8383193016 -1.7991136496 1.7688227688 2.4142510250 -0.7348655472 -0.3513561006 0.2334649730 0.5310514330
1403637254.9383192062 -1.7345085967 1.6000296474 2.4153660437 -0.7330310480 -0.3502456717 0.2366723926 0.5328973923
1403637255.0383191109 -1.6666038055 1.4267730924 2.3983723252 -0.7314566359 -0.3504022671 0.2378621967 0.5344258755
1403637255.1383192539 -1.5973939112 1.2390930369 2.3788323859 -0.7293306877 -0.3538991891 0.2424281533 0.5329734537
1403637255.2383191586 -1.5174984030 1.0405738120 2.3830766075 -0.7259561339 -0.3608851846 0.2478202268 0.5304099455
1403637255.3383193016 -1.4300454179 0.8336286525 2.4084779071 -0.7222054134 -0.3660858054 0.2549165884 0.5286000916
1403637255.4383192062 -1.3473831275 0.6151123780 2.4420776368 -0.7195728458 -0.3738458945 0.2609191645 0.5238085111
1403637255.5383191109 -1.2362229699 0.4020037952 2.4502368463 -0.7146608954 -0.3847171039 0.2668504408 0.5196569992
1403637255.6383192539 -1.1282557320 0.1750797528 2.4371837993 -0.7073427726 -0.3980855799 0.2729398597 0.5164280261
1403637255.7383191586 -1.0339492926 -0.0649528914 2.3993905551 -0.7003618387 -0.4143011095 0.2790538088 0.5098792576
1403637255.8383193016 -0.9086097555 -0.3076195681 2.3998331164 -0.6931080804 -0.4316421026 0.2862475103 0.5013468331
1403637255.9383192062 -0.8046724538 -0.5568162042 2.4328979921 -0.6851059310 -0.4478642508 0.2949437830 0.4930067352
1403637256.0383191109 -0.7053133347 -0.8184968080 2.4940834698 -0.6780763117 -0.4602959359 0.3025089367 0.4866502955
1403637256.1383192539 -0.6135088203 -1.0640874676 2.5895326113 -0.6723202306 -0.4688990365 0.3069019783 0.4836634954
1403637256.2383191586 -0.5201819610 -1.3205675517 2.6735680140 -0.6658986897 -0.4718273909 0.3126359906 0.4860211782
1403637256.3383193016 -0.4299509920 -1.5702907347 2.7348379521 -0.6622146606 -0.4731473876 0.3157754069 0.4877388495
1403637256.4383192062 -0.3368201021 -1.8307377488 2.7684413592 -0.6600129400 -0.4738589406 0.3160413557 0.4898555756
1403637256.5383191109 -0.2442461917 -2.1100202077 2.7807974141 -0.6596268682 -0.4725496460 0.3164631721 0.4913657371
1403637256.6383192539 -0.1416207624 -2.3920654396 2.7631766122 -0.6626278347 -0.4712986762 0.3150752620 0.4894175005
1403637256.7383191586 -0.0396483543 -2.6874679928 2.7230661486 -0.6732021237 -0.4678212809 0.3171439455 0.4768247766
1403637256.8383193016 0.0565137431 -2.9734892246 2.6733030959 -0.6820014709 -0.4621741786 0.3211512031 0.4670448876
1403637256.9383192062 0.1320957742 -3.2374889893 2.6205003982 -0.6797697896 -0.4618219715 0.3234812889 0.4690344928
1403637257.0383191109 0.2190059623 -3.5061075440 2.5791698740 -0.6723266314 -0.4676490096 0.3257487939 0.4724076923
1403637257.1383192539 0.3070860986 -3.7654930872 2.5606208977 -0.6647189440 -0.4748574540 0.3277335123 0.4746049608
1403637257.2383191586 0.3936676471 -4.0216928326 2.5857756157 -0.6600621873 -0.4813016059 0.3292810880 0.4735405349
1403637257.3383193016 0.4835614149 -4.2736937258 2.6270486533 -0.6571810370 -0.4877819744 0.3298067186 0.4705415586
1403637257.4383192062 0.5721955269 -4.5301521710 2.6794684780 -0.6541830912 -0.4933224687 0.3293204874 0.4692818360
1403637257.5383191109 0.6560310954 -4.7863443105 2.7223331471 -0.6516119215 -0.4976342309 0.3282171028 0.4690795342
1403637257.6383192539 0.7328822183 -5.0456218408 2.7405242768 -0.6534327203 -0.4996621815 0.3285726991 0.4641156816
1403637257.7383191586 0.8062248105 -5.3114083471 2.7442774938 -0.6563272953 -0.5027407871 0.3278999871 0.4571299387
1403637257.8383193016 0.8565287181 -5.5643444467 2.7139738416 -0.6568244049 -0.5074218258 0.3296955352 0.4498951498
1403637257.9383192062 0.8953757257 -5.8300620919 2.6688535936 -0.6549453285 -0.5137077249 0.3339962733 0.4422640382
1403637258.0383191109 0.9142267422 -6.0890036551 2.6139927743 -0.6493082206 -0.5218758216 0.3414906877 0.4352339275
1403637258.1383192539 0.9148113488 -6.3452717469 2.5742567131 -0.6391575705 -0.5321969862 0.3519478770 0.4293910337
1403637258.2383191586 0.8948253386 -6.5899303365 2.5640679493 -0.6224137915 -0.5437838400 0.3628382483 0.4304051732
1403637258.3383193016 0.8651562449 -6.8320862721 2.5635758287 -0.6083435656 -0.5516816276 0.3724734241 0.4322372454
1403637258.4383192062 0.8328968830 -7.0738605966 2.5352280134 -0.6017403604 -0.5560624738 0.3816477744 0.4278411389
1403637258.5383191109 0.7946274390 -7.3107000533 2.4820434346 -0.6026478677 -0.5583352654 0.3889506656 0.4168868654
1403637258.6383192539 0.7514396673 -7.5373544074 2.4134886638 -0.6011528168 -0.5589598155 0.3935098258 0.4139193551
1403637258.7383191586 0.7031961253 -7.7498183692 2.3371484674 -0.5980582311 -0.5581934969 0.3971975062 0.4159092610
1403637258.8383193016 0.6560399793 -7.9511737242 2.2532767842 -0.5960976767 -0.5572464906 0.3990349567 0.4182284207
1403637258.9383192062 0.6106903012 -8.1419077458 2.1802102566 -0.5965920739 -0.5550667826 0.4014222025 0.4181375128
1403637259.0383191109 0.5764194712 -8.3207942989 2.1462117667 -0.5985275953 -0.5530944115 0.4028807060 0.4165794357
1403637259.1383192539 0.5431421960 -8.4835197830 2.1555704378 -0.5985070366 -0.5527467191 0.4017066783 0.4182010716
1403637259.2383191586 0.5171932808 -8.6340118948 2.2105673144 -0.5994263951 -0.5510175873 0.4023823816 0.4185164684
1403637259.3383193016 0.4952856043 -8.7718477764 2.2772366285 -0.6007896907 -0.5494587007 0.4028947416 0.4181180587
1403637259.4383192062 0.4805401518 -8.8976620858 2.3365292213 -0.6031486199 -0.5460159538 0.4057958715 0.4164228993
1403637259.5383191109 0.4703316431 -9.0040293795 2.3789235278 -0.6064310392 -0.5410082650 0.4115007772 0.4125755231
1403637259.6383192539 0.4686195988 -9.0890048439 2.4041933417 -0.6067368221 -0.5398389124 0.4122088361 0.4129506663
1403637259.7383191586 0.4764871561 -9.1498401893 2.4086772042 -0.6062378578 -0.5438836636 0.4060305706 0.4144941447
1403637259.8383193016 0.4899200725 -9.1930292387 2.3978514495 -0.6059278710 -0.5487168640 0.3989867380 0.4154164189
1403637259.9383192062 0.5047510358 -9.2253685728 2.3837150669 -0.6064756878 -0.5448103580 0.4040084653 0.4149048974
1403637260.0383191109 0.5243196122 -9.2427104178 2.3481287467 -0.6042586118 -0.5444291484 0.4046361734 0.4180167457
1403637260.1383192539 0.5508368058 -9.2436035685 2.2922390030 -0.6014247530 -0.5473279073 0.4010542825 0.4217533530
1403637260.2383191586 0.5812219979 -9.2355986605 2.2171393712 -0.5990572998 -0.5525480677 0.3944741039 0.4245128570
1403637260.3383193016 0.6168066638 -9.2233002944 2.1355562816 -0.5953628462 -0.5571430551 0.3886435454 0.4290581453
1403637260.4383192062 0.6554793263 -9.2163419647 2.0504313871 -0.5896567198 -0.5619637219 0.3823286416 0.4362642983
1403637260.5383191109 0.6955053232 -9.2213746783 1.9549619418 -0.5922816299 -0.5658850501 0.3775537136 0.4317751432
1403637260.6383192539 0.7363643357 -9.2442322781 1.8638032421 -0.5983261265 -0.5688965466 0.3737466365 0.4227008604
1403637260.7383191586 0.7609456679 -9.2775804356 1.7749856742 -0.6001902164 -0.5674304187 0.3759324251 0.4200824156
1403637260.8383193016 0.7713008723 -9.3179534300 1.6886226775 -0.5967591109 -0.5641102055 0.3814948226 0.4244053958
1403637260.9383192062 0.7779290158 -9.3653928111 1.5997222120 -0.5938478417 -0.5604360482 0.3874481420 0.4279487283
1403637261.0383191109 0.7872231014 -9.4162748053 1.5103278380 -0.5918145201 -0.5591621949 0.3898079331 0.4302824524
1403637261.1383192539 0.8030966287 -9.4734796608 1.4174150292 -0.5961762637 -0.5621876084 0.3857999482 0.4238836580
1403637261.2383191586 0.8174707405 -9.5335100180 1.3304998828 -0.6011257842 -0.5675147512 0.3784221231 0.4163790287
1403637261.3383193016 0.8190971698 -9.5961620411 1.2671556771 -0.6016660081 -0.5685676458 0.3766896411 0.4157328002
1403637261.4383192062 0.8054552678 -9.6615831098 1.2337058475 -0.5995664497 -0.5624795571 0.3850657375 0.4193580785
1403637261.5383191109 0.7882867325 -9.7255930638 1.2104818419 -0.6009560936 -0.5600794500 0.3884111206 0.4174920175
1403637261.6383192539 0.7701846778 -9.7844182067 1.1900344524 -0.6056573142 -0.5656264989 0.3802290846 0.4106966335
1403637261.7383191586 0.7357243374 -9.8378640948 1.1932818143 -0.6068340302 -0.5684560724 0.3755390165 0.4093660961
1403637261.8383193016 0.6792996549 -9.8885306479 1.2247564589 -0.6018609107 -0.5642935203 0.3810065798 0.4173370979
1403637261.9383192062 0.6146322933 -9.9384551324 1.2447403646 -0.5980593534 -0.5592851603 0.3873069736 0.4236961499
1403637262.0383191109 0.5519252576 -9.9877640577 1.2292727088 -0.5968128349 -0.5549604929 0.3917747197 0.4270197425
1403637262.1383192539 0.4959428822 -10.0368745867 1.1768902602 -0.5978706980 -0.5511323999 0.3957560343 0.4268265076
1403637262.2383191586 0.4483141702 -10.0818999425 1.0926139085 -0.5994036707 -0.5481274306 0.3985675697 0.4259289281
1403637262.3383193016 0.4360173074 -10.0983341817 1.0599990354 -0.6009810787 -0.5212007907 0.4340060616 0.4228595715
1403637262.4383192062 0.4577284985 -10.0742751375 1.0426398885 -0.6046101711 -0.5320877393 0.3979204637 0.4393045450
1403637262.5383191109 0.4787564386 -10.0638043092 1.0410425163 -0.6157819376 -0.5064424432 0.4126486625 0.4405107698
1403637262.6383192539 0.4919966875 -10.0530144337 1.0509479721 -0.6107473610 -0.5007482530 0.4149864467 0.4516913738
1403637262.7383191586 0.4778107102 -10.0559273091 1.0308028923 -0.6202151180 -0.5102581525 0.4021683742 0.4395798266
1403637262.8383193016 0.4857796410 -10.0540962905 1.0350544158 -0.6172447746 -0.5070524760 0.4074838415 0.4425647905
1403637262.9383192062 0.4847260348 -10.0541395457 1.0344422470 -0.6172555851 -0.5076301590 0.4067147738 0.4425949130
1403637263.0383191109 0.4840877457 -10.0552394058 1.0342086387 -0.6177340757 -0.5077234607 0.4068449509 0.4416997680
1403637263.1383192539 0.4838208576 -10.0558538913 1.0346476421 -0.6179617477 -0.5074946762 0.4073007111 0.4412239371
1403637263.2383191586 0.4836903197 -10.0560785257 1.0347577990 -0.6180801605 -0.5075225200 0.4073263432 0.4410023323
1403637263.3383193016 0.4839104574 -10.0554487401 1.0343204803 -0.6178846312 -0.5076523786 0.4069467596 0.4414770434
1403637263.4383192062 0.4838255804 -10.0557286996 1.0344876550 -0.6180025733 -0.5077015268 0.4069220010 0.4412782164
1403637263.5383191109 0.4839600480 -10.0556705340 1.0343751578 -0.6180176071 -0.5075545953 0.4071873476 0.4411814073
1403637263.6383192539 0.4836313998 -10.0556077166 1.0342592434 -0.6179892669 -0.5076587840 0.4070084579 0.4412662917
1403637263.7383191586 0.4835914243 -10.0553832778 1.0342021150 -0.6178701733 -0.5077374546 0.4068803250 0.4414606746
1403637263.8383193016 0.4837687752 -10.0551118016 1.0339242967 -0.6177729847 -0.5079378379 0.4065569768 0.4416640317
1403637263.9383192062 0.4837375023 -10.0555217956 1.0343062342 -0.6179104829 -0.5077635900 0.4067333332 0.4415096460
1403637264.0383191109 0.4837526953 -10.0557733796 1.0343341827 -0.6180002322 -0.5076875814 0.4069678787 0.4412552305
1403637264.1383192539 0.4834766134 -10.0558595687 1.0339267098 -0.6180476183 -0.5075680688 0.4071022694 0.4412023791
1403637264.2383191586 0.4839669647 -10.0557861787 1.0343260682 -0.6180162058 -0.5077344244 0.4069249542 0.4412185460
1403637264.3383193016 0.4844004487 -10.0555905096 1.0344328809 -0.6179384781 -0.5077511491 0.4068491561 0.4413780376
1403637264.4383192062 0.4839166754 -10.0558316263 1.0343795093 -0.6179141591 -0.5077979503 0.4068807809 0.4413290879
