1413393887.2557604313 -1.0753600965 0.4913690572 1.3056691427 -0.5662788951 -0.5784102746 0.4245805490 0.4055873823
1413393887.3057606220 -1.0753600965 0.4913690572 1.3056691427 -0.5662788951 -0.5784102746 0.4245805490 0.4055873823
1413393887.3557605743 -1.0753600965 0.4913690572 1.3056691427 -0.5662788951 -0.5784102746 0.4245805490 0.4055873823
1413393887.4057605267 -1.0753600965 0.4913690572 1.3056691427 -0.5662788951 -0.5784102746 0.4245805490 0.4055873823
1413393887.4557604790 -1.0753600965 0.4913690572 1.3056691427 -0.5662788951 -0.5784102746 0.4245805490 0.4055873823
1413393887.5057606697 -1.0753600965 0.4913690572 1.3056691427 -0.5662788951 -0.5784102746 0.4245805490 0.4055873823
1413393887.5557603836 -1.0753600965 0.4913690572 1.3056691427 -0.5662788951 -0.5784102746 0.4245805490 0.4055873823
1413393887.6057605743 -1.0753600965 0.4913690572 1.3056691427 -0.5662788951 -0.5784102746 0.4245805490 0.4055873823
1413393887.6557605267 -1.0753600965 0.4913690572 1.3056691427 -0.5662788951 -0.5784102746 0.4245805490 0.4055873823
1413393887.7057607174 -1.0753600965 0.4913690572 1.3056691427 -0.5662788951 -0.5784102746 0.4245805490 0.4055873823
1413393887.7557604313 -1.0753600965 0.4913690572 1.3056691427 -0.5662788951 -0.5784102746 0.4245805490 0.4055873823
1413393887.8057606220 -1.0753600965 0.4913690572 1.3056691427 -0.5662788951 -0.5784102746 0.4245805490 0.4055873823
1413393887.8557605743 -1.0753600965 0.4913690572 1.3056691427 -0.5662788951 -0.5784102746 0.4245805490 0.4055873823
1413393887.9057605267 -1.0753600965 0.4913690572 1.3056691427 -0.5662788951 -0.5784102746 0.4245805490 0.4055873823
1413393887.9557604790 -1.0753600965 0.4913690572 1.3056691427 -0.5662788951 -0.5784102746 0.4245805490 0.4055873823
1413393888.0057606697 -1.0753600965 0.4913690572 1.3056691427 -0.5662788951 -0.5784102746 0.4245805490 0.4055873823
1413393888.0557603836 -1.0753600965 0.4913690572 1.3056691427 -0.5662788951 -0.5784102746 0.4245805490 0.4055873823
1413393888.1057605743 -1.0753600965 0.4913690572 1.3056691427 -0.5662788951 -0.5784102746 0.4245805490 0.4055873823
1413393888.1557605267 -1.0753600965 0.4913690572 1.3056691427 -0.5662788951 -0.5784102746 0.4245805490 0.4055873823
1413393888.2057607174 -1.0753600965 0.4913690572 1.3056691427 -0.5662788951 -0.5784102746 0.4245805490 0.4055873823
1413393888.2557604313 -1.0753600965 0.4913690572 1.3056691427 -0.5662788951 -0.5784102746 0.4245805490 0.4055873823
1413393888.3057606220 -1.0753600965 0.4913690572 1.3056691427 -0.5662788951 -0.5784102746 0.4245805490 0.4055873823
1413393888.3557605743 -1.0753600965 0.4913690572 1.3056691427 -0.5662788951 -0.5784102746 0.4245805490 0.4055873823
1413393888.4057605267 -1.0753600965 0.4913690572 1.3056691427 -0.5662788951 -0.5784102746 0.4245805490 0.4055873823
1413393888.4557604790 -1.0753600965 0.4913690572 1.3056691427 -0.5662788951 -0.5784102746 0.4245805490 0.4055873823
1413393888.5057606697 -1.0753600965 0.4913690572 1.3056691427 -0.5662788951 -0.5784102746 0.4245805490 0.4055873823
1413393888.5557603836 -1.0753600965 0.4913690572 1.3056691427 -0.5662788951 -0.5784102746 0.4245805490 0.4055873823
1413393888.6057605743 -1.0753600965 0.4913690572 1.3056691427 -0.5662788951 -0.5784102746 0.4245805490 0.4055873823
1413393888.6557605267 -1.0753600965 0.4913690572 1.3056691427 -0.5662788951 -0.5784102746 0.4245805490 0.4055873823
1413393888.7057607174 -1.0753600965 0.4913690572 1.3056691427 -0.5662788951 -0.5784102746 0.4245805490 0.4055873823
1413393888.7557604313 -1.0753600965 0.4913690572 1.3056691427 -0.5662788951 -0.5784102746 0.4245805490 0.4055873823
1413393888.8057606220 -1.0753600965 0.4913690572 1.3056691427 -0.5662788951 -0.5784102746 0.4245805490 0.4055873823
1413393888.8557605743 -1.0753600965 0.4913690572 1.3056691427 -0.5662788951 -0.5784102746 0.4245805490 0.4055873823
1413393888.9057605267 -1.0753600965 0.4913690572 1.3056691427 -0.5662788951 -0.5784102746 0.4245805490 0.4055873823
1413393888.9557604790 -1.0753600965 0.4913690572 1.3056691427 -0.5662788951 -0.5784102746 0.4245805490 0.4055873823
1413393889.0057606697 -1.0753600965 0.4913690572 1.3056691427 -0.5662788951 -0.5784102746 0.4245805490 0.4055873823
1413393889.0557603836 -1.0753600965 0.4913690572 1.3056691427 -0.5662788951 -0.5784102746 0.4245805490 0.4055873823
1413393889.1057605743 -1.0753600965 0.4913690572 1.3056691427 -0.5662788951 -0.5784102746 0.4245805490 0.4055873823
1413393889.1557605267 -1.0753600965 0.4913690572 1.3056691427 -0.5662788951 -0.5784102746 0.4245805490 0.4055873823
1413393889.2057607174 -1.0753600965 0.4913690572 1.3056691427 -0.5662788951 -0.5784102746 0.4245805490 0.4055873823
1413393889.2557604313 -1.0753600965 0.4913690572 1.3056691427 -0.5662788951 -0.5784102746 0.4245805490 0.4055873823
1413393889.3057606220 -1.0753600965 0.4913690572 1.3056691427 -0.5662788951 -0.5784102746 0.4245805490 0.4055873823
1413393889.3557605743 -1.0753600965 0.4913690572 1.3056691427 -0.5662788951 -0.5784102746 0.4245805490 0.4055873823
1413393889.4057605267 -1.0753600965 0.4913690572 1.3056691427 -0.5662788951 -0.5784102746 0.4245805490 0.4055873823
1413393889.4557604790 -1.0753600965 0.4913690572 1.3056691427 -0.5662788951 -0.5784102746 0.4245805490 0.4055873823
1413393889.5057606697 -1.0737198013 0.4926021374 1.3075176477 -0.5698422839 -0.5795016684 0.4220440549 0.4016670306
1413393889.5557603836 -1.0725957600 0.4932691721 1.3077287223 -0.5725537004 -0.5820998298 0.4178002356 0.3984783700
1413393889.6057605743 -1.0714320139 0.4943603611 1.3089686705 -0.5751789339 -0.5846104661 0.4133804858 0.3956214997
1413393889.6557605267 -1.0702978813 0.4960807085 1.3113835677 -0.5776911845 -0.5877236926 0.4075051386 0.3934378205
1413393889.7057607174 -1.0702978813 0.4960807085 1.3113835677 -0.5776911845 -0.5877236926 0.4075051386 0.3934378205
1413393889.7557604313 -1.0696850011 0.5000817076 1.3238841788 -0.5784259033 -0.5948089466 0.3953772243 0.3940845619
1413393889.8057606220 -1.0707775251 0.5020369127 1.3363602185 -0.5783320831 -0.5971886746 0.3909573441 0.3950316996
1413393889.8557605743 -1.0729957190 0.5034453232 1.3515576292 -0.5769222488 -0.6003695864 0.3856271532 0.3975031789
1413393889.9057605267 -1.0767229712 0.5042167857 1.3716648967 -0.5740085704 -0.6033123657 0.3811351356 0.4015773387
1413393889.9557604790 -1.0828028654 0.5030771497 1.3969959303 -0.5695464480 -0.6045132662 0.3787587631 0.4083164875
1413393890.0057606697 -1.0903339044 0.4997894068 1.4255820336 -0.5645754250 -0.6048733758 0.3780621422 0.4152731695
1413393890.0557603836 -1.0982758980 0.4956888681 1.4561148748 -0.5621844458 -0.6021120096 0.3815771759 0.4192954038
1413393890.1057605743 -1.1075766268 0.4894819262 1.4894398944 -0.5627206840 -0.5984355710 0.3865625129 0.4192728500
1413393890.1557605267 -1.1168495030 0.4814487009 1.5208934392 -0.5634667895 -0.5942030642 0.3923016272 0.4189598178
1413393890.2057607174 -1.1270688177 0.4718918003 1.5472050276 -0.5648509365 -0.5905812334 0.3970343596 0.4177570390
1413393890.2557604313 -1.1364559766 0.4621996202 1.5682673608 -0.5660283899 -0.5871669065 0.4015886167 0.4166214932
1413393890.3057606220 -1.1468507718 0.4505279047 1.5844115176 -0.5674116548 -0.5845711445 0.4049201525 0.4151629333
1413393890.3557605743 -1.1582771848 0.4384235499 1.5957822938 -0.5688399607 -0.5828549657 0.4070481959 0.4135371257
1413393890.4057605267 -1.1677298072 0.4262149665 1.6010827515 -0.5700567944 -0.5810870888 0.4092760010 0.4121482760
1413393890.4557604790 -1.1769242707 0.4151985211 1.6050321580 -0.5705292842 -0.5784766929 0.4126233930 0.4118288325
1413393890.5057606697 -1.1871074014 0.4036004575 1.6063447728 -0.5687226041 -0.5737896276 0.4191784982 0.4142577089
1413393890.5557603836 -1.1987748685 0.3872770853 1.6098165343 -0.5652796135 -0.5679913741 0.4268478088 0.4191010685
1413393890.6057605743 -1.2070117252 0.3755946187 1.6109641068 -0.5618035387 -0.5637076330 0.4320297892 0.4242178091
1413393890.6557605267 -1.2143343865 0.3630305543 1.6101355167 -0.5606459237 -0.5633451953 0.4322885225 0.4259635812
1413393890.7057607174 -1.2188915919 0.3512589108 1.6110206162 -0.5617704186 -0.5659781732 0.4288756991 0.4244388518
1413393890.7557604313 -1.2225433200 0.3388827682 1.6123399473 -0.5634291415 -0.5695862152 0.4242292127 0.4220766766
1413393890.8057606220 -1.2231814679 0.3282202323 1.6148581162 -0.5657073245 -0.5728668251 0.4200848354 0.4187213331
1413393890.8557605743 -1.2248872742 0.3159228559 1.6187212130 -0.5675080871 -0.5758886994 0.4157355428 0.4164741714
1413393890.9057605267 -1.2255468747 0.3044212996 1.6232697278 -0.5689637935 -0.5776342729 0.4133865749 0.4144036536
1413393890.9557604790 -1.2265197409 0.2912451708 1.6292815832 -0.5694506849 -0.5794909795 0.4109022635 0.4136126835
1413393891.0057606697 -1.2268598290 0.2788454789 1.6340883341 -0.5699957564 -0.5805153078 0.4094751156 0.4128400961
1413393891.0557603836 -1.2280986513 0.2648262215 1.6405947088 -0.5698204222 -0.5818513067 0.4079863797 0.4126752444
1413393891.1057605743 -1.2281269070 0.2530307637 1.6491382495 -0.5696670630 -0.5816206027 0.4085395297 0.4126649543
1413393891.1557605267 -1.2289803641 0.2401857077 1.6589299056 -0.5700873146 -0.5818086581 0.4088451242 0.4115152531
1413393891.2057607174 -1.2298961774 0.2262597464 1.6656239085 -0.5695891657 -0.5812268128 0.4099447671 0.4119330799
1413393891.2557604313 -1.2310232534 0.2125177405 1.6734946025 -0.5690993319 -0.5802510485 0.4115224560 0.4124123415
1413393891.3057606220 -1.2305126695 0.1996836235 1.6802683170 -0.5654923595 -0.5771518877 0.4167042211 0.4164993183
1413393891.3557605743 -1.2318944584 0.1844505348 1.6799570527 -0.5562437639 -0.5675452988 0.4299719055 0.4284966387
1413393891.4057605267 -1.2329137061 0.1618422700 1.6814872511 -0.5447133841 -0.5534159465 0.4470916185 0.4439900945
1413393891.4557604790 -1.2281733355 0.1479270575 1.6792079271 -0.5320780763 -0.5389190888 0.4657770702 0.4577235599
1413393891.5057606697 -1.2195267889 0.1331404502 1.6742460072 -0.5219820570 -0.5273222457 0.4792682967 0.4687940712
1413393891.5557603836 -1.2048168900 0.1211817490 1.6674627093 -0.5155472942 -0.5205673530 0.4881630416 0.4742546397
1413393891.6057605743 -1.1837895922 0.1076326604 1.6609505668 -0.5117694227 -0.5191603542 0.4891680943 0.4788310350
1413393891.6557605267 -1.1547510423 0.0941098204 1.6589933581 -0.5117292139 -0.5187910800 0.4898826999 0.4785435896
1413393891.7057607174 -1.1208455058 0.0809412216 1.6609465332 -0.5116850811 -0.5198033599 0.4887289476 0.4786719760
1413393891.7557604313 -1.0774215981 0.0695395030 1.6624487103 -0.5121391977 -0.5207900088 0.4879747606 0.4778826655
1413393891.8057606220 -1.0301115110 0.0572756970 1.6634296594 -0.5132172969 -0.5222484625 0.4859199744 0.4772277529
1413393891.8557605743 -0.9761384057 0.0434571303 1.6666796958 -0.5160015194 -0.5254492381 0.4818455219 0.4748372598
1413393891.9057605267 -0.9161233947 0.0306771299 1.6725822465 -0.5221883285 -0.5320567990 0.4738936552 0.4686786914
1413393891.9557604790 -0.8468996978 0.0192273411 1.6783481007 -0.5313106931 -0.5413819243 0.4627720828 0.4587554455
1413393892.0057606697 -0.7770612873 0.0064168208 1.6845174976 -0.5427410879 -0.5526989348 0.4485968865 0.4457766620
1413393892.0557603836 -0.7057451122 -0.0071871075 1.6869151544 -0.5524682947 -0.5628676604 0.4352843047 0.4341501518
1413393892.1057605743 -0.6347413699 -0.0179805354 1.6960276532 -0.5599193102 -0.5707496591 0.4246011109 0.4247929958
1413393892.1557605267 -0.5543595684 -0.0305510382 1.7076619109 -0.5658338035 -0.5771341489 0.4151447855 0.4176159576
1413393892.2057607174 -0.4795468372 -0.0422233680 1.7175710307 -0.5695686640 -0.5811127306 0.4089935546 0.4130663429
1413393892.2557604313 -0.4024379780 -0.0545293954 1.7269899449 -0.5716625981 -0.5836508731 0.4043121276 0.4111997517
1413393892.3057606220 -0.3308715764 -0.0680028110 1.7324070588 -0.5734052659 -0.5839605740 0.4023645373 0.4102428893
1413393892.3557605743 -0.2577675115 -0.0797238918 1.7370982797 -0.5751811378 -0.5853999026 0.3994096973 0.4085896553
1413393892.4057605267 -0.1829839358 -0.0931917636 1.7409947013 -0.5772915126 -0.5865394774 0.3965313848 0.4067785783
1413393892.4557604790 -0.1141557554 -0.1068272463 1.7415246264 -0.5789462295 -0.5872659410 0.3941501023 0.4056916006
1413393892.5057606697 -0.0450216973 -0.1208976210 1.7386977771 -0.5795522163 -0.5877882040 0.3922568458 0.4059049430
1413393892.5557603836 0.0225744338 -0.1356559738 1.7340721349 -0.5815997973 -0.5880269932 0.3904416594 0.4043775979
1413393892.6057605743 0.0896304795 -0.1508537659 1.7264337267 -0.5836079403 -0.5895981510 0.3872800120 0.4022312577
1413393892.6557605267 0.1543868593 -0.1657171932 1.7165266033 -0.5865646949 -0.5924206886 0.3822746740 0.3985544631
1413393892.7057607174 0.2172239557 -0.1812084120 1.7074797222 -0.5907660219 -0.5968433185 0.3746611585 0.3929409329
1413393892.7557604313 0.2774189226 -0.1968516242 1.6974442571 -0.5959121105 -0.6020858673 0.3663063717 0.3849688391
1413393892.8057606220 0.3330907892 -0.2136634080 1.6894837825 -0.6005650919 -0.6084124197 0.3563797823 0.3770269868
1413393892.8557605743 0.3860138598 -0.2310041689 1.6828280497 -0.6049835764 -0.6131654241 0.3481586865 0.3698764172
1413393892.9057605267 0.4339414961 -0.2494246144 1.6759907726 -0.6089689077 -0.6177468830 0.3407038279 0.3625831761
1413393892.9557604790 0.4756557794 -0.2683529446 1.6711640894 -0.6119510405 -0.6221399101 0.3341980764 0.3560470503
1413393893.0057606697 0.5108290582 -0.2872957874 1.6679762468 -0.6140110830 -0.6258113201 0.3284391031 0.3513948451
1413393893.0557603836 0.5394604764 -0.3072233044 1.6666007556 -0.6147503626 -0.6280019506 0.3259870239 0.3484652090
1413393893.1057605743 0.5617675833 -0.3283100063 1.6660014100 -0.6148762246 -0.6288259366 0.3255408319 0.3471719123
1413393893.1557605267 0.5767454928 -0.3496922232 1.6674346739 -0.6135881289 -0.6277833341 0.3285033341 0.3485444779
1413393893.2057607174 0.5843499236 -0.3709977590 1.6700335987 -0.6104312015 -0.6266245697 0.3324267174 0.3524313755
1413393893.2557604313 0.5866846791 -0.3937716824 1.6743430733 -0.6083677839 -0.6244033798 0.3367818132 0.3557907659
1413393893.3057606220 0.5833507089 -0.4173767503 1.6790644574 -0.6079321504 -0.6207157592 0.3423935796 0.3576270173
1413393893.3557605743 0.5751110134 -0.4413891732 1.6857253477 -0.6096760398 -0.6167859046 0.3476229611 0.3564106499
1413393893.4057605267 0.5613060335 -0.4662628606 1.6927279588 -0.6112620178 -0.6120675267 0.3535534836 0.3559944138
1413393893.4557604790 0.5435697153 -0.4907273123 1.7010733344 -0.6130321198 -0.6080745252 0.3587788185 0.3545627606
1413393893.5057606697 0.5206615250 -0.5147194574 1.7091890680 -0.6147068597 -0.6055018063 0.3627320652 0.3520347825
1413393893.5557603836 0.4938510123 -0.5377142059 1.7179564274 -0.6157175878 -0.6030307640 0.3666564991 0.3504408101
1413393893.6057605743 0.4626546036 -0.5608348328 1.7261770058 -0.6164054103 -0.6004143082 0.3707763930 0.3493878861
1413393893.6557605267 0.4277900405 -0.5820072636 1.7347207905 -0.6180146008 -0.5988245239 0.3735335172 0.3463233378
1413393893.7057607174 0.3883060630 -0.6010860483 1.7427239337 -0.6197269996 -0.5964265350 0.3767289207 0.3439319041
1413393893.7557604313 0.3450027942 -0.6195200992 1.7513908120 -0.6200777286 -0.5934039843 0.3810277683 0.3437923236
1413393893.8057606220 0.2980022598 -0.6356966261 1.7604578239 -0.6191019633 -0.5912875500 0.3842601001 0.3455950921
1413393893.8557605743 0.2468763895 -0.6496949896 1.7701564787 -0.6163524064 -0.5873757476 0.3896864742 0.3510610973
1413393893.9057605267 0.1927812035 -0.6625253278 1.7799560825 -0.6116843542 -0.5844525004 0.3949039928 0.3582015663
1413393893.9557604790 0.1372376216 -0.6735915921 1.7922910676 -0.6066230508 -0.5804125473 0.4011008446 0.3663985012
1413393894.0057606697 0.0788322349 -0.6823708546 1.8024263160 -0.6030888221 -0.5772599321 0.4056371876 0.3721737706
1413393894.0557603836 0.0200125561 -0.6900898517 1.8128098897 -0.5998525960 -0.5758624010 0.4085987329 0.3763063030
1413393894.1057605743 -0.0409347465 -0.6960048567 1.8238930092 -0.5979904337 -0.5744148477 0.4110019359 0.3788567442
1413393894.1557605267 -0.1011069022 -0.7016509350 1.8337937260 -0.5974742049 -0.5734752864 0.4127002014 0.3792482224
1413393894.2057607174 -0.1624524185 -0.7043124708 1.8440220835 -0.5972967843 -0.5729273572 0.4141736524 0.3787492316
1413393894.2557604313 -0.2258970728 -0.7069409205 1.8565003336 -0.5977484588 -0.5722737063 0.4145582819 0.3786040358
1413393894.3057606220 -0.2899711013 -0.7072590951 1.8666977534 -0.5985597781 -0.5710965481 0.4158934528 0.3776341626
1413393894.3557605743 -0.3536293296 -0.7069335800 1.8741562988 -0.5985133362 -0.5706518665 0.4163871556 0.3778359039
1413393894.4057605267 -0.4175119088 -0.7051274425 1.8751878871 -0.5977976978 -0.5711625257 0.4158553843 0.3787817064
1413393894.4557604790 -0.4814546931 -0.7016245304 1.8731101166 -0.5965260146 -0.5719819271 0.4150656640 0.3804127805
1413393894.5057606697 -0.5460613893 -0.6971858168 1.8665873037 -0.5949469177 -0.5724597268 0.4147085193 0.3825504809
1413393894.5557603836 -0.6111655101 -0.6919732997 1.8555077072 -0.5927949392 -0.5726561279 0.4141478797 0.3861873288
1413393894.6057605743 -0.6757453971 -0.6835620043 1.8436644793 -0.5910936174 -0.5736451535 0.4130657637 0.3884794052
1413393894.6557605267 -0.7413686915 -0.6767905554 1.8333067761 -0.5891982666 -0.5737867747 0.4127264439 0.3914984321
1413393894.7057607174 -0.8075761814 -0.6680146519 1.8207792525 -0.5877993429 -0.5740219729 0.4125274400 0.3934613302
1413393894.7557604313 -0.8731334171 -0.6594674326 1.8090136258 -0.5861490436 -0.5743949265 0.4128105259 0.3950787729
1413393894.8057606220 -0.9391604653 -0.6496731191 1.7982758183 -0.5858398922 -0.5745236218 0.4134964906 0.3946325899
1413393894.8557605743 -1.0055490883 -0.6395346947 1.7887773139 -0.5847649697 -0.5740862120 0.4146553321 0.3956461891
1413393894.9057605267 -1.0712907754 -0.6293954103 1.7809233441 -0.5826336954 -0.5737443275 0.4162023138 0.3976569597
1413393894.9557604790 -1.1371754972 -0.6187197888 1.7726262036 -0.5797441164 -0.5724407303 0.4185821110 0.4012447957
1413393895.0057606697 -1.2029941485 -0.6055321991 1.7657207481 -0.5764461021 -0.5706951712 0.4218831057 0.4050080964
1413393895.0557603836 -1.2675143078 -0.5938031987 1.7597471449 -0.5732975963 -0.5687599648 0.4255239567 0.4083764573
1413393895.1057605743 -1.3302681242 -0.5817015047 1.7553730200 -0.5716988383 -0.5690865767 0.4256650627 0.4100123911
1413393895.1557605267 -1.3930120576 -0.5688316369 1.7494208671 -0.5711675685 -0.5704666809 0.4246898690 0.4098461783
1413393895.2057607174 -1.4543204405 -0.5552078874 1.7445602469 -0.5719040711 -0.5723488128 0.4230944869 0.4078401955
1413393895.2557604313 -1.5139438910 -0.5419677852 1.7406897434 -0.5722613809 -0.5735493985 0.4216689341 0.4071281240
1413393895.3057606220 -1.5731792758 -0.5296076331 1.7363049085 -0.5716273565 -0.5733230576 0.4222905103 0.4076929749
1413393895.3557605743 -1.6306444499 -0.5156141723 1.7296203449 -0.5700702918 -0.5727964379 0.4233222136 0.4095392615
1413393895.4057605267 -1.6895275844 -0.5015891220 1.7190731341 -0.5686906426 -0.5711457018 0.4255264756 0.4114738860
1413393895.4557604790 -1.7455176172 -0.4867005267 1.7083504551 -0.5680613552 -0.5707385867 0.4256770415 0.4127503104
1413393895.5057606697 -1.8005213581 -0.4733940416 1.6970214710 -0.5686688688 -0.5688125459 0.4255167538 0.4147330437
1413393895.5557603836 -1.8546205010 -0.4591623608 1.6844845346 -0.5714278798 -0.5666431620 0.4236613457 0.4158085729
1413393895.6057605743 -1.9087950254 -0.4446982160 1.6715796372 -0.5752859173 -0.5630143375 0.4222719914 0.4168301026
1413393895.6557605267 -1.9610968947 -0.4293323516 1.6605022878 -0.5785465711 -0.5600989355 0.4183899466 0.4201462841
1413393895.7057607174 -2.0130266190 -0.4161417457 1.6495181127 -0.5804933946 -0.5546319610 0.4156395795 0.4273810322
1413393895.7557604313 -2.0615753197 -0.3990946410 1.6427137962 -0.5846462889 -0.5489404467 0.4122586210 0.4323146220
1413393895.8057606220 -2.1105629136 -0.3832381373 1.6370768761 -0.5895254182 -0.5412202665 0.4089019003 0.4385654346
1413393895.8557605743 -2.1569929870 -0.3670669934 1.6296891137 -0.5957748971 -0.5329771743 0.4036260476 0.4450546229
1413393895.9057605267 -2.2016418546 -0.3507394775 1.6234152621 -0.6030749966 -0.5242923982 0.3958698994 0.4524434247
1413393895.9557604790 -2.2439538485 -0.3333851863 1.6171866623 -0.6123368124 -0.5135719281 0.3888668456 0.4583340258
1413393896.0057606697 -2.2853746089 -0.3172570767 1.6114737318 -0.6217715538 -0.5044211905 0.3770777040 0.4655875886
1413393896.0557603836 -2.3248070707 -0.3005664688 1.6062749795 -0.6318022863 -0.4929688299 0.3658214890 0.4732676220
1413393896.1057605743 -2.3608354519 -0.2837839190 1.6027327023 -0.6413280883 -0.4806309959 0.3536508364 0.4823102890
1413393896.1557605267 -2.3990375266 -0.2676588614 1.5972915158 -0.6508345609 -0.4664884036 0.3436286626 0.4906345747
1413393896.2057607174 -2.4324612389 -0.2532187850 1.5955635012 -0.6590508311 -0.4521660230 0.3323911838 0.5007134815
1413393896.2557604313 -2.4646856407 -0.2369557131 1.5949012120 -0.6651554923 -0.4360334584 0.3227168790 0.5131245563
1413393896.3057606220 -2.4961012225 -0.2241159187 1.5953360418 -0.6714247964 -0.4204262515 0.3122314113 0.5243491733
1413393896.3557605743 -2.5255421189 -0.2136101072 1.5960360453 -0.6779038443 -0.4035528809 0.3019903331 0.5351572563
1413393896.4057605267 -2.5518386150 -0.2033927287 1.5994532929 -0.6855685363 -0.3843807015 0.2938591074 0.5439614723
1413393896.4557604790 -2.5766215697 -0.1960979398 1.6025112955 -0.6955764968 -0.3622609978 0.2895664898 0.5487181012
1413393896.5057606697 -2.5970064586 -0.1887623637 1.6080468489 -0.7071983351 -0.3418895586 0.2828854331 0.5504160938
1413393896.5557603836 -2.6165354640 -0.1819569516 1.6123414727 -0.7207099516 -0.3210811903 0.2755506114 0.5491410524
1413393896.6057605743 -2.6321755042 -0.1768543625 1.6154146190 -0.7336947743 -0.3016076771 0.2666987995 0.5473541245
1413393896.6557605267 -2.6437824258 -0.1710093383 1.6228371230 -0.7461509149 -0.2831292929 0.2572837651 0.5448868505
1413393896.7057607174 -2.6582115842 -0.1677520856 1.6302663024 -0.7583037411 -0.2633428468 0.2482316817 0.5422241359
1413393896.7557604313 -2.6650373178 -0.1622149586 1.6383323141 -0.7698041802 -0.2436772993 0.2404909918 0.5386900600
1413393896.8057606220 -2.6689109249 -0.1548357066 1.6451871793 -0.7798505700 -0.2240595072 0.2333572872 0.5358869305
1413393896.8557605743 -2.6712010829 -0.1463446505 1.6543850874 -0.7908557581 -0.2051318062 0.2251728677 0.5308156852
1413393896.9057605267 -2.6710384662 -0.1356733648 1.6624824921 -0.8024478718 -0.1872127172 0.2154045485 0.5240512303
1413393896.9557604790 -2.6642117667 -0.1232283066 1.6698001454 -0.8136539764 -0.1732201061 0.2027373329 0.5165845288
1413393897.0057606697 -2.6584961391 -0.1091912741 1.6735163016 -0.8252769161 -0.1654445106 0.1853692511 0.5071334798
1413393897.0557603836 -2.6509454979 -0.0922113704 1.6753402643 -0.8362512691 -0.1645045217 0.1622639273 0.4972851246
1413393897.1057605743 -2.6407901905 -0.0723538840 1.6739516755 -0.8426756925 -0.1679805958 0.1378139181 0.4926332518
1413393897.1557605267 -2.6305214176 -0.0490267678 1.6733908054 -0.8450570047 -0.1739804835 0.1140387358 0.4925491011
1413393897.2057607174 -2.6205859315 -0.0212236340 1.6721728373 -0.8429205934 -0.1816997050 0.0923255793 0.4979418418
1413393897.2557604313 -2.6102057381 0.0135924856 1.6710806421 -0.8352709238 -0.1910429387 0.0719027562 0.5105438992
1413393897.3057606220 -2.6075255977 0.0468854443 1.6705887986 -0.8240256539 -0.1998357343 0.0551176191 0.5272660136
1413393897.3557605743 -2.6065772416 0.0858026447 1.6719184650 -0.8130706111 -0.2056441833 0.0448681740 0.5427831042
1413393897.4057605267 -2.6136624352 0.1195811034 1.6731071673 -0.8058113382 -0.2052127042 0.0434663544 0.5537747822
1413393897.4557604790 -2.6232623925 0.1551993283 1.6754197541 -0.8011832152 -0.2002843460 0.0495639812 0.5617250646
1413393897.5057606697 -2.6354449272 0.1917994363 1.6787499520 -0.7983076848 -0.1945224341 0.0584584251 0.5669642631
1413393897.5557603836 -2.6529267442 0.2249901958 1.6818165254 -0.7965769552 -0.1898925815 0.0658050156 0.5701540686
1413393897.6057605743 -2.6712428031 0.2576781531 1.6850603429 -0.7974430277 -0.1857970027 0.0728493325 0.5694357436
1413393897.6557605267 -2.6925340257 0.2888295386 1.6878506221 -0.7984554139 -0.1838095306 0.0776773467 0.5680222164
1413393897.7057607174 -2.7139165568 0.3191302061 1.6900377088 -0.7996368646 -0.1832529365 0.0810284229 0.5660685831
1413393897.7557604313 -2.7402005512 0.3476795222 1.6918942823 -0.8002463366 -0.1835598151 0.0818935423 0.5649823385
1413393897.8057606220 -2.7650473943 0.3780610868 1.6959564366 -0.8001820010 -0.1856945993 0.0819763115 0.5643635047
1413393897.8557605743 -2.7898034705 0.4067933401 1.7002699135 -0.7998999685 -0.1866761427 0.0801661541 0.5646994297
1413393897.9057605267 -2.8188423036 0.4350647462 1.7039014769 -0.8001794279 -0.1859343997 0.0764939813 0.5650574776
1413393897.9557604790 -2.8449134570 0.4654681877 1.7086897673 -0.8001776230 -0.1850991264 0.0699450826 0.5661817469
1413393898.0057606697 -2.8755886289 0.4921949564 1.7130158147 -0.7996586955 -0.1823432404 0.0609225984 0.5688456297
1413393898.0557603836 -2.9084912395 0.5207988512 1.7182547549 -0.7984606095 -0.1782315815 0.0493254795 0.5729407959
1413393898.1057605743 -2.9424121974 0.5484448169 1.7255313201 -0.7941478569 -0.1716845057 0.0391185390 0.5816556986
1413393898.1557605267 -2.9820545168 0.5733438804 1.7364996503 -0.7874524051 -0.1600027824 0.0324373345 0.5943615387
1413393898.2057607174 -3.0176704307 0.5994235905 1.7469616582 -0.7795657739 -0.1446806306 0.0299716283 0.6086430981
1413393898.2557604313 -3.0587057488 0.6215174436 1.7584390400 -0.7696292747 -0.1286994084 0.0294305215 0.6246927935
1413393898.3057606220 -3.1019074637 0.6404392561 1.7718515296 -0.7600145094 -0.1129532302 0.0316755847 0.6392309212
1413393898.3557605743 -3.1484932411 0.6519763689 1.7845907996 -0.7501477900 -0.0951679200 0.0381860897 0.6532711403
1413393898.4057605267 -3.1931886493 0.6595016789 1.7990957265 -0.7392372950 -0.0790887664 0.0463589571 0.6671761655
1413393898.4557604790 -3.2369034021 0.6606846653 1.8124132933 -0.7279187594 -0.0633403516 0.0572865873 0.6803238394
1413393898.5057606697 -3.2757535221 0.6552631933 1.8244296251 -0.7220947349 -0.0497494829 0.0683038148 0.6866139903
1413393898.5557603836 -3.3161727988 0.6427593272 1.8344588431 -0.7295764058 -0.0379541765 0.0809437638 0.6780308663
1413393898.6057605743 -3.3576851902 0.6224799962 1.8393720085 -0.7469475432 -0.0311996040 0.0861276238 0.6585423181
1413393898.6557605267 -3.3887049507 0.6031478492 1.8332226673 -0.7665417141 -0.0257856545 0.0916798683 0.6350934595
1413393898.7057607174 -3.4157596322 0.5757500027 1.8271927920 -0.7878896714 -0.0237083463 0.0925629520 0.6083583483
1413393898.7557604313 -3.4360488384 0.5467585953 1.8249196018 -0.8110148150 -0.0226010271 0.0924911240 0.5772257405
1413393898.8057606220 -3.4571382356 0.5178230021 1.8205672839 -0.8337935122 -0.0228480940 0.0891260652 0.5443554796
1413393898.8557605743 -3.4728819910 0.4931033187 1.8164462533 -0.8544023022 -0.0231247704 0.0844465752 0.5121823181
1413393898.9057605267 -3.4872238249 0.4702154927 1.8118902432 -0.8701624359 -0.0228670964 0.0787919389 0.4858870872
1413393898.9557604790 -3.4995257110 0.4534942692 1.8087513756 -0.8829806718 -0.0246667860 0.0704848576 0.4634312977
1413393899.0057606697 -3.5062928351 0.4445439994 1.8095760699 -0.8925592046 -0.0286447300 0.0605281117 0.4459303683
1413393899.0557603836 -3.5140920110 0.4466684860 1.8139578042 -0.8970370174 -0.0364881145 0.0447806413 0.4381642398
1413393899.1057605743 -3.5162087319 0.4570143793 1.8217488271 -0.8939429491 -0.0473828059 0.0288581448 0.4447337191
1413393899.1557605267 -3.5278962915 0.4765760637 1.8328784715 -0.8809791695 -0.0562378022 0.0148386241 0.4695666383
1413393899.2057607174 -3.5361992950 0.5027629937 1.8515397171 -0.8601053636 -0.0625419758 0.0059889928 0.5062325521
1413393899.2557604313 -3.5432450457 0.5333375075 1.8694102401 -0.8336420340 -0.0657186298 0.0031229511 0.5483723808
1413393899.3057606220 -3.5547667152 0.5694026375 1.8970770183 -0.8024727858 -0.0649018203 0.0056558553 0.5931215669
1413393899.3557605743 -3.5691652469 0.5965317586 1.9116305258 -0.7730611436 -0.0628829163 0.0102748057 0.6311233124
1413393899.4057605267 -3.5909357159 0.6211945422 1.9386563186 -0.7472186426 -0.0588938440 0.0169181506 0.6617473774
1413393899.4557604790 -3.6099223833 0.6417050320 1.9531945525 -0.7244983478 -0.0549902236 0.0242090881 0.6866528521
1413393899.5057606697 -3.6225974919 0.6521259635 1.9830471739 -0.7035883555 -0.0490366440 0.0374135400 0.7079258863
1413393899.5557603836 -3.6297512626 0.6514764097 2.0130742754 -0.6865779474 -0.0439941681 0.0513762089 0.7239031154
1413393899.6057605743 -3.6403545987 0.6444656517 2.0356885542 -0.6761149016 -0.0382939003 0.0648109852 0.7329404841
1413393899.6557605267 -3.6483515491 0.6281018095 2.0431415200 -0.6748608313 -0.0338668492 0.0790699146 0.7329146223
1413393899.7057607174 -3.6709511077 0.6046865501 2.0634592544 -0.6868041645 -0.0296752399 0.0897602619 0.7206681033
1413393899.7557604313 -3.6658646916 0.5651619848 2.0741680055 -0.7100365958 -0.0279890798 0.1015398341 0.6962429936
1413393899.8057606220 -3.6552864715 0.5177214433 2.0788302372 -0.7361778954 -0.0276823545 0.1104071429 0.6671477021
1413393899.8557605743 -3.6440136581 0.4671787048 2.0876390077 -0.7661659138 -0.0261877844 0.1189936183 0.6309869343
1413393899.9057605267 -3.6319512568 0.4148718785 2.0939260309 -0.7971719139 -0.0249364820 0.1243686446 0.5902775210
1413393899.9557604790 -3.6094954739 0.3602740994 2.0957877114 -0.8276209688 -0.0247357981 0.1266991132 0.5462407959
1413393900.0057606697 -3.5949392117 0.3097069618 2.0901475999 -0.8514381110 -0.0230918333 0.1244515083 0.5089516013
1413393900.0557603836 -3.5643037554 0.2615539459 2.0969879055 -0.8692979141 -0.0218108956 0.1205109131 0.4788763318
1413393900.1057605743 -3.5357838971 0.2189181455 2.0934729411 -0.8815596653 -0.0215406546 0.1126324882 0.4579328328
1413393900.1557605267 -3.5029376956 0.1840425761 2.0932501041 -0.8900860092 -0.0247894310 0.1002380353 0.4439422446
1413393900.2057607174 -3.4642480867 0.1564937842 2.0908760094 -0.8960332651 -0.0299826244 0.0861022731 0.4345248308
1413393900.2557604313 -3.4241554323 0.1388048408 2.0898060483 -0.8986854580 -0.0391714307 0.0683695383 0.4314575910
1413393900.3057606220 -3.3819577723 0.1279651708 2.0821736495 -0.8971470535 -0.0503326860 0.0490634190 0.4361038477
1413393900.3557605743 -3.3517604209 0.1301235869 2.0764443831 -0.8921512122 -0.0606177094 0.0309879497 0.4465774904
1413393900.4057605267 -3.3126126893 0.1369941949 2.0699289395 -0.8805362426 -0.0696143952 0.0161666501 0.4685599224
1413393900.4557604790 -3.2768717320 0.1532095385 2.0658177923 -0.8664601404 -0.0759187037 0.0054097409 0.4934104885
1413393900.5057606697 -3.2446943338 0.1718584419 2.0609013229 -0.8487567056 -0.0796945747 -0.0010041303 0.5227425955
1413393900.5557603836 -3.2111894756 0.1938085622 2.0543401534 -0.8292232024 -0.0813636802 -0.0031726292 0.5529545792
1413393900.6057605743 -3.1859894276 0.2137590230 2.0473117746 -0.8051224190 -0.0806159045 -0.0023155280 0.5875998679
1413393900.6557605267 -3.1610981567 0.2322000261 2.0350885886 -0.7805307601 -0.0785856171 0.0008571806 0.6201574788
1413393900.7057607174 -3.1378556293 0.2484639544 2.0204809122 -0.7572479386 -0.0743124309 0.0068234147 0.6488502625
1413393900.7557604313 -3.1178817770 0.2608749818 2.0057575385 -0.7388810107 -0.0697740178 0.0138521169 0.6700705615
1413393900.8057606220 -3.0980910790 0.2644592251 1.9877697374 -0.7265502872 -0.0639187882 0.0227516298 0.6837553890
1413393900.8557605743 -3.0794706638 0.2621863779 1.9751819147 -0.7229544138 -0.0568812956 0.0334690380 0.6877363283
1413393900.9057605267 -3.0633931157 0.2499317822 1.9582956004 -0.7279317216 -0.0509915414 0.0427264569 0.6824146257
1413393900.9557604790 -3.0445957854 0.2313687690 1.9396986125 -0.7415479043 -0.0449872591 0.0531390461 0.6672773740
1413393901.0057606697 -3.0216994921 0.2083067145 1.9198620119 -0.7585726065 -0.0393437792 0.0630295437 0.6473383538
1413393901.0557603836 -2.9949464037 0.1796280886 1.9044619558 -0.7773813730 -0.0349249160 0.0721239335 0.6239043110
1413393901.1057605743 -2.9629563632 0.1493749342 1.8895546705 -0.7980129004 -0.0365146312 0.0715309464 0.5972649464
1413393901.1557605267 -2.9346798474 0.1168141713 1.8744676556 -0.8196208457 -0.0399161251 0.0664161846 0.5676418437
1413393901.2057607174 -2.9064187213 0.0831010312 1.8587710598 -0.8375971463 -0.0471465078 0.0551263366 0.5414511191
1413393901.2557604313 -2.8758428188 0.0538629777 1.8455159334 -0.8514148294 -0.0544638202 0.0437923295 0.5198160372
1413393901.3057606220 -2.8452088060 0.0280349061 1.8354349291 -0.8620595273 -0.0604070970 0.0332925106 0.5020915880
1413393901.3557605743 -2.8128309335 0.0072823432 1.8267050098 -0.8690301085 -0.0648080616 0.0254995438 0.4898329908
1413393901.4057605267 -2.7831625243 -0.0083159123 1.8188677104 -0.8746204426 -0.0678340253 0.0196920810 0.4796351200
1413393901.4557604790 -2.7573774714 -0.0185438597 1.8118239078 -0.8792067198 -0.0696695668 0.0143764965 0.4710997895
1413393901.5057606697 -2.7320780926 -0.0208108012 1.8073914343 -0.8820998356 -0.0727708251 0.0085892158 0.4653283921
1413393901.5557603836 -2.7105676095 -0.0168152910 1.8034942270 -0.8837628238 -0.0760228140 0.0030641365 0.4617081481
1413393901.6057605743 -2.6879616888 -0.0056805208 1.7992663947 -0.8827106532 -0.0804792586 -0.0031192961 0.4629635641
1413393901.6557605267 -2.6725841490 0.0124798254 1.7983709123 -0.8766314960 -0.0864323607 -0.0108262043 0.4732118559
1413393901.7057607174 -2.6577300604 0.0372198304 1.8012813501 -0.8656233351 -0.0924623221 -0.0163030821 0.4918141623
1413393901.7557604313 -2.6485684032 0.0663487881 1.8040049555 -0.8518700566 -0.0962112639 -0.0202096784 0.5144437465
1413393901.8057606220 -2.6387485416 0.0992488863 1.8085032560 -0.8374381997 -0.0968132791 -0.0181852635 0.5375813863
1413393901.8557605743 -2.6362971747 0.1351940401 1.8124629629 -0.8261044324 -0.0931903089 -0.0135871811 0.5555919560
1413393901.9057605267 -2.6358843223 0.1692542761 1.8155920704 -0.8210076141 -0.0885054285 -0.0077986270 0.5639614065
1413393901.9557604790 -2.6396825106 0.2026530496 1.8184334292 -0.8189842885 -0.0841758366 -0.0036558430 0.5675965103
1413393902.0057606697 -2.6435926403 0.2387681041 1.8216036703 -0.8187392351 -0.0808875933 -0.0005416657 0.5684390633
1413393902.0557603836 -2.6512071072 0.2737137191 1.8242703055 -0.8192768935 -0.0785807795 0.0013991721 0.5679863337
1413393902.1057605743 -2.6586488007 0.3093855025 1.8275409979 -0.8199956012 -0.0776007606 0.0018508319 0.5670819257
1413393902.1557605267 -2.6699268160 0.3439145315 1.8299482562 -0.8190688225 -0.0777404760 0.0011181634 0.5684025264
1413393902.2057607174 -2.6821249813 0.3804198401 1.8345976319 -0.8195086886 -0.0778784692 0.0004486315 0.5677501670
1413393902.2557604313 -2.6958785162 0.4158140595 1.8380456994 -0.8190219325 -0.0779394688 -0.0005063774 0.5684437148
1413393902.3057606220 -2.7127607496 0.4504915578 1.8415729845 -0.8190096318 -0.0780011526 -0.0012434173 0.5684518424
1413393902.3557605743 -2.7305999639 0.4860801910 1.8441244457 -0.8187467224 -0.0784221758 -0.0020938822 0.5687700613
1413393902.4057605267 -2.7503786422 0.5217976063 1.8451340263 -0.8172942974 -0.0785604901 -0.0026069389 0.5708340255
1413393902.4557604790 -2.7717434292 0.5577671141 1.8436175065 -0.8153297185 -0.0789097280 -0.0030051517 0.5735866753
1413393902.5057606697 -2.7948549590 0.5936101610 1.8411371723 -0.8126129881 -0.0788443581 -0.0029392084 0.5774383601
1413393902.5557603836 -2.8198189585 0.6280780008 1.8386543633 -0.8119526974 -0.0784746613 -0.0027969980 0.5784174285
1413393902.6057605743 -2.8468110086 0.6620546398 1.8377612961 -0.8121165965 -0.0780852789 -0.0023573703 0.5782419613
1413393902.6557605267 -2.8760280190 0.6961928405 1.8407739039 -0.8131509368 -0.0776634908 -0.0024962193 0.5768428773
1413393902.7057607174 -2.9071443082 0.7300559334 1.8462943724 -0.8137332910 -0.0772216971 -0.0025060288 0.5760804287
1413393902.7557604313 -2.9392285246 0.7634274106 1.8549386634 -0.8148114005 -0.0765578145 -0.0013737455 0.5746471922
1413393902.8057606220 -2.9750994439 0.7955643660 1.8680021249 -0.8178451054 -0.0719998027 0.0039097974 0.5709029038
1413393902.8557605743 -3.0130169736 0.8264285950 1.8828021569 -0.8214409710 -0.0657221203 0.0120810563 0.5663650608
1413393902.9057605267 -3.0499423868 0.8609936973 1.9000417402 -0.8278661996 -0.0573899112 0.0229190704 0.5575111387
1413393902.9557604790 -3.0878178751 0.8941842112 1.9160824164 -0.8338901351 -0.0499681539 0.0320474013 0.5487288858
1413393903.0057606697 -3.1261037452 0.9299019856 1.9338387536 -0.8387803698 -0.0429212620 0.0405131813 0.5412614328
1413393903.0557603836 -3.1651689188 0.9668366730 1.9495239200 -0.8414302702 -0.0367630377 0.0466555980 0.5370910860
1413393903.1057605743 -3.2008217111 1.0064125897 1.9663593053 -0.8411734076 -0.0354142772 0.0470248300 0.5375516651
1413393903.1557605267 -3.2353280823 1.0481693312 1.9829198076 -0.8372739889 -0.0364206239 0.0450249214 0.5437081589
1413393903.2057607174 -3.2689228825 1.0941342925 2.0042908519 -0.8337981761 -0.0383050751 0.0408109611 0.5492247156
1413393903.2557604313 -3.2968141083 1.1387873568 2.0185116455 -0.8296492939 -0.0396854459 0.0362346963 0.5556925061
1413393903.3057606220 -3.3255562787 1.1856080675 2.0342932540 -0.8261003230 -0.0391117624 0.0303473881 0.5613444241
1413393903.3557605743 -3.3585004698 1.2307896604 2.0459529080 -0.8241170470 -0.0356397579 0.0224023218 0.5648531105
1413393903.4057605267 -3.3886471952 1.2795352669 2.0557969085 -0.8223623218 -0.0277815134 0.0145642442 0.5680988312
1413393903.4557604790 -3.4192325059 1.3263394411 2.0620345733 -0.8212783159 -0.0159779722 0.0073319376 0.5702568500
1413393903.5057606697 -3.4336259262 1.3781308211 2.0670846720 -0.8205798781 -0.0023272041 0.0029697558 0.5715194033
1413393903.5557603836 -3.4615612114 1.4255207399 2.0618833540 -0.8184157433 0.0138887891 -0.0031624535 0.5744499731
1413393903.6057605743 -3.4905438176 1.4725592470 2.0566600707 -0.8134073921 0.0313798559 -0.0076863115 0.5807965563
1413393903.6557605267 -3.5130074326 1.5217863676 2.0566532937 -0.8081222503 0.0479346792 -0.0115594802 0.5869472494
1413393903.7057607174 -3.5343219367 1.5683653544 2.0508739049 -0.8036356526 0.0640102838 -0.0150465096 0.5914778305
1413393903.7557604313 -3.5543541286 1.6136733545 2.0502061430 -0.7999109426 0.0788911591 -0.0187985265 0.5946135589
1413393903.8057606220 -3.5729252455 1.6530601473 2.0426385833 -0.7979314195 0.0921566903 -0.0211274797 0.5952866737
1413393903.8557605743 -3.5904305158 1.6919324696 2.0376109516 -0.7975857216 0.1054980661 -0.0207438161 0.5935460123
1413393903.9057605267 -3.6045334139 1.7307045522 2.0351387569 -0.7978453061 0.1174271756 -0.0190440004 0.5910085042
1413393903.9557604790 -3.6171706660 1.7665571755 2.0352106098 -0.7978309424 0.1277018305 -0.0175850296 0.5889387036
1413393904.0057606697 -3.6261794836 1.8005946759 2.0360081815 -0.7974500646 0.1352946610 -0.0174137063 0.5877631427
1413393904.0557603836 -3.6332263765 1.8323448298 2.0342820407 -0.7980693208 0.1400415459 -0.0188675446 0.5857625289
1413393904.1057605743 -3.6342632144 1.8629656755 2.0330674632 -0.7979968101 0.1415414464 -0.0228920042 0.5853572124
1413393904.1557605267 -3.6325189976 1.8906130491 2.0285621508 -0.8000809566 0.1399173288 -0.0284749301 0.5826515102
1413393904.2057607174 -3.6301758856 1.9180332102 2.0232785856 -0.8024327822 0.1377256600 -0.0346545231 0.5795967017
1413393904.2557604313 -3.6222763655 1.9428656681 2.0168199189 -0.8048214163 0.1347948977 -0.0399532569 0.5766251475
1413393904.3057606220 -3.6113393719 1.9649891774 2.0140083813 -0.8054256005 0.1317435230 -0.0446954875 0.5761384900
1413393904.3557605743 -3.6017642728 1.9892474343 2.0152323786 -0.8050354503 0.1303042696 -0.0476697439 0.5767723265
1413393904.4057605267 -3.5879561058 2.0105835036 2.0197571243 -0.8047994851 0.1302510655 -0.0500446724 0.5769124539
1413393904.4557604790 -3.5698044284 2.0349020232 2.0364069700 -0.8050596162 0.1317135780 -0.0529904019 0.5759536136
1413393904.5057606697 -3.5511032111 2.0544968880 2.0505646372 -0.8043508861 0.1340762725 -0.0571878054 0.5759971876
1413393904.5557603836 -3.5317646765 2.0751468536 2.0641446849 -0.8035350524 0.1366541254 -0.0656175901 0.5756313069
1413393904.6057605743 -3.5088572028 2.0940277994 2.0779614980 -0.8070778301 0.1372217625 -0.0794353645 0.5687579336
1413393904.6557605267 -3.4847922290 2.1117152299 2.0895818402 -0.8134220033 0.1373215212 -0.0964965323 0.5569343441
1413393904.7057607174 -3.4597426632 2.1283940295 2.0989621136 -0.8198698351 0.1405334235 -0.1113717475 0.5437463969
1413393904.7557604313 -3.4337213698 2.1449666424 2.1022583859 -0.8251375387 0.1456181136 -0.1256642255 0.5311797338
1413393904.8057606220 -3.4097905050 2.1671554490 2.1088650083 -0.8285745719 0.1527931918 -0.1384324429 0.5205332632
1413393904.8557605743 -3.3838602214 2.1925968958 2.1151460290 -0.8297809100 0.1606486085 -0.1508494814 0.5127378472
1413393904.9057605267 -3.3598510322 2.2195899493 2.1160935907 -0.8271061856 0.1696186051 -0.1625009359 0.5106058483
1413393904.9557604790 -3.3348142351 2.2507530743 2.1212597432 -0.8205651871 0.1781006894 -0.1749660283 0.5141398712
1413393905.0057606697 -3.3118353302 2.2857457600 2.1240310600 -0.8109606572 0.1879351747 -0.1867450124 0.5216794829
1413393905.0557603836 -3.2882982937 2.3185957012 2.1259381304 -0.8009950234 0.1979284047 -0.1981777561 0.5291095313
1413393905.1057605743 -3.2672564941 2.3515061084 2.1195884803 -0.7916661736 0.2084688127 -0.2084856748 0.5351066688
1413393905.1557605267 -3.2503479976 2.3899354194 2.1171351687 -0.7831450890 0.2215191775 -0.2177340295 0.5387067068
1413393905.2057607174 -3.2312058042 2.4254581010 2.1078118358 -0.7753546806 0.2356259461 -0.2237135002 0.5415328269
1413393905.2557604313 -3.2134220473 2.4625408056 2.0990556863 -0.7683430027 0.2499253921 -0.2291133758 0.5428566935
1413393905.3057606220 -3.1968560405 2.5005574067 2.0884733974 -0.7615156859 0.2652818483 -0.2335096008 0.5433163604
1413393905.3557605743 -3.1827535325 2.5381649897 2.0759621209 -0.7551621335 0.2804285759 -0.2377825089 0.5427240960
1413393905.4057605267 -3.1707566060 2.5749348089 2.0614667062 -0.7492424979 0.2947322267 -0.2428947883 0.5410829102
1413393905.4557604790 -3.1646789895 2.6112972700 2.0508674902 -0.7426556718 0.3095077071 -0.2489025003 0.5391800050
1413393905.5057606697 -3.1532661961 2.6447019303 2.0409542025 -0.7372993233 0.3232173563 -0.2541914056 0.5360102404
1413393905.5557603836 -3.1430679034 2.6797777683 2.0311000557 -0.7314649597 0.3392336942 -0.2568348441 0.5328371011
1413393905.6057605743 -3.1328403186 2.7132126191 2.0229449572 -0.7257569278 0.3568386673 -0.2577416229 0.5286892312
1413393905.6557605267 -3.1227752191 2.7435696818 2.0141569618 -0.7188364840 0.3737908456 -0.2589768678 0.5258188804
1413393905.7057607174 -3.1110693216 2.7727424007 2.0077335404 -0.7111436602 0.3900001830 -0.2606229077 0.5236890793
1413393905.7557604313 -3.1065849279 2.8034139288 2.0015518656 -0.7015641956 0.4064367745 -0.2638402033 0.5224989712
1413393905.8057606220 -3.0945501249 2.8292858627 1.9972514592 -0.6931645180 0.4225848634 -0.2644681430 0.5205781263
1413393905.8557605743 -3.0827065680 2.8508781665 1.9947630042 -0.6867135400 0.4397590868 -0.2620530830 0.5161052618
1413393905.9057605267 -3.0698504401 2.8706554561 1.9912558771 -0.6820336562 0.4564608704 -0.2596223590 0.5089889944
1413393905.9557604790 -3.0544920145 2.8888626915 1.9885865696 -0.6791682771 0.4716890847 -0.2583425915 0.4994987129
1413393906.0057606697 -3.0358441760 2.9038736955 1.9876138868 -0.6759508116 0.4843769372 -0.2605826577 0.4904754444
1413393906.0557603836 -3.0150316065 2.9206658795 1.9872748909 -0.6752398528 0.4918270747 -0.2706008640 0.4784688519
1413393906.1057605743 -2.9892965542 2.9288337176 1.9877522208 -0.6748505882 0.4940885663 -0.2859665897 0.4676283587
1413393906.1557605267 -2.9627807422 2.9359329507 1.9870397005 -0.6725089525 0.4937753257 -0.3037441502 0.4600620912
1413393906.2057607174 -2.9323938355 2.9420564740 1.9857006939 -0.6688691311 0.4909736984 -0.3239522487 0.4545479661
1413393906.2557604313 -2.9045558331 2.9450762262 1.9832672384 -0.6629044320 0.4877352010 -0.3430779189 0.4527357169
1413393906.3057606220 -2.8726889863 2.9516811894 1.9793816703 -0.6571137104 0.4848869026 -0.3601571213 0.4509690801
1413393906.3557605743 -2.8421021713 2.9572177598 1.9708683322 -0.6515590597 0.4838059625 -0.3735150980 0.4493206582
1413393906.4057605267 -2.8114974361 2.9637628172 1.9609279363 -0.6465779741 0.4852782559 -0.3822805949 0.4475527728
1413393906.4557604790 -2.7818320209 2.9697408374 1.9473860642 -0.6408508429 0.4870566635 -0.3899241777 0.4472640600
1413393906.5057606697 -2.7519164993 2.9781893949 1.9308276464 -0.6352810350 0.4911023976 -0.3951908073 0.4461621538
1413393906.5557603836 -2.7257713814 2.9857414728 1.9114878895 -0.6288127986 0.4963026760 -0.3980259073 0.4470497682
1413393906.6057605743 -2.6993830148 2.9963388579 1.8903517110 -0.6216170938 0.5038022545 -0.3981954343 0.4485709233
1413393906.6557605267 -2.6760281176 3.0061371640 1.8686450978 -0.6132063383 0.5125400855 -0.3970603845 0.4512468265
1413393906.7057607174 -2.6520390644 3.0158958327 1.8447649493 -0.6044471716 0.5229369113 -0.3914525249 0.4560104432
1413393906.7557604313 -2.6288156021 3.0246717600 1.8223019388 -0.5960108339 0.5322683472 -0.3852349468 0.4615793845
1413393906.8057606220 -2.6071001372 3.0300873383 1.8014619816 -0.5876641196 0.5389878209 -0.3811078127 0.4678673386
1413393906.8557605743 -2.5868571414 3.0352297610 1.7806149959 -0.5820971818 0.5426374758 -0.3808356407 0.4708201945
1413393906.9057605267 -2.5669245653 3.0383336768 1.7580316831 -0.5776797156 0.5436407962 -0.3829556551 0.4733770137
1413393906.9557604790 -2.5497080802 3.0379289972 1.7384620101 -0.5748099625 0.5433619274 -0.3860358742 0.4746868722
1413393907.0057606697 -2.5330630686 3.0354868868 1.7175340558 -0.5736364574 0.5423779836 -0.3892415400 0.4746139075
1413393907.0557603836 -2.5186273238 3.0296912797 1.6961422649 -0.5776986303 0.5385200524 -0.3960242667 0.4684284640
1413393907.1057605743 -2.5053027788 3.0222694533 1.6743794127 -0.5825645784 0.5347271686 -0.4025423834 0.4611344670
1413393907.1557605267 -2.4942483516 3.0134474684 1.6521432359 -0.5876299378 0.5317301783 -0.4076067037 0.4536638060
1413393907.2057607174 -2.4846208691 3.0041129582 1.6315811575 -0.5930620517 0.5277587377 -0.4141069495 0.4452679552
1413393907.2557604313 -2.4760681014 2.9942867952 1.6111987161 -0.5999953258 0.5216108585 -0.4230761716 0.4346657042
1413393907.3057606220 -2.4687682112 2.9866201198 1.5927397969 -0.6083197750 0.5140606316 -0.4336549177 0.4214642698
1413393907.3557605743 -2.4636769672 2.9783189904 1.5739195306 -0.6149635737 0.5062485931 -0.4441669626 0.4101802949
1413393907.4057605267 -2.4602443235 2.9737849801 1.5569747884 -0.6191126901 0.5038949036 -0.4484183970 0.4021322472
1413393907.4557604790 -2.4575983060 2.9736423479 1.5435405459 -0.6188714450 0.5074948295 -0.4443646189 0.4024763571
1413393907.5057606697 -2.4559188064 2.9775203189 1.5372746446 -0.6167033481 0.5128731150 -0.4379302690 0.4060236790
1413393907.5557603836 -2.4561693704 2.9837121686 1.5336386063 -0.6105243178 0.5214275604 -0.4273460828 0.4156304634
1413393907.6057605743 -2.4565136376 2.9914637406 1.5329912373 -0.6053319932 0.5264767167 -0.4205856300 0.4236781475
1413393907.6557605267 -2.4581936396 2.9988933515 1.5332636048 -0.6020623575 0.5315776791 -0.4137914593 0.4286288803
1413393907.7057607174 -2.4605785982 3.0070707964 1.5314501041 -0.6007427943 0.5360905995 -0.4077555118 0.4306395323
1413393907.7557604313 -2.4629578688 3.0168023008 1.5258437317 -0.5998997502 0.5390368929 -0.4039745639 0.4316990496
1413393907.8057606220 -2.4658795878 3.0236732126 1.5169509541 -0.5981361400 0.5400777844 -0.4025858798 0.4341356403
1413393907.8557605743 -2.4689110293 3.0304416399 1.5024668158 -0.5960345362 0.5405038755 -0.4024395417 0.4366243322
1413393907.9057605267 -2.4731423742 3.0364607405 1.4812171378 -0.5933645480 0.5398476633 -0.4031590597 0.4403927636
1413393907.9557604790 -2.4758890440 3.0431251234 1.4542405850 -0.5924959870 0.5373308308 -0.4072050163 0.4409174054
1413393908.0057606697 -2.4801993639 3.0471387317 1.4248676069 -0.5921262676 0.5350757994 -0.4111062113 0.4405360997
1413393908.0557603836 -2.4847798598 3.0529679710 1.3957552596 -0.5930083615 0.5323355729 -0.4155497596 0.4384955168
1413393908.1057605743 -2.4924073754 3.0560713983 1.3700570055 -0.5949257681 0.5320239324 -0.4167497235 0.4351247336
1413393908.1557605267 -2.5001700585 3.0620877812 1.3451891800 -0.5978027738 0.5335776446 -0.4157790263 0.4301796627
1413393908.2057607174 -2.5091804367 3.0659477873 1.3250401379 -0.6001201950 0.5341612675 -0.4157520220 0.4262367276
1413393908.2557604313 -2.5190510060 3.0713941408 1.3091103562 -0.6006875032 0.5347200228 -0.4156949375 0.4247902302
1413393908.3057606220 -2.5292683116 3.0775996637 1.2970047856 -0.5988590650 0.5328400117 -0.4186145761 0.4268620139
1413393908.3557605743 -2.5397105853 3.0833652862 1.2879113061 -0.5943288629 0.5299889087 -0.4227922887 0.4325871473
1413393908.4057605267 -2.5516915154 3.0897479253 1.2778470854 -0.5922962961 0.5293275276 -0.4242394835 0.4347623798
1413393908.4557604790 -2.5648365828 3.0965197010 1.2681415561 -0.5916318825 0.5306551731 -0.4232705689 0.4349929062
1413393908.5057606697 -2.5796079618 3.1038914471 1.2580956072 -0.5920479648 0.5331683676 -0.4210770386 0.4334799034
1413393908.5557603836 -2.5951946102 3.1107154082 1.2484486016 -0.5936883762 0.5354500812 -0.4190859821 0.4303420291
1413393908.6057605743 -2.6117884566 3.1180295781 1.2378184903 -0.5937603371 0.5391836708 -0.4151451242 0.4293997637
1413393908.6557605267 -2.6276873023 3.1246709641 1.2282711795 -0.5934292683 0.5445387008 -0.4091186981 0.4288836646
1413393908.7057607174 -2.6447867380 3.1318537966 1.2202080349 -0.5869509768 0.5543280985 -0.3966211630 0.4369216899
1413393908.7557604313 -2.6620616439 3.1385463150 1.2141785698 -0.5784391548 0.5630974345 -0.3850523923 0.4472852319
1413393908.8057606220 -2.6792163500 3.1421794713 1.2109955931 -0.5693968345 0.5682387810 -0.3783395753 0.4579859150
1413393908.8557605743 -2.6962516977 3.1421685094 1.2121248100 -0.5620002188 0.5678452214 -0.3796950429 0.4664110130
1413393908.9057605267 -2.7133908419 3.1388233503 1.2145738570 -0.5607385013 0.5623206405 -0.3890609032 0.4669041058
1413393908.9557604790 -2.7331198500 3.1303449818 1.2176881313 -0.5665588515 0.5554251538 -0.4003283960 0.4585315056
1413393909.0057606697 -2.7537296105 3.1212211549 1.2252677866 -0.5737004063 0.5508023487 -0.4086346293 0.4477748945
1413393909.0557603836 -2.7755024246 3.1110906029 1.2345749467 -0.5806777485 0.5466657170 -0.4165970662 0.4363677701
1413393909.1057605743 -2.7990213454 3.0988441911 1.2454433911 -0.5862381586 0.5442481584 -0.4216466759 0.4270045013
1413393909.1557605267 -2.8213327345 3.0883673581 1.2573329886 -0.5896728692 0.5429252290 -0.4256056087 0.4199737716
1413393909.2057607174 -2.8458446892 3.0765494259 1.2691129315 -0.5912297240 0.5423409041 -0.4284693329 0.4156053272
1413393909.2557604313 -2.8702842763 3.0673821464 1.2802855872 -0.5908707504 0.5417707846 -0.4312706400 0.4139587036
1413393909.3057606220 -2.8958965438 3.0582028994 1.2886778529 -0.5904975134 0.5410355481 -0.4343714136 0.4122071051
1413393909.3557605743 -2.9210606642 3.0497641097 1.2946403453 -0.5901881769 0.5408764109 -0.4367445488 0.4103471981
1413393909.4057605267 -2.9474602898 3.0438301245 1.2974922695 -0.5897875016 0.5416315445 -0.4380539212 0.4085275206
1413393909.4557604790 -2.9748463297 3.0378628861 1.2976221014 -0.5893633260 0.5428153115 -0.4382126409 0.4073967218
1413393909.5057606697 -3.0016743542 3.0333051127 1.2947747768 -0.5886087895 0.5442607733 -0.4378689488 0.4069283564
1413393909.5557603836 -3.0290978323 3.0288562776 1.2897867071 -0.5893048495 0.5465227433 -0.4361813024 0.4046956348
1413393909.6057605743 -3.0583359370 3.0263765679 1.2816282143 -0.5913178723 0.5503288073 -0.4329149803 0.4000824885
1413393909.6557605267 -3.0869528240 3.0249925428 1.2698668433 -0.5947219821 0.5555731210 -0.4279988387 0.3930156044
1413393909.7057607174 -3.1167907261 3.0231871314 1.2538251538 -0.5979188457 0.5613957678 -0.4226429299 0.3856174265
1413393909.7557604313 -3.1452240530 3.0237232986 1.2369078123 -0.6014044688 0.5674605677 -0.4172043182 0.3771494742
1413393909.8057606220 -3.1710051040 3.0247342661 1.2187974610 -0.6033664578 0.5730834679 -0.4125591074 0.3705661065
1413393909.8557605743 -3.1958818382 3.0276996049 1.1991333869 -0.6050439732 0.5777410965 -0.4090820643 0.3644020863
1413393909.9057605267 -3.2177435694 3.0307997741 1.1758994785 -0.6062759005 0.5824284290 -0.4056940640 0.3586348896
1413393909.9557604790 -3.2353052617 3.0376310398 1.1532454737 -0.6068668453 0.5863254681 -0.4036561422 0.3535488600
1413393910.0057606697 -3.2506798290 3.0428325350 1.1281817320 -0.6074029942 0.5897937520 -0.4016218387 0.3491487240
1413393910.0557603836 -3.2627851570 3.0507703558 1.1040819624 -0.6078334356 0.5933458463 -0.3992060555 0.3451285940
1413393910.1057605743 -3.2704520201 3.0611536839 1.0845084689 -0.6071057967 0.5973450591 -0.3966063561 0.3424979275
1413393910.1557605267 -3.2738883786 3.0722545692 1.0675218235 -0.6060507073 0.6019113450 -0.3931929176 0.3403007529
1413393910.2057607174 -3.2726092511 3.0844874623 1.0554188796 -0.6051098386 0.6048336364 -0.3915215275 0.3387170632
1413393910.2557604313 -3.2669731739 3.0983237646 1.0486419786 -0.6050656298 0.6075073217 -0.3897378666 0.3360577823
1413393910.3057606220 -3.2551873847 3.1135290930 1.0454592946 -0.6043525847 0.6105775741 -0.3876788229 0.3341528238
1413393910.3557605743 -3.2383308682 3.1281669746 1.0453737058 -0.6042006142 0.6161393922 -0.3812780405 0.3315734052
1413393910.4057605267 -3.2165150280 3.1445680832 1.0504993987 -0.6026678384 0.6235344944 -0.3722967681 0.3307435975
1413393910.4557604790 -3.1893294348 3.1601317882 1.0595825731 -0.5997788424 0.6303632302 -0.3634767280 0.3328546325
1413393910.5057606697 -3.1565704225 3.1751649893 1.0654096856 -0.5980641993 0.6350878882 -0.3562538247 0.3347623038
1413393910.5557603836 -3.1188757274 3.1882700859 1.0722860362 -0.5970688066 0.6376897271 -0.3509672780 0.3371685365
1413393910.6057605743 -3.0755302072 3.2010149356 1.0765956928 -0.5962261172 0.6367252927 -0.3501580383 0.3412985014
1413393910.6557605267 -3.0271902493 3.2115335903 1.0786009290 -0.5953161141 0.6332349627 -0.3523947409 0.3470304783
1413393910.7057607174 -2.9743280652 3.2223640723 1.0798543403 -0.5929172302 0.6301418357 -0.3540372354 0.3550043114
1413393910.7557604313 -2.9163478982 3.2309970760 1.0782442002 -0.5908454388 0.6253115399 -0.3574260109 0.3635021214
1413393910.8057606220 -2.8555116450 3.2372557706 1.0728474330 -0.5905983737 0.6192323968 -0.3614803497 0.3702387832
1413393910.8557605743 -2.7921113301 3.2427081586 1.0658828589 -0.5915903739 0.6122881498 -0.3656953147 0.3760199302
1413393910.9057605267 -2.7259387079 3.2468609422 1.0565237355 -0.5924565975 0.6043012986 -0.3709840638 0.3823427062
1413393910.9557604790 -2.6581038347 3.2487331722 1.0454640693 -0.5923579160 0.5939239852 -0.3788514607 0.3909449704
1413393911.0057606697 -2.5873713928 3.2510514656 1.0320381368 -0.5922437398 0.5839751672 -0.3854675050 0.3995436890
1413393911.0557603836 -2.5164888692 3.2524641214 1.0168399536 -0.5929263945 0.5746044328 -0.3902887677 0.4073606686
1413393911.1057605743 -2.4443985127 3.2541197939 1.0001757977 -0.5935166659 0.5667755258 -0.3931208667 0.4146799426
1413393911.1557605267 -2.3746089357 3.2538091186 0.9843649796 -0.5951540432 0.5605828973 -0.3938965636 0.4199809249
1413393911.2057607174 -2.3019884104 3.2538834644 0.9671719387 -0.5969055634 0.5543280805 -0.3957416870 0.4240432109
1413393911.2557604313 -2.2311786958 3.2531198048 0.9501211931 -0.5986289599 0.5498987529 -0.3966692780 0.4265069915
1413393911.3057606220 -2.1592978731 3.2517922009 0.9340794503 -0.5994335507 0.5459229704 -0.3979070976 0.4293221056
1413393911.3557605743 -2.0891999208 3.2513942217 0.9189242912 -0.5974035454 0.5396501520 -0.4041861052 0.4341892556
1413393911.4057605267 -2.0189677502 3.2499203874 0.9044471036 -0.5947354071 0.5332641453 -0.4118436372 0.4385247604
1413393911.4557604790 -1.9512220581 3.2474524830 0.8904865454 -0.5912997914 0.5268492247 -0.4197631378 0.4433884970
1413393911.5057606697 -1.8855973114 3.2471113314 0.8798756685 -0.5891927122 0.5223698733 -0.4261647921 0.4453821206
1413393911.5557603836 -1.8231121806 3.2452560438 0.8720533695 -0.5882094147 0.5197748147 -0.4309569267 0.4451066768
1413393911.6057605743 -1.7628962693 3.2447538312 0.8676502727 -0.5860776732 0.5179033639 -0.4350975142 0.4460708685
1413393911.6557605267 -1.7064646791 3.2454609302 0.8682043902 -0.5829095573 0.5155528557 -0.4398368046 0.4482915193
1413393911.7057607174 -1.6533412077 3.2473553664 0.8708927827 -0.5812124436 0.5148809433 -0.4434676018 0.4476898434
1413393911.7557604313 -1.6046630347 3.2494913710 0.8769432597 -0.5829548678 0.5193467243 -0.4410767767 0.4425990048
1413393911.8057606220 -1.5595137936 3.2523872897 0.8850584138 -0.5867985970 0.5248304522 -0.4365918417 0.4354399692
1413393911.8557605743 -1.5174500366 3.2570415215 0.8982299663 -0.5913307630 0.5320066552 -0.4301313913 0.4269471088
1413393911.9057605267 -1.4759322218 3.2635374219 0.9154441313 -0.5933461953 0.5433752981 -0.4178029407 0.4220477232
1413393911.9557604790 -1.4365938136 3.2699079360 0.9359801963 -0.5945414739 0.5576294415 -0.4006936212 0.4183473004
1413393912.0057606697 -1.3976435590 3.2772796175 0.9590162792 -0.5968629882 0.5725334233 -0.3824640557 0.4119238991
1413393912.0557603836 -1.3574020495 3.2831570018 0.9857668607 -0.6000289804 0.5861525630 -0.3652745984 0.4036890676
1413393912.1057605743 -1.3145902453 3.2878695484 1.0147483859 -0.6020625511 0.5961020027 -0.3531055477 0.3968621412
1413393912.1557605267 -1.2677484592 3.2905832025 1.0447359230 -0.6038607701 0.6044265294 -0.3434727962 0.3899322752
1413393912.2057607174 -1.2179828580 3.2919686221 1.0754217828 -0.6052458221 0.6105107980 -0.3369019552 0.3839936626
1413393912.2557604313 -1.1637551557 3.2911540635 1.1059705774 -0.6061242178 0.6141898428 -0.3336331042 0.3795697847
1413393912.3057606220 -1.1045599891 3.2891470736 1.1376995490 -0.6059126908 0.6169548284 -0.3320488426 0.3768024905
1413393912.3557605743 -1.0417465584 3.2868076576 1.1707605987 -0.6043324637 0.6173823749 -0.3343416123 0.3766124836
1413393912.4057605267 -0.9721480392 3.2812790785 1.2056602198 -0.6004986426 0.6152090589 -0.3402839816 0.3809540733
1413393912.4557604790 -0.8992454228 3.2737703127 1.2403877539 -0.5945817096 0.6104201270 -0.3503460582 0.3887383422
1413393912.5057606697 -0.8236537896 3.2646718049 1.2744614121 -0.5884159871 0.6034094268 -0.3622198602 0.3980709266
1413393912.5557603836 -0.7456693408 3.2550174134 1.3078216224 -0.5829614565 0.5977689613 -0.3713295421 0.4061312353
1413393912.6057605743 -0.6666398357 3.2439759965 1.3352808070 -0.5790742750 0.5924171230 -0.3789383927 0.4124568231
1413393912.6557605267 -0.5902788211 3.2339549186 1.3608541633 -0.5769884444 0.5867743039 -0.3862698899 0.4166243193
1413393912.7057607174 -0.5078272860 3.2196186095 1.3850723737 -0.5751214505 0.5805064179 -0.3938989621 0.4208220806
1413393912.7557604313 -0.4282201927 3.2052456190 1.4030681221 -0.5733564522 0.5742273917 -0.4014601854 0.4246822352
1413393912.8057606220 -0.3461847683 3.1900126254 1.4206906431 -0.5718879334 0.5692900781 -0.4090649084 0.4260503483
1413393912.8557605743 -0.2697175840 3.1740807116 1.4331766618 -0.5697408775 0.5663354664 -0.4161278959 0.4260247014
1413393912.9057605267 -0.1911924907 3.1567875986 1.4424367460 -0.5667155954 0.5659698215 -0.4223845227 0.4243853321
1413393912.9557604790 -0.1146845467 3.1396353047 1.4506042565 -0.5630055488 0.5686264098 -0.4268369758 0.4213062474
1413393913.0057606697 -0.0387483427 3.1206224402 1.4557138298 -0.5559660883 0.5747505807 -0.4291714718 0.4199706258
1413393913.0557603836 0.0351830418 3.1019499530 1.4597946685 -0.5473350754 0.5826862312 -0.4303893912 0.4191253311
1413393913.1057605743 0.1080408006 3.0830563037 1.4626028214 -0.5361867446 0.5911517726 -0.4328600029 0.4191367015
1413393913.1557605267 0.1803495189 3.0611474502 1.4620848947 -0.5220762705 0.5992496407 -0.4370315075 0.4211172014
1413393913.2057607174 0.2506436993 3.0392655377 1.4618470966 -0.5078804125 0.6079176579 -0.4413949380 0.4215022141
1413393913.2557604313 0.3169506827 3.0154543019 1.4600916307 -0.4931277785 0.6181242492 -0.4444010196 0.4210167935
1413393913.3057606220 0.3818151128 2.9869732952 1.4544069523 -0.4792928817 0.6287960326 -0.4478288781 0.4175442240
1413393913.3557605743 0.4463615064 2.9603047420 1.4503196025 -0.4666266337 0.6410227760 -0.4506401670 0.4102107083
1413393913.4057605267 0.5065671280 2.9277018487 1.4433949175 -0.4522019930 0.6527400324 -0.4534335887 0.4047737495
1413393913.4557604790 0.5626661749 2.8920515458 1.4338031938 -0.4358832372 0.6636335718 -0.4575508688 0.4003042449
1413393913.5057606697 0.6179233471 2.8563400878 1.4268095190 -0.4189217878 0.6728926294 -0.4649334901 0.3944070166
1413393913.5557603836 0.6684263400 2.8136706473 1.4239912336 -0.4020615239 0.6800872414 -0.4751122053 0.3874225954
1413393913.6057605743 0.7138746106 2.7664931675 1.4209160466 -0.3861517257 0.6857524290 -0.4863134291 0.3796441748
1413393913.6557605267 0.7558824156 2.7209923697 1.4207440166 -0.3696071216 0.6903159354 -0.4995000389 0.3706132703
1413393913.7057607174 0.7954009209 2.6705319719 1.4213174040 -0.3541803021 0.6944874500 -0.5125275816 0.3599430141
1413393913.7557604313 0.8286377487 2.6208047990 1.4262129654 -0.3384837845 0.6986351467 -0.5242479793 0.3500024510
1413393913.8057606220 0.8569206472 2.5690193486 1.4290827412 -0.3228008434 0.7034729840 -0.5343286651 0.3397326211
1413393913.8557605743 0.8811354601 2.5165484744 1.4330588804 -0.3076688392 0.7084350367 -0.5434153536 0.3288760218
1413393913.9057605267 0.9005975850 2.4654158255 1.4400915196 -0.2922153903 0.7144398532 -0.5501297096 0.3186583821
1413393913.9557604790 0.9127398962 2.4107727697 1.4463021126 -0.2796483986 0.7196032439 -0.5570565681 0.3060325547
1413393914.0057606697 0.9235690737 2.3585660613 1.4534832702 -0.2672476445 0.7222057588 -0.5680740923 0.2903263063
1413393914.0557603836 0.9252024460 2.3023200861 1.4624817846 -0.2556441162 0.7234959596 -0.5793340942 0.2749030548
1413393914.1057605743 0.9245449362 2.2499614519 1.4714566047 -0.2457147551 0.7261040608 -0.5894041308 0.2549508241
1413393914.1557605267 0.9159053099 2.1960739980 1.4807736019 -0.2383124968 0.7306170396 -0.5960539584 0.2326490358
1413393914.2057607174 0.9077647716 2.1466773186 1.4883042285 -0.2316120634 0.7401815861 -0.5960461278 0.2078847883
1413393914.2557604313 0.8975060005 2.0999053047 1.4982380661 -0.2231566522 0.7494932925 -0.5948540901 0.1860363527
1413393914.3057606220 0.8864780386 2.0541124617 1.5087289990 -0.2128207779 0.7585282559 -0.5929214250 0.1666924871
1413393914.3557605743 0.8734322142 2.0116926256 1.5210150024 -0.2010265388 0.7663520981 -0.5914635180 0.1498789488
1413393914.4057605267 0.8583743640 1.9687718730 1.5332808496 -0.1881236127 0.7735526353 -0.5897951266 0.1355268806
1413393914.4557604790 0.8447223016 1.9295303174 1.5482994853 -0.1725704963 0.7810719038 -0.5869601826 0.1249953961
1413393914.5057606697 0.8306268142 1.8896938803 1.5630813406 -0.1575370317 0.7876800987 -0.5842828573 0.1155668141
1413393914.5557603836 0.8189997976 1.8519113158 1.5805478934 -0.1409249599 0.7918344796 -0.5842128072 0.1087828506
1413393914.6057605743 0.8029831756 1.8127018682 1.5912093617 -0.1245032944 0.7945560009 -0.5851895661 0.1035995307
1413393914.6557605267 0.7873147549 1.7750484815 1.6081369419 -0.1093869525 0.7971268042 -0.5857858488 0.0973565197
1413393914.7057607174 0.7711264170 1.7382439225 1.6248573246 -0.0930517246 0.8003028052 -0.5851435175 0.0919992420
1413393914.7557604313 0.7551032136 1.7033825736 1.6421351684 -0.0756360650 0.8034705643 -0.5838910340 0.0882354714
1413393914.8057606220 0.7323247587 1.6644559243 1.6539053980 -0.0599037551 0.8070381747 -0.5814144295 0.0840130105
1413393914.8557605743 0.7131800397 1.6279992295 1.6707875910 -0.0449227786 0.8109450905 -0.5782284784 0.0774714844
1413393914.9057605267 0.6894311632 1.5908332726 1.6863992815 -0.0355054819 0.8142400164 -0.5754607414 0.0678048048
1413393914.9557604790 0.6663951011 1.5544559258 1.7004145644 -0.0310947389 0.8177757786 -0.5720735292 0.0548431427
1413393915.0057606697 0.6416005096 1.5169596894 1.7114710958 -0.0282842602 0.8220515879 -0.5671167150 0.0425419667
1413393915.0557603836 0.6164498353 1.4781249756 1.7258037674 -0.0267794176 0.8252661649 -0.5632011851 0.0319850751
1413393915.1057605743 0.5911028486 1.4381899692 1.7392304345 -0.0257808969 0.8279256750 -0.5597284651 0.0240513502
1413393915.1557605267 0.5657290718 1.3966596800 1.7545290444 -0.0252730288 0.8303896510 -0.5563380237 0.0173869164
1413393915.2057607174 0.5395877817 1.3539936849 1.7675106892 -0.0249123546 0.8317780608 -0.5543893549 0.0133069667
1413393915.2557604313 0.5160400414 1.3107923152 1.7806598044 -0.0251856494 0.8322863774 -0.5536923520 0.0094788404
1413393915.3057606220 0.4940422271 1.2668695903 1.7894174871 -0.0260896262 0.8316962797 -0.5545600304 0.0079876478
1413393915.3557605743 0.4730364440 1.2197035255 1.7936014840 -0.0306874578 0.8290040125 -0.5583609463 0.0066091515
1413393915.4057605267 0.4503735073 1.1716841168 1.7990481269 -0.0393819693 0.8247627666 -0.5640854770 0.0047972799
1413393915.4557604790 0.4310283889 1.1240099681 1.8034334911 -0.0515614595 0.8189296789 -0.5715720138 0.0010148281
1413393915.5057606697 0.4133806055 1.0758776044 1.8085426103 0.0631473312 -0.8131218719 0.5786554242 0.0017708944
1413393915.5557603836 0.3969370057 1.0274825114 1.8148018005 0.0718580679 -0.8090646443 0.5833082995 0.0014990326
1413393915.6057605743 0.3842088599 0.9797298083 1.8201657337 -0.0773470123 0.8054552738 -0.5875816000 0.0026655086
1413393915.6557605267 0.3708796767 0.9309687755 1.8253110541 -0.0805270560 0.8036131554 -0.5896131471 0.0088105886
1413393915.7057607174 0.3630457083 0.8851833698 1.8324305822 -0.0841439500 0.8021126231 -0.5910896000 0.0121745770
1413393915.7557604313 0.3553556047 0.8388768717 1.8376585144 -0.0885195274 0.8003172078 -0.5928338066 0.0143086633
1413393915.8057606220 0.3475203377 0.7925221436 1.8440361555 -0.0934039669 0.7991337286 -0.5936692097 0.0147598195
1413393915.8557605743 0.3430662009 0.7485201163 1.8504738870 -0.0979135972 0.7988786823 -0.5932839364 0.0148306871
1413393915.9057605267 0.3406982166 0.7053099717 1.8562146697 -0.1014271706 0.7989759076 -0.5925537342 0.0151690518
1413393915.9557604790 0.3415014714 0.6640175816 1.8633393778 -0.1042453672 0.7981683178 -0.5931532879 0.0151465145
1413393916.0057606697 0.3419045359 0.6212337994 1.8691068991 -0.1079784911 0.7960100785 -0.5954032165 0.0142692018
1413393916.0557603836 0.3474439835 0.5814325170 1.8761935803 -0.1108210630 0.7944318600 -0.5970098540 0.0132644623
1413393916.1057605743 0.3538326384 0.5423300318 1.8846127643 -0.1140942888 0.7923838749 -0.5991549575 0.0111186817
1413393916.1557605267 0.3635811528 0.5063276946 1.8970484149 -0.1156790470 0.7906385433 -0.6011825636 0.0094115428
1413393916.2057607174 0.3760418341 0.4698846287 1.9023101803 -0.1148824105 0.7884852318 -0.6041771307 0.0079413851
1413393916.2557604313 0.3895422148 0.4357413905 1.9124243965 -0.1076707550 0.7880239848 -0.6060347786 0.0121266236
1413393916.3057606220 0.4058060888 0.4014573714 1.9200357406 -0.0980515970 0.7886161079 -0.6068239356 0.0153372037
1413393916.3557605743 0.4240307865 0.3696173421 1.9295174199 -0.0861986967 0.7909925250 -0.6054896602 0.0168190789
1413393916.4057605267 0.4419219737 0.3396765653 1.9395146705 -0.0732226863 0.7942894053 -0.6028846156 0.0165202657
1413393916.4557604790 0.4619790723 0.3101890231 1.9490868270 -0.0597899638 0.7971522373 -0.6006777176 0.0126392383
1413393916.5057606697 0.4812484316 0.2822389932 1.9574954692 -0.0445678876 0.7997299597 -0.5986489835 0.0080678045
1413393916.5557603836 0.5013576230 0.2536080342 1.9684884518 0.0290187404 -0.8022470517 0.5962864878 0.0000723114
1413393916.6057605743 0.5222974266 0.2277956055 1.9799120004 0.0126811011 -0.8060977612 0.5915442878 0.0109974814
1413393916.6557605267 0.5424946018 0.2014001596 1.9895035480 -0.0048981874 -0.8098001156 0.5862698452 0.0220782499
1413393916.7057607174 0.5622443547 0.1750053018 1.9991486540 -0.0242481498 -0.8136087742 0.5799353076 0.0335831611
1413393916.7557604313 0.5812068833 0.1484500834 2.0110210930 -0.0436898139 -0.8160286258 0.5745404749 0.0457353766
1413393916.8057606220 0.6003363751 0.1235374039 2.0250344253 -0.0634869911 -0.8157782198 0.5719764814 0.0576038439
1413393916.8557605743 0.6205561302 0.0968725951 2.0376691731 -0.0831461117 -0.8133400038 0.5713666718 0.0714485040
1413393916.9057605267 0.6407367828 0.0700981785 2.0513175532 -0.1041670740 -0.8097890130 0.5714591354 0.0826161710
1413393916.9557604790 0.6595440064 0.0436599988 2.0658371179 -0.1265693692 -0.8053793993 0.5718281353 0.0914155434
1413393917.0057606697 0.6789881452 0.0164900769 2.0816089393 -0.1512975052 -0.7983955453 0.5744910285 0.0981512931
1413393917.0557603836 0.6988161812 -0.0103829814 2.0968421320 -0.1756559095 -0.7910456280 0.5765419903 0.1048386822
1413393917.1057605743 0.7175458575 -0.0370279862 2.1108879584 -0.1990019794 -0.7834565425 0.5778456521 0.1126430670
1413393917.1557605267 0.7347131583 -0.0621387022 2.1238798551 -0.2208221613 -0.7757605718 0.5782867225 0.1225462153
1413393917.2057607174 0.7499278447 -0.0832302351 2.1380560267 -0.2419815280 -0.7686321681 0.5771882793 0.1322997378
1413393917.2557604313 0.7643696100 -0.1053859008 2.1519617769 -0.2632604623 -0.7630036930 0.5733906566 0.1405078230
1413393917.3057606220 0.7749004672 -0.1245052373 2.1644513908 -0.2829186010 -0.7595327274 0.5661338334 0.1501984817
1413393917.3557605743 0.7844849364 -0.1421239879 2.1775909632 -0.3024540210 -0.7563734320 0.5574011803 0.1603892789
1413393917.4057605267 0.7920054171 -0.1588412393 2.1859670311 -0.3234585285 -0.7509546280 0.5502124213 0.1694344078
1413393917.4557604790 0.7979470054 -0.1741751519 2.1935712264 -0.3437901946 -0.7455311404 0.5416590036 0.1805467935
1413393917.5057606697 0.8010988772 -0.1865386399 2.1991221579 -0.3635998486 -0.7394335863 0.5329348758 0.1923890321
1413393917.5557603836 0.8010920899 -0.1985420820 2.2018374019 -0.3848716938 -0.7324524949 0.5236254961 0.2029863588
1413393917.6057605743 0.8007389055 -0.2067688331 2.2039338354 -0.4038651502 -0.7257421700 0.5126813201 0.2175985000
1413393917.6557605267 0.7966640977 -0.2161042927 2.2018281815 -0.4215628785 -0.7188985196 0.5008185347 0.2337743640
1413393917.7057607174 0.7898370853 -0.2229531436 2.1991447340 -0.4377711442 -0.7103044530 0.4902013526 0.2520449231
1413393917.7557604313 0.7819378805 -0.2294507292 2.1916271215 -0.4528457553 -0.6988782007 0.4823728062 0.2716918445
1413393917.8057606220 0.7716985721 -0.2353194123 2.1865781144 -0.4661344942 -0.6853864003 0.4768308675 0.2925686918
1413393917.8557605743 0.7578281520 -0.2404471715 2.1814847303 -0.4809223782 -0.6698627817 0.4728193532 0.3105469033
1413393917.9057605267 0.7456422080 -0.2437193714 2.1798344223 -0.4973558578 -0.6538249834 0.4687565115 0.3246804194
1413393917.9557604790 0.7316829734 -0.2467564849 2.1756270666 -0.5145389206 -0.6389469626 0.4627235890 0.3359811875
1413393918.0057606697 0.7165986561 -0.2488251088 2.1727838013 -0.5318835826 -0.6233705410 0.4570998810 0.3457871049
1413393918.0557603836 0.7003119863 -0.2474132323 2.1685069543 -0.5487404643 -0.6081655787 0.4509827849 0.3544475411
1413393918.1057605743 0.6876958924 -0.2462216636 2.1692055420 -0.5653301494 -0.5932305589 0.4438051044 0.3626518377
1413393918.1557605267 0.6712475535 -0.2427077924 2.1671366430 -0.5816343356 -0.5791872363 0.4352961055 0.3698120407
1413393918.2057607174 0.6543196985 -0.2377785585 2.1654085827 -0.5991376857 -0.5641019182 0.4274525750 0.3743091711
1413393918.2557604313 0.6378882334 -0.2294695038 2.1642801996 -0.6137877684 -0.5507202983 0.4175619142 0.3815937318
1413393918.3057606220 0.6211472209 -0.2219688164 2.1690570418 -0.6294178178 -0.5357474459 0.4080951387 0.3876419000
1413393918.3557605743 0.6028086403 -0.2102165222 2.1688357917 -0.6434549178 -0.5207857101 0.3985678450 0.3948312118
1413393918.4057605267 0.5836903122 -0.1949824697 2.1697851459 -0.6569170178 -0.5060283334 0.3881864702 0.4021276189
1413393918.4557604790 0.5647079814 -0.1773504424 2.1734932330 -0.6703042775 -0.4911193094 0.3765735341 0.4094952661
1413393918.5057606697 0.5458900811 -0.1570448193 2.1765343980 -0.6835488164 -0.4748999654 0.3649752163 0.4171619949
1413393918.5557603836 0.5257080575 -0.1341143855 2.1801293836 -0.6968071477 -0.4578175901 0.3531423235 0.4244447579
1413393918.6057605743 0.5062384317 -0.1059843909 2.1856242717 -0.7084089800 -0.4390950861 0.3418060378 0.4341898835
1413393918.6557605267 0.4880013355 -0.0762974103 2.1887758816 -0.7173716912 -0.4205343637 0.3302589559 0.4466069052
1413393918.7057607174 0.4659213754 -0.0408250739 2.1939104604 -0.7275293294 -0.3973387969 0.3197082717 0.4589221899
1413393918.7557604313 0.4440700722 -0.0055586971 2.1955922418 -0.7386540025 -0.3732262323 0.3092096823 0.4684888648
1413393918.8057606220 0.4242716499 0.0330442203 2.2001770005 -0.7490855108 -0.3456985944 0.2995170685 0.4792211442
1413393918.8557605743 0.4086294360 0.0757463986 2.2060921554 -0.7583037632 -0.3167830092 0.2919450406 0.4892770391
1413393918.9057605267 0.3936499075 0.1198111104 2.2090419043 -0.7636042958 -0.2882038018 0.2798643091 0.5054928452
1413393918.9557604790 0.3839287166 0.1687539842 2.2157889248 -0.7676383081 -0.2624569242 0.2651595805 0.5210932621
1413393919.0057606697 0.3752307145 0.2191802779 2.2210184438 -0.7705597535 -0.2367009153 0.2455677059 0.5384299814
1413393919.0557603836 0.3713547584 0.2701952616 2.2296609389 -0.7737247258 -0.2110724560 0.2258200422 0.5529952762
1413393919.1057605743 0.3708729421 0.3215538455 2.2358929356 -0.7764455410 -0.1866635008 0.2047865704 0.5659960424
1413393919.1557605267 0.3682595532 0.3710747880 2.2401526873 -0.7797499475 -0.1612233410 0.1857081406 0.5757686517
1413393919.2057607174 0.3729503599 0.4193515419 2.2468962997 -0.7806452553 -0.1356776387 0.1678882580 0.5865135092
1413393919.2557604313 0.3772054553 0.4667358690 2.2530583483 -0.7804745255 -0.1097661903 0.1505441929 0.5967808178
1413393919.3057606220 0.3859256601 0.5123153161 2.2598228330 -0.7770607776 -0.0833108793 0.1349741424 0.6091123264
1413393919.3557605743 0.4005098117 0.5552523311 2.2646845719 -0.7731302668 -0.0576410352 0.1217790276 0.6197717080
1413393919.4057605267 0.4180256356 0.5949219257 2.2695379820 -0.7690602885 -0.0326258783 0.1114844603 0.6285324493
1413393919.4557604790 0.4364822556 0.6297953535 2.2709388396 -0.7683222950 -0.0092581553 0.1035255129 0.6315675781
1413393919.5057606697 0.4577521601 0.6624010560 2.2687763138 -0.7696882029 0.0110935171 0.0949023891 0.6312293884
1413393919.5557603836 0.4854258232 0.6903339834 2.2668235009 -0.7719119160 0.0302181176 0.0871920768 0.6289963442
1413393919.6057605743 0.5177607847 0.7157010901 2.2610514213 -0.7742705368 0.0468469852 0.0784504617 0.6262236189
1413393919.6557605267 0.5539816530 0.7391039641 2.2457590697 -0.7743394745 0.0601685543 0.0681422144 0.6262066448
1413393919.7057607174 0.5940034875 0.7577712224 2.2318387985 -0.7732550743 0.0694322234 0.0574578827 0.6276578272
1413393919.7557604313 0.6358875112 0.7735652199 2.2164717505 -0.7704259678 0.0724585253 0.0425695920 0.6319663125
1413393919.8057606220 0.6833000943 0.7844259756 2.2006036106 -0.7664692966 0.0709192321 0.0258416519 0.6378302979
1413393919.8557605743 0.7293356041 0.7929506713 2.1841793589 -0.7631162592 0.0665826328 0.0078073623 0.6427747451
1413393919.9057605267 0.7808600612 0.7961309289 2.1642419745 -0.7611889692 0.0605373810 -0.0076583630 0.6456531020
1413393919.9557604790 0.8266831280 0.7953439731 2.1368167567 -0.7613330467 0.0545842756 -0.0211469058 0.6457130611
1413393920.0057606697 0.8763036933 0.7903806759 2.1054019782 -0.7640929542 0.0496973590 -0.0299514907 0.6424912746
1413393920.0557603836 0.9275175310 0.7825015659 2.0788613153 -0.7675472787 0.0457295095 -0.0347531301 0.6384138210
1413393920.1057605743 0.9766624225 0.7714999521 2.0505028014 -0.7705356263 0.0426518419 -0.0374256967 0.6348661168
1413393920.1557605267 1.0249872760 0.7566885441 2.0178150925 -0.7736059769 0.0393942184 -0.0393700578 0.6312146122
1413393920.2057607174 1.0721395373 0.7383140568 1.9821911745 -0.7758309084 0.0371051567 -0.0394369162 0.6286130276
1413393920.2557604313 1.1185496851 0.7192728751 1.9478110175 -0.7775350604 0.0347818243 -0.0397979134 0.6266143795
1413393920.3057606220 1.1627391201 0.6965487652 1.9136216708 -0.7794393980 0.0327890529 -0.0390990672 0.6243960008
1413393920.3557605743 1.2053831063 0.6708135809 1.8839676085 -0.7819557319 0.0305759572 -0.0394916324 0.6213298280
1413393920.4057605267 1.2498077236 0.6427468204 1.8515124792 -0.7871061509 0.0285059943 -0.0389566115 0.6149257662
1413393920.4557604790 1.2909795179 0.6130942584 1.8214636251 -0.7939817758 0.0269780253 -0.0379092487 0.6061584072
1413393920.5057606697 1.3320167675 0.5814890869 1.7914803787 -0.8001433494 0.0246706584 -0.0378249459 0.5981063890
1413393920.5557603836 1.3729268391 0.5487458220 1.7628864578 -0.8048096190 0.0230652342 -0.0369801024 0.5919306921
1413393920.6057605743 1.4106075022 0.5165356765 1.7368715557 -0.8083002869 0.0205148494 -0.0371712452 0.5872376740
1413393920.6557605267 1.4473980459 0.4837223652 1.7095351931 -0.8107164135 0.0181471981 -0.0373558852 0.5839641376
1413393920.7057607174 1.4838267860 0.4497874791 1.6833388234 -0.8120196067 0.0159072159 -0.0377181189 0.5821928051
1413393920.7557604313 1.5192313171 0.4173279259 1.6582841976 -0.8123879246 0.0133787105 -0.0381196814 0.5817162194
1413393920.8057606220 1.5522904950 0.3851004683 1.6303433306 -0.8131333408 0.0122982363 -0.0375354017 0.5807357550
1413393920.8557605743 1.5843514645 0.3528209912 1.6045357468 -0.8135907301 0.0098726986 -0.0392090580 0.5800304332
1413393920.9057605267 1.6149918326 0.3210975904 1.5793060809 -0.8166442863 0.0075487163 -0.0411416052 0.5756235705
1413393920.9557604790 1.6441918820 0.2901500669 1.5530218263 -0.8203006525 0.0050882367 -0.0428101072 0.5703053954
1413393921.0057606697 1.6731120131 0.2602427377 1.5280407003 -0.8262750726 0.0042067439 -0.0440225266 0.5615281158
1413393921.0557603836 1.7000095001 0.2311041623 1.5027026457 -0.8328439490 0.0022423187 -0.0456257240 0.5516196352
1413393921.1057605743 1.7251877839 0.2047128293 1.4786483723 -0.8386194472 0.0007952972 -0.0466105056 0.5427193115
1413393921.1557605267 1.7471151227 0.1810985307 1.4546795179 -0.8424882663 0.0001941024 -0.0478238428 0.5365877035
1413393921.2057607174 1.7702786955 0.1582809442 1.4343375510 -0.8455411340 -0.0019084054 -0.0500609622 0.5315547467
1413393921.2557604313 1.7905266094 0.1385761608 1.4167368613 -0.8476147826 -0.0028102168 -0.0510916463 0.5281391168
1413393921.3057606220 1.8100467884 0.1239316692 1.3981422134 -0.8486917266 -0.0030436441 -0.0514797269 0.5263676730
1413393921.3557605743 1.8251709419 0.1119094752 1.3803045753 -0.8496438480 -0.0020792474 -0.0503468569 0.5249439992
1413393921.4057605267 1.8403911786 0.1038260930 1.3640277985 -0.8486217991 -0.0009193049 -0.0485755236 0.5267642884
1413393921.4557604790 1.8542629442 0.1003242321 1.3505178926 -0.8448584278 0.0009606254 -0.0464283144 0.5329706613
1413393921.5057606697 1.8661066198 0.0988584064 1.3371384092 -0.8390380568 0.0016943291 -0.0448099500 0.5422216677
1413393921.5557603836 1.8757519367 0.0991287008 1.3242934873 -0.8320875668 0.0032722721 -0.0430257607 0.5529632514
1413393921.6057605743 1.8873490575 0.1003182220 1.3108356076 -0.8260923398 0.0037255621 -0.0431159876 0.5618706060
1413393921.6557605267 1.8955140230 0.1030136264 1.2971381151 -0.8222049914 0.0049860652 -0.0421537167 0.5676065146
1413393921.7057607174 1.9031661446 0.1066056685 1.2805953760 -0.8193835454 0.0057724289 -0.0423059156 0.5716532989
1413393921.7557604313 1.9105929482 0.1110566397 1.2595249204 -0.8170059376 0.0067548665 -0.0422716282 0.5750380675
1413393921.8057606220 1.9146427862 0.1153829106 1.2344346998 -0.8142062111 0.0072077692 -0.0429500495 0.5789400549
1413393921.8557605743 1.9187321752 0.1192919610 1.2094954872 -0.8110816922 0.0075632155 -0.0437118841 0.5832482812
1413393921.9057605267 1.9223517001 0.1235927626 1.1824560614 -0.8057197573 0.0087039773 -0.0436506109 0.5906221614
1413393921.9557604790 1.9230830875 0.1275388895 1.1579967031 -0.8002009888 0.0090974408 -0.0446706231 0.5979967805
1413393922.0057606697 1.9246276784 0.1300016823 1.1313138776 -0.7965430362 0.0099720884 -0.0446993481 0.6028446874
1413393922.0557603836 1.9258438562 0.1330980339 1.1015002799 -0.7980252365 0.0108804578 -0.0450570269 0.6008387486
1413393922.1057605743 1.9248019263 0.1332646937 1.0737521786 -0.8011719936 0.0115538626 -0.0458190956 0.5965656338
1413393922.1557605267 1.9216009714 0.1318603683 1.0447266786 -0.8071047545 0.0120771255 -0.0470567533 0.5884060845
1413393922.2057607174 1.9188565990 0.1299415830 1.0145740178 -0.8172394624 0.0136140953 -0.0470528363 0.5742128073
1413393922.2557604313 1.9151420023 0.1275167841 0.9864038378 -0.8266150463 0.0146925246 -0.0481415013 0.5605123467
1413393922.3057606220 1.9108829969 0.1263343206 0.9580445743 -0.8358158860 0.0168392124 -0.0472166514 0.5467164105
1413393922.3557605743 1.9039785554 0.1274315971 0.9311555751 -0.8440752007 0.0186583624 -0.0469212339 0.5338420356
1413393922.4057605267 1.8977500756 0.1317590310 0.9055547077 -0.8505035150 0.0205608642 -0.0463186372 0.5235223068
1413393922.4557604790 1.8901461924 0.1398484790 0.8795970242 -0.8540193453 0.0256267462 -0.0415071424 0.5179492108
1413393922.5057606697 1.8828163321 0.1518449919 0.8573734182 -0.8541421796 0.0318972218 -0.0344221996 0.5179177700
1413393922.5557603836 1.8746846053 0.1679913588 0.8366500827 -0.8507249397 0.0392422902 -0.0266479289 0.5234663385
1413393922.6057605743 1.8676973474 0.1884171636 0.8178887281 -0.8453925985 0.0465720636 -0.0181838936 0.5318004733
1413393922.6557605267 1.8633851284 0.2106212983 0.8006936827 -0.8409504088 0.0524161202 -0.0107245855 0.5384607168
1413393922.7057607174 1.8599003160 0.2354616834 0.7827545281 -0.8365480337 0.0561489921 -0.0061276211 0.5449744309
1413393922.7557604313 1.8576054049 0.2616008375 0.7640479082 -0.8342417193 0.0578032703 -0.0031373671 0.5483517964
1413393922.8057606220 1.8579748669 0.2891533541 0.7455094560 -0.8335732438 0.0573513427 -0.0028872840 0.5494161758
1413393922.8557605743 1.8596261988 0.3179237172 0.7278693760 -0.8358007684 0.0541859720 -0.0068314029 0.5463096996
1413393922.9057605267 1.8644270878 0.3488123575 0.7117666079 -0.8392192232 0.0503138016 -0.0113295008 0.5413420908
1413393922.9557604790 1.8702104452 0.3818483431 0.6988915241 -0.8428889575 0.0447554671 -0.0189813242 0.5358869870
1413393923.0057606697 1.8777260277 0.4175501343 0.6888525398 -0.8466592679 0.0375011008 -0.0294449058 0.5299950463
1413393923.0557603836 1.8853066605 0.4563703415 0.6819888823 -0.8492901484 0.0312402070 -0.0388464066 0.5255675503
1413393923.1057605743 1.8935854218 0.4984307346 0.6790803857 -0.8509991053 0.0274783692 -0.0449931067 0.5225141935
1413393923.1557605267 1.9006468248 0.5443506678 0.6798702003 -0.8528816729 0.0248075602 -0.0499254485 0.5191193375
1413393923.2057607174 1.9069516783 0.5936475309 0.6840766884 -0.8535147747 0.0233289974 -0.0530348634 0.5178374170
1413393923.2557604313 1.9132532623 0.6470780744 0.6893645446 -0.8525120229 0.0230854030 -0.0541925982 0.5193779716
1413393923.3057606220 1.9172018113 0.7043345635 0.6955505578 -0.8501884326 0.0267377866 -0.0503469298 0.5233831355
1413393923.3557605743 1.9211213552 0.7647259280 0.7029920642 -0.8465963604 0.0333332249 -0.0397772252 0.5296992270
1413393923.4057605267 1.9241217997 0.8262401350 0.7113854733 -0.8433472149 0.0406740350 -0.0243960407 0.5352718293
1413393923.4557604790 1.9277468257 0.8901001557 0.7193839311 -0.8392691251 0.0440530388 -0.0076330212 0.5418748955
1413393923.5057606697 1.9324133991 0.9547465379 0.7278542326 -0.8346409279 0.0431712408 0.0088602351 0.5490284707
1413393923.5557603836 1.9386921602 1.0202336613 0.7361363828 -0.8297104891 0.0367204975 0.0240068294 0.5564672331
1413393923.6057605743 1.9477983505 1.0861697529 0.7442541443 -0.8263903057 0.0250856668 0.0387737266 0.5612008287
1413393923.6557605267 1.9591203105 1.1520020560 0.7505508589 -0.8239103573 0.0058874586 0.0472241986 0.5647184573
1413393923.7057607174 1.9732450407 1.2175813245 0.7573183831 -0.8220076240 -0.0178403375 0.0531983886 0.5667054966
1413393923.7557604313 1.9878363391 1.2798306516 0.7632659920 -0.8222262804 -0.0432281426 0.0572292805 0.5646238402
1413393923.8057606220 2.0059541935 1.3481586006 0.7691674899 -0.8226411954 -0.0705992454 0.0636710405 0.5605561603
1413393923.8557605743 2.0250819850 1.4141195405 0.7749732733 -0.8218498585 -0.0958430364 0.0718449988 0.5569696747
1413393923.9057605267 2.0431113913 1.4818303029 0.7815831725 -0.8202517098 -0.1209009906 0.0805467687 0.5532470525
1413393923.9557604790 2.0603375694 1.5463880909 0.7882138192 -0.8184861517 -0.1420868298 0.0911965288 0.5491583974
1413393924.0057606697 2.0801715017 1.6136411320 0.7942113279 -0.8169214200 -0.1628793078 0.1025459088 0.5436856273
1413393924.0557603836 2.0981560683 1.6808981468 0.8012700329 -0.8148863782 -0.1823973842 0.1124772458 0.5385538544
1413393924.1057605743 2.1163485260 1.7498592112 0.8072662396 -0.8119693089 -0.2034984244 0.1192586481 0.5339209749
1413393924.1557605267 2.1335512017 1.8190542203 0.8130212149 -0.8070098355 -0.2259358166 0.1216376371 0.5318763179
1413393924.2057607174 2.1488229171 1.8892215648 0.8198575694 -0.7994385481 -0.2499962762 0.1206184888 0.5327767355
1413393924.2557604313 2.1623936466 1.9594149153 0.8254285058 -0.7890855865 -0.2749034914 0.1176015861 0.5366021566
1413393924.3057606220 2.1725628950 2.0294672249 0.8315008926 -0.7792341224 -0.2973567463 0.1144862659 0.5396906918
1413393924.3557605743 2.1790184578 2.0985837966 0.8394354682 -0.7698288457 -0.3182284546 0.1098015490 0.5422525416
1413393924.4057605267 2.1813441831 2.1649132424 0.8466109335 -0.7603321204 -0.3363792900 0.1044158617 0.5457484473
1413393924.4557604790 2.1802198796 2.2304460395 0.8548103166 -0.7515976849 -0.3526342347 0.0975132545 0.5488544268
1413393924.5057606697 2.1713557807 2.2919668806 0.8647589291 -0.7434719242 -0.3654991925 0.0917776513 0.5524823083
1413393924.5557603836 2.1573953837 2.3493742091 0.8754083490 -0.7359572383 -0.3756036293 0.0876672347 0.5564200868
1413393924.6057605743 2.1376543525 2.4038746819 0.8893485983 -0.7268196597 -0.3833443412 0.0850527514 0.5635124912
1413393924.6557605267 2.1092980726 2.4513107774 0.9049671431 -0.7177266985 -0.3888390676 0.0821598251 0.5717712207
1413393924.7057607174 2.0762806346 2.4941546960 0.9222057240 -0.7079213945 -0.3929187434 0.0805146262 0.5813600909
1413393924.7557604313 2.0343794958 2.5275787922 0.9439991708 -0.7001850910 -0.3939587342 0.0795066387 0.5900983380
1413393924.8057606220 1.9866339039 2.5547595882 0.9696912797 -0.6965654247 -0.3927849069 0.0786748355 0.5952536403
1413393924.8557605743 1.9324157338 2.5722494703 1.0003754985 -0.6997021739 -0.3857673709 0.0852247335 0.5952622516
1413393924.9057605267 1.8713297664 2.5821260023 1.0360706914 -0.7086310862 -0.3748170496 0.0965915041 0.5899357969
1413393924.9557604790 1.8046394742 2.5828692042 1.0737607763 -0.7223773581 -0.3607959145 0.1135147523 0.5788882980
1413393925.0057606697 1.7337351315 2.5782273100 1.1165307338 -0.7344606280 -0.3478918962 0.1317271763 0.5676149799
1413393925.0557603836 1.6598484937 2.5710683451 1.1640743864 -0.7447275083 -0.3375700638 0.1489478388 0.5560952542
1413393925.1057605743 1.5837001386 2.5604558623 1.2139928612 -0.7530162286 -0.3297511528 0.1655322884 0.5448208863
1413393925.1557605267 1.5056504781 2.5483067375 1.2645321527 -0.7603869792 -0.3241337834 0.1829613023 0.5322349989
1413393925.2057607174 1.4265858784 2.5345359714 1.3165452979 -0.7676246105 -0.3203521301 0.2021722846 0.5169655090
1413393925.2557604313 1.3469054881 2.5212316231 1.3687808762 -0.7730785860 -0.3203908212 0.2198222517 0.5013755072
1413393925.3057606220 1.2664633744 2.5100820710 1.4202676068 -0.7756207394 -0.3231237223 0.2356535459 0.4883348595
1413393925.3557605743 1.1861021239 2.5010348986 1.4708968990 -0.7750850163 -0.3296688910 0.2454313257 0.4799219772
1413393925.4057605267 1.1070363617 2.4960743161 1.5216660214 -0.7712194564 -0.3384332929 0.2500135411 0.4776784333
1413393925.4557604790 1.0259309453 2.4940960530 1.5727755256 -0.7660811495 -0.3455219903 0.2545348096 0.4784832884
1413393925.5057606697 0.9467278373 2.4945275150 1.6232488015 -0.7600828766 -0.3522918401 0.2572140214 0.4816694171
1413393925.5557603836 0.8685098577 2.4987835596 1.6711699536 -0.7556302984 -0.3575123714 0.2599414031 0.4833613798
1413393925.6057605743 0.7857136816 2.5040204440 1.7215422388 -0.7519144959 -0.3609191127 0.2639371453 0.4844576021
1413393925.6557605267 0.7051652368 2.5121842075 1.7653490922 -0.7485739739 -0.3642589121 0.2666018720 0.4856705596
1413393925.7057607174 0.6245366647 2.5196143060 1.8022318682 -0.7456185217 -0.3678965252 0.2673867557 0.4870415687
1413393925.7557604313 0.5462148667 2.5316097862 1.8339131627 -0.7428654053 -0.3705627445 0.2679958134 0.4888890324
1413393925.8057606220 0.4659053023 2.5420770985 1.8554765428 -0.7397945314 -0.3723119472 0.2690104866 0.4916515263
1413393925.8557605743 0.3864154981 2.5556831628 1.8703222647 -0.7368725986 -0.3733608291 0.2701306714 0.4946209509
1413393925.9057605267 0.3087853194 2.5679673276 1.8789245882 -0.7328303967 -0.3738640495 0.2709657104 0.4997628097
1413393925.9557604790 0.2298601861 2.5816566584 1.8833118482 -0.7282637780 -0.3726472887 0.2740804647 0.5056142469
1413393926.0057606697 0.1516811038 2.5969700793 1.8825158730 -0.7231742360 -0.3705603731 0.2773480036 0.5126227844
1413393926.0557603836 0.0743189545 2.6110799904 1.8799920572 -0.7173141950 -0.3662704398 0.2832240268 0.5206634818
1413393926.1057605743 -0.0000494880 2.6235196669 1.8773603661 -0.7121563619 -0.3616044539 0.2892938039 0.5276216733
1413393926.1557605267 -0.0735785794 2.6383451634 1.8747705783 -0.7092095584 -0.3581156270 0.2938850172 0.5314194168
1413393926.2057607174 -0.1443997655 2.6513062771 1.8734105539 -0.7085433494 -0.3551763189 0.2971098336 0.5324864800
1413393926.2557604313 -0.2127539743 2.6645945784 1.8722517890 -0.7094104017 -0.3534999161 0.2984920047 0.5316739738
1413393926.3057606220 -0.2779172247 2.6779349141 1.8713120375 -0.7123873419 -0.3527622978 0.2984764203 0.5281807104
1413393926.3557605743 -0.3416364809 2.6893835288 1.8709719101 -0.7164227278 -0.3532875101 0.2967186727 0.5233396981
1413393926.4057605267 -0.4015229102 2.7038937550 1.8709378705 -0.7196085415 -0.3564602129 0.2944401242 0.5180778676
1413393926.4557604790 -0.4604534190 2.7170873437 1.8729861648 -0.7193982121 -0.3593280414 0.2941641702 0.5165433303
1413393926.5057606697 -0.5161546263 2.7298765649 1.8757214841 -0.7165211129 -0.3619148634 0.2962687341 0.5175325726
1413393926.5557603836 -0.5681632281 2.7423888439 1.8714227667 -0.7108359655 -0.3659981414 0.2986156545 0.5211394070
1413393926.6057605743 -0.6239289764 2.7512282637 1.8673659805 -0.7052516602 -0.3703473449 0.3009688056 0.5242906807
1413393926.6557605267 -0.6748523818 2.7653527259 1.8570876552 -0.6996392824 -0.3765938589 0.3043082520 0.5254316586
1413393926.7057607174 -0.7230057921 2.7755092207 1.8460791296 -0.6939880346 -0.3848102666 0.3061600690 0.5258970228
1413393926.7557604313 -0.7696600739 2.7880840497 1.8377645453 -0.6895631080 -0.3931340518 0.3101429313 0.5232205076
1413393926.8057606220 -0.8136669050 2.8001476610 1.8334885994 -0.6856932667 -0.4018917724 0.3142418592 0.5191914881
1413393926.8557605743 -0.8555698510 2.8057524826 1.8327112713 -0.6820175452 -0.4114560501 0.3183129338 0.5140358578
1413393926.9057605267 -0.8953578089 2.8156883261 1.8350342655 -0.6799476262 -0.4224640133 0.3215627853 0.5057595854
1413393926.9557604790 -0.9322209365 2.8259963511 1.8447872102 -0.6787037958 -0.4329801844 0.3255801659 0.4958698147
1413393927.0057606697 -0.9679458655 2.8346676680 1.8546245183 -0.6784646851 -0.4435798480 0.3274912333 0.4854606901
1413393927.0557603836 -1.0055088582 2.8452314880 1.8696804853 -0.6804813168 -0.4518632415 0.3301627507 0.4730299636
1413393927.1057605743 -1.0397974902 2.8518383896 1.8870043066 -0.6818734200 -0.4573328856 0.3337902118 0.4631191698
1413393927.1557605267 -1.0761054670 2.8660539736 1.9078331385 -0.6838088031 -0.4604571784 0.3400121347 0.4525223265
1413393927.2057607174 -1.1123217873 2.8807001559 1.9286278609 -0.6851648429 -0.4620747249 0.3460544347 0.4441648511
1413393927.2557604313 -1.1478327111 2.8946594851 1.9486870058 -0.6881036092 -0.4635467473 0.3504435820 0.4345424396
1413393927.3057606220 -1.1843697943 2.9148767361 1.9691747594 -0.6905235320 -0.4679583790 0.3515480080 0.4249778881
1413393927.3557605743 -1.2218463116 2.9333991975 1.9901438137 -0.6907495805 -0.4754401801 0.3488046532 0.4185175817
1413393927.4057605267 -1.2604310541 2.9535738893 2.0093511670 -0.6871338301 -0.4847946375 0.3443044175 0.4174634441
1413393927.4557604790 -1.3000682201 2.9808240629 2.0295465303 -0.6788050179 -0.4956111947 0.3391148988 0.4226042791
1413393927.5057606697 -1.3403701225 3.0053056557 2.0517371153 -0.6681969097 -0.5058162038 0.3336066654 0.4317052822
1413393927.5557603836 -1.3837720753 3.0338393250 2.0737533437 -0.6576972479 -0.5154989970 0.3284620204 0.4402360905
1413393927.6057605743 -1.4290705822 3.0620338580 2.0959106025 -0.6459488045 -0.5258421255 0.3242316010 0.4484574338
1413393927.6557605267 -1.4763633273 3.0882827660 2.1166264062 -0.6330366425 -0.5356069622 0.3217509805 0.4570187062
1413393927.7057607174 -1.5245434389 3.1137608953 2.1406162053 -0.6185316132 -0.5445696922 0.3215180385 0.4663567784
1413393927.7557604313 -1.5728935469 3.1345795580 2.1647234069 -0.6039186281 -0.5522431777 0.3207183932 0.4769166338
1413393927.8057606220 -1.6228021855 3.1533199237 2.1903013999 -0.5901573299 -0.5580449726 0.3208878930 0.4871663931
1413393927.8557605743 -1.6741015907 3.1695737933 2.2178908128 -0.5797198977 -0.5616457265 0.3224907932 0.4944477792
1413393927.9057605267 -1.7230793846 3.1747928725 2.2454029764 -0.5733189162 -0.5625977012 0.3260409414 0.4984842540
1413393927.9557604790 -1.7715944503 3.1768650656 2.2714481560 -0.5687014182 -0.5630746639 0.3284022364 0.5016747861
1413393928.0057606697 -1.8212277159 3.1760988688 2.3006573866 -0.5652688830 -0.5631356835 0.3305446870 0.5040729131
1413393928.0557603836 -1.8697917380 3.1714913963 2.3278633155 -0.5625099002 -0.5638086777 0.3307928389 0.5062395528
1413393928.1057605743 -1.9185643982 3.1630039567 2.3524142441 -0.5602357321 -0.5636052415 0.3315846427 0.5084650243
1413393928.1557605267 -1.9660729300 3.1505270888 2.3758389652 -0.5584869448 -0.5635239712 0.3324006722 0.5099439768
1413393928.2057607174 -2.0122809744 3.1327100907 2.3931651542 -0.5583505652 -0.5631789639 0.3323528151 0.5105053449
1413393928.2557604313 -2.0558644596 3.1070784747 2.4119715915 -0.5624404497 -0.5615202072 0.3339644139 0.5067776313
1413393928.3057606220 -2.0978669732 3.0789716762 2.4268454731 -0.5705026505 -0.5573747551 0.3402998450 0.4980523302
1413393928.3557605743 -2.1434005694 3.0509400324 2.4418404169 -0.5789512652 -0.5501391969 0.3523779597 0.4878443092
1413393928.4057605267 -2.1842744618 3.0160813577 2.4533358635 -0.5861074247 -0.5412675138 0.3649767288 0.4798953560
1413393928.4557604790 -2.2251302210 2.9807393378 2.4653576692 -0.5926455369 -0.5334526849 0.3758967108 0.4721240974
1413393928.5057606697 -2.2645276612 2.9442077771 2.4732117527 -0.5975113177 -0.5254067405 0.3862252693 0.4666455010
1413393928.5557603836 -2.3035886001 2.9080847149 2.4765798339 -0.5993934780 -0.5179167925 0.3953648299 0.4649476378
1413393928.6057605743 -2.3405923261 2.8760276941 2.4817377486 -0.5980453348 -0.5106565162 0.4048129095 0.4665814058
1413393928.6557605267 -2.3763113413 2.8362428012 2.4846451181 -0.5974364266 -0.5041478757 0.4111857006 0.4688613391
1413393928.7057607174 -2.4068830365 2.7996257172 2.4871299708 -0.5965193891 -0.5012153950 0.4130119999 0.4715600006
1413393928.7557604313 -2.4376512067 2.7612174606 2.4935348196 -0.5972750045 -0.4999731094 0.4119414241 0.4728569784
1413393928.8057606220 -2.4629203505 2.7273106291 2.4969961536 -0.5953477206 -0.5015766402 0.4067852240 0.4780248395
1413393928.8557605743 -2.4864862277 2.6916596822 2.5027903592 -0.5942117874 -0.5038471897 0.4005319838 0.4823116120
1413393928.9057605267 -2.5032719957 2.6575768806 2.5054373203 -0.5915877889 -0.5058322550 0.3933500024 0.4893193165
1413393928.9557604790 -2.5215053354 2.6206797364 2.5126371683 -0.5911011505 -0.5069553920 0.3839450904 0.4961671371
1413393929.0057606697 -2.5379233836 2.5804308590 2.5197379436 -0.5926411983 -0.5061931742 0.3737235290 0.5028673824
1413393929.0557603836 -2.5493192203 2.5441154322 2.5231755661 -0.5966272658 -0.5028946185 0.3655625489 0.5074415545
1413393929.1057605743 -2.5601877765 2.5029177695 2.5323197715 -0.6016514481 -0.4982941196 0.3561517434 0.5127128251
1413393929.1557605267 -2.5704465029 2.4594966718 2.5403062247 -0.6073439029 -0.4920112782 0.3475220479 0.5179640065
1413393929.2057607174 -2.5764408579 2.4178766412 2.5500796348 -0.6150873394 -0.4858792076 0.3378999300 0.5209727419
1413393929.2557604313 -2.5818244054 2.3711423762 2.5618961354 -0.6256312285 -0.4770139556 0.3286431723 0.5225293459
1413393929.3057606220 -2.5792099392 2.3300573034 2.5686238798 -0.6364731553 -0.4670042478 0.3221131166 0.5225438692
1413393929.3557605743 -2.5818755184 2.2786528982 2.5794766919 -0.6498343893 -0.4544340940 0.3142552807 0.5219660327
1413393929.4057605267 -2.5794499268 2.2307986556 2.5896588317 -0.6625562351 -0.4405463128 0.3081483171 0.5215196988
1413393929.4557604790 -2.5806109084 2.1775722123 2.6039084734 -0.6749874662 -0.4264359775 0.2998542975 0.5221414347
1413393929.5057606697 -2.5778540972 2.1281129003 2.6169568018 -0.6867039468 -0.4132220182 0.2897649270 0.5231840405
1413393929.5557603836 -2.5777950812 2.0701500840 2.6294041862 -0.6982627119 -0.3987368761 0.2788177699 0.5250702238
1413393929.6057605743 -2.5772566067 2.0158954764 2.6425687002 -0.7084196433 -0.3846775607 0.2669830485 0.5280954791
1413393929.6557605267 -2.5776151747 1.9598572935 2.6581124774 -0.7183042609 -0.3704890614 0.2540271180 0.5312692985
1413393929.7057607174 -2.5700236280 1.9088784129 2.6705299299 -0.7260683698 -0.3565732330 0.2434587971 0.5351710624
1413393929.7557604313 -2.5668636702 1.8555867037 2.6832426851 -0.7345355805 -0.3412178008 0.2333349891 0.5381288658
1413393929.8057606220 -2.5668004150 1.7976298364 2.6981646823 -0.7435991023 -0.3235581499 0.2250361479 0.5401196449
1413393929.8557605743 -2.5679033874 1.7393306116 2.7134218924 -0.7532029371 -0.3034009937 0.2200981709 0.5405459903
1413393929.9057605267 -2.5658487374 1.6847991489 2.7296415840 -0.7620314590 -0.2820950715 0.2187119949 0.5402735320
1413393929.9557604790 -2.5650241191 1.6308093899 2.7501137916 -0.7707463742 -0.2610570265 0.2172589585 0.5390712388
1413393930.0057606697 -2.5646807362 1.5730291189 2.7634392297 -0.7780382614 -0.2403668656 0.2147285719 0.5392326716
1413393930.0557603836 -2.5522903942 1.5272427458 2.7774362742 -0.7842660498 -0.2230950923 0.2121625010 0.5386486945
1413393930.1057605743 -2.5487744233 1.4751787989 2.7894092488 -0.7899521327 -0.2065192053 0.2076914778 0.5386925803
1413393930.1557605267 -2.5402707958 1.4278211225 2.8005450927 -0.7936600475 -0.1937098549 0.2029715055 0.5397988413
1413393930.2057607174 -2.5311362730 1.3805079692 2.8092489649 -0.7963865996 -0.1834484140 0.1982412852 0.5411242521
1413393930.2557604313 -2.5156568964 1.3350386258 2.8096992768 -0.7975987206 -0.1776312699 0.1927217060 0.5432695067
1413393930.3057606220 -2.4977539631 1.2936373879 2.8130825195 -0.7983319293 -0.1749964260 0.1858495356 0.5454377432
1413393930.3557605743 -2.4807550628 1.2528954253 2.8107091255 -0.7976147180 -0.1787544038 0.1728339628 0.5495325705
1413393930.4057605267 -2.4649500143 1.2125854040 2.8032390545 -0.7963690207 -0.1842508451 0.1602648117 0.5533201596
1413393930.4557604790 -2.4474372408 1.1795754355 2.7947505670 -0.7950849928 -0.1909289629 0.1486819790 0.5561291706
1413393930.5057606697 -2.4295057592 1.1414601369 2.7833334715 -0.7941285080 -0.1959993017 0.1397411726 0.5580471228
1413393930.5557603836 -2.4144090358 1.1015616792 2.7659101634 -0.7931525262 -0.1979806128 0.1363149132 0.5595810858
1413393930.6057605743 -2.3997150343 1.0636318450 2.7434764319 -0.7922370169 -0.1967403939 0.1383668963 0.5608104212
1413393930.6557605267 -2.3892658122 1.0214978801 2.7151453844 -0.7909683782 -0.1940322975 0.1425394068 0.5624971197
1413393930.7057607174 -2.3682303075 0.9858928371 2.6834803249 -0.7893527013 -0.1917503663 0.1491113782 0.5638438674
1413393930.7557604313 -2.3512943898 0.9510972151 2.6470136439 -0.7869577801 -0.1894740637 0.1553752746 0.5662645632
1413393930.8057606220 -2.3306796977 0.9198564737 2.6119898786 -0.7848329664 -0.1887733039 0.1607486001 0.5679451929
1413393930.8557605743 -2.3176047022 0.8811849796 2.5805658927 -0.7835410511 -0.1879727381 0.1646115310 0.5688872602
1413393930.9057605267 -2.2853132739 0.8520499867 2.5375022521 -0.7818584028 -0.1906072627 0.1673758942 0.5695187613
1413393930.9557604790 -2.2637705873 0.8159909588 2.5081492507 -0.7819657868 -0.1940122670 0.1671949116 0.5682733585
1413393931.0057606697 -2.2430716669 0.7791632943 2.4865297521 -0.7824887499 -0.1956550930 0.1683918296 0.5666344788
1413393931.0557603836 -2.2196342978 0.7423489119 2.4646359577 -0.7830572394 -0.1985160757 0.1672208494 0.5651990049
1413393931.1057605743 -2.1958267707 0.7064838813 2.4509229998 -0.7831775113 -0.1993619200 0.1692619908 0.5641260401
1413393931.1557605267 -2.1721051480 0.6713098210 2.4407175219 -0.7851407858 -0.2007752320 0.1694272727 0.5608365643
1413393931.2057607174 -2.1439869626 0.6368580272 2.4294409134 -0.7866123580 -0.2020420137 0.1699205157 0.5581639915
1413393931.2557604313 -2.1176519301 0.6024330068 2.4209014449 -0.7884833207 -0.2027720932 0.1718176721 0.5546676651
1413393931.3057606220 -2.0867388182 0.5761630020 2.4127119271 -0.7901981991 -0.2031991276 0.1741939804 0.5513196694
1413393931.3557605743 -2.0589840651 0.5442281006 2.4026586182 -0.7919251082 -0.2021717756 0.1772934388 0.5482227948
1413393931.4057605267 -2.0315644923 0.5142447276 2.3913315226 -0.7942477998 -0.2006893094 0.1813838595 0.5440534249
1413393931.4557604790 -2.0023757817 0.4882435982 2.3747535561 -0.7955794512 -0.1989292289 0.1853634608 0.5414063965
1413393931.5057606697 -1.9706718477 0.4629069974 2.3552193750 -0.7965831228 -0.1969993453 0.1896355601 0.5391520572
1413393931.5557603836 -1.9418630664 0.4392904672 2.3353414011 -0.7971769262 -0.1958543743 0.1924644918 0.5376871133
1413393931.6057605743 -1.9073766788 0.4173772869 2.3103657304 -0.7980666882 -0.1955134463 0.1951084382 0.5355340800
1413393931.6557605267 -1.8728150112 0.3983678154 2.2847054135 -0.7975267190 -0.1960238207 0.1965044507 0.5356414799
1413393931.7057607174 -1.8367783203 0.3792749012 2.2566245437 -0.7972431074 -0.1964958267 0.1974227287 0.5355530636
1413393931.7557604313 -1.7998970259 0.3635065829 2.2267429980 -0.7967178137 -0.1977421444 0.1979649537 0.5356758785
1413393931.8057606220 -1.7632967127 0.3491012027 2.1973578477 -0.7965175163 -0.1988905173 0.1975829341 0.5356896419
1413393931.8557605743 -1.7237885620 0.3378007596 2.1653987733 -0.7961266516 -0.2002587870 0.1972608296 0.5358795927
1413393931.9057605267 -1.6844012910 0.3276336286 2.1349944045 -0.7960125626 -0.2015603605 0.1966697943 0.5357783247
1413393931.9557604790 -1.6435002355 0.3165479478 2.1046793809 -0.7953276127 -0.2028722286 0.1956682624 0.5366663567
1413393932.0057606697 -1.6013163005 0.3115817199 2.0773196884 -0.7949431497 -0.2046405111 0.1941538066 0.5371144657
1413393932.0557603836 -1.5578103937 0.3074043261 2.0504785087 -0.7946691714 -0.2077715435 0.1911578526 0.5373923791
1413393932.1057605743 -1.5138451479 0.3043590883 2.0247486111 -0.7944929979 -0.2110538425 0.1871885985 0.5377709368
1413393932.1557605267 -1.4673004314 0.3047127734 2.0001633557 -0.7940394371 -0.2157772812 0.1817728849 0.5384237696
1413393932.2057607174 -1.4218344560 0.3072297697 1.9766184415 -0.7932535615 -0.2209329038 0.1751298768 0.5396915465
1413393932.2557604313 -1.3762148690 0.3129901118 1.9542434156 -0.7919178403 -0.2268382938 0.1674182921 0.5416471527
1413393932.3057606220 -1.3308235072 0.3187696744 1.9329428890 -0.7909807484 -0.2319304544 0.1608417974 0.5428513942
1413393932.3557605743 -1.2862658343 0.3249243395 1.9123472431 -0.7900279412 -0.2359684980 0.1547270834 0.5442740575
1413393932.4057605267 -1.2425411336 0.3328730045 1.8929092803 -0.7896888955 -0.2387159475 0.1504791620 0.5447588150
1413393932.4557604790 -1.2019812547 0.3383320874 1.8744672224 -0.7895891914 -0.2407176902 0.1462807149 0.5451658966
1413393932.5057606697 -1.1615334561 0.3477167136 1.8559410206 -0.7893714254 -0.2420975001 0.1429051789 0.5457652088
1413393932.5557603836 -1.1228489820 0.3559201519 1.8382929700 -0.7884271742 -0.2429748395 0.1403895374 0.5473907162
1413393932.6057605743 -1.0864087086 0.3658090437 1.8224025515 -0.7867511956 -0.2427777138 0.1390983968 0.5502119355
1413393932.6557605267 -1.0526912657 0.3757414298 1.8073129621 -0.7846870398 -0.2416866930 0.1383545451 0.5538156839
1413393932.7057607174 -1.0210252277 0.3853218405 1.7925278623 -0.7832185148 -0.2405065752 0.1381836858 0.5564446193
1413393932.7557604313 -0.9903755987 0.3954452965 1.7796228874 -0.7820615219 -0.2388294606 0.1383192091 0.5587558153
1413393932.8057606220 -0.9611186218 0.4044818654 1.7671451933 -0.7805662423 -0.2373985225 0.1381286843 0.5614968829
1413393932.8557605743 -0.9333510699 0.4137578515 1.7555929556 -0.7796297568 -0.2375758780 0.1360559458 0.5632263525
1413393932.9057605267 -0.9075078006 0.4220880943 1.7451558021 -0.7783240609 -0.2373479747 0.1339794667 0.5656209841
1413393932.9557604790 -0.8832990503 0.4300684102 1.7355299169 -0.7742000635 -0.2360259704 0.1336586078 0.5718753182
1413393933.0057606697 -0.8609286996 0.4370296299 1.7287684228 -0.7677576627 -0.2345490106 0.1355369002 0.5806588342
1413393933.0557603836 -0.8401985481 0.4427737628 1.7219287408 -0.7616682338 -0.2336244117 0.1377804703 0.5884706262
1413393933.1057605743 -0.8196087184 0.4451384209 1.7159114206 -0.7551916984 -0.2322442568 0.1409588565 0.5965557012
1413393933.1557605267 -0.7994380314 0.4451359330 1.7091080421 -0.7513563854 -0.2303506453 0.1443312247 0.6013074587
1413393933.2057607174 -0.7804456912 0.4430788622 1.7049318930 -0.7495035142 -0.2275774746 0.1485988262 0.6036318117
1413393933.2557604313 -0.7617557930 0.4377114893 1.7026345435 -0.7502747118 -0.2235109975 0.1551355863 0.6025476253
1413393933.3057606220 -0.7426501440 0.4291420739 1.7012242525 -0.7517068184 -0.2170748583 0.1643092671 0.6006811383
1413393933.3557605743 -0.7225574176 0.4192610544 1.7020139173 -0.7536463501 -0.2113776173 0.1728740879 0.5978722535
1413393933.4057605267 -0.7004824298 0.4063957763 1.7032566803 -0.7571278483 -0.2049250569 0.1824296197 0.5928596598
1413393933.4557604790 -0.6767944250 0.3927729566 1.7046148834 -0.7629087985 -0.1987669712 0.1909678855 0.5848017810
1413393933.5057606697 -0.6512131984 0.3778347776 1.7061865637 -0.7700293253 -0.1934627638 0.1990530914 0.5744604983
1413393933.5557603836 -0.6220527592 0.3634075341 1.7070026538 -0.7770366499 -0.1893764922 0.2054988097 0.5640220103
1413393933.6057605743 -0.5921138244 0.3486001161 1.7046794587 -0.7831790804 -0.1863102107 0.2087937232 0.5552694972
1413393933.6557605267 -0.5586019332 0.3357634920 1.6993241805 -0.7868822088 -0.1859132571 0.2083059483 0.5503283404
1413393933.7057607174 -0.5228110927 0.3232869829 1.6923956397 -0.7890357102 -0.1896397482 0.2024149236 0.5481675041
1413393933.7557604313 -0.4850475876 0.3127472838 1.6834125842 -0.7894538655 -0.1961561630 0.1924629508 0.5488564170
1413393933.8057606220 -0.4461064997 0.3045226266 1.6723361266 -0.7892056690 -0.2032022911 0.1818435648 0.5502691694
1413393933.8557605743 -0.4054655650 0.2972477001 1.6588422947 -0.7889891679 -0.2092800648 0.1737546866 0.5509149266
1413393933.9057605267 -0.3650571391 0.2896525888 1.6452605092 -0.7884962311 -0.2133908118 0.1678845304 0.5518630622
1413393933.9557604790 -0.3257056198 0.2825852083 1.6315465340 -0.7863318952 -0.2163164538 0.1629382399 0.5552841366
1413393934.0057606697 -0.2859383482 0.2774459011 1.6210170937 -0.7792394328 -0.2195483874 0.1593283253 0.5649768993
1413393934.0557603836 -0.2464180359 0.2715696385 1.6146557641 -0.7721317160 -0.2218693213 0.1558635930 0.5747113692
1413393934.1057605743 -0.2082062393 0.2642359286 1.6111037518 -0.7651467177 -0.2235617498 0.1544202247 0.5837165739
1413393934.1557605267 -0.1693857149 0.2556073534 1.6099935094 -0.7612900834 -0.2256577686 0.1525743242 0.5884191159
1413393934.2057607174 -0.1308382085 0.2446873814 1.6136249017 -0.7590374192 -0.2271881924 0.1514973761 0.5910129157
1413393934.2557604313 -0.0930872017 0.2310669464 1.6182601698 -0.7601818201 -0.2273084960 0.1535881236 0.5889525755
1413393934.3057606220 -0.0569866613 0.2162248883 1.6210370589 -0.7624133945 -0.2263822770 0.1566672651 0.5856041740
1413393934.3557605743 -0.0204627512 0.1997930081 1.6205703375 -0.7672373881 -0.2244149662 0.1614245117 0.5787286412
1413393934.4057605267 0.0155135060 0.1823013315 1.6182599592 -0.7728835571 -0.2214395821 0.1672036441 0.5706649280
1413393934.4557604790 0.0517974893 0.1643805856 1.6117500673 -0.7775818237 -0.2188607149 0.1720012445 0.5638103110
1413393934.5057606697 0.0898100948 0.1469650326 1.6028109267 -0.7818594122 -0.2164648008 0.1765421888 0.5573793189
1413393934.5557603836 0.1271582092 0.1297553042 1.5897757622 -0.7853536694 -0.2134955984 0.1816727873 0.5519368096
1413393934.6057605743 0.1641596910 0.1137131262 1.5737908443 -0.7879144953 -0.2105536028 0.1859935967 0.5479637857
1413393934.6557605267 0.2027554968 0.0977634743 1.5565363416 -0.7898869968 -0.2061583887 0.1918166954 0.5447784929
1413393934.7057607174 0.2441688841 0.0818962780 1.5366208214 -0.7914786411 -0.2022067788 0.1973872882 0.5419522467
1413393934.7557604313 0.2846807900 0.0693022896 1.5161932396 -0.7939220369 -0.1983624904 0.2062799534 0.5364594138
1413393934.8057606220 0.3256224392 0.0578645011 1.4930555330 -0.7969459537 -0.1952956760 0.2168728495 0.5288694668
1413393934.8557605743 0.3703429439 0.0483760894 1.4671571676 -0.7995428535 -0.1966753255 0.2266753979 0.5202579223
1413393934.9057605267 0.4185266488 0.0408091949 1.4380293809 -0.8019446420 -0.2032806283 0.2337771862 0.5107935048
1413393934.9557604790 0.4666986843 0.0366391152 1.4067156969 -0.8033395646 -0.2166535042 0.2357367935 0.5021304286
1413393935.0057606697 0.5172641389 0.0352954665 1.3722973391 -0.8011560429 -0.2380843607 0.2309869743 0.4981062636
1413393935.0557603836 0.5678224650 0.0380108390 1.3360099975 -0.7963175704 -0.2645300396 0.2226946833 0.4962955402
1413393935.1057605743 0.6188555341 0.0429247222 1.2996635087 -0.7896983791 -0.2913835052 0.2165757360 0.4945372317
1413393935.1557605267 0.6686941588 0.0510793766 1.2663470854 -0.7821329296 -0.3169328292 0.2144970910 0.4917445070
1413393935.2057607174 0.7148842024 0.0610241476 1.2383085453 -0.7740456171 -0.3404305534 0.2162559497 0.4880510068
1413393935.2557604313 0.7585989956 0.0731586201 1.2138151872 -0.7655126581 -0.3616479115 0.2219277081 0.4836830066
1413393935.3057606220 0.7993114427 0.0875347405 1.1945692116 -0.7568726759 -0.3813671094 0.2297332966 0.4784615897
1413393935.3557605743 0.8358220889 0.1025447791 1.1792211469 -0.7483991235 -0.3979760335 0.2405232097 0.4729296082
1413393935.4057605267 0.8679422636 0.1197153973 1.1687865700 -0.7376055816 -0.4160321464 0.2497815101 0.4695364271
1413393935.4557604790 0.8967009523 0.1382132499 1.1616528207 -0.7256881097 -0.4335420463 0.2589125086 0.4673139998
1413393935.5057606697 0.9223268257 0.1569944665 1.1577135445 -0.7119434361 -0.4509519227 0.2680220368 0.4668437587
1413393935.5557603836 0.9438015015 0.1752065472 1.1583242298 -0.6992184653 -0.4686106566 0.2757928647 0.4641507149
1413393935.6057605743 0.9607225015 0.1934931041 1.1618477852 -0.6858876400 -0.4863453286 0.2800115942 0.4632708427
1413393935.6557605267 0.9748898310 0.2116814822 1.1662183692 -0.6740317944 -0.5025370831 0.2820651979 0.4621437486
1413393935.7057607174 0.9865275352 0.2296610094 1.1706054815 -0.6610933942 -0.5181192262 0.2819631446 0.4636860755
1413393935.7557604313 0.9931636409 0.2447154337 1.1750365941 -0.6488486597 -0.5320038323 0.2803551267 0.4662277792
1413393935.8057606220 0.9966511321 0.2578774161 1.1798254993 -0.6352273557 -0.5457255436 0.2780369183 0.4704947499
1413393935.8557605743 0.9957499479 0.2668544298 1.1853741601 -0.6211706166 -0.5587167280 0.2766783604 0.4747965541
1413393935.9057605267 0.9920383574 0.2711893507 1.1913345892 -0.6097157458 -0.5689425821 0.2797475302 0.4757019728
1413393935.9557604790 0.9841440194 0.2682582449 1.1997486036 -0.6049148291 -0.5733239435 0.2929182203 0.4685900357
1413393936.0057606697 0.9729062430 0.2602662024 1.2110555041 -0.6022018048 -0.5755891591 0.3116378368 0.4570907622
1413393936.0557603836 0.9587045977 0.2485092111 1.2217182334 -0.5987445281 -0.5783637596 0.3308846372 0.4444273939
1413393936.1057605743 0.9428468395 0.2330667944 1.2326136026 -0.5940543087 -0.5811856716 0.3519983956 0.4306040210
1413393936.1557605267 0.9248881859 0.2150458194 1.2451698225 -0.5885380377 -0.5845106619 0.3729823613 0.4157576487
1413393936.2057607174 0.9066272632 0.1951286962 1.2578470928 -0.5830856319 -0.5885838086 0.3933075607 0.3986093437
1413393936.2557604313 0.8873197134 0.1763203145 1.2696794802 -0.5754715437 -0.5946537629 0.4115499825 0.3818979138
1413393936.3057606220 0.8673721278 0.1594619560 1.2814471182 -0.5667276577 -0.6023239602 0.4278888702 0.3646048872
1413393936.3557605743 0.8461412044 0.1430002845 1.2938186753 -0.5560941810 -0.6116016513 0.4420167792 0.3483157316
1413393936.4057605267 0.8229362609 0.1292194545 1.3059349923 -0.5438314957 -0.6215983987 0.4545113066 0.3335898786
1413393936.4557604790 0.7983240457 0.1164608446 1.3182361087 -0.5295551097 -0.6326200083 0.4647058074 0.3215770879
1413393936.5057606697 0.7723285322 0.1057494283 1.3294506387 -0.5104654232 -0.6441368051 0.4742591061 0.3155806209
1413393936.5557603836 0.7445528305 0.0976870890 1.3422844021 -0.4903920347 -0.6546252034 0.4836572640 0.3115399594
1413393936.6057605743 0.7166139582 0.0897923682 1.3556775669 -0.4699505444 -0.6629947360 0.4940523241 0.3090255118
1413393936.6557605267 0.6879953104 0.0828423756 1.3693866838 -0.4495035844 -0.6691948954 0.5055918894 0.3074110618
1413393936.7057607174 0.6585869849 0.0780674858 1.3839796096 -0.4305787534 -0.6739957491 0.5168428435 0.3052951728
1413393936.7557604313 0.6307857890 0.0747941641 1.3990004532 -0.4133575642 -0.6787981084 0.5265754822 0.3018060861
1413393936.8057606220 0.6052977734 0.0724747616 1.4139286279 -0.3971565971 -0.6839080250 0.5347171476 0.2976810757
1413393936.8557605743 0.5791646205 0.0745159517 1.4285049980 -0.3808051915 -0.6895250592 0.5422786150 0.2923636481
1413393936.9057605267 0.5551374383 0.0744581043 1.4440955880 -0.3638662376 -0.6951638041 0.5489726279 0.2880585017
1413393936.9557604790 0.5335412822 0.0769340091 1.4590235486 -0.3470557185 -0.7014088547 0.5550151365 0.2820215330
1413393937.0057606697 0.5145843311 0.0808920042 1.4757019453 -0.3280855461 -0.7075634933 0.5608053747 0.2778688705
1413393937.0557603836 0.4992925768 0.0858801483 1.4908957556 -0.3093935516 -0.7137625887 0.5662356689 0.2723889947
1413393937.1057605743 0.4853134583 0.0931565556 1.5079100077 -0.2913059401 -0.7199094372 0.5714906759 0.2650842485
1413393937.1557605267 0.4745240849 0.1007903100 1.5248718612 -0.2742488683 -0.7254825155 0.5766564575 0.2567683936
1413393937.2057607174 0.4680075602 0.1087561764 1.5457226924 -0.2575120384 -0.7306562253 0.5817720115 0.2477304122
1413393937.2557604313 0.4649939307 0.1191305088 1.5654284326 -0.2422869325 -0.7355042173 0.5861878516 0.2381478350
1413393937.3057606220 0.4650230654 0.1282794302 1.5861671614 -0.2279948386 -0.7402013242 0.5900053276 0.2280659261
1413393937.3557605743 0.4667410070 0.1412683843 1.6074297779 -0.2152717548 -0.7451389677 0.5923882631 0.2179498475
1413393937.4057605267 0.4713677033 0.1543248895 1.6291958905 -0.2047856533 -0.7493275369 0.5939457761 0.2092832860
1413393937.4557604790 0.4778481419 0.1690618507 1.6488613229 -0.1973336410 -0.7552029870 0.5919376742 0.2008424069
1413393937.5057606697 0.4862131426 0.1860547459 1.6653843167 -0.1936143511 -0.7639103673 0.5851371333 0.1912301468
1413393937.5557603836 0.4963411253 0.2035004795 1.6773703901 -0.1931657455 -0.7714053969 0.5789695730 0.1800415004
1413393937.6057605743 0.5084538402 0.2194262073 1.6851257988 -0.1936400361 -0.7776367567 0.5732447998 0.1708069396
1413393937.6557605267 0.5205856863 0.2360303424 1.6870559927 -0.1959688643 -0.7828629573 0.5681979466 0.1608505139
1413393937.7057607174 0.5319218905 0.2533149676 1.6839225964 -0.1983869283 -0.7876967702 0.5628914138 0.1527405686
1413393937.7557604313 0.5436379443 0.2691286211 1.6808198520 -0.2006744399 -0.7932360846 0.5558667378 0.1466916940
1413393937.8057606220 0.5539303727 0.2847292690 1.6781579672 -0.2032429650 -0.7983957889 0.5489598024 0.1410659309
1413393937.8557605743 0.5639813569 0.2993522867 1.6759070936 -0.2060571862 -0.8019749423 0.5437669523 0.1367264771
1413393937.9057605267 0.5723137163 0.3129203202 1.6753790741 -0.2059031942 -0.8030888791 0.5421688924 0.1367662931
1413393937.9557604790 0.5796131218 0.3244049016 1.6768119491 -0.2029582041 -0.8015477537 0.5444486433 0.1410845161
1413393938.0057606697 0.5866286688 0.3343279058 1.6786968260 -0.1994525340 -0.7995845941 0.5469985702 0.1472267899
1413393938.0557603836 0.5922770349 0.3430500389 1.6816561842 -0.1940723359 -0.7973606668 0.5498368815 0.1556640588
1413393938.1057605743 0.5981567431 0.3503282813 1.6850848067 -0.1860841957 -0.7946224211 0.5534485610 0.1662605493
1413393938.1557605267 0.6051712918 0.3571703464 1.6894703371 -0.1750966312 -0.7910454120 0.5583669252 0.1783667649
1413393938.2057607174 0.6153827629 0.3626926863 1.6949863625 -0.1615340862 -0.7874330740 0.5635708508 0.1903780160
1413393938.2557604313 0.6276745035 0.3683818404 1.7015882527 -0.1489856401 -0.7842736004 0.5686908099 0.1982648772
1413393938.3057606220 0.6444642495 0.3724245219 1.7092892464 -0.1395639525 -0.7819633741 0.5737174548 0.1997585209
1413393938.3557605743 0.6665532092 0.3762260301 1.7210297763 -0.1335096802 -0.7803709766 0.5793414435 0.1938034986
1413393938.4057605267 0.6923503317 0.3803100186 1.7318358207 -0.1306672700 -0.7796218906 0.5851024502 0.1810273321
1413393938.4557604790 0.7222409717 0.3839263494 1.7452655834 -0.1302356921 -0.7794088719 0.5909792184 0.1621851976
1413393938.5057606697 0.7541638377 0.3882255695 1.7571541783 -0.1281635750 -0.7803115800 0.5951187254 0.1432537569
1413393938.5557603836 0.7884218098 0.3924683003 1.7680816869 -0.1244548671 -0.7818224556 0.5978220624 0.1259897441
1413393938.6057605743 0.8225246578 0.3994469259 1.7783130710 -0.1186813307 -0.7836675381 0.5997134334 0.1101078076
1413393938.6557605267 0.8583878239 0.4073171999 1.7840889372 -0.1124494580 -0.7859128651 0.6005648025 0.0949631818
1413393938.7057607174 0.8943662876 0.4162868906 1.7867643748 -0.1060778466 -0.7889346800 0.5997983816 0.0810645585
1413393938.7557604313 0.9303336719 0.4256062014 1.7878443540 -0.0983860549 -0.7905191877 0.6005589438 0.0687644760
1413393938.8057606220 0.9649081487 0.4379239325 1.7871428562 -0.0887475479 -0.7902391727 0.6034423094 0.0591886974
1413393938.8557605743 1.0004021561 0.4495500142 1.7814662805 -0.0770691905 -0.7886663949 0.6075966921 0.0537765483
1413393938.9057605267 1.0322919525 0.4636106659 1.7770950743 -0.0649063822 -0.7880903321 0.6102292494 0.0481773102
1413393938.9557604790 1.0663058977 0.4796492628 1.7741510261 -0.0529117617 -0.7884849504 0.6112405151 0.0433227559
1413393939.0057606697 1.0999089324 0.4969477139 1.7710613582 -0.0415568062 -0.7895268504 0.6111671177 0.0373515555
1413393939.0557603836 1.1335432456 0.5167227801 1.7717631399 -0.0305061966 -0.7893016611 0.6123869514 0.0324727799
1413393939.1057605743 1.1656081214 0.5373153674 1.7738941516 -0.0197627066 -0.7815367253 0.6229781907 0.0266074489
1413393939.1557605267 1.1971749088 0.5601732321 1.7749401052 -0.0088917833 -0.7725801730 0.6345126342 0.0208453698
1413393939.2057607174 1.2268716673 0.5868869436 1.7776745693 0.0005330742 -0.7709873481 0.6366958480 0.0140221989
1413393939.2557604313 1.2589852912 0.6154351855 1.7776825895 0.0085063681 -0.7764334512 0.6300727370 0.0093318608
1413393939.3057606220 1.2921489195 0.6456995816 1.7753173317 0.0145431732 -0.7867681148 0.6170557445 0.0051611848
1413393939.3557605743 1.3209900248 0.6793323910 1.7703423441 0.0197385781 -0.8022129331 0.5967086251 0.0019013827
1413393939.4057605267 1.3515613301 0.7121313156 1.7674288729 -0.0205239956 0.8209397365 -0.5706307340 0.0041569152
1413393939.4557604790 1.3833892536 0.7478870177 1.7596325713 -0.0187055990 0.8394390847 -0.5430101451 0.0114937386
1413393939.5057606697 1.4115731690 0.7793020000 1.7489955241 -0.0143163988 0.8561360701 -0.5161630126 0.0200453162
1413393939.5557603836 1.4421357946 0.8086119514 1.7359048593 -0.0089061433 0.8694446640 -0.4931665506 0.0278102526
1413393939.6057605743 1.4728125845 0.8301891353 1.7315027357 -0.0034691248 0.8811392148 -0.4716513251 0.0335660074
1413393939.6557605267 1.4978659606 0.8455881098 1.7173305786 0.0011120792 0.8901406476 -0.4541178877 0.0377536062
1413393939.7057607174 1.5216577534 0.8525304875 1.7032102628 0.0005283001 0.8959246082 -0.4428418373 0.0347839690
1413393939.7557604313 1.5401447657 0.8505538392 1.6877878365 -0.0026122346 0.8968094866 -0.4414486042 0.0291384765
1413393939.8057606220 1.5623665329 0.8404486585 1.6737625887 -0.0067404149 0.8905640513 -0.4543239343 0.0209761772
1413393939.8557605743 1.5801599405 0.8219534490 1.6603635518 -0.0089666330 0.8754358956 -0.4830162479 0.0150630829
1413393939.9057605267 1.6005411101 0.7918017868 1.6529652200 -0.0074113824 0.8531409267 -0.5214994680 0.0115730515
1413393939.9557604790 1.6177321017 0.7608404529 1.6493498980 -0.0062002566 0.8253543175 -0.5645071082 0.0091395919
1413393940.0057606697 1.6348029371 0.7312859808 1.6430295753 -0.0040332794 0.7964603779 -0.6046167500 0.0085548022
1413393940.0557603836 1.6508150413 0.7020464191 1.6398139908 0.0004305654 0.7682462593 -0.6400347233 0.0123714500
1413393940.1057605743 1.6672876338 0.6795834168 1.6400171648 0.0050752502 0.7435976757 -0.6683954674 0.0168593507
1413393940.1557605267 1.6829736787 0.6633605398 1.6372752568 0.0101432288 0.7243565714 -0.6889481659 0.0235604980
1413393940.2057607174 1.6993148350 0.6541980540 1.6367624018 0.0133849760 0.7091296988 -0.7044066887 0.0276971057
1413393940.2557604313 1.7081981350 0.6542853847 1.6318803131 0.0158570338 0.7025920475 -0.7107071102 0.0317548855
1413393940.3057606220 1.7160720804 0.6619390340 1.6288980734 0.0164801522 0.7094098832 -0.7038052636 0.0335286892
1413393940.3557605743 1.7225492267 0.6778840054 1.6226665743 0.0141580736 0.7273517754 -0.6854381271 0.0305535224
1413393940.4057605267 1.7269503322 0.7004387348 1.6171702871 0.0113082244 0.7511199570 -0.6595692754 0.0256769380
1413393940.4557604790 1.7267439072 0.7301430167 1.6094449127 0.0101824680 0.7779143407 -0.6278650973 0.0230437744
1413393940.5057606697 1.7281449767 0.7630111854 1.6050401929 0.0102232579 0.8076508855 -0.5891822908 0.0214420224
1413393940.5557603836 1.7316129217 0.7943077620 1.6030170791 0.0138438288 0.8341214410 -0.5508928014 0.0238094826
1413393940.6057605743 1.7307217163 0.8254551972 1.5983349155 0.0199250352 0.8538285463 -0.5193796707 0.0287152244
1413393940.6557605267 1.7267410781 0.8510033803 1.5999822372 0.0266165328 0.8677624062 -0.4951034843 0.0339485839
1413393940.7057607174 1.7217314841 0.8687567700 1.6038980907 0.0350121579 0.8770523127 -0.4773941906 0.0405977381
1413393940.7557604313 1.7134820714 0.8804580077 1.6107859408 0.0458304821 0.8825007883 -0.4654482476 0.0494960037
1413393940.8057606220 1.7035542576 0.8844831261 1.6170955669 0.0541172628 0.8818184788 -0.4653172751 0.0542892794
1413393940.8557605743 1.6828568268 0.8779873356 1.6296091843 0.0552823889 0.8744084905 -0.4792702471 0.0515138761
1413393940.9057605267 1.6598090107 0.8664540251 1.6415996183 0.0501839690 0.8630899930 -0.5008225838 0.0416410000
1413393940.9557604790 1.6317054818 0.8482057497 1.6550971956 0.0439985021 0.8476929485 -0.5276845616 0.0320905029
1413393941.0057606697 1.6049142261 0.8272183551 1.6707857369 0.0379692854 0.8281686641 -0.5587510306 0.0221874529
1413393941.0557603836 1.5721910169 0.8034462820 1.6862371885 0.0342951282 0.8051135710 -0.5918807613 0.0171215189
1413393941.1057605743 1.5395313286 0.7836176795 1.7023108488 0.0299448177 0.7816733947 -0.6228495932 0.0121817963
1413393941.1557605267 1.5062861603 0.7660298199 1.7179092317 0.0265355593 0.7609567675 -0.6481868698 0.0097182262
1413393941.2057607174 1.4729228893 0.7530121753 1.7333669705 0.0233563790 0.7446222322 -0.6670290117 0.0080317133
1413393941.2557604313 1.4383874846 0.7449584589 1.7457595488 0.0201196776 0.7366009570 -0.6759943778 0.0067697734
1413393941.3057606220 1.4047538134 0.7426856900 1.7590510201 0.0169374118 0.7419354849 -0.6702317623 0.0058519351
1413393941.3557605743 1.3707536889 0.7472606574 1.7668489799 0.0143708283 0.7548438665 -0.6557186330 0.0061066181
1413393941.4057605267 1.3331137390 0.7561291896 1.7741238106 0.0118160478 0.7730801234 -0.6341581464 0.0071378708
1413393941.4557604790 1.2968078306 0.7668631399 1.7828686426 0.0095804645 0.7929603790 -0.6091458604 0.0079607059
1413393941.5057606697 1.2591375259 0.7817604228 1.7907043656 0.0071467740 0.8141842065 -0.5805031358 0.0083132939
1413393941.5557603836 1.2205566951 0.7967728216 1.7964307897 0.0050804907 0.8329770440 -0.5532169160 0.0086299885
1413393941.6057605743 1.1829788741 0.8077058702 1.8079499264 0.0034006684 0.8493603163 -0.5277240375 0.0091010388
1413393941.6557605267 1.1469811670 0.8173200065 1.8166974989 0.0014836663 0.8609160884 -0.5086743767 0.0084655717
1413393941.7057607174 1.1060655971 0.8207000759 1.8254468606 0.0012329716 0.8696554296 -0.4935955069 0.0078351198
1413393941.7557604313 1.0658710411 0.8185048338 1.8321121281 0.0017537225 0.8765162960 -0.4813387901 0.0053922611
1413393941.8057606220 1.0247334748 0.8089970241 1.8399748654 0.0023983464 0.8811472873 -0.4728301246 0.0023193273
1413393941.8557605743 0.9848725940 0.7940900611 1.8435550234 -0.0033367602 -0.8803131658 0.4743793912 0.0013376730
1413393941.9057605267 0.9445784898 0.7706869095 1.8507344176 -0.0051351274 -0.8724244497 0.4887086409 0.0036158409
1413393941.9557604790 0.9052652984 0.7425561916 1.8576898635 -0.0070076396 -0.8601848593 0.5098942072 0.0063873571
1413393942.0057606697 0.8646110875 0.7102454984 1.8621198590 -0.0090436905 -0.8429676422 0.5378245527 0.0082774627
1413393942.0557603836 0.8253659364 0.6736230623 1.8739582620 -0.0106577546 -0.8218815805 0.5694565375 0.0107857187
1413393942.1057605743 0.7855789189 0.6388612117 1.8786993700 -0.0120882298 -0.7991607514 0.6008424574 0.0135760655
1413393942.1557605267 0.7468504174 0.6069085818 1.8838462058 -0.0129921274 -0.7776225885 0.6283799603 0.0165208954
1413393942.2057607174 0.7053093218 0.5747105536 1.8863808577 -0.0133676373 -0.7586212867 0.6511182894 0.0189742686
1413393942.2557604313 0.6691839985 0.5510984124 1.8949647205 -0.0128735903 -0.7459459281 0.6654941345 0.0227266357
1413393942.3057606220 0.6317018935 0.5320439737 1.9009947565 -0.0131324013 -0.7369124868 0.6754152022 0.0245322554
1413393942.3557605743 0.5954362714 0.5206299872 1.9071125496 -0.0130215067 -0.7333609249 0.6792090652 0.0262152614
1413393942.4057605267 0.5622225799 0.5157137586 1.9137513136 -0.0120774433 -0.7362133735 0.6760416192 0.0284909320
1413393942.4557604790 0.5278428156 0.5135072895 1.9228880513 -0.0115928243 -0.7461447323 0.6650028908 0.0300798957
1413393942.5057606697 0.4955402909 0.5176711625 1.9268624173 -0.0109156507 -0.7591019614 0.6501357653 0.0311214958
1413393942.5557603836 0.4619142111 0.5263516723 1.9318838840 -0.0101084338 -0.7765752854 0.6291595551 0.0314149634
1413393942.6057605743 0.4361275952 0.5398351784 1.9410235340 -0.0099348758 -0.7970465930 0.6029777581 0.0321846239
1413393942.6557605267 0.4064285023 0.5539475466 1.9435380153 -0.0109248113 -0.8162348049 0.5768077073 0.0305656770
1413393942.7057607174 0.3766985465 0.5694901278 1.9428990755 -0.0103779648 -0.8327703140 0.5527046446 0.0300579068
1413393942.7557604313 0.3496518875 0.5836274898 1.9386077196 -0.0105773540 -0.8460960756 0.5321373202 0.0289727944
1413393942.8057606220 0.3224262857 0.5928748695 1.9336560789 -0.0094638488 -0.8568008261 0.5147575386 0.0287655427
1413393942.8557605743 0.2971591813 0.5984476511 1.9277683336 -0.0086999972 -0.8644398951 0.5018648883 0.0282774061
1413393942.9057605267 0.2730909283 0.5980647773 1.9201357931 -0.0077247890 -0.8702751910 0.4917044568 0.0280739501
1413393942.9557604790 0.2472486075 0.5932640120 1.9102934429 -0.0072854157 -0.8739978387 0.4851531574 0.0264785693
1413393943.0057606697 0.2263316344 0.5830522076 1.9017931906 -0.0061652224 -0.8729727991 0.4869883559 0.0268853728
1413393943.0557603836 0.2044607696 0.5631217459 1.8939431333 -0.0051943056 -0.8639024632 0.5029364586 0.0264664278
1413393943.1057605743 0.1847903630 0.5398544747 1.8899416411 -0.0033382648 -0.8496225478 0.5266574376 0.0276102457
1413393943.1557605267 0.1646435314 0.5130069470 1.8887903839 -0.0028627929 -0.8308358291 0.5558631049 0.0268297979
1413393943.2057607174 0.1405480634 0.4830798670 1.8851852690 -0.0016268252 -0.8107111045 0.5848862486 0.0255525887
1413393943.2557604313 0.1219350802 0.4564846668 1.8810679171 -0.0008047317 -0.7897753926 0.6128286471 0.0263672321
1413393943.3057606220 0.1021692761 0.4301306706 1.8753471375 -0.0015443711 -0.7717980459 0.6353946798 0.0244743175
1413393943.3557605743 0.0866416374 0.4095726957 1.8722457176 -0.0014069525 -0.7549775478 0.6553401142 0.0231572355
1413393943.4057605267 0.0697217949 0.3937306594 1.8659124631 -0.0027345560 -0.7423846480 0.6696338017 0.0211690406
1413393943.4557604790 0.0566703323 0.3820998216 1.8638893306 -0.0033439278 -0.7349345236 0.6778155217 0.0206441925
1413393943.5057606697 0.0408710578 0.3770416953 1.8618232282 -0.0033194537 -0.7382693560 0.6741602259 0.0213384388
1413393943.5557603836 0.0278961147 0.3778048328 1.8588632096 -0.0028645164 -0.7521080678 0.6585834359 0.0243537841
1413393943.6057605743 0.0177353883 0.3832487647 1.8537815800 -0.0026715861 -0.7679774240 0.6398880388 0.0273283138
1413393943.6557605267 0.0041770509 0.3924374350 1.8495280016 -0.0024790004 -0.7884872935 0.6143624182 0.0289907163
1413393943.7057607174 -0.0057479758 0.4041413461 1.8466367773 -0.0027676406 -0.8083374813 0.5878944759 0.0310313011
1413393943.7557604313 -0.0165891563 0.4163737275 1.8412083551 -0.0041595945 -0.8261890982 0.5625324443 0.0308467310
1413393943.8057606220 -0.0246418433 0.4276397807 1.8349240106 -0.0054728041 -0.8414091712 0.5394310176 0.0318564311
1413393943.8557605743 -0.0329974509 0.4346637761 1.8324884603 -0.0086190209 -0.8520560154 0.5222905377 0.0337469009
1413393943.9057605267 -0.0412456059 0.4389023226 1.8308501362 -0.0135932516 -0.8589782065 0.5105409716 0.0363260315
1413393943.9557604790 -0.0479883161 0.4351504100 1.8321996963 -0.0184539903 -0.8614264694 0.5058326785 0.0416796037
1413393944.0057606697 -0.0554263850 0.4256700409 1.8373069246 -0.0267103064 -0.8573317571 0.5121199635 0.0447432774
1413393944.0557603836 -0.0620459022 0.4101946835 1.8454108944 -0.0365337908 -0.8492275128 0.5245796745 0.0478965414
1413393944.1057605743 -0.0661718869 0.3926919254 1.8565867503 -0.0491299935 -0.8380705463 0.5411482297 0.0488118484
1413393944.1557605267 -0.0729876067 0.3718112263 1.8683071534 -0.0645259119 -0.8241483365 0.5607521190 0.0466153110
1413393944.2057607174 -0.0772993871 0.3499443563 1.8804038474 -0.0804790409 -0.8083301718 0.5814548378 0.0451190530
1413393944.2557604313 -0.0837656686 0.3288842831 1.8939831153 -0.0938159390 -0.7913494241 0.6022960444 0.0469482000
1413393944.3057606220 -0.0941600687 0.3081415183 1.9039494606 -0.1059281328 -0.7741010560 0.6221350733 0.0499473360
1413393944.3557605743 -0.1026081674 0.2914979226 1.9145254105 -0.1161052632 -0.7586757369 0.6385684901 0.0562225716
1413393944.4057605267 -0.1148158209 0.2806242891 1.9205334014 -0.1237451464 -0.7468028165 0.6502813766 0.0640845006
1413393944.4557604790 -0.1248739870 0.2734748908 1.9287571102 -0.1314064794 -0.7394000056 0.6565674840 0.0702787863
1413393944.5057606697 -0.1368332246 0.2720639108 1.9339682365 -0.1351163451 -0.7391009409 0.6549696923 0.0805485855
1413393944.5557603836 -0.1474238374 0.2735957562 1.9433173096 -0.1366493463 -0.7481265609 0.6428359343 0.0916273250
1413393944.6057605743 -0.1583229451 0.2815192336 1.9509254020 -0.1375207568 -0.7619673763 0.6245368383 0.1022129964
1413393944.6557605267 -0.1664357939 0.2887960100 1.9532804105 -0.1399061942 -0.7782735467 0.6023728213 0.1089198217
1413393944.7057607174 -0.1743548919 0.2996709329 1.9600463570 -0.1429382057 -0.7961230923 0.5771419010 0.1125340721
1413393944.7557604313 -0.1828097210 0.3118589474 1.9653354557 -0.1458655695 -0.8116068707 0.5539919329 0.1145009233
1413393944.8057606220 -0.1918618451 0.3229105320 1.9709406268 -0.1490142627 -0.8247895502 0.5333799549 0.1141173566
1413393944.8557605743 -0.1990728385 0.3307416799 1.9773088294 -0.1518688514 -0.8349616302 0.5165156438 0.1139584036
1413393944.9057605267 -0.2072586006 0.3341304497 1.9861090475 -0.1541507374 -0.8426467940 0.5032741407 0.1135740730
1413393944.9557604790 -0.2172866627 0.3350050749 1.9959376804 -0.1579062742 -0.8473874988 0.4944841526 0.1117383474
1413393945.0057606697 -0.2274074511 0.3296467546 2.0099180277 -0.1613744250 -0.8473587372 0.4931935238 0.1127014351
1413393945.0557603836 -0.2397934702 0.3197292063 2.0265349389 -0.1632580563 -0.8397563595 0.5042774886 0.1177296830
1413393945.1057605743 -0.2544156210 0.3064493642 2.0419548778 -0.1647231690 -0.8256646265 0.5248109869 0.1253699730
1413393945.1557605267 -0.2689658645 0.2893120240 2.0578311937 -0.1667665264 -0.8074510056 0.5495639063 0.1348751724
1413393945.2057607174 -0.2825694842 0.2696243156 2.0709141989 -0.1691320071 -0.7859556534 0.5763608071 0.1465479279
1413393945.2557604313 -0.2976947888 0.2529835466 2.0751713027 -0.1730188111 -0.7633906853 0.6021005691 0.1573977676
1413393945.3057606220 -0.3069025881 0.2394991728 2.0801373607 -0.1776535056 -0.7437972702 0.6220991550 0.1679210949
1413393945.3557605743 -0.3176178984 0.2311876394 2.0856814022 -0.1844853801 -0.7299492079 0.6338247294 0.1772160007
1413393945.4057605267 -0.3275902665 0.2211395690 2.0803753596 -0.1933365645 -0.7220000939 0.6379891339 0.1852206852
1413393945.4557604790 -0.3334877429 0.2154422218 2.0738422420 -0.2044274322 -0.7193478157 0.6357905191 0.1910983015
1413393945.5057606697 -0.3351205882 0.2133212153 2.0627096283 -0.2190959194 -0.7227543770 0.6263673537 0.1930984901
1413393945.5557603836 -0.3392362329 0.2175078177 2.0500160010 -0.2341909797 -0.7301361723 0.6118479759 0.1941592370
1413393945.6057605743 -0.3415246666 0.2248211984 2.0401615457 -0.2476838567 -0.7388091010 0.5950111247 0.1969151614
1413393945.6557605267 -0.3391052963 0.2344094872 2.0245899642 -0.2606860034 -0.7465471057 0.5779415645 0.2017269802
1413393945.7057607174 -0.3359459273 0.2429193474 2.0137538826 -0.2733566328 -0.7550542695 0.5589458346 0.2067577216
1413393945.7557604313 -0.3297957216 0.2516586011 2.0006232599 -0.2862739336 -0.7629592811 0.5393741265 0.2121695595
1413393945.8057606220 -0.3274817438 0.2623501144 1.9882468684 -0.2995697739 -0.7704271521 0.5195531911 0.2162508622
1413393945.8557605743 -0.3251469458 0.2704465585 1.9754268087 -0.3129500462 -0.7760929277 0.5011360492 0.2204647279
1413393945.9057605267 -0.3230137715 0.2770907541 1.9650116221 -0.3238794530 -0.7790666736 0.4864372579 0.2270154445
1413393945.9557604790 -0.3243970895 0.2786294179 1.9599792388 -0.3338469755 -0.7741807206 0.4837350477 0.2349272492
1413393946.0057606697 -0.3277023734 0.2793127801 1.9551472356 -0.3401103861 -0.7634175181 0.4899370321 0.2479522593
1413393946.0557603836 -0.3335390462 0.2775414574 1.9528795763 -0.3447403148 -0.7482191338 0.5024516998 0.2624205262
1413393946.1057605743 -0.3380479487 0.2764909120 1.9543651584 -0.3484948044 -0.7306741744 0.5171093494 0.2779650030
1413393946.1557605267 -0.3432644948 0.2756534323 1.9551949383 -0.3517160285 -0.7114527637 0.5329046738 0.2935019744
1413393946.2057607174 -0.3463768654 0.2749709660 1.9568290804 -0.3555101068 -0.6920008177 0.5471518826 0.3088239785
1413393946.2557604313 -0.3470913527 0.2744003253 1.9561049181 -0.3612783738 -0.6761477537 0.5558385103 0.3214742639
1413393946.3057606220 -0.3415983445 0.2715831666 1.9555015104 -0.3705424848 -0.6659809180 0.5560181906 0.3316797484
1413393946.3557605743 -0.3348786618 0.2694548558 1.9518238058 -0.3852023249 -0.6586382113 0.5529409607 0.3347703235
1413393946.4057605267 -0.3218812591 0.2656276142 1.9457978043 -0.4036869230 -0.6559080680 0.5429874015 0.3346433271
1413393946.4557604790 -0.3092175637 0.2688521625 1.9407659272 -0.4235253735 -0.6543089707 0.5315538565 0.3315969338
1413393946.5057606697 -0.2951456545 0.2765362700 1.9360884424 -0.4435439206 -0.6536629822 0.5168853818 0.3298833101
1413393946.5557603836 -0.2789235283 0.2845915561 1.9304875813 -0.4637033209 -0.6546756082 0.4985519984 0.3283671469
1413393946.6057605743 -0.2605090228 0.2926485015 1.9272897728 -0.4826428248 -0.6573718550 0.4764651105 0.3284800546
1413393946.6557605267 -0.2453035099 0.3027636780 1.9190146430 -0.5011934855 -0.6598781826 0.4525090925 0.3295472582
1413393946.7057607174 -0.2314646254 0.3140950710 1.9123375232 -0.5181656281 -0.6613853822 0.4278276766 0.3332225041
1413393946.7557604313 -0.2216588995 0.3244058509 1.9052574630 -0.5327041564 -0.6602789389 0.4058432558 0.3399253686
1413393946.8057606220 -0.2137765585 0.3311985601 1.9043738925 -0.5457477324 -0.6544232220 0.3898289265 0.3491748376
1413393946.8557605743 -0.2114870466 0.3411431666 1.9041586023 -0.5562132560 -0.6456630287 0.3801813493 0.3594554338
1413393946.9057605267 -0.2115631571 0.3475000809 1.9065528134 -0.5632024425 -0.6316274532 0.3776664924 0.3757895549
1413393946.9557604790 -0.2167284503 0.3482808023 1.9165016742 -0.5665041818 -0.6136499298 0.3821374651 0.3955726652
1413393947.0057606697 -0.2239796801 0.3512418937 1.9248510975 -0.5658009721 -0.5913643198 0.3929567785 0.4192164971
1413393947.0557603836 -0.2313242536 0.3512913418 1.9284766092 -0.5645023315 -0.5692063670 0.4029692386 0.4415393779
1413393947.1057605743 -0.2359862418 0.3487742636 1.9306496324 -0.5640831902 -0.5482155651 0.4098337324 0.4618507989
1413393947.1557605267 -0.2392297437 0.3452772513 1.9266828034 -0.5672873842 -0.5294806239 0.4119618680 0.4776219341
1413393947.2057607174 -0.2399304872 0.3424147879 1.9177146536 -0.5741682713 -0.5151857482 0.4087465228 0.4876891645
1413393947.2557604313 -0.2373731284 0.3361615512 1.9056611973 -0.5826470919 -0.5026112313 0.4025850158 0.4958120828
1413393947.3057606220 -0.2338656427 0.3308006482 1.8898603326 -0.5929510525 -0.4907683124 0.3947091972 0.5017570753
1413393947.3557605743 -0.2267432035 0.3253019013 1.8715533760 -0.6030949434 -0.4786298289 0.3869890384 0.5073750687
1413393947.4057605267 -0.2169077252 0.3177050568 1.8505145263 -0.6157594227 -0.4657946242 0.3797369516 0.5095837017
1413393947.4557604790 -0.2042746005 0.3090415448 1.8279000315 -0.6331428275 -0.4515980971 0.3743781642 0.5050052562
1413393947.5057606697 -0.1905088531 0.3021030033 1.8030286374 -0.6521633937 -0.4367665216 0.3692093670 0.4975965803
1413393947.5557603836 -0.1743180114 0.2947184093 1.7790509892 -0.6700617974 -0.4216799383 0.3640721606 0.4905656726
1413393947.6057605743 -0.1560932333 0.2868317184 1.7556338583 -0.6871834767 -0.4064901749 0.3584782335 0.4837747028
1413393947.6557605267 -0.1343079474 0.2830351485 1.7312462038 -0.7061394469 -0.3917967785 0.3500060633 0.4747189922
1413393947.7057607174 -0.1108512486 0.2830686381 1.7065244000 -0.7236072149 -0.3820387023 0.3363834559 0.4661386051
1413393947.7557604313 -0.0850260607 0.2860680364 1.6821027882 -0.7384466549 -0.3757603067 0.3162284568 0.4620609190
1413393947.8057606220 -0.0617750609 0.2926976617 1.6615409188 -0.7490141771 -0.3724428645 0.2939384605 0.4624545995
1413393947.8557605743 -0.0375049326 0.3032189861 1.6426591035 -0.7556008455 -0.3697979138 0.2702452056 0.4682781163
1413393947.9057605267 -0.0144363724 0.3170494267 1.6262950391 -0.7593963222 -0.3654955686 0.2497733516 0.4768055033
1413393947.9557604790 0.0050025537 0.3329867038 1.6125348602 -0.7599994249 -0.3593504256 0.2330160071 0.4888473035
1413393948.0057606697 0.0218296602 0.3510849089 1.6013631132 -0.7537067570 -0.3555017391 0.2158653345 0.5088681513
1413393948.0557603836 0.0366579256 0.3696029000 1.5913665830 -0.7459810992 -0.3514071267 0.2012164485 0.5287127498
1413393948.1057605743 0.0487726749 0.3851463932 1.5819354876 -0.7393205067 -0.3463228864 0.1885433691 0.5458177761
1413393948.1557605267 0.0571022160 0.3997759489 1.5748305991 -0.7350373288 -0.3381412558 0.1817101124 0.5588935958
1413393948.2057607174 0.0638781871 0.4119830210 1.5693503115 -0.7314915781 -0.3274730922 0.1799867871 0.5703386726
1413393948.2557604313 0.0685053422 0.4210748030 1.5646469075 -0.7280236317 -0.3153628913 0.1812702505 0.5810928796
1413393948.3057606220 0.0719657381 0.4276332897 1.5618724610 -0.7253305441 -0.3014257179 0.1865961852 0.5901016879
1413393948.3557605743 0.0757918434 0.4305684611 1.5598916943 -0.7212908913 -0.2875072508 0.1922908943 0.6000860295
1413393948.4057605267 0.0801353756 0.4288072949 1.5587103608 -0.7171046671 -0.2746618008 0.1957724255 0.6099138866
1413393948.4557604790 0.0847483261 0.4241432772 1.5571502794 -0.7151634287 -0.2632723802 0.1977501764 0.6165418006
1413393948.5057606697 0.0919428175 0.4169457880 1.5551699480 -0.7160381335 -0.2534777908 0.1975454926 0.6196887761
1413393948.5557603836 0.1013894919 0.4054122892 1.5527277955 -0.7231189772 -0.2454255772 0.1959851491 0.6151870058
1413393948.6057605743 0.1113505566 0.3893484769 1.5500286398 -0.7350116168 -0.2413663997 0.1883441569 0.6050013742
1413393948.6557605267 0.1245083410 0.3707908218 1.5445937294 -0.7506152222 -0.2393278304 0.1773173049 0.5897944991
1413393948.7057607174 0.1403887926 0.3495719835 1.5389324952 -0.7662051983 -0.2374028493 0.1653702703 0.5737788380
1413393948.7557604313 0.1537680570 0.3292358557 1.5341352401 -0.7809982880 -0.2347112606 0.1528568862 0.5581998483
1413393948.8057606220 0.1669580430 0.3087468691 1.5318800291 -0.7948507591 -0.2304182503 0.1414519697 0.5432412364
1413393948.8557605743 0.1783674355 0.2903538171 1.5299154242 -0.8070025579 -0.2231585899 0.1331158634 0.5303086669
1413393948.9057605267 0.1908008351 0.2726050049 1.5301243595 -0.8158569960 -0.2139863998 0.1263892130 0.5221235004
1413393948.9557604790 0.1997897077 0.2590322958 1.5317221005 -0.8212501041 -0.2027756275 0.1208415400 0.5194493561
1413393949.0057606697 0.2059785075 0.2497299210 1.5355946935 -0.8205732004 -0.1902144982 0.1164703541 0.5262249748
1413393949.0557603836 0.2104039778 0.2436238867 1.5414438656 -0.8166532725 -0.1788932706 0.1097553484 0.5376136101
1413393949.1057605743 0.2149994568 0.2388053226 1.5481622788 -0.8103795252 -0.1666352798 0.1036222757 0.5520689564
1413393949.1557605267 0.2185489215 0.2345687523 1.5555406493 -0.8027633509 -0.1551800473 0.0965322060 0.5676016989
1413393949.2057607174 0.2219149632 0.2316449703 1.5626656688 -0.7945182650 -0.1432516322 0.0905393955 0.5831143235
1413393949.2557604313 0.2233488595 0.2274529365 1.5714656045 -0.7872378358 -0.1312591618 0.0849648313 0.5964969403
1413393949.3057606220 0.2255326711 0.2223172997 1.5807599673 -0.7783079822 -0.1199616105 0.0787738730 0.6112614611
1413393949.3557605743 0.2272408336 0.2151757813 1.5890520340 -0.7707748622 -0.1084487782 0.0737227076 0.6234660670
1413393949.4057605267 0.2297335849 0.2040774977 1.5987671427 -0.7628849634 -0.0966685096 0.0693500746 0.6354937443
1413393949.4557604790 0.2313108812 0.1898117572 1.6079437717 -0.7565304070 -0.0837231732 0.0673003925 0.6450758333
1413393949.5057606697 0.2353224980 0.1706490395 1.6164663351 -0.7554211571 -0.0702203898 0.0688718330 0.6478152845
1413393949.5557603836 0.2377477160 0.1485813695 1.6217124711 -0.7626391121 -0.0573078851 0.0728959037 0.6401434044
1413393949.6057605743 0.2428475970 0.1224056732 1.6264139777 -0.7727279165 -0.0460550546 0.0776636858 0.6282824611
1413393949.6557605267 0.2489332850 0.0924876598 1.6304414398 -0.7831254318 -0.0365136608 0.0828327457 0.6152398287
1413393949.7057607174 0.2577314738 0.0612122470 1.6350085325 -0.7928915361 -0.0259590644 0.0901337634 0.6021005262
1413393949.7557604313 0.2690149492 0.0298591795 1.6401399400 -0.8009231326 -0.0138870393 0.0977335517 0.5905738216
1413393949.8057606220 0.2851972196 -0.0038887597 1.6469762948 -0.8072743354 -0.0007644294 0.1056243870 0.5806470976
1413393949.8557605743 0.3063356045 -0.0345553105 1.6526241926 -0.8115914516 0.0145734738 0.1148474357 0.5726403724
1413393949.9057605267 0.3325038802 -0.0646488799 1.6606714059 -0.8156967997 0.0279073928 0.1223619148 0.5647012220
1413393949.9557604790 0.3633028480 -0.0921620000 1.6680297253 -0.8187576187 0.0389912880 0.1286507807 0.5581797362
1413393950.0057606697 0.4009443456 -0.1182633113 1.6757715767 -0.8218286898 0.0454669802 0.1292869713 0.5530056396
1413393950.0557603836 0.4447344090 -0.1429968917 1.6844100361 -0.8258884186 0.0419640152 0.1183231527 0.5496789727
1413393950.1057605743 0.4955356972 -0.1650339956 1.6908896663 -0.8299287211 0.0290095182 0.0967462641 0.5486500944
1413393950.1557605267 0.5510504541 -0.1854610869 1.6974891761 -0.8359770629 0.0147740517 0.0744227672 0.5434936333
1413393950.2057607174 0.6122809623 -0.2038275687 1.7030582071 -0.8409901480 -0.0004682888 0.0526072706 0.5384866078
1413393950.2557604313 0.6693002786 -0.2192284258 1.7127924243 -0.8454634679 -0.0151134706 0.0312004753 0.5329067815
1413393950.3057606220 0.7312739138 -0.2306364674 1.7202944537 -0.8485656255 -0.0254472856 0.0156507810 0.5282460297
1413393950.3557605743 0.7894345582 -0.2382522396 1.7295198352 -0.8515136478 -0.0293610243 0.0083305677 0.5234434444
1413393950.4057605267 0.8497690476 -0.2425795917 1.7363247824 -0.8534412014 -0.0301567260 0.0056276408 0.5202855151
1413393950.4557604790 0.9055153812 -0.2426318365 1.7423138442 -0.8539446582 -0.0292365055 0.0045698125 0.5195217650
1413393950.5057606697 0.9578000082 -0.2397614634 1.7468127008 -0.8517564854 -0.0263173499 0.0054807223 0.5232477886
1413393950.5557603836 1.0122284096 -0.2326436587 1.7483546288 -0.8476012023 -0.0232184254 0.0069699590 0.5300797358
1413393950.6057605743 1.0664952374 -0.2231841028 1.7495873408 -0.8416146361 -0.0210145106 0.0080508722 0.5396094681
1413393950.6557605267 1.1203636689 -0.2102001095 1.7488970293 -0.8344071907 -0.0185507262 0.0091702069 0.5507598551
1413393950.7057607174 1.1742249457 -0.1971073633 1.7446138854 -0.8271817603 -0.0169785611 0.0095780550 0.5615962293
1413393950.7557604313 1.2242203948 -0.1824750453 1.7388447320 -0.8219929950 -0.0164694232 0.0086623034 0.5691934986
1413393950.8057606220 1.2759834580 -0.1661896983 1.7282339350 -0.8177883154 -0.0161494378 0.0068949249 0.5752511859
1413393950.8557605743 1.3254279054 -0.1491381355 1.7166551764 -0.8149474332 -0.0162847285 0.0052793781 0.5792819840
1413393950.9057605267 1.3737471338 -0.1332241395 1.6986240025 -0.8135059537 -0.0182881826 0.0008818138 0.5812682926
1413393950.9557604790 1.4228737045 -0.1169018649 1.6757251471 -0.8125988320 -0.0227779020 -0.0073404984 0.5823318835
1413393951.0057606697 1.4685081728 -0.0990507041 1.6560587593 -0.8132643146 -0.0282135622 -0.0160815597 0.5809875497
1413393951.0557603836 1.5132292714 -0.0837800123 1.6369836212 -0.8142130479 -0.0319973998 -0.0224618914 0.5792484290
1413393951.1057605743 1.5569356905 -0.0674395537 1.6190795554 -0.8157169728 -0.0313127031 -0.0225261025 0.5771636766
1413393951.1557605267 1.5956206903 -0.0503286680 1.6037684440 -0.8158082565 -0.0283000361 -0.0191719714 0.5773113823
1413393951.2057607174 1.6309718210 -0.0333847315 1.5896049404 -0.8155627549 -0.0246493589 -0.0156287205 0.5779321284
1413393951.2557604313 1.6652605975 -0.0157591150 1.5771571342 -0.8150966479 -0.0210874347 -0.0122258320 0.5788119762
1413393951.3057606220 1.6982743033 0.0021100632 1.5654794410 -0.8149984183 -0.0178328590 -0.0101132772 0.5791004135
1413393951.3557605743 1.7266819377 0.0187961337 1.5536717848 -0.8153987106 -0.0150619355 -0.0095134435 0.5786255916
1413393951.4057605267 1.7574729085 0.0370362336 1.5443117039 -0.8171584425 -0.0129556887 -0.0096227299 0.5761871511
1413393951.4557604790 1.7868003211 0.0559259713 1.5355681663 -0.8203166872 -0.0118839213 -0.0110975239 0.5716783625
1413393951.5057606697 1.8127873416 0.0748104252 1.5229602517 -0.8235237396 -0.0110743907 -0.0127802521 0.5670296935
1413393951.5557603836 1.8386362237 0.0930252224 1.5112149694 -0.8262573315 -0.0106096011 -0.0146970726 0.5630011142
1413393951.6057605743 1.8622832388 0.1148544984 1.4983205054 -0.8279812229 -0.0102451924 -0.0170721866 0.5604022403
1413393951.6557605267 1.8867967081 0.1371538360 1.4830597536 -0.8277662899 -0.0096408699 -0.0189018766 0.5606716882
1413393951.7057607174 1.9066184582 0.1603313964 1.4652397858 -0.8261765285 -0.0096461788 -0.0218247619 0.5629058311
1413393951.7557604313 1.9254419100 0.1848573143 1.4462388599 -0.8243876296 -0.0096681042 -0.0251491933 0.5653840128
1413393951.8057606220 1.9435850594 0.2099211705 1.4266016447 -0.8221965823 -0.0078931671 -0.0262194596 0.5685446491
1413393951.8557605743 1.9592826567 0.2365197495 1.4091400484 -0.8199990122 -0.0051344832 -0.0263357199 0.5717356792
1413393951.9057605267 1.9735791560 0.2625239891 1.3907646029 -0.8184059923 -0.0023354775 -0.0267794726 0.5740113563
1413393951.9557604790 1.9884670102 0.2897489103 1.3741822412 -0.8175255149 0.0003872415 -0.0266048890 0.5752773787
1413393952.0057606697 1.9992227607 0.3175211390 1.3594217898 -0.8165989698 0.0031221026 -0.0273437065 0.5765489544
1413393952.0557603836 2.0110248110 0.3448552449 1.3452110184 -0.8156526712 0.0054564790 -0.0281143639 0.5778326136
1413393952.1057605743 2.0194201895 0.3731987824 1.3311791544 -0.8143229187 0.0086994957 -0.0273462442 0.5797022390
1413393952.1557605267 2.0271416587 0.4011172737 1.3222898051 -0.8133514008 0.0104726580 -0.0286911006 0.5809704321
1413393952.2057607174 2.0341397733 0.4296751592 1.3162187676 -0.8127343141 0.0137407612 -0.0277896331 0.5818091289
1413393952.2557604313 2.0416697758 0.4570526576 1.3171230877 -0.8122587825 0.0170444446 -0.0261528214 0.5824613180
1413393952.3057606220 2.0466428104 0.4840902802 1.3209735054 -0.8121319070 0.0191074310 -0.0244883744 0.5826465405
1413393952.3557605743 2.0479759998 0.5113941049 1.3260163928 -0.8116544980 0.0185524191 -0.0222316925 0.5834196906
1413393952.4057605267 2.0494167114 0.5384949797 1.3327461670 -0.8115426877 0.0154887584 -0.0197241524 0.5837546764
1413393952.4557604790 2.0506975647 0.5659815659 1.3397933018 -0.8109990834 0.0095359752 -0.0179643979 0.5846937936
1413393952.5057606697 2.0513684462 0.5913915393 1.3455103885 -0.8110905198 0.0020837498 -0.0149122462 0.5847268179
1413393952.5557603836 2.0468177968 0.6189037983 1.3496752418 -0.8111718626 -0.0065188435 -0.0120856135 0.5846466043
1413393952.6057605743 2.0455400203 0.6440835199 1.3556640566 -0.8109228886 -0.0162281614 -0.0083623822 0.5848681784
1413393952.6557605267 2.0426467321 0.6693932773 1.3612487089 -0.8110007924 -0.0261413276 -0.0031483093 0.5844522512
1413393952.7057607174 2.0379320058 0.6941089725 1.3671743342 -0.8106581072 -0.0363360257 0.0025463423 0.5843856968
1413393952.7557604313 2.0333949090 0.7180111397 1.3722780443 -0.8105857650 -0.0457031807 0.0098354108 0.5837509756
1413393952.8057606220 2.0274872572 0.7424522458 1.3789917892 -0.8105211540 -0.0541139375 0.0162391754 0.5829780698
1413393952.8557605743 2.0206526465 0.7667277420 1.3847468595 -0.8106183092 -0.0610261484 0.0225545474 0.5819493606
1413393952.9057605267 2.0146574693 0.7915819992 1.3940578065 -0.8108834763 -0.0638147044 0.0321043668 0.5808312845
1413393952.9557604790 2.0069312688 0.8159938556 1.4009482692 -0.8114529548 -0.0648989680 0.0421509831 0.5792715432
1413393953.0057606697 2.0005355861 0.8405840869 1.4083864082 -0.8121040253 -0.0647241470 0.0516745029 0.5776050403
1413393953.0557603836 1.9942979788 0.8649767352 1.4166014341 -0.8128387094 -0.0644743613 0.0598405759 0.5758084706
1413393953.1057605743 1.9900613074 0.8910544178 1.4235947351 -0.8133729013 -0.0639170243 0.0669058448 0.5743367874
1413393953.1557605267 1.9839944632 0.9162326576 1.4234520225 -0.8136987688 -0.0631958042 0.0718910779 0.5733517915
1413393953.2057607174 1.9785708905 0.9425617568 1.4225226569 -0.8139930157 -0.0627252767 0.0759736991 0.5724586510
1413393953.2557604313 1.9750566564 0.9683579752 1.4124788262 -0.8137578421 -0.0613809242 0.0799939517 0.5723910588
1413393953.3057606220 1.9737132910 0.9961212890 1.4059892565 -0.8142297089 -0.0587389452 0.0858005272 0.5711549588
1413393953.3557605743 1.9730066369 1.0232300764 1.3978917555 -0.8134779648 -0.0558724640 0.0903027286 0.5718192771
1413393953.4057605267 1.9753875777 1.0509459478 1.3921682213 -0.8113463473 -0.0534856899 0.0933727196 0.5745762969
1413393953.4557604790 1.9791030167 1.0783370776 1.3888001148 -0.8090327757 -0.0518044463 0.0948179783 0.5777471923
1413393953.5057606697 1.9875118405 1.1073148352 1.3926885722 -0.8057619483 -0.0531688826 0.0918858012 0.5826471935
1413393953.5557603836 1.9948338684 1.1360123723 1.3967272129 -0.8021952596 -0.0563824312 0.0846238912 0.5883388343
1413393953.6057605743 2.0056332006 1.1629630436 1.4030775213 -0.7984934618 -0.0623207241 0.0731052680 0.5942894401
1413393953.6557605267 2.0187474054 1.1902107021 1.4120293520 -0.7956269545 -0.0677299530 0.0632823737 0.5986532752
1413393953.7057607174 2.0322996650 1.2128586807 1.4191250203 -0.7920585952 -0.0719529884 0.0542960161 0.6037531713
1413393953.7557604313 2.0459034991 1.2365771565 1.4257630636 -0.7888733879 -0.0746070443 0.0480165894 0.6081175658
1413393953.8057606220 2.0601358078 1.2578169496 1.4289188205 -0.7865763879 -0.0767224690 0.0449602890 0.6110563158
1413393953.8557605743 2.0700662445 1.2773093124 1.4313117060 -0.7847365085 -0.0795525918 0.0433025118 0.6131760675
1413393953.9057605267 2.0832069517 1.2955904801 1.4328559105 -0.7836625071 -0.0828224779 0.0452053372 0.6139788185
1413393953.9557604790 2.0960577649 1.3093944900 1.4312714996 -0.7848352053 -0.0876874507 0.0472988149 0.6116432241
1413393954.0057606697 2.1073357959 1.3225494654 1.4258998561 -0.7897482893 -0.0935404882 0.0495977222 0.6042250264
1413393954.0557603836 2.1164334486 1.3330423646 1.4203189336 -0.7941414391 -0.1003051901 0.0522364651 0.5971177399
1413393954.1057605743 2.1267584786 1.3423342029 1.4201315966 -0.8004357489 -0.1064417610 0.0570465683 0.5871272880
1413393954.1557605267 2.1346460296 1.3492947345 1.4170990025 -0.8072239966 -0.1138038032 0.0605076837 0.5760008107
1413393954.2057607174 2.1415884612 1.3560476291 1.4147214881 -0.8141704679 -0.1217442612 0.0648410641 0.5640039188
1413393954.2557604313 2.1515511402 1.3645936555 1.4152525979 -0.8205014920 -0.1306009886 0.0707950521 0.5520042971
1413393954.3057606220 2.1544091178 1.3718578347 1.4179223931 -0.8251307047 -0.1398355887 0.0761921685 0.5420332848
1413393954.3557605743 2.1569748439 1.3827583767 1.4200615330 -0.8282592682 -0.1500233609 0.0825475604 0.5335405103
1413393954.4057605267 2.1592428966 1.3960333521 1.4237396440 -0.8297049694 -0.1612941256 0.0892132387 0.5268917032
1413393954.4557604790 2.1602023987 1.4120380644 1.4273615633 -0.8294713333 -0.1736715409 0.0965774769 0.5220041131
1413393954.5057606697 2.1583338261 1.4312591222 1.4332898940 -0.8281800104 -0.1867035999 0.1038239613 0.5181507707
1413393954.5557603836 2.1536134943 1.4511142112 1.4383157172 -0.8266631507 -0.2000176195 0.1108024785 0.5141437523
1413393954.6057605743 2.1484350714 1.4740433183 1.4429653526 -0.8245141472 -0.2122693293 0.1185466803 0.5109450436
1413393954.6557605267 2.1392604335 1.5002805262 1.4515515457 -0.8218014780 -0.2238014468 0.1249328821 0.5088683701
1413393954.7057607174 2.1301896946 1.5297503925 1.4570742886 -0.8197578607 -0.2343969881 0.1304237223 0.5060086506
1413393954.7557604313 2.1180187595 1.5618206684 1.4641284533 -0.8181571183 -0.2427984664 0.1348854730 0.5034617598
1413393954.8057606220 2.1035604574 1.5976917366 1.4695801091 -0.8167057603 -0.2498295089 0.1390538311 0.5012394135
1413393954.8557605743 2.0867275596 1.6356964730 1.4757200074 -0.8153536698 -0.2558801579 0.1418453678 0.4996034723
1413393954.9057605267 2.0676692662 1.6761503995 1.4826850183 -0.8142024458 -0.2608032115 0.1437315344 0.4983947313
1413393954.9557604790 2.0458955248 1.7203168097 1.4887847186 -0.8115998880 -0.2645656929 0.1457162485 0.5000773848
1413393955.0057606697 2.0202536831 1.7674216011 1.4956417659 -0.8067937215 -0.2666172482 0.1484002967 0.5059411881
1413393955.0557603836 1.9929666691 1.8155507523 1.5037485705 -0.7994406854 -0.2686924478 0.1520522685 0.5153436394
1413393955.1057605743 1.9637210326 1.8661163006 1.5130524700 -0.7927653106 -0.2713243488 0.1561224952 0.5230028935
1413393955.1557605267 1.9324208960 1.9157212749 1.5198961618 -0.7859555554 -0.2747450740 0.1598487057 0.5303182069
1413393955.2057607174 1.8990108453 1.9672868952 1.5264958201 -0.7808456844 -0.2760437036 0.1672280180 0.5348968881
1413393955.2557604313 1.8644867056 2.0170476577 1.5342497800 -0.7773320070 -0.2770103569 0.1761075018 0.5366622410
1413393955.3057606220 1.8293127195 2.0679653537 1.5428798284 -0.7742661887 -0.2778795607 0.1859768445 0.5373150212
1413393955.3557605743 1.7927883903 2.1170447101 1.5496591902 -0.7714869478 -0.2815787168 0.1939208729 0.5365780564
1413393955.4057605267 1.7579516548 2.1664030128 1.5564119393 -0.7681426459 -0.2876588667 0.2012211286 0.5354617721
1413393955.4557604790 1.7214816166 2.2151172062 1.5632747304 -0.7610174169 -0.2963096948 0.2087966745 0.5380120860
1413393955.5057606697 1.6855418770 2.2647207618 1.5702542286 -0.7517838872 -0.3062928970 0.2186436219 0.5414800226
1413393955.5557603836 1.6492551647 2.3113071728 1.5782899896 -0.7409659360 -0.3175894233 0.2291001312 0.5455452041
1413393955.6057605743 1.6140632636 2.3571776435 1.5844713806 -0.7275195688 -0.3319942656 0.2385313042 0.5509971883
1413393955.6557605267 1.5814330467 2.4024016786 1.5850564112 -0.7138333834 -0.3485066096 0.2458461690 0.5554680054
1413393955.7057607174 1.5490638914 2.4453297501 1.5838440279 -0.7020949197 -0.3669241352 0.2467307885 0.5581696165
1413393955.7557604313 1.5178720963 2.4881377785 1.5787016747 -0.6908580078 -0.3863489576 0.2433113087 0.5605794351
1413393955.8057606220 1.4864991857 2.5255322007 1.5717855553 -0.6814092777 -0.4043604849 0.2377090458 0.5618437541
1413393955.8557605743 1.4560436609 2.5592863134 1.5629416078 -0.6757044469 -0.4202850675 0.2317002938 0.5595524429
1413393955.9057605267 1.4243782299 2.5907551130 1.5513107882 -0.6753578698 -0.4315526790 0.2305134653 0.5518311112
1413393955.9557604790 1.3927465428 2.6180374817 1.5468453885 -0.6801297428 -0.4362794209 0.2382828845 0.5387996536
1413393956.0057606697 1.3582194209 2.6402618588 1.5416158443 -0.6864254113 -0.4375722520 0.2490205688 0.5247279632
1413393956.0557603836 1.3222103564 2.6597452153 1.5389866507 -0.6913463911 -0.4375192961 0.2615077542 0.5120846879
1413393956.1057605743 1.2840704890 2.6760706311 1.5356503103 -0.6941958278 -0.4371106598 0.2738422647 0.5020327060
1413393956.1557605267 1.2446420665 2.6934496870 1.5337425371 -0.6947758050 -0.4387029907 0.2852516242 0.4934144075
1413393956.2057607174 1.2051500474 2.7083286843 1.5314813582 -0.6928217690 -0.4422398125 0.2956659803 0.4868301271
1413393956.2557604313 1.1649270040 2.7232851820 1.5331618476 -0.6864079083 -0.4467494208 0.3063961813 0.4851603019
1413393956.3057606220 1.1241669485 2.7375428933 1.5338307851 -0.6767512056 -0.4529136342 0.3167497317 0.4863606205
1413393956.3557605743 1.0831644830 2.7524721209 1.5364239365 -0.6654027855 -0.4596141424 0.3283925442 0.4880085144
1413393956.4057605267 1.0455843523 2.7628939266 1.5376422255 -0.6531775112 -0.4672964914 0.3393265102 0.4897454924
1413393956.4557604790 1.0069342179 2.7747619323 1.5405981784 -0.6408967528 -0.4759897083 0.3500910336 0.4900218547
1413393956.5057606697 0.9708717049 2.7859484075 1.5417580923 -0.6300343758 -0.4862601318 0.3601803879 0.4867009940
1413393956.5557603836 0.9356968435 2.7955910739 1.5426421930 -0.6211224050 -0.4979638847 0.3689912990 0.4796710840
1413393956.6057605743 0.9043453668 2.8025191074 1.5433147423 -0.6129378316 -0.5103953728 0.3773334208 0.4705563383
1413393956.6557605267 0.8722678459 2.8097502793 1.5435907288 -0.6054363933 -0.5243903000 0.3840912649 0.4592771354
1413393956.7057607174 0.8413761141 2.8191492078 1.5448346852 -0.5986381629 -0.5390765425 0.3897885675 0.4461991752
1413393956.7557604313 0.8114268601 2.8261080455 1.5444896460 -0.5919135972 -0.5539391456 0.3943009001 0.4328007816
1413393956.8057606220 0.7832636350 2.8312888934 1.5454426569 -0.5842325863 -0.5671759452 0.4002095311 0.4204950220
1413393956.8557605743 0.7529091959 2.8366375130 1.5475493236 -0.5769192541 -0.5784072996 0.4078182683 0.4077909146
1413393956.9057605267 0.7234198170 2.8430502992 1.5494990079 -0.5686469223 -0.5883234801 0.4171315251 0.3956228650
1413393956.9557604790 0.6938043915 2.8480864414 1.5520600194 -0.5604400539 -0.5970187107 0.4265088663 0.3841429318
1413393957.0057606697 0.6633625218 2.8552196379 1.5558155766 -0.5508632805 -0.6064812953 0.4344253618 0.3741720055
1413393957.0557603836 0.6333304136 2.8625033158 1.5578263539 -0.5405062043 -0.6162636858 0.4419701773 0.3643274285
1413393957.1057605743 0.6015718059 2.8697741961 1.5600907128 -0.5278817196 -0.6277034753 0.4471855452 0.3568673779
1413393957.1557605267 0.5694399585 2.8783126117 1.5615317971 -0.5139395735 -0.6392656950 0.4526720265 0.3497049077
1413393957.2057607174 0.5359978975 2.8854491459 1.5632734085 -0.4990027964 -0.6505250885 0.4590661203 0.3421572966
1413393957.2557604313 0.5024297633 2.8920555906 1.5649168283 -0.4839369167 -0.6616583190 0.4655530201 0.3335771500
1413393957.3057606220 0.4707879830 2.8996516384 1.5663224988 -0.4686892944 -0.6725634696 0.4722044508 0.3240550592
1413393957.3557605743 0.4356662743 2.9067182887 1.5679346205 -0.4527646413 -0.6828831666 0.4792481106 0.3146363120
1413393957.4057605267 0.4005408408 2.9150127789 1.5691328585 -0.4371005336 -0.6922073017 0.4861335854 0.3057226065
1413393957.4557604790 0.3664600806 2.9220684741 1.5714627007 -0.4212203315 -0.6998268166 0.4941817358 0.2976579768
1413393957.5057606697 0.3317560171 2.9306326574 1.5707216885 -0.4056708383 -0.7065172050 0.5019603806 0.2903452881
1413393957.5557603836 0.2969561768 2.9400016340 1.5699089850 -0.3906511962 -0.7126393263 0.5098273629 0.2821575685
1413393957.6057605743 0.2611155343 2.9478857290 1.5650337280 -0.3751318474 -0.7180833570 0.5181402233 0.2741588928
1413393957.6557605267 0.2267808361 2.9559783287 1.5572355356 -0.3591602043 -0.7217264860 0.5283929530 0.2663000457
1413393957.7057607174 0.1917841185 2.9646943952 1.5487381937 -0.3417717890 -0.7242766754 0.5396103771 0.2596843905
1413393957.7557604313 0.1586530764 2.9731632043 1.5357484685 -0.3245098987 -0.7275507014 0.5492745721 0.2523108141
1413393957.8057606220 0.1270759011 2.9844219270 1.5196707097 -0.3052200048 -0.7324922093 0.5559885620 0.2473310147
1413393957.8557605743 0.0961698502 2.9955459269 1.5015816011 -0.2861475613 -0.7390200403 0.5594707839 0.2428196760
1413393957.9057605267 0.0658758773 3.0071295386 1.4826551309 -0.2675262893 -0.7465503747 0.5601306337 0.2394700310
1413393957.9557604790 0.0373693009 3.0190049201 1.4649486085 -0.2489074734 -0.7551966553 0.5579890252 0.2374264712
1413393958.0057606697 0.0126112471 3.0311936072 1.4473327823 -0.2336318267 -0.7639461703 0.5537202164 0.2349390142
1413393958.0557603836 -0.0082556700 3.0411373174 1.4361391616 -0.2219667494 -0.7721737343 0.5484854104 0.2316079462
1413393958.1057605743 -0.0305343583 3.0520954746 1.4296057621 -0.2135656354 -0.7783575722 0.5453538895 0.2261378882
1413393958.1557605267 -0.0480774722 3.0597988097 1.4271239166 -0.2084434525 -0.7827773228 0.5436313732 0.2197178193
1413393958.2057607174 -0.0620824964 3.0656336317 1.4296594181 -0.2046655516 -0.7856015913 0.5431298432 0.2143644680
1413393958.2557604313 -0.0747962805 3.0702769077 1.4364817652 -0.2041456071 -0.7862271076 0.5454738637 0.2064697811
1413393958.3057606220 -0.0850965171 3.0726480992 1.4473170370 -0.2069179255 -0.7865867161 0.5474934975 0.1967668172
1413393958.3557605743 -0.0939605459 3.0732426636 1.4604206035 -0.2119846944 -0.7860878285 0.5500464059 0.1859499032
1413393958.4057605267 -0.1009084836 3.0732875036 1.4718351504 -0.2167705920 -0.7865700823 0.5503214200 0.1773819349
1413393958.4557604790 -0.1082473006 3.0723714615 1.4826240631 -0.2203586403 -0.7876558026 0.5492367413 0.1714042248
1413393958.5057606697 -0.1174255523 3.0712648134 1.4903233478 -0.2238634458 -0.7903131041 0.5456869963 0.1658796466
1413393958.5557603836 -0.1273606123 3.0690600666 1.4929030037 -0.2265919238 -0.7940300813 0.5403342030 0.1618989778
1413393958.6057605743 -0.1361809860 3.0652626826 1.4932087403 -0.2294156313 -0.7979546947 0.5341866890 0.1590011153
1413393958.6557605267 -0.1458878809 3.0604462694 1.4899782505 -0.2313717487 -0.8013797143 0.5286179435 0.1575459847
1413393958.7057607174 -0.1562255414 3.0540785392 1.4837560754 -0.2330534553 -0.8038892500 0.5242372323 0.1569187211
1413393958.7557604313 -0.1690866013 3.0463877743 1.4769743959 -0.2336944535 -0.8031961965 0.5247216561 0.1578922288
1413393958.8057606220 -0.1820305458 3.0367684842 1.4670098869 -0.2333182759 -0.7995386016 0.5294429311 0.1612165919
1413393958.8557605743 -0.1964260574 3.0242808490 1.4558862579 -0.2328295573 -0.7949048027 0.5353891011 0.1651522401
1413393958.9057605267 -0.2118201562 3.0110452848 1.4412549689 -0.2318243344 -0.7903595064 0.5411828117 0.1694417095
1413393958.9557604790 -0.2277388747 2.9972992860 1.4251228348 -0.2322200869 -0.7863402511 0.5461362791 0.1716915997
1413393959.0057606697 -0.2442751977 2.9830736480 1.4053726124 -0.2336252334 -0.7818308361 0.5518356590 0.1721545800
1413393959.0557603836 -0.2583175448 2.9677474224 1.3855659482 -0.2380868540 -0.7763061538 0.5585399666 0.1694004462
1413393959.1057605743 -0.2737884021 2.9527988950 1.3652191907 -0.2431439731 -0.7706273666 0.5654863352 0.1650444635
1413393959.1557605267 -0.2882134025 2.9392970022 1.3452429827 -0.2470260605 -0.7644325996 0.5729711576 0.1622497417
1413393959.2057607174 -0.3046430119 2.9273851615 1.3255688464 -0.2476257876 -0.7596622151 0.5787533275 0.1632157290
1413393959.2557604313 -0.3219974098 2.9149799804 1.3069179089 -0.2460090805 -0.7573727636 0.5808982300 0.1685920392
1413393959.3057606220 -0.3395636655 2.9057353273 1.2881458626 -0.2448387013 -0.7585348836 0.5786759777 0.1726642799
1413393959.3557605743 -0.3561941995 2.8989137286 1.2685795700 -0.2435505021 -0.7615485627 0.5742147930 0.1760804108
1413393959.4057605267 -0.3723305899 2.8937031578 1.2511968620 -0.2425149001 -0.7644698922 0.5699327933 0.1787426037
1413393959.4557604790 -0.3872750054 2.8883329759 1.2341991169 -0.2420153354 -0.7668742343 0.5662464253 0.1808244229
1413393959.5057606697 -0.4024874540 2.8832881617 1.2193868952 -0.2408548962 -0.7673120967 0.5650890982 0.1841069698
1413393959.5557603836 -0.4171605564 2.8797195822 1.2055117073 -0.2396899051 -0.7661242517 0.5664663014 0.1863284994
1413393959.6057605743 -0.4313985611 2.8758985810 1.1956376845 -0.2364828289 -0.7591928622 0.5755051728 0.1910389116
1413393959.6557605267 -0.4431728243 2.8724389357 1.1872102415 -0.2326476650 -0.7489687836 0.5882800269 0.1970975270
1413393959.7057607174 -0.4541667356 2.8714638987 1.1801159752 -0.2298301812 -0.7402354376 0.5990982154 0.2007757779
1413393959.7557604313 -0.4633608334 2.8724155083 1.1727852682 -0.2275386891 -0.7336321728 0.6068703705 0.2042506632
1413393959.8057606220 -0.4693137990 2.8768398054 1.1645266101 -0.2275227526 -0.7344492731 0.6056302209 0.2050114577
1413393959.8557605743 -0.4723105899 2.8841486928 1.1555928541 -0.2308571666 -0.7424507928 0.5956040255 0.2018108861
1413393959.9057605267 -0.4738092226 2.8934497797 1.1471265770 -0.2337219044 -0.7513653717 0.5840257162 0.1993442055
1413393959.9557604790 -0.4733764979 2.9041363264 1.1392944081 -0.2359951798 -0.7606177580 0.5717141032 0.1972558886
1413393960.0057606697 -0.4727842617 2.9154338891 1.1330424688 -0.2388091435 -0.7685312217 0.5609646125 0.1940326206
1413393960.0557603836 -0.4704978963 2.9270828293 1.1269720079 -0.2408806331 -0.7752353737 0.5516116470 0.1916017403
1413393960.1057605743 -0.4681669616 2.9378845424 1.1226835665 -0.2423390719 -0.7808725886 0.5436024584 0.1897528440
1413393960.1557605267 -0.4653304098 2.9476186256 1.1195085506 -0.2439850788 -0.7868243985 0.5350336990 0.1873968735
1413393960.2057607174 -0.4632988459 2.9573805096 1.1157696600 -0.2458468351 -0.7926130912 0.5264606485 0.1848323751
1413393960.2557604313 -0.4603272631 2.9645894408 1.1127563334 -0.2482021890 -0.7998086543 0.5156070938 0.1812487646
1413393960.3057606220 -0.4582528032 2.9694577663 1.1093451749 -0.2495235674 -0.8040968225 0.5090392277 0.1790121618
1413393960.3557605743 -0.4576019763 2.9709266774 1.1080728429 -0.2497807871 -0.8051287813 0.5075944352 0.1781153929
1413393960.4057605267 -0.4579846476 2.9690178822 1.1095280761 -0.2467746380 -0.8018372153 0.5138727611 0.1791483844
1413393960.4557604790 -0.4585545052 2.9646309895 1.1100170511 -0.2418960597 -0.7972549441 0.5229291294 0.1800443725
1413393960.5057606697 -0.4597524932 2.9586164968 1.1096272245 -0.2349414929 -0.7932444342 0.5323191663 0.1794493459
1413393960.5557603836 -0.4595070729 2.9522825944 1.1031313807 -0.2264388625 -0.7912521079 0.5398167566 0.1767580623
1413393960.6057605743 -0.4590586858 2.9436797617 1.0919943727 -0.2162522091 -0.7905749314 0.5464995469 0.1719433194
1413393960.6557605267 -0.4577976252 2.9347828131 1.0746430875 -0.2047200904 -0.7910122378 0.5523091868 0.1653598691
1413393960.7057607174 -0.4562045633 2.9258759428 1.0513844107 -0.1919955807 -0.7927655775 0.5566660911 0.1574271236
1413393960.7557604313 -0.4543286127 2.9157504387 1.0219214364 -0.1788259648 -0.7957060875 0.5592929883 0.1485410712
1413393960.8057606220 -0.4520139331 2.9056987600 0.9892568473 -0.1657748760 -0.7993161902 0.5607399606 0.1385027622
1413393960.8557605743 -0.4486465962 2.8958260267 0.9548532561 -0.1550073801 -0.8058790680 0.5567876795 0.1285267279
1413393960.9057605267 -0.4460908965 2.8851193919 0.9198609834 -0.1462376339 -0.8137350378 0.5498277256 0.1189088514
1413393960.9557604790 -0.4432283135 2.8726304430 0.8881532552 -0.1407762419 -0.8196676427 0.5446938905 0.1078683038
1413393961.0057606697 -0.4406508416 2.8577591511 0.8599936222 -0.1369348220 -0.8247346511 0.5397384694 0.0987116729
1413393961.0557603836 -0.4402939803 2.8413468384 0.8367269239 -0.1325280463 -0.8269465496 0.5384908562 0.0928618266
1413393961.1057605743 -0.4409624597 2.8222538763 0.8189349754 -0.1276273667 -0.8251498089 0.5426893351 0.0912542260
1413393961.1557605267 -0.4429085549 2.8014237412 0.8051568825 -0.1230188737 -0.8211071385 0.5497645143 0.0916973427
1413393961.2057607174 -0.4450817333 2.7778240139 0.7960880455 -0.1209283137 -0.8137308465 0.5611541497 0.0912385489
1413393961.2557604313 -0.4470517863 2.7525525400 0.7939424658 -0.1224229318 -0.7989578753 0.5821837369 0.0879831559
1413393961.3057606220 -0.4502445265 2.7285856683 0.7954416426 -0.1250543423 -0.7818314733 0.6050804542 0.0835380314
1413393961.3557605743 -0.4543612941 2.7077616204 0.8012377282 -0.1282853498 -0.7626128733 0.6292028284 0.0778991350
1413393961.4057605267 -0.4589184482 2.6906837627 0.8110068547 -0.1288148821 -0.7466273445 0.6482059605 0.0760484541
1413393961.4557604790 -0.4628522153 2.6791814846 0.8217194373 -0.1275437177 -0.7382491056 0.6577930312 0.0776478342
1413393961.5057606697 -0.4672489572 2.6743749310 0.8336351347 -0.1250273720 -0.7413216215 0.6543292870 0.0816308394
1413393961.5557603836 -0.4710332180 2.6760771648 0.8478388187 -0.1208816833 -0.7501765568 0.6439325686 0.0892950129
1413393961.6057605743 -0.4751509515 2.6826358100 0.8659910077 -0.1182488797 -0.7621942703 0.6294629602 0.0940929251
1413393961.6557605267 -0.4775851072 2.6928861417 0.8875809432 -0.1157424605 -0.7756107921 0.6125555426 0.0990317587
1413393961.7057607174 -0.4794711887 2.7055453225 0.9161712550 -0.1142011228 -0.7838976168 0.6017042292 0.1020521948
1413393961.7557604313 -0.4799628226 2.7207108097 0.9491766556 -0.1124079040 -0.7862445803 0.5984338190 0.1051707532
1413393961.8057606220 -0.4784172506 2.7364052124 0.9864301228 -0.1126409637 -0.7901565461 0.5930767767 0.1059461322
1413393961.8557605743 -0.4771723329 2.7537022659 1.0286924777 -0.1126699516 -0.7938738602 0.5880679027 0.1060467725
1413393961.9057605267 -0.4744774571 2.7711134691 1.0714803314 -0.1135599361 -0.7978240716 0.5825920479 0.1056759072
1413393961.9557604790 -0.4704483554 2.7885726109 1.1199379795 -0.1137531651 -0.8015159631 0.5775203886 0.1053687768
1413393962.0057606697 -0.4660281034 2.8062008296 1.1708939947 -0.1141832285 -0.8053187084 0.5722306294 0.1047667647
1413393962.0557603836 -0.4602980169 2.8227430760 1.2270946996 -0.1149733212 -0.8092375946 0.5668261074 0.1030718915
1413393962.1057605743 -0.4535239109 2.8380798346 1.2863428858 -0.1149908542 -0.8127884909 0.5618177948 0.1025316436
1413393962.1557605267 -0.4468255619 2.8524317708 1.3484316622 -0.1160139770 -0.8164040673 0.5566188026 0.1009983401
1413393962.2057607174 -0.4387208904 2.8635313744 1.4137536547 -0.1164905918 -0.8193799136 0.5524137280 0.0994262153
1413393962.2557604313 -0.4319142039 2.8746314177 1.4825200512 -0.1163738659 -0.8217190040 0.5491359185 0.0984111011
1413393962.3057606220 -0.4248046877 2.8830266377 1.5523176697 -0.1166876596 -0.8245325218 0.5449961813 0.0975155012
1413393962.3557605743 -0.4175141470 2.8895362024 1.6204169048 -0.1168836269 -0.8288254906 0.5384981979 0.0969856422
1413393962.4057605267 -0.4106924630 2.8944882062 1.6850163713 -0.1170505286 -0.8340751321 0.5303579026 0.0966351016
1413393962.4557604790 -0.4049598182 2.8958935588 1.7438804005 -0.1188290964 -0.8411985853 0.5185925604 0.0965729897
1413393962.5057606697 -0.3996162905 2.8950927084 1.7957851872 -0.1223459569 -0.8476037559 0.5070450855 0.0974916467
1413393962.5557603836 -0.3949968985 2.8905994769 1.8424865578 -0.1276629908 -0.8528011876 0.4964050502 0.1000715809
1413393962.6057605743 -0.3918765408 2.8817813152 1.8836506774 -0.1337325867 -0.8553385488 0.4892434022 0.1056051875
1413393962.6557605267 -0.3889038024 2.8684351809 1.9209782590 -0.1398500558 -0.8550025490 0.4859093372 0.1153460845
1413393962.7057607174 -0.3868008789 2.8533588322 1.9539623538 -0.1465565780 -0.8516000660 0.4865766572 0.1286143607
1413393962.7557604313 -0.3874947815 2.8298947733 1.9863849821 -0.1540817222 -0.8453272998 0.4908602647 0.1440027071
1413393962.8057606220 -0.3877792246 2.8032341468 2.0181905226 -0.1617732499 -0.8368921881 0.4970318009 0.1624815987
1413393962.8557605743 -0.3906555710 2.7715507361 2.0470713954 -0.1704194891 -0.8278200151 0.5025344499 0.1820174359
1413393962.9057605267 -0.3910590300 2.7368920107 2.0736770940 -0.1796032330 -0.8172358117 0.5088939807 0.2022256740
1413393962.9557604790 -0.3901785383 2.6989994802 2.0977127802 -0.1912690832 -0.8067518397 0.5132433568 0.2216954299
1413393963.0057606697 -0.3875877357 2.6575576522 2.1176550513 -0.2054030129 -0.7964849995 0.5159911389 0.2391116735
1413393963.0557603836 -0.3828309731 2.6146893305 2.1349352848 -0.2206791209 -0.7859414317 0.5181709471 0.2551385136
1413393963.1057605743 -0.3747226162 2.5687547556 2.1499340375 -0.2362019597 -0.7748699153 0.5196935460 0.2714845609
1413393963.1557605267 -0.3648536217 2.5216722552 2.1633493875 -0.2536376786 -0.7635501191 0.5213999034 0.2842556673
1413393963.2057607174 -0.3531791995 2.4725638948 2.1713760981 -0.2732857173 -0.7518062132 0.5238866757 0.2926518161
1413393963.2557604313 -0.3365759962 2.4210371888 2.1787691691 -0.2938980247 -0.7391090512 0.5267581114 0.2997793414
1413393963.3057606220 -0.3183792616 2.3699496629 2.1839497774 -0.3136400927 -0.7277869343 0.5276072511 0.3059193670
1413393963.3557605743 -0.2976015810 2.3187467708 2.1863145775 -0.3325844821 -0.7170350405 0.5265986823 0.3129570909
1413393963.4057605267 -0.2753163817 2.2665588092 2.1842164010 -0.3507925509 -0.7076803044 0.5230496792 0.3202377337
1413393963.4557604790 -0.2504023724 2.2146480272 2.1795117756 -0.3675995852 -0.6992858413 0.5176161260 0.3285474139
1413393963.5057606697 -0.2231464557 2.1629427974 2.1734394529 -0.3839517327 -0.6905689462 0.5129783510 0.3354829487
1413393963.5557603836 -0.1935893748 2.1107259011 2.1633549819 -0.3992487264 -0.6820379123 0.5081079299 0.3424194389
1413393963.6057605743 -0.1620513707 2.0596558671 2.1505753162 -0.4126163380 -0.6729899502 0.5042605235 0.3500765758
1413393963.6557605267 -0.1288424737 2.0066140378 2.1361032143 -0.4243012681 -0.6643816353 0.5000174471 0.3585359523
1413393963.7057607174 -0.0944609016 1.9548611744 2.1201356051 -0.4354397604 -0.6559482594 0.4956311186 0.3667068180
1413393963.7557604313 -0.0593355657 1.9029465415 2.1008665264 -0.4454346664 -0.6480271148 0.4904341389 0.3756636418
1413393963.8057606220 -0.0209928034 1.8525493704 2.0801485439 -0.4547752956 -0.6408402965 0.4842973916 0.3846546261
1413393963.8557605743 0.0180951577 1.8005487919 2.0560161340 -0.4643838548 -0.6346181020 0.4767310145 0.3928549856
1413393963.9057605267 0.0622232340 1.7469433085 2.0299901605 -0.4741379916 -0.6289825382 0.4677294676 0.4010028389
1413393963.9557604790 0.1046004334 1.6946315333 2.0014085390 -0.4843124965 -0.6240576101 0.4575598752 0.4082064009
1413393964.0057606697 0.1490708719 1.6422159560 1.9706303205 -0.4947243267 -0.6189234647 0.4477722975 0.4143447296
1413393964.0557603836 0.1945619030 1.5869260732 1.9374348218 -0.5049493808 -0.6125465497 0.4388671087 0.4209614094
1413393964.1057605743 0.2396032904 1.5326303470 1.9031049997 -0.5150890923 -0.6050316395 0.4315572113 0.4270577428
1413393964.1557605267 0.2861826031 1.4765027486 1.8671046806 -0.5267769629 -0.5958213378 0.4263813726 0.4309314213
1413393964.2057607174 0.3333739460 1.4209407646 1.8316774522 -0.5388477747 -0.5853216739 0.4229752021 0.4337436941
1413393964.2557604313 0.3824537655 1.3637912016 1.7973068868 -0.5516709057 -0.5742932520 0.4196872406 0.4355560729
1413393964.3057606220 0.4306730534 1.3082341598 1.7642687417 -0.5649177179 -0.5639331392 0.4161526249 0.4355047408
1413393964.3557605743 0.4800991859 1.2521649225 1.7314002421 -0.5765256049 -0.5544588300 0.4114471439 0.4369266306
1413393964.4057605267 0.5292835851 1.1954315422 1.6989508596 -0.5882221638 -0.5442522091 0.4072415840 0.4381078763
1413393964.4557604790 0.5794869882 1.1412502982 1.6691418379 -0.5987649603 -0.5346871825 0.4029175432 0.4395993546
1413393964.5057606697 0.6296869192 1.0879701190 1.6396806863 -0.6087412047 -0.5255268033 0.3983493608 0.4411048757
1413393964.5557603836 0.6811061847 1.0356550286 1.6122320746 -0.6180996495 -0.5149656955 0.3955225009 0.4430858912
1413393964.6057605743 0.7315982144 0.9838877673 1.5853432360 -0.6275160414 -0.5045271235 0.3927786712 0.4442982275
1413393964.6557605267 0.7810036668 0.9357796335 1.5617224532 -0.6363397085 -0.4937483880 0.3907751456 0.4456221386
1413393964.7057607174 0.8323404800 0.8893387102 1.5382097514 -0.6436330956 -0.4828803524 0.3883474292 0.4491650896
1413393964.7557604313 0.8831275186 0.8462484734 1.5159319135 -0.6522803368 -0.4725977829 0.3855727149 0.4500170878
1413393964.8057606220 0.9348717833 0.8055858767 1.4942462857 -0.6618470845 -0.4630534329 0.3816748340 0.4492930849
1413393964.8557605743 0.9893300330 0.7683271557 1.4748696097 -0.6713023627 -0.4554557427 0.3757366895 0.4480347581
1413393964.9057605267 1.0422262039 0.7338007265 1.4564551061 -0.6826007487 -0.4479936878 0.3682787371 0.4446668925
1413393964.9557604790 1.0944729959 0.7021637568 1.4376178559 -0.6956701262 -0.4410576594 0.3605778599 0.4376012152
1413393965.0057606697 1.1486317359 0.6751837487 1.4201374734 -0.7100477320 -0.4322426962 0.3550504188 0.4277121345
1413393965.0557603836 1.1999422000 0.6522292399 1.4047265867 -0.7244902714 -0.4221238092 0.3504644034 0.4172529669
1413393965.1057605743 1.2501666226 0.6337333334 1.3915244383 -0.7392885794 -0.4111059510 0.3463174832 0.4055964672
1413393965.1557605267 1.3021037586 0.6236451703 1.3782916824 -0.7525999960 -0.3995710828 0.3425892458 0.3956877613
1413393965.2057607174 1.3491618680 0.6194356747 1.3679588428 -0.7638265689 -0.3908144439 0.3354522457 0.3889792204
1413393965.2557604313 1.3951523229 0.6234110177 1.3570506552 -0.7736894860 -0.3868194774 0.3231930726 0.3838248416
1413393965.3057606220 1.4383540458 0.6342910892 1.3482567483 -0.7805921250 -0.3865020869 0.3086732749 0.3821163181
1413393965.3557605743 1.4778153636 0.6530226499 1.3410114759 -0.7838156302 -0.3916765560 0.2906865974 0.3843485857
1413393965.4057605267 1.5149849404 0.6793379842 1.3362731215 -0.7818377655 -0.4016142009 0.2701111659 0.3930339682
1413393965.4557604790 1.5467600567 0.7113988158 1.3316296956 -0.7759051108 -0.4135238882 0.2494104788 0.4059109089
1413393965.5057606697 1.5724531698 0.7490613331 1.3297195429 -0.7641153599 -0.4288742628 0.2277449826 0.4246490392
1413393965.5557603836 1.5918484818 0.7903054364 1.3313050699 -0.7505411114 -0.4446653662 0.2067915761 0.4429424299
1413393965.6057605743 1.6026369929 0.8297930347 1.3322456015 -0.7383067524 -0.4554606446 0.1924552920 0.4587152725
1413393965.6557605267 1.6076965178 0.8731266058 1.3364392306 -0.7266279511 -0.4643362272 0.1814779753 0.4727255369
1413393965.7057607174 1.6054707337 0.9129873153 1.3426304515 -0.7187840042 -0.4657886105 0.1811034594 0.4833136276
1413393965.7557604313 1.5941241176 0.9494775262 1.3538116402 -0.7158706751 -0.4595867857 0.1909495721 0.4897422014
1413393965.8057606220 1.5784098036 0.9813259291 1.3613284305 -0.7111223716 -0.4509283224 0.2050484006 0.4989226133
1413393965.8557605743 1.5575782902 1.0135948806 1.3721953561 -0.7055034655 -0.4411654012 0.2208978865 0.5087652432
1413393965.9057605267 1.5348269264 1.0435486436 1.3791350194 -0.7008155567 -0.4356896238 0.2298555163 0.5159443273
1413393965.9557604790 1.5077731247 1.0729140035 1.3812685283 -0.6943024853 -0.4350158323 0.2310317854 0.5247185900
1413393966.0057606697 1.4797297227 1.0992059250 1.3803400041 -0.6885432628 -0.4367640995 0.2285810539 0.5318796842
1413393966.0557603836 1.4489258278 1.1216617267 1.3803076217 -0.6846715824 -0.4387995267 0.2255320337 0.5364840178
1413393966.1057605743 1.4159840774 1.1394528847 1.3831356547 -0.6848043682 -0.4372637196 0.2281476125 0.5364625651
1413393966.1557605267 1.3813139549 1.1555095313 1.3890928142 -0.6874956573 -0.4346946748 0.2319988148 0.5334480395
1413393966.2057607174 1.3433156414 1.1669348104 1.3987270804 -0.6891263867 -0.4327465058 0.2346510592 0.5317651411
1413393966.2557604313 1.3032479755 1.1750313774 1.4120186625 -0.6904661616 -0.4319261112 0.2360608586 0.5300675289
1413393966.3057606220 1.2625348103 1.1830363503 1.4279862880 -0.6886896500 -0.4350737283 0.2319524837 0.5316158973
1413393966.3557605743 1.2196844702 1.1862283838 1.4470400484 -0.6839242091 -0.4389899703 0.2267740541 0.5367578697
1413393966.4057605267 1.1733803050 1.1843752589 1.4717916817 -0.6758521779 -0.4419090530 0.2231965740 0.5460068790
1413393966.4557604790 1.1235712248 1.1807201960 1.4995522089 -0.6688831601 -0.4412806144 0.2253524230 0.5541507222
1413393966.5057606697 1.0736683228 1.1715907989 1.5287490758 -0.6626674372 -0.4369391702 0.2333354938 0.5617032816
1413393966.5557603836 1.0229809233 1.1573576708 1.5588028721 -0.6573996349 -0.4307659123 0.2447177187 0.5677848951
1413393966.6057605743 0.9715714321 1.1399868411 1.5838691241 -0.6530004788 -0.4248417314 0.2549621586 0.5727950555
1413393966.6557605267 0.9207068105 1.1183382671 1.6051662008 -0.6497793533 -0.4196278492 0.2634714073 0.5764391362
1413393966.7057607174 0.8702402315 1.0939913832 1.6230670785 -0.6471118037 -0.4149850679 0.2706198556 0.5794813205
1413393966.7557604313 0.8220096567 1.0649779719 1.6390847874 -0.6454341433 -0.4110901360 0.2760945275 0.5815423275
1413393966.8057606220 0.7747325691 1.0320694641 1.6511618492 -0.6442849870 -0.4084893784 0.2794253850 0.5830563759
1413393966.8557605743 0.7307261327 0.9989735895 1.6611905161 -0.6465002299 -0.4067103669 0.2819727140 0.5806164988
1413393966.9057605267 0.6888127547 0.9604897395 1.6665592564 -0.6536089865 -0.4051633079 0.2836563186 0.5728674189
1413393966.9557604790 0.6486174796 0.9199404996 1.6693551034 -0.6635306045 -0.4014366803 0.2873917181 0.5621225213
1413393967.0057606697 0.6107219218 0.8749678914 1.6679784889 -0.6761874312 -0.3955184610 0.2909425199 0.5492614633
1413393967.0557603836 0.5746090750 0.8312111156 1.6667286882 -0.6873249923 -0.3893845646 0.2939376572 0.5381121347
1413393967.1057605743 0.5391762888 0.7871373019 1.6644425636 -0.6965231452 -0.3838165378 0.2956428799 0.5292784343
1413393967.1557605267 0.5053991570 0.7428171645 1.6591493121 -0.7032682779 -0.3787457637 0.2955547369 0.5240350878
1413393967.2057607174 0.4724749453 0.6992675786 1.6536121524 -0.7089141336 -0.3734873913 0.2951934281 0.5203928898
1413393967.2557604313 0.4407153209 0.6568173926 1.6447510889 -0.7116326179 -0.3676799533 0.2935615964 0.5217394543
1413393967.3057606220 0.4113938991 0.6151921937 1.6346919803 -0.7141649375 -0.3611938733 0.2907218618 0.5243931989
1413393967.3557605743 0.3832593793 0.5757161496 1.6227397525 -0.7157555053 -0.3543174531 0.2855595008 0.5297253727
1413393967.4057605267 0.3562296248 0.5369861677 1.6099678335 -0.7175486592 -0.3454943774 0.2798382163 0.5361418931
1413393967.4557604790 0.3306749612 0.4996467939 1.5956327774 -0.7200445353 -0.3343989874 0.2748326386 0.5423838173
1413393967.5057606697 0.3071446571 0.4621532161 1.5800783452 -0.7240263158 -0.3218066839 0.2707813554 0.5467209615
1413393967.5557603836 0.2873836109 0.4249708063 1.5650998461 -0.7286059988 -0.3101977553 0.2635643308 0.5508579624
1413393967.6057605743 0.2684332233 0.3891816373 1.5499323848 -0.7346394829 -0.2976251558 0.2569382680 0.5529076082
1413393967.6557605267 0.2526378776 0.3504945437 1.5356546596 -0.7408053135 -0.2845172255 0.2494177915 0.5550209015
1413393967.7057607174 0.2383554973 0.3151134540 1.5232911494 -0.7461186636 -0.2729889360 0.2390042864 0.5582660044
1413393967.7557604313 0.2268572408 0.2800409749 1.5118855602 -0.7517006393 -0.2615609095 0.2286105931 0.5605972138
1413393967.8057606220 0.2180715258 0.2449353862 1.5028068437 -0.7569731316 -0.2503409928 0.2183368262 0.5627167100
1413393967.8557605743 0.2097866544 0.2102309335 1.4968297385 -0.7631104890 -0.2401158226 0.2076240753 0.5629378444
1413393967.9057605267 0.2046935523 0.1739860875 1.4946035799 -0.7730383613 -0.2319241198 0.1968157055 0.5566744764
1413393967.9557604790 0.2005644870 0.1391377478 1.4952247719 -0.7837110861 -0.2258964136 0.1866403344 0.5476615099
1413393968.0057606697 0.1966460911 0.1054061444 1.5006058186 -0.7943975919 -0.2211524857 0.1775158340 0.5371332914
1413393968.0557603836 0.1926129746 0.0743265153 1.5102322794 -0.8001237181 -0.2181523763 0.1679449352 0.5329222036
1413393968.1057605743 0.1899556222 0.0448950227 1.5249734266 -0.8034188461 -0.2152093947 0.1614796181 0.5311566691
1413393968.1557605267 0.1858062354 0.0184105744 1.5438707631 -0.8050018934 -0.2116827751 0.1579962152 0.5312245761
1413393968.2057607174 0.1808674220 -0.0061410949 1.5650689381 -0.8065099120 -0.2063725817 0.1583202016 0.5309301584
1413393968.2557604313 0.1748496220 -0.0287085401 1.5850450985 -0.8085390226 -0.2016853299 0.1600864408 0.5291124721
1413393968.3057606220 0.1691282083 -0.0486584855 1.6047288758 -0.8104828476 -0.2000800028 0.1597669696 0.5268396926
1413393968.3557605743 0.1631724365 -0.0671478994 1.6204336678 -0.8112450833 -0.2039085808 0.1529257667 0.5262284821
1413393968.4057605267 0.1583897900 -0.0819598375 1.6330017386 -0.8108085412 -0.2110812951 0.1433510085 0.5267681508
1413393968.4557604790 0.1517690741 -0.0953893709 1.6449182721 -0.8094582239 -0.2180299439 0.1346870163 0.5282989069
1413393968.5057606697 0.1422180822 -0.1063804891 1.6535400838 -0.8052035465 -0.2234102416 0.1287660792 0.5339985107
1413393968.5557603836 0.1317698010 -0.1160434291 1.6616998513 -0.8010018937 -0.2273561045 0.1248543453 0.5395521851
1413393968.6057605743 0.1208809027 -0.1248966063 1.6673705591 -0.7987635007 -0.2303052256 0.1212935012 0.5424244275
1413393968.6557605267 0.1057128269 -0.1323328184 1.6683793436 -0.7983074167 -0.2308369402 0.1184413825 0.5434990472
1413393968.7057607174 0.0891954132 -0.1385868283 1.6680093304 -0.7997578086 -0.2289648508 0.1167082198 0.5425327050
1413393968.7557604313 0.0709746930 -0.1442002420 1.6657413994 -0.8012250630 -0.2258899105 0.1154132094 0.5419335180
1413393968.8057606220 0.0505677034 -0.1483706679 1.6612750356 -0.8006148067 -0.2204807406 0.1145084318 0.5452448930
1413393968.8557605743 0.0282424801 -0.1507261947 1.6541400432 -0.7978624716 -0.2130743498 0.1137056988 0.5523457358
1413393968.9057605267 0.0045652699 -0.1521912227 1.6459846012 -0.7942121362 -0.2024983556 0.1138368837 0.5614825577
1413393968.9557604790 -0.0209992700 -0.1530890031 1.6351978223 -0.7916433104 -0.1883386718 0.1164411277 0.5694478708
1413393969.0057606697 -0.0458345628 -0.1538937460 1.6221148724 -0.7903952724 -0.1723653366 0.1192460938 0.5756265049
1413393969.0557603836 -0.0713224448 -0.1546182181 1.6060948394 -0.7889997532 -0.1565228504 0.1193373116 0.5820125366
1413393969.1057605743 -0.0958245242 -0.1559168133 1.5896104505 -0.7878174583 -0.1417642464 0.1164284764 0.5879548969
1413393969.1557605267 -0.1189471625 -0.1579285376 1.5720895031 -0.7866481287 -0.1295108437 0.1084005589 0.5938526599
1413393969.2057607174 -0.1420798396 -0.1601882486 1.5547500439 -0.7872776168 -0.1178955651 0.0979470570 0.5972444758
1413393969.2557604313 -0.1627184223 -0.1642557208 1.5385960023 -0.7878498721 -0.1059049417 0.0873794183 0.6003678536
1413393969.3057606220 -0.1838710337 -0.1686711725 1.5222119015 -0.7909688891 -0.0931767508 0.0770535982 0.5997908407
1413393969.3557605743 -0.2040272210 -0.1748845321 1.5071537242 -0.7939145242 -0.0794082415 0.0689239104 0.5988685616
1413393969.4057605267 -0.2244182047 -0.1820582695 1.4929497019 -0.7969330196 -0.0637420512 0.0638501903 0.5972921115
1413393969.4557604790 -0.2428901261 -0.1902592828 1.4808042326 -0.7991677554 -0.0462641447 0.0631740413 0.5959862148
1413393969.5057606697 -0.2604532005 -0.1991310176 1.4697341893 -0.8006736561 -0.0262700470 0.0666466543 0.5948023239
1413393969.5557603836 -0.2759014564 -0.2088200386 1.4592628980 -0.8016547835 -0.0085232508 0.0670260403 0.5939566248
1413393969.6057605743 -0.2892532764 -0.2183084559 1.4491247689 -0.8050014552 0.0074017702 0.0660695447 0.5895359922
1413393969.6557605267 -0.2983720168 -0.2295847663 1.4408366433 -0.8076775443 0.0217148581 0.0623797353 0.5859131488
1413393969.7057607174 -0.3051593026 -0.2395094644 1.4341862773 -0.8104279326 0.0338355274 0.0573533379 0.5820415086
1413393969.7557604313 -0.3081968519 -0.2499862142 1.4315027630 -0.8132965943 0.0444561750 0.0534578822 0.5776803208
1413393969.8057606220 -0.3074022796 -0.2601096864 1.4335870180 -0.8154721697 0.0535895825 0.0506186319 0.5740827913
1413393969.8557605743 -0.3028805979 -0.2694327767 1.4400854544 -0.8165611342 0.0609331864 0.0477543353 0.5720442154
1413393969.9057605267 -0.2939303501 -0.2787376190 1.4508120378 -0.8165938293 0.0656151032 0.0435970277 0.5718115732
1413393969.9557604790 -0.2816866535 -0.2874515691 1.4652536643 -0.8158108829 0.0662904115 0.0353814400 0.5734163744
1413393970.0057606697 -0.2654128318 -0.2959449791 1.4830085115 -0.8170806726 0.0626108922 0.0235595613 0.5726290228
1413393970.0557603836 -0.2460409331 -0.3035144976 1.5024158126 -0.8179745922 0.0534299750 0.0064819878 0.5727309911
1413393970.1057605743 -0.2245629696 -0.3104183521 1.5235094053 -0.8203370536 0.0431390221 -0.0107898732 0.5701488594
1413393970.1557605267 -0.2033149595 -0.3161639304 1.5430160701 -0.8225380034 0.0349648095 -0.0243434310 0.5671120634
1413393970.2057607174 -0.1831635540 -0.3211183112 1.5601524531 -0.8247925532 0.0292370511 -0.0331917337 0.5637027123
1413393970.2557604313 -0.1632092506 -0.3250643325 1.5761374884 -0.8261608769 0.0256812619 -0.0382785093 0.5615455760
1413393970.3057606220 -0.1432895187 -0.3282551666 1.5893530518 -0.8268504525 0.0233924636 -0.0407216644 0.5604577307
1413393970.3557605743 -0.1254212468 -0.3291508904 1.6002270899 -0.8277553397 0.0219034390 -0.0415723722 0.5591181225
1413393970.4057605267 -0.1100431479 -0.3284611191 1.6109053814 -0.8283064248 0.0202233020 -0.0425651872 0.5582899690
1413393970.4557604790 -0.0945809596 -0.3261184225 1.6199091568 -0.8276504350 0.0185363240 -0.0431844995 0.5592729754
1413393970.5057606697 -0.0815090951 -0.3217631709 1.6301805128 -0.8241425054 0.0170072439 -0.0439208712 0.5644208018
1413393970.5557603836 -0.0697427779 -0.3164462201 1.6397986471 -0.8194670313 0.0163548490 -0.0432756535 0.5712560908
1413393970.6057605743 -0.0584282294 -0.3091713258 1.6519679928 -0.8155703749 0.0140014269 -0.0443642053 0.5767848306
1413393970.6557605267 -0.0494553562 -0.3028270605 1.6617468953 -0.8106613797 0.0107004295 -0.0479025241 0.5834543482
1413393970.7057607174 -0.0423160758 -0.2964609904 1.6676696753 -0.8061326470 0.0063308399 -0.0536081727 0.5892675452
1413393970.7557604313 -0.0365994547 -0.2892502450 1.6689437006 -0.8029905591 -0.0007502028 -0.0638773209 0.5925582562
1413393970.8057606220 -0.0330039940 -0.2824562242 1.6677047560 -0.8016349954 -0.0096014419 -0.0766953199 0.5927958960
1413393970.8557605743 -0.0330196256 -0.2761897454 1.6620733603 -0.8013093057 -0.0172688857 -0.0890780155 0.5913292563
1413393970.9057605267 -0.0357337858 -0.2705793077 1.6574834528 -0.8010831237 -0.0236930615 -0.0986832884 0.5898864945
1413393970.9557604790 -0.0452725840 -0.2642874235 1.6513279087 -0.8001934089 -0.0269295742 -0.1037498002 0.5900858288
1413393971.0057606697 -0.0592407336 -0.2590378760 1.6479691513 -0.7989894187 -0.0268234420 -0.1031506366 0.5918246006
1413393971.0557603836 -0.0797759698 -0.2535918942 1.6456886028 -0.7968939096 -0.0222637454 -0.0950389363 0.5961811999
1413393971.1057605743 -0.1071554051 -0.2492015272 1.6465359963 -0.7936943973 -0.0155990085 -0.0836017888 0.6023426064
1413393971.1557605267 -0.1351785273 -0.2458852489 1.6499949100 -0.7860869047 -0.0115929750 -0.0739574213 0.6135660363
1413393971.2057607174 -0.1691893615 -0.2443348478 1.6580645862 -0.7765861670 -0.0075530563 -0.0642461198 0.6266811890
1413393971.2557604313 -0.2043248412 -0.2463430127 1.6670736905 -0.7663124125 -0.0052948681 -0.0567241259 0.6399372035
1413393971.3057606220 -0.2424141176 -0.2516363458 1.6793373964 -0.7552422494 -0.0046105111 -0.0515949080 0.6533956331
1413393971.3557605743 -0.2842411266 -0.2596450463 1.6903019623 -0.7453497507 -0.0045673146 -0.0485070085 0.6648909376
1413393971.4057605267 -0.3265806430 -0.2741488171 1.6972098485 -0.7383863298 -0.0043967261 -0.0458695975 0.6728018109
1413393971.4557604790 -0.3702195733 -0.2921642208 1.7005764617 -0.7385503688 -0.0027853570 -0.0407199518 0.6729617226
1413393971.5057606697 -0.4145002160 -0.3172129614 1.6993560610 -0.7456487706 0.0009003011 -0.0332199168 0.6655099830
1413393971.5557603836 -0.4607096669 -0.3448440504 1.6945428511 -0.7570850616 0.0069884227 -0.0229577165 0.6528754205
1413393971.6057605743 -0.5079928452 -0.3773775088 1.6902390153 -0.7686055845 0.0182960863 -0.0057027289 0.6394358354
1413393971.6557605267 -0.5549626546 -0.4137220826 1.6877109306 -0.7781773454 0.0319422623 0.0142750858 0.6270693207
1413393971.7057607174 -0.5968667445 -0.4524220651 1.6866320562 -0.7834049540 0.0471918968 0.0350107608 0.6187276052
1413393971.7557604313 -0.6377961816 -0.4922989229 1.6876948911 -0.7862565342 0.0641107664 0.0559970869 0.6120088221
1413393971.8057606220 -0.6743231709 -0.5343896527 1.6903016201 -0.7882542515 0.0790211524 0.0727703761 0.6059004578
1413393971.8557605743 -0.7041375518 -0.5763962070 1.6941601261 -0.7900696423 0.0901522754 0.0837176005 0.6005446619
1413393971.9057605267 -0.7277405612 -0.6199830101 1.6993689063 -0.7922127514 0.0945252751 0.0850268964 0.5968537139
1413393971.9557604790 -0.7444666623 -0.6640021962 1.7031949142 -0.7955227957 0.0929112867 0.0774343943 0.5937296429
1413393972.0057606697 -0.7558350717 -0.7095375233 1.7109335417 -0.7986448859 0.0895331187 0.0666688459 0.5913589704
1413393972.0557603836 -0.7608034821 -0.7545910345 1.7163543471 -0.8017318646 0.0837548590 0.0538318736 0.5893329028
1413393972.1057605743 -0.7639497741 -0.7976101271 1.7225696484 -0.8052076467 0.0815632042 0.0456180384 0.5855826876
1413393972.1557605267 -0.7614929571 -0.8430059745 1.7246558712 -0.8109255682 0.0819531996 0.0426753926 0.5778081055
1413393972.2057607174 -0.7576060814 -0.8881097275 1.7219260645 -0.8176485116 0.0823694479 0.0407906128 0.5683329230
1413393972.2557604313 -0.7501393788 -0.9317522479 1.7157421427 -0.8237837880 0.0804842312 0.0363577244 0.5599827454
1413393972.3057606220 -0.7407465088 -0.9731526642 1.7047790555 -0.8257409045 0.0724057664 0.0225454292 0.5589284992
1413393972.3557605743 -0.7262953531 -1.0141301253 1.6944202199 -0.8241282036 0.0610199232 0.0058466068 0.5630764515
1413393972.4057605267 -0.7122278145 -1.0548483444 1.6843478322 -0.8226312093 0.0506895343 -0.0088699587 0.5662418109
1413393972.4557604790 -0.6972152122 -1.0920918010 1.6755354031 -0.8206125010 0.0406300066 -0.0222545948 0.5696043002
1413393972.5057606697 -0.6828879546 -1.1284027711 1.6677398746 -0.8224409725 0.0318629619 -0.0331501371 0.5669891241
1413393972.5557603836 -0.6691000540 -1.1634221183 1.6593311639 -0.8274700542 0.0259857525 -0.0406788976 0.5594312088
1413393972.6057605743 -0.6559522868 -1.1972586259 1.6518610300 -0.8315900437 0.0221418394 -0.0458173352 0.5530538038
1413393972.6557605267 -0.6453639570 -1.2292137917 1.6460198988 -0.8337096836 0.0206663368 -0.0485048976 0.5496802170
1413393972.7057607174 -0.6368697714 -1.2557608102 1.6405891044 -0.8343199782 0.0197482675 -0.0509306809 0.5485674486
1413393972.7557604313 -0.6290470936 -1.2820299477 1.6370237550 -0.8343992592 0.0197175394 -0.0524651311 0.5483032965
1413393972.8057606220 -0.6236913129 -1.3048800711 1.6314664685 -0.8327867184 0.0200323520 -0.0540816416 0.5505816584
1413393972.8557605743 -0.6198695229 -1.3245499722 1.6250621832 -0.8309350594 0.0209300444 -0.0557296352 0.5531754405
1413393972.9057605267 -0.6188069786 -1.3431190976 1.6175361439 -0.8294825384 0.0209479162 -0.0584200363 0.5550738714
1413393972.9557604790 -0.6184122638 -1.3580759048 1.6117321762 -0.8278460476 0.0209151365 -0.0619008518 0.5571371133
1413393973.0057606697 -0.6202165755 -1.3728741443 1.6049109449 -0.8263180404 0.0198381222 -0.0662522730 0.5589414829
1413393973.0557603836 -0.6250305826 -1.3851407376 1.5984283975 -0.8229815286 0.0189076131 -0.0689576493 0.5635501294
1413393973.1057605743 -0.6331158338 -1.3964106010 1.5934429420 -0.8187705335 0.0187503103 -0.0704225717 0.5694768659
1413393973.1557605267 -0.6433350539 -1.4063047618 1.5876233096 -0.8133641638 0.0185133659 -0.0708075763 0.5771328093
1413393973.2057607174 -0.6562086198 -1.4155684405 1.5823866986 -0.8071111191 0.0178385544 -0.0707291468 0.5858761091
1413393973.2557604313 -0.6703997158 -1.4246249471 1.5780517698 -0.7994187911 0.0171380903 -0.0702561857 0.5964058608
1413393973.3057606220 -0.6886172964 -1.4340910053 1.5726849469 -0.7901711829 0.0167854451 -0.0690880674 0.6087483794
1413393973.3557605743 -0.7084123820 -1.4458407522 1.5679349750 -0.7819031201 0.0161051238 -0.0677068018 0.6195029659
1413393973.4057605267 -0.7309733572 -1.4597718544 1.5624710925 -0.7733165665 0.0154470800 -0.0655474580 0.6304335068
1413393973.4557604790 -0.7564666064 -1.4749822100 1.5566314219 -0.7656891152 0.0140507261 -0.0642331522 0.6398412757
1413393973.5057606697 -0.7838628956 -1.4939352386 1.5502776006 -0.7577174178 0.0123768270 -0.0639114346 0.6493276965
1413393973.5557603836 -0.8133535412 -1.5170786706 1.5451450265 -0.7526338834 0.0118102402 -0.0622184228 0.6553866215
1413393973.6057605743 -0.8454895038 -1.5444886866 1.5392987582 -0.7495918686 0.0122391319 -0.0589911620 0.6591526962
1413393973.6557605267 -0.8786751085 -1.5768743973 1.5335157589 -0.7490829381 0.0164216870 -0.0496172429 0.6604113939
1413393973.7057607174 -0.9144096446 -1.6138901838 1.5285266101 -0.7537190008 0.0246407298 -0.0345954922 0.6558228833
1413393973.7557604313 -0.9530731613 -1.6562077205 1.5242168125 -0.7620472556 0.0352239331 -0.0156716240 0.6463726905
1413393973.8057606220 -0.9896878737 -1.7019121154 1.5209212491 -0.7715107229 0.0470648472 0.0048002954 0.6344549328
1413393973.8557605743 -1.0247377984 -1.7496413701 1.5177637863 -0.7818655153 0.0620451647 0.0296011365 0.6196454521
1413393973.9057605267 -1.0571222647 -1.7991564136 1.5135341019 -0.7908086930 0.0771620538 0.0545351656 0.6047260075
1413393973.9557604790 -1.0832384983 -1.8511884340 1.5122472113 -0.8019147965 0.0896748912 0.0749317015 0.5858978692
1413393974.0057606697 -1.1032995717 -1.9053354265 1.5064380044 -0.8177006633 0.0957800555 0.0872875819 0.5608677957
1413393974.0557603836 -1.1141827730 -1.9567316005 1.5044002075 -0.8347992475 0.0985867550 0.0934260073 0.5335376736
1413393974.1057605743 -1.1205687848 -2.0040380382 1.5041629134 -0.8531631906 0.0982373050 0.0946780962 0.5034859087
1413393974.1557605267 -1.1180225286 -2.0471018591 1.5067040053 -0.8703236188 0.0951779502 0.0910287088 0.4745437077
1413393974.2057607174 -1.1068140049 -2.0842176507 1.5099060131 -0.8854456569 0.0846264319 0.0777316114 0.4503133935
1413393974.2557604313 -1.0914112048 -2.1139406668 1.5149913079 -0.8974270847 0.0681836237 0.0558162595 0.4322732542
1413393974.3057606220 -1.0692202407 -2.1319676458 1.5238187865 -0.9057418799 0.0504196740 0.0317553329 0.4196201882
1413393974.3557605743 -1.0423066858 -2.1393754946 1.5347850298 -0.9112820184 0.0340542242 0.0104377339 0.4102394989
1413393974.4057605267 -1.0126183132 -2.1354110706 1.5465506386 -0.9143339319 0.0186915160 -0.0091762482 0.4044253759
1413393974.4557604790 -0.9833870026 -2.1205690285 1.5630883020 -0.9142730875 0.0024236567 -0.0288482790 0.4040626488
1413393974.5057606697 -0.9559297789 -2.0913348512 1.5821580317 -0.9112437457 -0.0148453123 -0.0477611345 0.4088194304
1413393974.5557603836 -0.9325870768 -2.0518123294 1.6003577990 -0.9047571221 -0.0311993774 -0.0649066444 0.4197955173
1413393974.6057605743 -0.9136497020 -2.0011740560 1.6221227766 -0.8955626970 -0.0441802609 -0.0772838857 0.4359389423
1413393974.6557605267 -0.8998374617 -1.9397190143 1.6471444011 -0.8837245161 -0.0546936891 -0.0857271196 0.4568264889
1413393974.7057607174 -0.8918826296 -1.8728958517 1.6700535006 -0.8689119055 -0.0629015849 -0.0912491326 0.4823993024
1413393974.7557604313 -0.8914243603 -1.7995003784 1.6959583466 -0.8545423522 -0.0674757824 -0.0932099697 0.5064743711
1413393974.8057606220 -0.8950702674 -1.7238077394 1.7183727672 -0.8405691490 -0.0703226779 -0.0934875722 0.5289218284
1413393974.8557605743 -0.9054950830 -1.6481800414 1.7381747057 -0.8281276343 -0.0668134352 -0.0865759727 0.5497683032
1413393974.9057605267 -0.9211788249 -1.5693029886 1.7551392328 -0.8181078402 -0.0587019543 -0.0747214197 0.5671598997
1413393974.9557604790 -0.9399598838 -1.4914321814 1.7673175572 -0.8087165213 -0.0502804288 -0.0635669668 0.5825879397
1413393975.0057606697 -0.9625696885 -1.4147240680 1.7780090442 -0.8003754102 -0.0412393749 -0.0518695580 0.5958255329
1413393975.0557603836 -0.9883356590 -1.3394118237 1.7832514333 -0.7944618479 -0.0320190774 -0.0403645733 0.6051246584
1413393975.1057605743 -1.0163435664 -1.2657571929 1.7853402564 -0.7899371033 -0.0235409889 -0.0304076404 0.6119808576
1413393975.1557605267 -1.0463137567 -1.1937815520 1.7832238781 -0.7876935709 -0.0149146260 -0.0199777915 0.6155625721
1413393975.2057607174 -1.0760481492 -1.1258104048 1.7773244996 -0.7875851939 -0.0091278114 -0.0133161423 0.6159942579
1413393975.2557604313 -1.1079938109 -1.0564866648 1.7741846718 -0.7890928248 -0.0039930628 -0.0074454399 0.6142158698
1413393975.3057606220 -1.1400466506 -0.9940442289 1.7724342298 -0.7907578442 -0.0007206616 -0.0040269230 0.6121154274
1413393975.3557605743 -1.1711112607 -0.9365135654 1.7693854668 -0.7893072691 -0.0015291470 -0.0060502752 0.6139666855
1413393975.4057605267 -1.2024008438 -0.8764483936 1.7674497931 -0.7868187828 -0.0035599234 -0.0092172811 0.6171049925
1413393975.4557604790 -1.2351596526 -0.8212793654 1.7674969420 -0.7836861182 -0.0077145578 -0.0147762344 0.6209333432
1413393975.5057606697 -1.2669168792 -0.7666092332 1.7663027398 -0.7799434474 -0.0108796549 -0.0186106698 0.6254786127
1413393975.5557603836 -1.2993378157 -0.7178121680 1.7683781039 -0.7769745799 -0.0140887071 -0.0222869440 0.6289795725
1413393975.6057605743 -1.3344429377 -0.6706119775 1.7679327273 -0.7742243696 -0.0156625378 -0.0239319470 0.6322646380
1413393975.6557605267 -1.3724271058 -0.6261257786 1.7695427593 -0.7727249461 -0.0155366300 -0.0232848926 0.6341234774
1413393975.7057607174 -1.4067910330 -0.5872707254 1.7719293580 -0.7732831188 -0.0114626171 -0.0169216069 0.6337313988
1413393975.7557604313 -1.4508510888 -0.5540852931 1.7775385747 -0.7748377721 -0.0044482433 -0.0093327506 0.6320755807
1413393975.8057606220 -1.4890693511 -0.5212515982 1.7811340466 -0.7765135266 0.0023356032 -0.0020675293 0.6300928608
1413393975.8557605743 -1.5274340885 -0.4907624139 1.7853467290 -0.7763076418 0.0103209229 0.0057550533 0.6302434476
1413393975.9057605267 -1.5650600272 -0.4640462746 1.7890457356 -0.7762758827 0.0186403290 0.0132176963 0.6299790351
1413393975.9557604790 -1.6022974565 -0.4406414974 1.7928272105 -0.7781247153 0.0232720205 0.0152003437 0.6274944542
1413393976.0057606697 -1.6371766133 -0.4195092041 1.7948267538 -0.7816797614 0.0262117127 0.0141254536 0.6229688341
1413393976.0557603836 -1.6718906568 -0.4024973198 1.7960436006 -0.7861975091 0.0266714731 0.0093089188 0.6173292908
1413393976.1057605743 -1.7061478871 -0.3849082681 1.7922412636 -0.7902630438 0.0272719153 0.0044346699 0.6121445074
1413393976.1557605267 -1.7398506283 -0.3704395773 1.7877379881 -0.7928891181 0.0285502747 0.0011660820 0.6086956288
1413393976.2057607174 -1.7722247639 -0.3580956729 1.7803825517 -0.7954437487 0.0314801620 0.0006111084 0.6052089462
1413393976.2557604313 -1.8034119707 -0.3458699676 1.7710541520 -0.7963895228 0.0353607375 0.0027674394 0.6037430641
1413393976.3057606220 -1.8347708573 -0.3351677987 1.7599335640 -0.7958314751 0.0399623865 0.0062147041 0.6041660768
1413393976.3557605743 -1.8628098900 -0.3250608497 1.7499299608 -0.7931962248 0.0444801252 0.0106733515 0.6072457056
1413393976.4057605267 -1.8911046185 -0.3180259135 1.7413984956 -0.7899806291 0.0471347963 0.0147785618 0.6111387000
1413393976.4557604790 -1.9162036225 -0.3118347742 1.7378871156 -0.7885284816 0.0478844013 0.0201556094 0.6127998606
1413393976.5057606697 -1.9390049874 -0.3079769667 1.7350558926 -0.7899665353 0.0459321065 0.0257564855 0.6108843737
1413393976.5557603836 -1.9601635264 -0.3072191902 1.7327187176 -0.7920897506 0.0407682785 0.0299926338 0.6083027342
1413393976.6057605743 -1.9791375838 -0.3076301168 1.7323745962 -0.7950416474 0.0355800910 0.0336947050 0.6045721651
1413393976.6557605267 -2.0002680027 -0.3116919418 1.7288874767 -0.7973226262 0.0307330222 0.0369725271 0.6016353907
1413393976.7057607174 -2.0140726253 -0.3134343785 1.7257263514 -0.7983300950 0.0276832071 0.0436112700 0.6000006304
1413393976.7557604313 -2.0266402654 -0.3158755468 1.7188803495 -0.7992529287 0.0249422688 0.0495697687 0.5984275037
1413393976.8057606220 -2.0374776476 -0.3192136212 1.7097192569 -0.8013971589 0.0227258867 0.0546394401 0.5951980001
1413393976.8557605743 -2.0442224367 -0.3224875798 1.6998272045 -0.8063520153 0.0192980917 0.0569459660 0.5883716241
1413393976.9057605267 -2.0479745213 -0.3258927440 1.6888816316 -0.8135323640 0.0140510493 0.0558506634 0.5786608369
1413393976.9557604790 -2.0491146143 -0.3285952003 1.6764520863 -0.8198321097 0.0090120242 0.0534337053 0.5700341520
1413393977.0057606697 -2.0482824839 -0.3301837811 1.6667389539 -0.8257222111 0.0016197955 0.0465731650 0.5621486873
1413393977.0557603836 -2.0452272859 -0.3319528524 1.6585954905 -0.8288925891 -0.0063406615 0.0372670772 0.5581290502
1413393977.1057605743 -2.0411429936 -0.3288456188 1.6530843100 -0.8303900653 -0.0135588963 0.0279344507 0.5563166025
1413393977.1557605267 -2.0372603693 -0.3249321904 1.6502060706 -0.8289176609 -0.0186535849 0.0215968097 0.5586422227
1413393977.2057607174 -2.0313788174 -0.3193892079 1.6510217149 -0.8262140803 -0.0234568653 0.0151365287 0.5626641578
1413393977.2557604313 -2.0289650445 -0.3123891866 1.6560910475 -0.8228133892 -0.0258748282 0.0111938019 0.5676119437
1413393977.3057606220 -2.0251674530 -0.3035875609 1.6664254076 -0.8191792150 -0.0280552863 0.0084686795 0.5727884393
1413393977.3557605743 -2.0233132313 -0.2943455480 1.6780911091 -0.8165923909 -0.0287939090 0.0059296967 0.5764656248
1413393977.4057605267 -2.0220172770 -0.2842397258 1.6931731057 -0.8141625207 -0.0292499486 0.0032075672 0.5798909742
1413393977.4557604790 -2.0223733659 -0.2737520419 1.7080615488 -0.8128146655 -0.0289464784 0.0014953647 0.5818008119
1413393977.5057606697 -2.0230690853 -0.2624450794 1.7250553378 -0.8122498929 -0.0298706352 -0.0024456424 0.5825391621
1413393977.5557603836 -2.0261715991 -0.2514763943 1.7408201012 -0.8121128812 -0.0294049447 -0.0049334303 0.5827380875
1413393977.6057605743 -2.0285811570 -0.2400476087 1.7566185856 -0.8124042635 -0.0286753733 -0.0066150108 0.5823515066
1413393977.6557605267 -2.0337160884 -0.2291802942 1.7691483305 -0.8124600172 -0.0279197435 -0.0082724405 0.5822892538
1413393977.7057607174 -2.0394703386 -0.2174123935 1.7807518815 -0.8126187599 -0.0269280293 -0.0098965355 0.5820890747
1413393977.7557604313 -2.0470965546 -0.2067130276 1.7872745331 -0.8129434967 -0.0252469540 -0.0107994397 0.5816947951
1413393977.8057606220 -2.0566565477 -0.1940930380 1.7929202054 -0.8128197499 -0.0233511700 -0.0114784948 0.5819338632
1413393977.8557605743 -2.0663581600 -0.1816606836 1.7972260500 -0.8126108640 -0.0221259771 -0.0126883393 0.5822482554
1413393977.9057605267 -2.0768264549 -0.1697180367 1.8020721829 -0.8122610471 -0.0204826324 -0.0135587159 0.5827766418
1413393977.9557604790 -2.0901826464 -0.1559531965 1.8089421450 -0.8125011559 -0.0182538727 -0.0142388877 0.5824997183
1413393978.0057606697 -2.1054633666 -0.1427449865 1.8154401618 -0.8128443081 -0.0153671916 -0.0141962357 0.5821051855
1413393978.0557603836 -2.1212948155 -0.1305131008 1.8218635934 -0.8133630618 -0.0115286142 -0.0134905866 0.5814857047
1413393978.1057605743 -2.1364921934 -0.1185044662 1.8283916997 -0.8138207822 -0.0075033285 -0.0119357702 0.5809448958
1413393978.1557605267 -2.1540541182 -0.1058690959 1.8363452133 -0.8140096859 -0.0029180457 -0.0094975279 0.5807663155
1413393978.2057607174 -2.1719543159 -0.0915547102 1.8440051288 -0.8136072426 0.0018723357 -0.0072836334 0.5813662339
1413393978.2557604313 -2.1904209358 -0.0756449091 1.8526887613 -0.8127487187 0.0078082742 -0.0057858604 0.5825333252
1413393978.3057606220 -2.2089936059 -0.0611038239 1.8616618489 -0.8116647705 0.0142989450 -0.0054426058 0.5839231273
1413393978.3557605743 -2.2264128427 -0.0457918550 1.8725165910 -0.8093314344 0.0229855348 -0.0049274981 0.5868816015
1413393978.4057605267 -2.2455998748 -0.0297750246 1.8826472713 -0.8075677984 0.0319362888 -0.0063779616 0.5888748984
1413393978.4557604790 -2.2619973815 -0.0147835028 1.8935825817 -0.8044706480 0.0429842320 -0.0079891083 0.5923812172
1413393978.5057606697 -2.2767561137 -0.0018957533 1.9018065820 -0.8017323346 0.0543498235 -0.0110043603 0.5951052549
1413393978.5557603836 -2.2902432281 0.0118365512 1.9113303249 -0.7983122161 0.0659269744 -0.0161839873 0.5984056468
1413393978.6057605743 -2.3028526801 0.0249579526 1.9210088254 -0.7972314768 0.0785925012 -0.0229381584 0.5980961730
1413393978.6557605267 -2.3130691249 0.0373394965 1.9310957476 -0.7961244470 0.0915103117 -0.0301760161 0.5974120319
1413393978.7057607174 -2.3229378199 0.0479316371 1.9404416731 -0.7962613480 0.1046911069 -0.0384676327 0.5945821045
1413393978.7557604313 -2.3309345641 0.0565608377 1.9493968435 -0.7968144978 0.1185852895 -0.0465206411 0.5906437294
1413393978.8057606220 -2.3376516760 0.0643955184 1.9592856781 -0.7969771958 0.1321074951 -0.0542326870 0.5868848054
1413393978.8557605743 -2.3418593028 0.0726292601 1.9712091054 -0.7960990602 0.1463944620 -0.0616333276 0.5839488682
1413393978.9057605267 -2.3462711400 0.0794405367 1.9812787052 -0.7938956178 0.1603728193 -0.0701362472 0.5823153903
1413393978.9557604790 -2.3483176106 0.0847669636 1.9931232765 -0.7911538527 0.1745650151 -0.0776879586 0.5810053511
1413393979.0057606697 -2.3489514015 0.0915317995 2.0035236229 -0.7881922509 0.1898792214 -0.0841153301 0.5793301893
1413393979.0557603836 -2.3469336330 0.0958960418 2.0134890668 -0.7847294937 0.2049337573 -0.0909833527 0.5778614076
1413393979.1057605743 -2.3431682139 0.0978297658 2.0254095949 -0.7809381731 0.2197593753 -0.0979841230 0.5764030694
1413393979.1557605267 -2.3380367021 0.1004497532 2.0367751235 -0.7771187289 0.2349669280 -0.1072902377 0.5739040240
1413393979.2057607174 -2.3306674239 0.1015126002 2.0457156746 -0.7730239166 0.2489394463 -0.1182843249 0.5713772790
1413393979.2557604313 -2.3223568906 0.1001064544 2.0518892729 -0.7685673341 0.2627724387 -0.1286569533 0.5689484043
1413393979.3057606220 -2.3113538702 0.0991577967 2.0545744005 -0.7631619323 0.2776375129 -0.1385172437 0.5668458783
1413393979.3557605743 -2.2987878412 0.0960015749 2.0560700263 -0.7572640086 0.2927268485 -0.1469787630 0.5650304917
1413393979.4057605267 -2.2858854392 0.0912104020 2.0546654268 -0.7512704912 0.3082356645 -0.1544577284 0.5627843586
1413393979.4557604790 -2.2714305573 0.0856047632 2.0499183738 -0.7445701232 0.3237592154 -0.1621665757 0.5608005919
1413393979.5057606697 -2.2546428423 0.0772617299 2.0427678086 -0.7377275871 0.3393196523 -0.1682953542 0.5588352660
1413393979.5557603836 -2.2361615662 0.0679617020 2.0326168356 -0.7306042643 0.3550160629 -0.1747064443 0.5564698217
1413393979.6057605743 -2.2159408420 0.0560080322 2.0201030114 -0.7239552639 0.3697203361 -0.1827916103 0.5529763793
1413393979.6557605267 -2.1939648726 0.0412469533 2.0068032924 -0.7179904744 0.3826112755 -0.1929950798 0.5484990335
1413393979.7057607174 -2.1696997932 0.0241637757 1.9939636314 -0.7116350227 0.3946226810 -0.2048494479 0.5439533415
1413393979.7557604313 -2.1432340283 0.0046449038 1.9817685898 -0.7062206296 0.4054107989 -0.2168900312 0.5383801824
1413393979.8057606220 -2.1152917364 -0.0186139242 1.9709676742 -0.7015590309 0.4144488129 -0.2311023063 0.5316378764
1413393979.8557605743 -2.0868562105 -0.0425396269 1.9620129917 -0.6979173664 0.4238600295 -0.2447734785 0.5228192510
1413393979.9057605267 -2.0574266501 -0.0696195067 1.9545988610 -0.6941582249 0.4334202942 -0.2569500679 0.5140699078
1413393979.9557604790 -2.0262237419 -0.0986589663 1.9474661750 -0.6902717697 0.4434134349 -0.2680878057 0.5050132060
1413393980.0057606697 -1.9920549433 -0.1281566019 1.9399461092 -0.6857007358 0.4541645776 -0.2780284005 0.4962350712
1413393980.0557603836 -1.9588484419 -0.1590591136 1.9329714091 -0.6832438965 0.4641718380 -0.2880756289 0.4844942877
1413393980.1057605743 -1.9243883692 -0.1902138552 1.9260784796 -0.6817557267 0.4734129785 -0.2983874613 0.4712262766
1413393980.1557605267 -1.8881680219 -0.2217926860 1.9204765750 -0.6812719469 0.4808941443 -0.3098786460 0.4567106098
1413393980.2057607174 -1.8519184549 -0.2521733884 1.9134626971 -0.6816119363 0.4881460191 -0.3194009287 0.4417031571
1413393980.2557604313 -1.8140555465 -0.2802416703 1.9063313187 -0.6818625206 0.4939260177 -0.3276963307 0.4286207028
1413393980.3057606220 -1.7753967844 -0.3078441689 1.9006057146 -0.6817101800 0.4991006703 -0.3339864300 0.4178789490
1413393980.3557605743 -1.7372774499 -0.3368544924 1.8992779987 -0.6815590672 0.5024877751 -0.3383757104 0.4104694293
1413393980.4057605267 -1.6946829942 -0.3595562694 1.8937920069 -0.6801386126 0.5041857604 -0.3436333542 0.4063548998
1413393980.4557604790 -1.6511227008 -0.3799384135 1.8890194003 -0.6776511663 0.5048737199 -0.3481821894 0.4057839163
1413393980.5057606697 -1.6045064337 -0.3975462804 1.8854583668 -0.6739176240 0.5034741712 -0.3543384383 0.4084030682
1413393980.5557603836 -1.5559882464 -0.4143228306 1.8828126145 -0.6687876755 0.5009772696 -0.3604273543 0.4145321975
1413393980.6057605743 -1.5078906198 -0.4274319941 1.8817679648 -0.6635370012 0.4971075209 -0.3676331407 0.4212465247
1413393980.6557605267 -1.4593366193 -0.4386226376 1.8799944227 -0.6595604132 0.4936277726 -0.3733446568 0.4265271980
1413393980.7057607174 -1.4106400956 -0.4468380302 1.8775102522 -0.6569126127 0.4914818198 -0.3765320379 0.4302732440
1413393980.7557604313 -1.3643956096 -0.4539652845 1.8752252401 -0.6568427152 0.4913147199 -0.3766885113 0.4304338033
1413393980.8057606220 -1.3163765600 -0.4586100653 1.8748655063 -0.6583485748 0.4938170476 -0.3728648000 0.4285950518
1413393980.8557605743 -1.2687670097 -0.4627683549 1.8736575382 -0.6601788005 0.4977103648 -0.3668937921 0.4264238378
1413393980.9057605267 -1.2218934737 -0.4631719538 1.8723124888 -0.6627621158 0.5034863605 -0.3585138741 0.4227477555
1413393980.9557604790 -1.1766363588 -0.4624939099 1.8737215409 -0.6634733620 0.5089024807 -0.3504559579 0.4219028143
1413393981.0057606697 -1.1281069304 -0.4603424484 1.8757665795 -0.6627729516 0.5148408253 -0.3421065927 0.4226511783
1413393981.0557603836 -1.0770090898 -0.4584694090 1.8786606959 -0.6607763485 0.5191076489 -0.3355921131 0.4257696557
1413393981.1057605743 -1.0257817184 -0.4539572610 1.8858393115 -0.6576017693 0.5226659991 -0.3306370650 0.4301851899
1413393981.1557605267 -0.9716631238 -0.4503212279 1.8944104150 -0.6532845229 0.5241573114 -0.3289994951 0.4361625583
1413393981.2057607174 -0.9149630638 -0.4484548287 1.9067949726 -0.6489170519 0.5246862696 -0.3280607782 0.4427043077
1413393981.2557604313 -0.8575925389 -0.4455774812 1.9210836310 -0.6463950385 0.5250102987 -0.3270234231 0.4467586835
1413393981.3057606220 -0.7987399622 -0.4451095348 1.9386519425 -0.6461722915 0.5250584974 -0.3253897569 0.4482147367
1413393981.3557605743 -0.7383353775 -0.4433286620 1.9567897800 -0.6466425129 0.5259995288 -0.3227214297 0.4483623925
1413393981.4057605267 -0.6776771837 -0.4444856178 1.9731209874 -0.6489002517 0.5251593549 -0.3216645466 0.4468422931
1413393981.4557604790 -0.6131537364 -0.4447855986 1.9916346859 -0.6524225283 0.5226185369 -0.3234960078 0.4433565635
1413393981.5057606697 -0.5498583790 -0.4466896461 2.0041863497 -0.6559268345 0.5185566023 -0.3272072778 0.4402208938
1413393981.5557603836 -0.4849492627 -0.4481245152 2.0153669056 -0.6598401742 0.5133936667 -0.3321637383 0.4366979946
1413393981.6057605743 -0.4184172080 -0.4502760550 2.0225544658 -0.6627064075 0.5090611902 -0.3358777912 0.4345837450
1413393981.6557605267 -0.3506862628 -0.4528381400 2.0271762962 -0.6654113473 0.5058919593 -0.3379856136 0.4325121841
1413393981.7057607174 -0.2825156465 -0.4522836036 2.0278972062 -0.6676945207 0.5028340489 -0.3400987549 0.4308999689
1413393981.7557604313 -0.2135711258 -0.4499870556 2.0248929850 -0.6695583337 0.4994625212 -0.3432375930 0.4294377515
1413393981.8057606220 -0.1421858686 -0.4477307104 2.0267384432 -0.6708755906 0.4957171525 -0.3463081927 0.4292564297
1413393981.8557605743 -0.0710455592 -0.4449050645 2.0195995849 -0.6730893358 0.4900271127 -0.3492578210 0.4299338895
1413393981.9057605267 0.0014219502 -0.4404346936 2.0137696264 -0.6757910784 0.4830050118 -0.3513765541 0.4319109793
1413393981.9557604790 0.0718964519 -0.4325204816 2.0058055306 -0.6786674478 0.4746519949 -0.3527675539 0.4355123787
1413393982.0057606697 0.1431497147 -0.4221731842 1.9979417011 -0.6815433052 0.4658350908 -0.3522637537 0.4409156825
1413393982.0557603836 0.2126777737 -0.4094902110 1.9895912675 -0.6856989661 0.4567283572 -0.3497081222 0.4460048932
1413393982.1057605743 0.2827371293 -0.3947887502 1.9831870679 -0.6904970162 0.4460968178 -0.3457084826 0.4524346856
1413393982.1557605267 0.3488562917 -0.3753216407 1.9793011078 -0.6954493934 0.4347452280 -0.3406501450 0.4596783731
1413393982.2057607174 0.4153085889 -0.3556402804 1.9740110920 -0.7014578782 0.4229854951 -0.3329648971 0.4670915256
1413393982.2557604313 0.4764702547 -0.3316387576 1.9684430596 -0.7075005532 0.4099127477 -0.3243478434 0.4756185268
1413393982.3057606220 0.5399976177 -0.3079049388 1.9654070366 -0.7145776116 0.3954801806 -0.3145955148 0.4837395226
1413393982.3557605743 0.5994239946 -0.2822552301 1.9620650682 -0.7234765955 0.3808632691 -0.3023454141 0.4900122820
1413393982.4057605267 0.6592875242 -0.2551831958 1.9591667042 -0.7332830308 0.3645685777 -0.2895513564 0.4955257420
1413393982.4557604790 0.7172209268 -0.2284676685 1.9568331925 -0.7433201918 0.3468927984 -0.2758729994 0.5010334990
1413393982.5057606697 0.7746101117 -0.1993459142 1.9557786734 -0.7534093736 0.3279201347 -0.2616010939 0.5063670297
1413393982.5557603836 0.8302562204 -0.1714220826 1.9575554251 -0.7629258882 0.3085030479 -0.2465145084 0.5118598986
1413393982.6057605743 0.8870577133 -0.1381376706 1.9586535143 -0.7725511593 0.2856173827 -0.2307349634 0.5180239315
1413393982.6557605267 0.9394900560 -0.1053197914 1.9573976190 -0.7810481013 0.2613483065 -0.2161285875 0.5243561383
1413393982.7057607174 0.9944050846 -0.0711393323 1.9584621208 -0.7895959379 0.2350689422 -0.2010912042 0.5299463887
1413393982.7557604313 1.0451501453 -0.0369196160 1.9592450129 -0.7968352264 0.2080995539 -0.1867445490 0.5356068250
1413393982.8057606220 1.0932711930 -0.0005483242 1.9589223683 -0.8030009963 0.1797238210 -0.1730357684 0.5412461279
1413393982.8557605743 1.1397895231 0.0371858965 1.9574293116 -0.8077108530 0.1510484021 -0.1591958590 0.5472149821
1413393982.9057605267 1.1835798513 0.0770306786 1.9577044455 -0.8119738455 0.1216102455 -0.1449913557 0.5521656718
1413393982.9557604790 1.2273429385 0.1158353408 1.9579954971 -0.8159629581 0.0931506368 -0.1295511403 0.5556472910
1413393983.0057606697 1.2636115975 0.1577632147 1.9564212095 -0.8188249037 0.0665366969 -0.1139997863 0.5586615199
1413393983.0557603836 1.2977112398 0.1991369284 1.9546166236 -0.8210184627 0.0387735614 -0.0986271384 0.5609794849
1413393983.1057605743 1.3321184379 0.2420721204 1.9542717679 -0.8219309468 0.0111575537 -0.0836043482 0.5633075010
1413393983.1557605267 1.3591227249 0.2856191937 1.9506163449 -0.8220799473 -0.0165270537 -0.0704271692 0.5647578512
1413393983.2057607174 1.3852476507 0.3289486784 1.9502055764 -0.8214251667 -0.0443466932 -0.0570453787 0.5657206829
1413393983.2557604313 1.4068159190 0.3750706380 1.9487628716 -0.8194541651 -0.0717055170 -0.0439615121 0.5669396577
1413393983.3057606220 1.4243151475 0.4201020316 1.9453528006 -0.8169825128 -0.0982533972 -0.0304494462 0.5674140242
1413393983.3557605743 1.4354908025 0.4660556566 1.9431061675 -0.8125762104 -0.1248635827 -0.0176895341 0.5690483884
1413393983.4057605267 1.4444846566 0.5116342832 1.9454387314 -0.8070191221 -0.1506236853 -0.0039763425 0.5709788356
1413393983.4557604790 1.4453157633 0.5550239573 1.9472917972 -0.8008879366 -0.1745087751 0.0104979850 0.5727259316
1413393983.5057606697 1.4409272265 0.5981648583 1.9476356490 -0.7926802173 -0.1972165810 0.0255666343 0.5762898928
1413393983.5557603836 1.4332399634 0.6379881657 1.9507791864 -0.7846077238 -0.2194679687 0.0411617698 0.5783858913
1413393983.6057605743 1.4170979753 0.6753127421 1.9548358215 -0.7755507571 -0.2411603987 0.0559474932 0.5807172834
1413393983.6557605267 1.3968006224 0.7106129411 1.9559758364 -0.7667422746 -0.2619439461 0.0707988408 0.5817896335
1413393983.7057607174 1.3750725802 0.7425917134 1.9607200887 -0.7574095922 -0.2813860901 0.0875057771 0.5826622666
1413393983.7557604313 1.3488429268 0.7720947537 1.9644114659 -0.7490428303 -0.3000995880 0.1038029976 0.5814636819
1413393983.8057606220 1.3189182131 0.7972148399 1.9704641126 -0.7416711614 -0.3168212670 0.1206142665 0.5787921664
1413393983.8557605743 1.2836733356 0.8189474286 1.9784860895 -0.7340355048 -0.3331260216 0.1372105243 0.5756667469
1413393983.9057605267 1.2474862597 0.8385725879 1.9858130449 -0.7265154315 -0.3482271979 0.1532473926 0.5722135817
1413393983.9557604790 1.2080394118 0.8540508730 1.9961210942 -0.7171894936 -0.3646931256 0.1663805685 0.5700488232
1413393984.0057606697 1.1635869426 0.8652239909 2.0025032029 -0.7081305986 -0.3801317153 0.1791111631 0.5674241144
1413393984.0557603836 1.1188897108 0.8736415497 2.0136999899 -0.6981138565 -0.3964400683 0.1909739809 0.5648019602
1413393984.1057605743 1.0704487776 0.8768801504 2.0242587311 -0.6874392738 -0.4123919604 0.2029520400 0.5622904813
1413393984.1557605267 1.0201306710 0.8743821839 2.0327023172 -0.6762835835 -0.4284617557 0.2141690479 0.5596361832
1413393984.2057607174 0.9679437369 0.8673629710 2.0440988483 -0.6649695828 -0.4440570648 0.2258627846 0.5564303907
1413393984.2557604313 0.9142182695 0.8550748395 2.0558876737 -0.6538990347 -0.4588624088 0.2373410682 0.5527481882
1413393984.3057606220 0.8590863192 0.8403754047 2.0670267706 -0.6440657136 -0.4717292386 0.2505908351 0.5475902806
1413393984.3557605743 0.8032490073 0.8196744596 2.0820243228 -0.6350540134 -0.4834394103 0.2635248377 0.5418001445
1413393984.4057605267 0.7456999709 0.7941154279 2.0945234255 -0.6255545954 -0.4936782003 0.2756018009 0.5375936477
1413393984.4557604790 0.6890109483 0.7667724469 2.1051580152 -0.6160568955 -0.5037522366 0.2862151415 0.5336557677
1413393984.5057606697 0.6315225525 0.7321526312 2.1194610110 -0.6071439321 -0.5122172795 0.2961430160 0.5303857260
1413393984.5557603836 0.5753160435 0.6959825835 2.1343067498 -0.5981640415 -0.5198718587 0.3058068608 0.5276506362
1413393984.6057605743 0.5182767883 0.6553187664 2.1468145838 -0.5922709130 -0.5267492918 0.3146460075 0.5222530413
1413393984.6557605267 0.4617164510 0.6099501573 2.1590612453 -0.5909156272 -0.5310089144 0.3259637081 0.5124411335
1413393984.7057607174 0.4064836136 0.5617255427 2.1704303005 -0.5934484405 -0.5313810531 0.3394729045 0.5002112274
1413393984.7557604313 0.3499734729 0.5133991623 2.1782759899 -0.5960314198 -0.5305657986 0.3512808869 0.4897430126
1413393984.8057606220 0.2944390449 0.4625374235 2.1831223340 -0.5993302375 -0.5286945770 0.3616324875 0.4801117107
1413393984.8557605743 0.2393770187 0.4116720775 2.1850806608 -0.6063765018 -0.5254153953 0.3702757898 0.4681260940
1413393984.9057605267 0.1858532620 0.3601471020 2.1850680698 -0.6164772458 -0.5199663146 0.3764918171 0.4558999328
1413393984.9557604790 0.1318680892 0.3099288662 2.1807232139 -0.6278397896 -0.5125946969 0.3802048326 0.4455425463
1413393985.0057606697 0.0774967073 0.2621583542 2.1752991243 -0.6389481572 -0.5036628025 0.3815909897 0.4386996129
1413393985.0557603836 0.0223055094 0.2143936590 2.1658798312 -0.6487092103 -0.4946619724 0.3781956604 0.4375544949
1413393985.1057605743 -0.0315979472 0.1705725404 2.1555786964 -0.6562254874 -0.4849927662 0.3729271555 0.4416734803
1413393985.1557605267 -0.0865890312 0.1283364163 2.1435997916 -0.6612045604 -0.4752242190 0.3645154163 0.4517731535
1413393985.2057607174 -0.1424471509 0.0896485684 2.1283419529 -0.6652413481 -0.4649490876 0.3550867683 0.4638854187
1413393985.2557604313 -0.1968687570 0.0553211299 2.1098647572 -0.6692725465 -0.4544852222 0.3442805756 0.4764329192
1413393985.3057606220 -0.2507441285 0.0193301642 2.0921992949 -0.6733872369 -0.4437052072 0.3320223121 0.4893224935
1413393985.3557605743 -0.3045858684 -0.0167172624 2.0755537842 -0.6784427800 -0.4330890513 0.3179627493 0.5010478600
1413393985.4057605267 -0.3569453604 -0.0524016102 2.0588178691 -0.6836668013 -0.4212607984 0.3047668216 0.5121095869
1413393985.4557604790 -0.4073426388 -0.0874973180 2.0429261084 -0.6902111477 -0.4088985713 0.2917576395 0.5208531557
1413393985.5057606697 -0.4574566975 -0.1222375744 2.0274242083 -0.6965032923 -0.3956728415 0.2796448339 0.5292682998
1413393985.5557603836 -0.5071032494 -0.1578887438 2.0128480297 -0.7050860252 -0.3811773578 0.2694157574 0.5338283138
1413393985.6057605743 -0.5565862915 -0.1953937760 1.9995512286 -0.7157533175 -0.3661837194 0.2597928459 0.5348965782
1413393985.6557605267 -0.6050653997 -0.2343112809 1.9878618737 -0.7282541493 -0.3511633312 0.2507744948 0.5323930518
1413393985.7057607174 -0.6529992566 -0.2722131456 1.9739880409 -0.7409898407 -0.3357759168 0.2428264013 0.5284164348
1413393985.7557604313 -0.7009018398 -0.3097982826 1.9612602637 -0.7536838665 -0.3206503329 0.2338880316 0.5238705776
1413393985.8057606220 -0.7489221458 -0.3445662407 1.9503667680 -0.7650817719 -0.3062118537 0.2251923718 0.5197812796
1413393985.8557605743 -0.7960329706 -0.3786220290 1.9416093145 -0.7757146614 -0.2915944362 0.2170806275 0.5158637902
1413393985.9057605267 -0.8438768124 -0.4106115897 1.9330825912 -0.7854084934 -0.2751154975 0.2106154361 0.5129191940
1413393985.9557604790 -0.8923937171 -0.4431489893 1.9260413544 -0.7937777295 -0.2592139620 0.2030986831 0.5113472039
1413393986.0057606697 -0.9374899691 -0.4685136217 1.9207423068 -0.8001898743 -0.2433470111 0.1969628013 0.5115506349
1413393986.0557603836 -0.9866678225 -0.4927156243 1.9160509212 -0.8058479910 -0.2273924050 0.1896126933 0.5127852728
1413393986.1057605743 -1.0336592491 -0.5133778588 1.9105581975 -0.8108455573 -0.2099475109 0.1838692311 0.5144352542
1413393986.1557605267 -1.0811571754 -0.5302799996 1.9062720766 -0.8149528393 -0.1924284627 0.1785350893 0.5166704736
1413393986.2057607174 -1.1251650719 -0.5439134468 1.9045364806 -0.8188129577 -0.1735681679 0.1756594144 0.5182308381
1413393986.2557604313 -1.1662894488 -0.5562855285 1.9039753513 -0.8218440060 -0.1535126091 0.1731234624 0.5206098111
1413393986.3057606220 -1.2069754266 -0.5611992896 1.9032765889 -0.8248012837 -0.1337449698 0.1694470785 0.5225923966
1413393986.3557605743 -1.2444541503 -0.5637720068 1.9036101701 -0.8272383892 -0.1148963138 0.1645614331 0.5247809250
1413393986.4057605267 -1.2781222858 -0.5626177315 1.9053305249 -0.8289196239 -0.0955880652 0.1589264370 0.5277286864
1413393986.4557604790 -1.3075600007 -0.5579307356 1.9068473564 -0.8307710336 -0.0782942702 0.1515460570 0.5298332658
1413393986.5057606697 -1.3338751626 -0.5479290912 1.9083161711 -0.8307839798 -0.0641574681 0.1395875580 0.5349739357
1413393986.5557603836 -1.3560509342 -0.5363177499 1.9100649134 -0.8288445171 -0.0545451345 0.1215011513 0.5433958640
1413393986.6057605743 -1.3747484402 -0.5208821725 1.9128225671 -0.8255448350 -0.0487295558 0.0989941998 0.5534449423
1413393986.6557605267 -1.3907104423 -0.5048380373 1.9164760325 -0.8223957923 -0.0443592982 0.0750186025 0.5622006961
1413393986.7057607174 -1.4057718352 -0.4877420848 1.9197175856 -0.8170080056 -0.0376428071 0.0538681684 0.5728692332
1413393986.7557604313 -1.4196079800 -0.4703181366 1.9244922334 -0.8119047352 -0.0306721038 0.0340158728 0.5819904152
1413393986.8057606220 -1.4322052100 -0.4530214069 1.9299658313 -0.8061570751 -0.0232139069 0.0151267254 0.5910525077
1413393986.8557605743 -1.4457983459 -0.4358027740 1.9372902124 -0.8009193522 -0.0159984721 -0.0021695684 0.5985545365
1413393986.9057605267 -1.4611471547 -0.4206571473 1.9431457449 -0.7968145628 -0.0091917845 -0.0164634887 0.6039296459
1413393986.9557604790 -1.4768047764 -0.4081860771 1.9476185425 -0.7957806309 -0.0016356900 -0.0258209781 0.6050320562
1413393987.0057606697 -1.4955699492 -0.3967319783 1.9522409904 -0.7979606060 0.0066093668 -0.0313986783 0.6018548916
1413393987.0557603836 -1.5151811012 -0.3871233466 1.9568267220 -0.8008109350 0.0138006644 -0.0355797006 0.5977001530
1413393987.1057605743 -1.5372136473 -0.3784521269 1.9583751836 -0.8036517742 0.0196328203 -0.0387031278 0.5935153293
1413393987.1557605267 -1.5590513484 -0.3692126850 1.9579405715 -0.8062605480 0.0245907040 -0.0405636631 0.5896556752
1413393987.2057607174 -1.5833895208 -0.3603109248 1.9543745700 -0.8081186880 0.0287630034 -0.0419283175 0.5868210050
1413393987.2557604313 -1.6074554735 -0.3521460979 1.9518990191 -0.8106108480 0.0314847052 -0.0428649050 0.5831649564
1413393987.3057606220 -1.6337370229 -0.3451886544 1.9507304712 -0.8122178273 0.0337702322 -0.0434197363 0.5807551110
1413393987.3557605743 -1.6589874331 -0.3371003173 1.9510469395 -0.8136178535 0.0351828293 -0.0430377906 0.5787364733
1413393987.4057605267 -1.6874584433 -0.3293382196 1.9518950247 -0.8147857962 0.0354892963 -0.0434479317 0.5770415006
1413393987.4557604790 -1.7162407500 -0.3215777531 1.9538424098 -0.8151897309 0.0359714872 -0.0420683917 0.5765431512
1413393987.5057606697 -1.7450355677 -0.3116617955 1.9572075763 -0.8152908567 0.0361045052 -0.0420766566 0.5763912202
1413393987.5557603836 -1.7748578086 -0.3012389146 1.9614249374 -0.8141380141 0.0360705592 -0.0436377140 0.5779048007
1413393987.6057605743 -1.8038735768 -0.2913209924 1.9651945490 -0.8130412355 0.0367033292 -0.0465170066 0.5791830307
1413393987.6557605267 -1.8338752550 -0.2789023063 1.9706142163 -0.8119149277 0.0390199466 -0.0493407933 0.5803766708
1413393987.7057607174 -1.8654091202 -0.2674606277 1.9763356137 -0.8113134644 0.0431400816 -0.0524505503 0.5806533695
1413393987.7557604313 -1.8972178503 -0.2575937449 1.9802883766 -0.8099192472 0.0486081652 -0.0546565612 0.5819628164
1413393987.8057606220 -1.9318434071 -0.2458120603 1.9857358694 -0.8100256736 0.0541895572 -0.0559866137 0.5811948030
1413393987.8557605743 -1.9657225841 -0.2342983240 1.9896071640 -0.8097007942 0.0604689513 -0.0552030368 0.5811030498
1413393987.9057605267 -1.9998097391 -0.2232535838 1.9908370208 -0.8102733424 0.0659429319 -0.0542082445 0.5798017821
1413393987.9557604790 -2.0341383769 -0.2114518556 1.9884867850 -0.8101719156 0.0702230897 -0.0541017125 0.5794507654
1413393988.0057606697 -2.0689591098 -0.2006518752 1.9833508986 -0.8097423005 0.0736922763 -0.0544480208 0.5795880159
1413393988.0557603836 -2.1030279841 -0.1900695414 1.9753200934 -0.8097188341 0.0763196935 -0.0552740574 0.5792024626
1413393988.1057605743 -2.1370871605 -0.1789822473 1.9631091331 -0.8087798910 0.0778097395 -0.0573957184 0.5801090103
1413393988.1557605267 -2.1718666267 -0.1685677545 1.9498619806 -0.8071369612 0.0781871263 -0.0607138760 0.5820056052
1413393988.2057607174 -2.2052956288 -0.1583878109 1.9314320128 -0.8054329423 0.0777587330 -0.0648111430 0.5839784847
1413393988.2557604313 -2.2408334275 -0.1486814170 1.9131829477 -0.8034788469 0.0766879855 -0.0691887577 0.5863050496
1413393988.3057606220 -2.2748642753 -0.1377770068 1.8922686960 -0.8020476192 0.0752789754 -0.0726846566 0.5880217964
1413393988.3557605743 -2.3126326721 -0.1280806973 1.8722799355 -0.8003690361 0.0733430761 -0.0770670578 0.5899922608
1413393988.4057605267 -2.3530883860 -0.1182235583 1.8518690442 -0.7994624912 0.0706121820 -0.0825984094 0.5908055075
1413393988.4557604790 -2.3908072882 -0.1096378697 1.8317200707 -0.7996132071 0.0659186019 -0.0901017346 0.5900467222
1413393988.5057606697 -2.4314321468 -0.1011106955 1.8129357131 -0.8009674068 0.0600587555 -0.0999374020 0.5872449870
1413393988.5557603836 -2.4747846511 -0.0926323703 1.7957233475 -0.8017583722 0.0545064202 -0.1090892372 0.5850744406
1413393988.6057605743 -2.5190294220 -0.0839925969 1.7776589108 -0.8013726060 0.0499955961 -0.1162869726 0.5846193006
1413393988.6557605267 -2.5696922529 -0.0765516825 1.7636098583 -0.8015939466 0.0525909564 -0.1143941757 0.5844615545
1413393988.7057607174 -2.6231144531 -0.0684105148 1.7505912008 -0.8030201003 0.0572080154 -0.1099754136 0.5829162632
1413393988.7557604313 -2.6788084607 -0.0605072207 1.7381621772 -0.8043459122 0.0669234465 -0.0991554004 0.5819940827
1413393988.8057606220 -2.7367908479 -0.0521583365 1.7281744387 -0.8069231930 0.0791697253 -0.0884312677 0.5786078344
1413393988.8557605743 -2.7952455295 -0.0450972799 1.7197064929 -0.8112219813 0.0956187273 -0.0740390992 0.5720962925
1413393988.9057605267 -2.8515540715 -0.0353261053 1.7141039053 -0.8150924866 0.1143464015 -0.0591962052 0.5648406395
1413393988.9557604790 -2.9070781622 -0.0252293340 1.7150197275 -0.8184452269 0.1324724968 -0.0481722812 0.5570259235
1413393989.0057606697 -2.9606464172 -0.0153219482 1.7170580114 -0.8207686780 0.1500313523 -0.0391815002 0.5498128596
1413393989.0557603836 -3.0095067836 -0.0030295885 1.7239732214 -0.8230305191 0.1660907505 -0.0322287212 0.5422139216
1413393989.1057605743 -3.0507237323 0.0105609491 1.7361473576 -0.8255253904 0.1814994043 -0.0247766116 0.5338088755
1413393989.1557605267 -3.0891909255 0.0256873893 1.7499915351 -0.8277074868 0.1949829177 -0.0206745944 0.5257894437
1413393989.2057607174 -3.1192405369 0.0430948601 1.7676690141 -0.8300237437 0.2047727866 -0.0203434986 0.5183771145
1413393989.2557604313 -3.1446255697 0.0628963370 1.7896923683 -0.8317284850 0.2094224821 -0.0267034181 0.5134752950
1413393989.3057606220 -3.1599985106 0.0849049783 1.8137019655 -0.8289689410 0.2016185016 -0.0486537480 0.5194162949
1413393989.3557605743 -3.1706025543 0.1103025194 1.8382403497 -0.8220471113 0.1903381809 -0.0743443260 0.5314911523
1413393989.4057605267 -3.1803200436 0.1358876321 1.8688513028 -0.8121290525 0.1795046443 -0.0985961939 0.5463545326
1413393989.4557604790 -3.1914555683 0.1625564989 1.8952744910 -0.8001801300 0.1697649832 -0.1206016696 0.5624471952
1413393989.5057606697 -3.1991366120 0.1901285712 1.9220873535 -0.7899521224 0.1623731549 -0.1359188351 0.5754447612
1413393989.5557603836 -3.2114443893 0.2156857577 1.9431820949 -0.7812209041 0.1575832520 -0.1466786595 0.5859580092
1413393989.6057605743 -3.2217222874 0.2430327512 1.9621999329 -0.7770111387 0.1555838645 -0.1523449376 0.5906254070
1413393989.6557605267 -3.2370474900 0.2671804352 1.9763434730 -0.7749674718 0.1545903741 -0.1562443155 0.5925495319
1413393989.7057607174 -3.2519654603 0.2909783053 1.9857376468 -0.7757147478 0.1566531268 -0.1578406328 0.5906037271
1413393989.7557604313 -3.2709698845 0.3129983759 1.9946502781 -0.7769720406 0.1611903428 -0.1582276598 0.5876190340
1413393989.8057606220 -3.2899190013 0.3346533947 1.9998034251 -0.7778700552 0.1679753536 -0.1572051858 0.5847982450
1413393989.8557605743 -3.3113275457 0.3558354577 2.0044388111 -0.7769678085 0.1784513812 -0.1537236704 0.5838194603
1413393989.9057605267 -3.3332746314 0.3764985815 2.0050785377 -0.7752800308 0.1905642936 -0.1500923249 0.5831795759
1413393989.9557604790 -3.3547187596 0.3960876098 2.0044256870 -0.7715170986 0.2048323430 -0.1460833945 0.5843498264
1413393990.0057606697 -3.3768173119 0.4147429890 2.0012642610 -0.7662647527 0.2213646331 -0.1430109185 0.5859896801
1413393990.0557603836 -3.3986407499 0.4306976795 1.9966228033 -0.7607237025 0.2364464228 -0.1462953507 0.5865067842
1413393990.1057605743 -3.4185043039 0.4436636783 1.9896191312 -0.7552101039 0.2512526289 -0.1526914854 0.5858456501
1413393990.1557605267 -3.4381713063 0.4557792026 1.9795656957 -0.7495050386 0.2663647800 -0.1618329232 0.5840394730
1413393990.2057607174 -3.4562531913 0.4666372196 1.9681132102 -0.7439216473 0.2822198925 -0.1716938970 0.5809076697
1413393990.2557604313 -3.4736504552 0.4747309948 1.9540299453 -0.7389028015 0.2989704607 -0.1817762662 0.5758443389
1413393990.3057606220 -3.4921000189 0.4786410721 1.9379180348 -0.7339601039 0.3174210683 -0.1903365068 0.5694896360
1413393990.3557605743 -3.5075244820 0.4817252135 1.9231291847 -0.7301134144 0.3365171206 -0.1976912269 0.5608999986
1413393990.4057605267 -3.5230460746 0.4820565174 1.9074088534 -0.7248233805 0.3557734892 -0.2053235950 0.5530809279
1413393990.4557604790 -3.5372300163 0.4798808200 1.8941883217 -0.7181733597 0.3756426827 -0.2113712981 0.5462982470
1413393990.5057606697 -3.5491794400 0.4730189354 1.8810990403 -0.7118803812 0.3952699458 -0.2159609841 0.5388402789
1413393990.5557603836 -3.5593325030 0.4654167279 1.8726001369 -0.7072989250 0.4149157067 -0.2186838659 0.5289145052
1413393990.6057605743 -3.5698243368 0.4543888018 1.8610696027 -0.7057128125 0.4342619141 -0.2198825816 0.5148180907
1413393990.6557605267 -3.5775369524 0.4415909563 1.8480504750 -0.7079370613 0.4518942515 -0.2212088967 0.4956645305
1413393990.7057607174 -3.5814678493 0.4272499670 1.8363930026 -0.7157912989 0.4648293195 -0.2239613975 0.4705505420
1413393990.7557604313 -3.5825750737 0.4124001079 1.8257841370 -0.7253140360 0.4714754647 -0.2323903798 0.4445504996
1413393990.8057606220 -3.5763177595 0.3980624182 1.8164349577 -0.7348103430 0.4745654306 -0.2417411455 0.4200031316
1413393990.8557605743 -3.5670993998 0.3839157610 1.8072738853 -0.7434212440 0.4745762618 -0.2515738481 0.3985132678
1413393990.9057605267 -3.5505536071 0.3770384439 1.8015394812 -0.7483800201 0.4728592146 -0.2625610497 0.3839182254
1413393990.9557604790 -3.5271629236 0.3714665180 1.7990701477 -0.7496167327 0.4652216470 -0.2793166811 0.3789799004
1413393991.0057606697 -3.4984096932 0.3708771938 1.7998169396 -0.7458020787 0.4542977598 -0.2985321533 0.3850602008
1413393991.0557603836 -3.4637111655 0.3787756683 1.8021307580 -0.7379126226 0.4418571008 -0.3189095806 0.3981757694
1413393991.1057605743 -3.4292758880 0.3889266125 1.8068041894 -0.7252193884 0.4297697270 -0.3373954995 0.4189499938
1413393991.1557605267 -3.3938459071 0.4027735686 1.8112696192 -0.7087827736 0.4173810844 -0.3541074245 0.4450033057
1413393991.2057607174 -3.3594624636 0.4195028882 1.8206023086 -0.6904038132 0.4071697884 -0.3661909765 0.4727150378
1413393991.2557604313 -3.3284404416 0.4406486058 1.8286907483 -0.6712600506 0.3969385542 -0.3765791602 0.5000378633
1413393991.3057606220 -3.3027775379 0.4608218939 1.8348381679 -0.6528783695 0.3875061855 -0.3845822647 0.5250573993
1413393991.3557605743 -3.2811801547 0.4815287930 1.8419849259 -0.6394953331 0.3841416325 -0.3833462552 0.5445425362
1413393991.4057605267 -3.2675975243 0.5021105480 1.8464210389 -0.6312760116 0.3845795941 -0.3783804550 0.5571511144
1413393991.4557604790 -3.2595914608 0.5210314303 1.8490991202 -0.6334674427 0.3926471605 -0.3636950621 0.5588140193
1413393991.5057606697 -3.2574453181 0.5357926432 1.8511672330 -0.6418604113 0.4057780569 -0.3430972306 0.5528504964
1413393991.5557603836 -3.2614177856 0.5481633122 1.8535238904 -0.6504722003 0.4201198596 -0.3203209662 0.5456919450
1413393991.6057605743 -3.2673100300 0.5570355883 1.8553577407 -0.6599420688 0.4350366679 -0.2965725472 0.5359704168
1413393991.6557605267 -3.2741728344 0.5647807813 1.8585889152 -0.6698849648 0.4496831625 -0.2733569654 0.5237510446
1413393991.7057607174 -3.2797576072 0.5688120163 1.8631383466 -0.6794471349 0.4613658371 -0.2549642441 0.5103786727
1413393991.7557604313 -3.2831095248 0.5695245454 1.8690784997 -0.6865389503 0.4696471317 -0.2424052285 0.4993351045
1413393991.8057606220 -3.2832081749 0.5688848508 1.8762670131 -0.6919680304 0.4744523922 -0.2364241767 0.4900803823
1413393991.8557605743 -3.2783473140 0.5641538949 1.8871600769 -0.6928892073 0.4715899233 -0.2429022417 0.4883707523
1413393991.9057605267 -3.2711248514 0.5575032226 1.8989868711 -0.6920434742 0.4608328860 -0.2614157962 0.4902761083
1413393991.9557604790 -3.2598268846 0.5499649533 1.9119123523 -0.6873541871 0.4447884118 -0.2870023683 0.4973300020
1413393992.0057606697 -3.2485714742 0.5420256509 1.9257590383 -0.6792776527 0.4292920712 -0.3098070966 0.5082418233
1413393992.0557603836 -3.2373014199 0.5326289111 1.9390700969 -0.6712826245 0.4154000145 -0.3289979752 0.5182497450
1413393992.1057605743 -3.2295514460 0.5246041926 1.9537511615 -0.6652986658 0.4051988666 -0.3430298820 0.5249019564
1413393992.1557605267 -3.2247716348 0.5159108842 1.9654029290 -0.6647681941 0.4020786578 -0.3476855415 0.5249102449
1413393992.2057607174 -3.2237233809 0.5047926564 1.9730797490 -0.6730357000 0.4055247734 -0.3439748247 0.5140563438
1413393992.2557604313 -3.2259699279 0.4938278844 1.9797142927 -0.6840708157 0.4119401652 -0.3362723857 0.4992727732
1413393992.3057606220 -3.2298001303 0.4851786094 1.9878509023 -0.6944186227 0.4202875810 -0.3260471494 0.4845971337
1413393992.3557605743 -3.2361691971 0.4750326195 1.9966678612 -0.7014596962 0.4344444500 -0.3074314188 0.4740234563
1413393992.4057605267 -3.2415443170 0.4678112495 2.0064925435 -0.7053468950 0.4482582196 -0.2885107324 0.4672385723
1413393992.4557604790 -3.2439204078 0.4604742346 2.0163608162 -0.7054163264 0.4609806250 -0.2710193827 0.4652237784
1413393992.5057606697 -3.2432048098 0.4532898649 2.0238533984 -0.7025790574 0.4685692204 -0.2609338292 0.4676955106
1413393992.5557603836 -3.2405769214 0.4463608162 2.0294337151 -0.6972936210 0.4709212027 -0.2590071153 0.4742680056
1413393992.6057605743 -3.2339312454 0.4375418990 2.0334588058 -0.6909610937 0.4679777475 -0.2644782144 0.4833434275
1413393992.6557605267 -3.2253017792 0.4291560194 2.0352917007 -0.6837416462 0.4577479551 -0.2805254056 0.4942364492
1413393992.7057607174 -3.2161221933 0.4172536154 2.0356534287 -0.6747135262 0.4435270665 -0.3008727338 0.5074652667
1413393992.7557604313 -3.2059462484 0.4059485713 2.0347038186 -0.6659432717 0.4287271430 -0.3206161819 0.5195361966
1413393992.8057606220 -3.1969442871 0.3933128709 2.0363403340 -0.6587052663 0.4144317464 -0.3389637773 0.5286371699
1413393992.8557605743 -3.1923267762 0.3800768208 2.0358089900 -0.6556373741 0.4044152855 -0.3515077031 0.5320058696
1413393992.9057605267 -3.1924309882 0.3651132652 2.0348565685 -0.6572333809 0.4001266414 -0.3566182980 0.5298738939
1413393992.9557604790 -3.1967020921 0.3483702528 2.0325483096 -0.6642313780 0.4018983972 -0.3550183332 0.5208035502
1413393993.0057606697 -3.2041767170 0.3330021638 2.0316232195 -0.6747251615 0.4065650320 -0.3497018966 0.5071088786
1413393993.0557603836 -3.2157858509 0.3188955503 2.0291592343 -0.6854307691 0.4119364500 -0.3432055299 0.4926489482
1413393993.1057605743 -3.2287738259 0.3053221168 2.0302794007 -0.6936041322 0.4182955254 -0.3355517788 0.4809856183
1413393993.1557605267 -3.2443369430 0.2919737989 2.0311327636 -0.7025056861 0.4278370990 -0.3229165406 0.4681517761
1413393993.2057607174 -3.2590148971 0.2802285704 2.0326900545 -0.7116511688 0.4393409849 -0.3072680013 0.4540027405
1413393993.2557604313 -3.2727712968 0.2708897075 2.0328489619 -0.7218432021 0.4503744033 -0.2920582977 0.4368148797
1413393993.3057606220 -3.2849932646 0.2631855279 2.0352827851 -0.7314561862 0.4603498167 -0.2771332148 0.4198179072
1413393993.3557605743 -3.2929881144 0.2581387200 2.0371943542 -0.7388989294 0.4661851677 -0.2679916544 0.4060544726
1413393993.4057605267 -3.2948082582 0.2549356365 2.0403712711 -0.7443425592 0.4677097025 -0.2650316277 0.3961818080
1413393993.4557604790 -3.2903221381 0.2553960832 2.0465079807 -0.7472745840 0.4651927200 -0.2678106226 0.3917319232
1413393993.5057606697 -3.2800872806 0.2598476672 2.0550429016 -0.7450418090 0.4600553633 -0.2755842366 0.3966296687
1413393993.5557603836 -3.2643883663 0.2678856948 2.0654865065 -0.7377064025 0.4526387724 -0.2876706963 0.4100645998
1413393993.6057605743 -3.2437894414 0.2781738887 2.0783793115 -0.7263820835 0.4433572906 -0.3017725802 0.4298100645
1413393993.6557605267 -3.2229572624 0.2889751460 2.0921334560 -0.7116006871 0.4321494178 -0.3177111117 0.4537962014
1413393993.7057607174 -3.2012674799 0.3058457757 2.1062746560 -0.6954134832 0.4204887024 -0.3339926332 0.4775335166
1413393993.7557604313 -3.1818031185 0.3204766876 2.1187256864 -0.6791178083 0.4085849198 -0.3490282109 0.5000366724
1413393993.8057606220 -3.1633913999 0.3386715717 2.1248823798 -0.6649639849 0.3986049954 -0.3614014798 0.5180018598
1413393993.8557605743 -3.1495612829 0.3549116191 2.1259036262 -0.6527758925 0.3904480095 -0.3713315479 0.5324911902
1413393993.9057605267 -3.1399496646 0.3707943938 2.1221671001 -0.6427642671 0.3839473661 -0.3789295572 0.5439217846
1413393993.9557604790 -3.1348997373 0.3862792396 2.1125962929 -0.6328379900 0.3785212614 -0.3852620022 0.5548071040
1413393994.0057606697 -3.1360236333 0.4024033468 2.1011572407 -0.6247588658 0.3754623371 -0.3882238955 0.5639030058
1413393994.0557603836 -3.1448244254 0.4151859322 2.0916848644 -0.6174040484 0.3760664444 -0.3859567893 0.5730825658
1413393994.1057605743 -3.1622342014 0.4229411593 2.0864459242 -0.6135932475 0.3799983244 -0.3802463616 0.5783747095
1413393994.1557605267 -3.1891313467 0.4280798774 2.0851751354 -0.6118800671 0.3863049389 -0.3708130222 0.5821245401
1413393994.2057607174 -3.2226616766 0.4308894761 2.0902790030 -0.6125339845 0.3943383227 -0.3595553173 0.5831118065
1413393994.2557604313 -3.2633507291 0.4280701147 2.0992247511 -0.6176370993 0.4036788821 -0.3471744893 0.5788243669
1413393994.3057606220 -3.3117673325 0.4209782736 2.1122162645 -0.6267158109 0.4159075384 -0.3307567690 0.5699545347
1413393994.3557605743 -3.3621991434 0.4094957790 2.1249730087 -0.6418339603 0.4272184908 -0.3170861641 0.5522589004
1413393994.4057605267 -3.4193541333 0.3933513805 2.1369383340 -0.6587744939 0.4391550272 -0.3015842298 0.5312306286
1413393994.4557604790 -3.4739447392 0.3794855696 2.1443880796 -0.6783639621 0.4513939648 -0.2852259989 0.5046899573
1413393994.5057606697 -3.5286069728 0.3626831742 2.1471352030 -0.6972717857 0.4630788629 -0.2690423102 0.4764307493
1413393994.5557603836 -3.5831624125 0.3437863183 2.1445255349 -0.7144534714 0.4738074758 -0.2531274290 0.4483182105
1413393994.6057605743 -3.6323487298 0.3260082150 2.1347725449 -0.7285543119 0.4834539633 -0.2391094174 0.4222648060
1413393994.6557605267 -3.6786544082 0.3085944924 2.1226315001 -0.7396889395 0.4924397576 -0.2266164063 0.3987585263
1413393994.7057607174 -3.7162664341 0.2938368901 2.1079534038 -0.7480479930 0.4995781788 -0.2171269462 0.3790801137
1413393994.7557604313 -3.7485860641 0.2789970003 2.0902608952 -0.7541328885 0.5027393703 -0.2146304830 0.3639649265
1413393994.8057606220 -3.7690783574 0.2681185490 2.0744986299 -0.7570013536 0.4992739996 -0.2228270341 0.3578023711
1413393994.8557605743 -3.7787785550 0.2609072630 2.0603188034 -0.7537124097 0.4910073370 -0.2395975098 0.3652703543
1413393994.9057605267 -3.7810796965 0.2583512704 2.0503347795 -0.7463038590 0.4805092370 -0.2601347547 0.3800938471
1413393994.9557604790 -3.7748243497 0.2625356439 2.0412891716 -0.7360471694 0.4717858677 -0.2777185473 0.3981520662
1413393995.0057606697 -3.7652602193 0.2684133104 2.0339634194 -0.7242175626 0.4656985924 -0.2911727959 0.4169558082
1413393995.0557603836 -3.7530922049 0.2781407262 2.0256383590 -0.7123479002 0.4628048998 -0.2990977041 0.4346408370
1413393995.1057605743 -3.7392629889 0.2868455151 2.0154695137 -0.7002899558 0.4612102265 -0.3029992616 0.4528471622
1413393995.1557605267 -3.7235790019 0.2990975828 2.0024948230 -0.6911496934 0.4606184575 -0.3024476444 0.4676196749
1413393995.2057607174 -3.7081073246 0.3091011614 1.9891370732 -0.6829883533 0.4625157390 -0.2942093958 0.4827493468
1413393995.2557604313 -3.6932735871 0.3200049106 1.9744580929 -0.6784359846 0.4618622647 -0.2851444619 0.4950762559
1413393995.3057606220 -3.6778962730 0.3283125789 1.9580466367 -0.6778789006 0.4595599791 -0.2744046838 0.5039711215
1413393995.3557605743 -3.6623120844 0.3370066000 1.9414015383 -0.6794789897 0.4547886948 -0.2633748560 0.5119660446
1413393995.4057605267 -3.6453094184 0.3431052646 1.9254517472 -0.6837058778 0.4472142471 -0.2531585597 0.5181278158
1413393995.4557604790 -3.6270149282 0.3461509249 1.9093827810 -0.6887638507 0.4373318485 -0.2434187432 0.5244926384
1413393995.5057606697 -3.6071708360 0.3463968346 1.8941480493 -0.6957724359 0.4246766680 -0.2349971115 0.5294589716
1413393995.5557603836 -3.5870895726 0.3455877817 1.8803279891 -0.7029397759 0.4096178780 -0.2283551626 0.5347361828
1413393995.6057605743 -3.5648250814 0.3420918469 1.8663298334 -0.7106004099 0.3920530748 -0.2229215816 0.5400438987
1413393995.6557605267 -3.5431447609 0.3349858422 1.8542359155 -0.7186653612 0.3718265664 -0.2182535568 0.5455552108
1413393995.7057607174 -3.5210158089 0.3268545121 1.8424702345 -0.7259986003 0.3488479198 -0.2156673029 0.5520133836
1413393995.7557604313 -3.4985812375 0.3170766664 1.8323438813 -0.7328409837 0.3250703226 -0.2120923327 0.5588293303
1413393995.8057606220 -3.4773125163 0.3049897895 1.8215264794 -0.7389500824 0.3015306066 -0.2061497887 0.5661575167
1413393995.8557605743 -3.4563965664 0.2906908604 1.8123943290 -0.7438618510 0.2790752463 -0.1971625345 0.5743809611
1413393995.9057605267 -3.4371207440 0.2746118340 1.8034522297 -0.7482659302 0.2578393799 -0.1860556381 0.5822372811
1413393995.9557604790 -3.4194240856 0.2577507970 1.7948740966 -0.7518309153 0.2372805120 -0.1756269853 0.5895789984
1413393996.0057606697 -3.4022735115 0.2378824822 1.7865616313 -0.7548832332 0.2184905552 -0.1647577473 0.5960436782
1413393996.0557603836 -3.3853770935 0.2151894093 1.7779090376 -0.7574694253 0.2023623085 -0.1544076206 0.6012053331
1413393996.1057605743 -3.3698026925 0.1914612519 1.7699973396 -0.7592440434 0.1893010458 -0.1451229668 0.6055187207
1413393996.1557605267 -3.3553537464 0.1655518765 1.7623233398 -0.7602036183 0.1807283864 -0.1338822513 0.6095106659
1413393996.2057607174 -3.3418441226 0.1372406398 1.7546880432 -0.7631031382 0.1749354159 -0.1218513810 0.6101011733
1413393996.2557604313 -3.3267496198 0.1076737281 1.7452358017 -0.7697955701 0.1708332398 -0.1109854217 0.6049074479
1413393996.3057606220 -3.3127493450 0.0738848866 1.7353287406 -0.7766309249 0.1665741936 -0.1038019099 0.5986005413
1413393996.3557605743 -3.2984278146 0.0392715353 1.7249818973 -0.7840349826 0.1626270787 -0.0990694362 0.5907849237
1413393996.4057605267 -3.2859348939 0.0036673053 1.7121141616 -0.7900908968 0.1584677337 -0.0977466709 0.5840290579
1413393996.4557604790 -3.2717180503 -0.0320531357 1.6955690189 -0.7956635195 0.1553045077 -0.0970021723 0.5773999067
1413393996.5057606697 -3.2565420877 -0.0677889873 1.6780301895 -0.8005380778 0.1533221108 -0.0960192265 0.5713242725
1413393996.5557603836 -3.2435973271 -0.1038928016 1.6571578252 -0.8054049927 0.1524983816 -0.0960326571 0.5646634132
1413393996.6057605743 -3.2282316613 -0.1399432015 1.6339994224 -0.8095527232 0.1517009110 -0.0961718680 0.5588937232
1413393996.6557605267 -3.2142372434 -0.1733034079 1.6140201441 -0.8134657216 0.1505057129 -0.0954350985 0.5536367872
1413393996.7057607174 -3.1984799026 -0.2056932574 1.5911038680 -0.8160707261 0.1482717646 -0.0945355985 0.5505516092
1413393996.7557604313 -3.1841460871 -0.2362323249 1.5708405466 -0.8178582351 0.1453376053 -0.0932628670 0.5488960970
1413393996.8057606220 -3.1693283425 -0.2651284978 1.5542041474 -0.8184184530 0.1401411565 -0.0928589091 0.5494805867
1413393996.8557605743 -3.1535749266 -0.2934345165 1.5371546505 -0.8189299866 0.1333964157 -0.0919065815 0.5505563129
1413393996.9057605267 -3.1390529865 -0.3190203897 1.5212745223 -0.8193691245 0.1263141120 -0.0908158240 0.5517530869
1413393996.9557604790 -3.1243698201 -0.3435820605 1.5071758758 -0.8204439682 0.1184674684 -0.0889926409 0.5521933210
1413393997.0057606697 -3.1088662682 -0.3647154784 1.4931397435 -0.8213302311 0.1108501858 -0.0863005755 0.5528843446
1413393997.0557603836 -3.0948638647 -0.3846953270 1.4805473499 -0.8224695143 0.1048757113 -0.0829518374 0.5528688595
1413393997.1057605743 -3.0817366291 -0.4036632858 1.4703350789 -0.8235780756 0.0989232579 -0.0809661104 0.5526100174
1413393997.1557605267 -3.0693350605 -0.4210070541 1.4606138539 -0.8237042343 0.0945426359 -0.0783950626 0.5535587037
1413393997.2057607174 -3.0566634144 -0.4363773790 1.4502914505 -0.8219741129 0.0907776810 -0.0762728446 0.5570461592
1413393997.2557604313 -3.0451241246 -0.4500592461 1.4417679854 -0.8198068170 0.0873489053 -0.0744404330 0.5610219010
1413393997.3057606220 -3.0341147160 -0.4615071818 1.4345721220 -0.8178360644 0.0839576560 -0.0733466773 0.5645489782
1413393997.3557605743 -3.0217491309 -0.4726609152 1.4261707099 -0.8160122862 0.0809752454 -0.0720532877 0.5677810160
1413393997.4057605267 -3.0119210792 -0.4817072609 1.4136576590 -0.8145699464 0.0791344283 -0.0707138211 0.5702745832
1413393997.4557604790 -3.0034710583 -0.4922422433 1.3957728036 -0.8136830497 0.0773505969 -0.0700176091 0.5718691408
1413393997.5057606697 -2.9939571752 -0.5023595616 1.3753187548 -0.8131969143 0.0761919618 -0.0687805493 0.5728654288
1413393997.5557603836 -2.9877326356 -0.5106217241 1.3551517170 -0.8120927582 0.0753589225 -0.0687320070 0.5745452951
1413393997.6057605743 -2.9820345030 -0.5192637393 1.3338410188 -0.8108901369 0.0746791985 -0.0679472657 0.5764229110
1413393997.6557605267 -2.9748944741 -0.5290400925 1.3126844829 -0.8092164506 0.0738490463 -0.0681896034 0.5788481947
1413393997.7057607174 -2.9687547970 -0.5390292029 1.2915776551 -0.8090404891 0.0738259459 -0.0673928829 0.5791903107
1413393997.7557604313 -2.9646749024 -0.5463770334 1.2750304553 -0.8094506896 0.0738369327 -0.0674242321 0.5786118400
1413393997.8057606220 -2.9617491874 -0.5546310963 1.2600409281 -0.8105656512 0.0740129949 -0.0682174762 0.5769330789
1413393997.8557605743 -2.9592678269 -0.5620629512 1.2463422596 -0.8114887153 0.0741913011 -0.0687820946 0.5755438639
1413393997.9057605267 -2.9577102604 -0.5698841634 1.2345139677 -0.8124383413 0.0745834701 -0.0695197598 0.5740629327
1413393997.9557604790 -2.9579206033 -0.5766268862 1.2230494776 -0.8131321090 0.0752977907 -0.0704395200 0.5728740612
1413393998.0057606697 -2.9581836092 -0.5834645175 1.2131865557 -0.8136262771 0.0755523350 -0.0712727859 0.5720352401
1413393998.0557603836 -2.9604507958 -0.5892174498 1.2025836642 -0.8144326624 0.0760752196 -0.0725054667 0.5706618585
1413393998.1057605743 -2.9628083770 -0.5945761233 1.1944795353 -0.8149313728 0.0770979794 -0.0735042952 0.5696840158
1413393998.1557605267 -2.9661476555 -0.5997516159 1.1863996734 -0.8149425386 0.0784522166 -0.0750058778 0.5692872972
1413393998.2057607174 -2.9717467287 -0.6030292471 1.1787169350 -0.8141883145 0.0799107357 -0.0770199488 0.5698943677
1413393998.2557604313 -2.9777952288 -0.6060490833 1.1716812002 -0.8138138397 0.0816595984 -0.0784476551 0.5699865873
1413393998.3057606220 -2.9840313353 -0.6080550202 1.1677098204 -0.8129997236 0.0837899182 -0.0790593291 0.5707541690
1413393998.3557605743 -2.9922698471 -0.6102852937 1.1632609147 -0.8126595500 0.0858930136 -0.0794029735 0.5708782828
1413393998.4057605267 -3.0015903498 -0.6125095648 1.1606587017 -0.8144212920 0.0883149223 -0.0789453476 0.5680546327
1413393998.4557604790 -3.0118732994 -0.6137909046 1.1589218070 -0.8166362358 0.0920157468 -0.0764236779 0.5646218046
1413393998.5057606697 -3.0230803216 -0.6140284893 1.1599103789 -0.8176513472 0.0974637886 -0.0720546142 0.5628101073
1413393998.5557603836 -3.0346510508 -0.6137400868 1.1612289176 -0.8177411624 0.1022903644 -0.0679064667 0.5623386741
1413393998.6057605743 -3.0464057491 -0.6122608884 1.1636043811 -0.8163267143 0.1082366344 -0.0616954610 0.5639939686
1413393998.6557605267 -3.0585700788 -0.6102937121 1.1642321981 -0.8140047672 0.1134997934 -0.0560535021 0.5668968519
1413393998.7057607174 -3.0697008247 -0.6065329652 1.1633599052 -0.8116323667 0.1188313053 -0.0495683799 0.5698025956
1413393998.7557604313 -3.0788580677 -0.6030468493 1.1619307351 -0.8098074904 0.1231080690 -0.0438503006 0.5719557527
1413393998.8057606220 -3.0873443630 -0.6002111931 1.1598900861 -0.8077923608 0.1254722756 -0.0404477967 0.5745364964
1413393998.8557605743 -3.0941415748 -0.5977398499 1.1565684006 -0.8067719433 0.1256681684 -0.0399219672 0.5759624809
1413393998.9057605267 -3.0991032319 -0.5955289623 1.1518473259 -0.8068272235 0.1237368127 -0.0421373517 0.5761453604
1413393998.9557604790 -3.1020998178 -0.5935663490 1.1463787316 -0.8069693310 0.1190207154 -0.0482765521 0.5764581014
1413393999.0057606697 -3.1043656004 -0.5919301548 1.1402580008 -0.8063478508 0.1131541186 -0.0562898781 0.5777808742
1413393999.0557603836 -3.1055871356 -0.5903852296 1.1336447045 -0.8054747444 0.1068821045 -0.0650550574 0.5792706547
1413393999.1057605743 -3.1067126582 -0.5891236676 1.1259917496 -0.8060815415 0.1005026382 -0.0736573376 0.5785381273
1413393999.1557605267 -3.1084199253 -0.5880326864 1.1178198583 -0.8086960245 0.0961378572 -0.0796266142 0.5748285437
1413393999.2057607174 -3.1106427711 -0.5867926715 1.1099430385 -0.8115101032 0.0939674436 -0.0827749257 0.5707624581
1413393999.2557604313 -3.1143481352 -0.5854010207 1.1018272286 -0.8144028538 0.0941511596 -0.0827940772 0.5665939390
1413393999.3057606220 -3.1192260503 -0.5827763799 1.0945635804 -0.8170172036 0.0976855796 -0.0782191232 0.5628695988
1413393999.3557605743 -3.1244702728 -0.5794121419 1.0882855514 -0.8182289964 0.1032595691 -0.0708240854 0.5610906521
1413393999.4057605267 -3.1299297035 -0.5750277172 1.0818476055 -0.8185484307 0.1086234896 -0.0636073387 0.5604761463
1413393999.4557604790 -3.1350001488 -0.5699281623 1.0748130220 -0.8191491977 0.1128083386 -0.0581113148 0.5593674515
1413393999.5057606697 -3.1392654062 -0.5635117277 1.0686423657 -0.8183478857 0.1164526396 -0.0537936091 0.5602247480
1413393999.5557603836 -3.1428019506 -0.5566319560 1.0626296577 -0.8173007918 0.1199558268 -0.0499485216 0.5613690057
1413393999.6057605743 -3.1448311228 -0.5489633566 1.0573507062 -0.8150535880 0.1232581447 -0.0462632140 0.5642293802
1413393999.6557605267 -3.1455999293 -0.5410365115 1.0521077945 -0.8134539555 0.1254132229 -0.0437288148 0.5662614030
1413393999.7057607174 -3.1449843599 -0.5327908794 1.0461900145 -0.8120447057 0.1271383492 -0.0417780111 0.5680438662
1413393999.7557604313 -3.1426360142 -0.5242621610 1.0380647446 -0.8111125852 0.1281766966 -0.0400318724 0.5692666843
1413393999.8057606220 -3.1390295910 -0.5161815777 1.0285277422 -0.8100231360 0.1286944567 -0.0387822289 0.5707855944
1413393999.8557605743 -3.1342614447 -0.5082539443 1.0164834192 -0.8100527404 0.1295766043 -0.0371652369 0.5706515632
1413393999.9057605267 -3.1280259570 -0.5004309772 1.0026845627 -0.8097870813 0.1295212792 -0.0361707517 0.5711048922
1413393999.9557604790 -3.1201700598 -0.4927631652 0.9867480077 -0.8097633549 0.1267636144 -0.0388735382 0.5715795161
1413394000.0057606697 -3.1107979733 -0.4852403352 0.9700998921 -0.8077338521 0.1190551180 -0.0502889337 0.5752068551
1413394000.0557603836 -3.1050016514 -0.4806113750 0.9626368275 -0.8051596160 0.1074075934 -0.0703128718 0.5789971517
1413394000.1057605743 -3.1076733000 -0.4814287943 0.9703353370 -0.8052913049 0.1115972609 -0.0636176551 0.5787959567
1413394000.1557605267 -3.1085943055 -0.4825923886 0.9790439905 -0.8007039529 0.1059125276 -0.0751526614 0.5848143242
1413394000.2057607174 -3.1099217616 -0.4845374829 0.9822593294 -0.7983323471 0.1003381384 -0.0863748849 0.5874837025
1413394000.2557604313 -3.1122498833 -0.4867606031 0.9769548946 -0.7992471184 0.0955023802 -0.0969518651 0.5853918987
1413394000.3057606220 -3.1135374997 -0.4885808731 0.9644892867 -0.7999784498 0.1017896189 -0.0976119901 0.5832197293
1413394000.3557605743 -3.1098979577 -0.4894093699 0.9619585761 -0.7958653557 0.1240182740 -0.0717883969 0.5882722408
1413394000.4057605267 -3.1063645144 -0.4906621335 0.9664403544 -0.7956315816 0.1158665409 -0.0809969289 0.5890541813
1413394000.4557604790 -3.1070983553 -0.4901681733 0.9654555546 -0.7976869831 0.1149870002 -0.0818586636 0.5863212651
1413394000.5057606697 -3.1076709316 -0.4896009047 0.9609448357 -0.7992212457 0.1162009173 -0.0804781632 0.5841797775
1413394000.5557603836 -3.1063028445 -0.4902721828 0.9626769127 -0.7974356573 0.1161494593 -0.0804119692 0.5866341200
1413394000.6057605743 -3.1070119585 -0.4903869821 0.9636594338 -0.7959316373 0.1184065923 -0.0776005034 0.5886007726
1413394000.6557605267 -3.1069539587 -0.4902306168 0.9616470285 -0.7972352567 0.1154576046 -0.0813928188 0.5869077407
1413394000.7057607174 -3.1073248651 -0.4899662507 0.9625066998 -0.7972328519 0.1176734226 -0.0785299062 0.5868609710
1413394000.7557604313 -3.1065862463 -0.4902029511 0.9618902109 -0.7974869436 0.1164476564 -0.0801351681 0.5865431552
1413394000.8057606220 -3.1072093546 -0.4903006976 0.9622503811 -0.7964976580 0.1175496417 -0.0787329015 0.5878560136
1413394000.8557605743 -3.1069232843 -0.4903880153 0.9620760817 -0.7968632351 0.1164916964 -0.0800441454 0.5873939088
1413394000.9057605267 -3.1069173466 -0.4902464750 0.9619615154 -0.7969771035 0.1175339474 -0.0786858598 0.5872152955
1413394000.9557604790 -3.1069047771 -0.4901946974 0.9618955582 -0.7969159878 0.1167475335 -0.0797282471 0.5873145055
1413394001.0057606697 -3.1070880791 -0.4903417892 0.9619610283 -0.7966699841 0.1172451196 -0.0789970644 0.5876478386
1413394001.0557603836 -3.1068618924 -0.4902348450 0.9617740808 -0.7967571914 0.1169290067 -0.0796805264 0.5875002970
1413394001.1057605743 -3.1070802600 -0.4901142098 0.9617800205 -0.7968967630 0.1173109813 -0.0789130959 0.5873384084
1413394001.1557605267 -3.1068656267 -0.4902806534 0.9617889637 -0.7967109301 0.1170013245 -0.0793449184 0.5875940503
1413394001.2057607174 -3.1069713063 -0.4902298724 0.9617767662 -0.7967468104 0.1173830516 -0.0790337753 0.5875111928
1413394001.2557604313 -3.1069742863 -0.4902237984 0.9616407796 -0.7968086347 0.1171309435 -0.0793524516 0.5874347029
1413394001.3057606220 -3.1069739373 -0.4902780753 0.9616622382 -0.7967202334 0.1171138735 -0.0792280893 0.5875747784
1413394001.3557605743 -3.1069342754 -0.4903480205 0.9616866639 -0.7967149734 0.1170694897 -0.0794399809 0.5875621458
1413394001.4057605267 -3.1070391331 -0.4902899713 0.9616746620 -0.7967088941 0.1172395517 -0.0790606318 0.5875876463
1413394001.4557604790 -3.1069575372 -0.4902908974 0.9616129698 -0.7967689865 0.1171707280 -0.0792642092 0.5874924577
1413394001.5057606697 -3.1070587407 -0.4902658846 0.9616505893 -0.7966206261 0.1172308159 -0.0792231595 0.5876871658
1413394001.5557603836 -3.1069551483 -0.4902048848 0.9615631426 -0.7967310606 0.1171135637 -0.0792583153 0.5875560821
1413394001.6057605743 -3.1070079799 -0.4902273799 0.9615657236 -0.7966582331 0.1172726782 -0.0791669622 0.5876354062
1413394001.6557605267 -3.1070286765 -0.4902632568 0.9615377574 -0.7966497068 0.1171596559 -0.0793280438 0.5876477867
1413394001.7057607174 -3.1070222186 -0.4903142151 0.9615704979 -0.7966485614 0.1171901099 -0.0791289720 0.5876701061
1413394001.7557604313 -3.1070087993 -0.4903043184 0.9615389589 -0.7966469157 0.1172111161 -0.0791284631 0.5876682162
1413394001.8057606220 -3.1069978554 -0.4903163994 0.9615264865 -0.7966420530 0.1171921440 -0.0790846394 0.5876844907
1413394001.8557605743 -3.1069897567 -0.4903594756 0.9615518720 -0.7966620709 0.1172546761 -0.0789327248 0.5876653050
1413394001.9057605267 -3.1069466196 -0.4902606794 0.9614433547 -0.7965885947 0.1173921473 -0.0787587797 0.5877607925
1413394001.9557604790 -3.1069460250 -0.4901995890 0.9613927073 -0.7966114895 0.1173285105 -0.0789124029 0.5877218628
1413394002.0057606697 -3.1069628882 -0.4901899779 0.9613988261 -0.7966803677 0.1172109369 -0.0790901450 0.5876280600
1413394002.0557603836 -3.1069424975 -0.4901743986 0.9613696286 -0.7966703248 0.1173153538 -0.0791357702 0.5876146963
1413394002.1057605743 -3.1069319272 -0.4902466290 0.9613339557 -0.7965409738 0.1173770439 -0.0791020311 0.5877822516
1413394002.1557605267 -3.1069685432 -0.4901868677 0.9613398147 -0.7966006318 0.1172568894 -0.0791703158 0.5877161869
1413394002.2057607174 -3.1069258115 -0.4901352679 0.9612452753 -0.7965389458 0.1174676575 -0.0788975143 0.5877943854
1413394002.2557604313 -3.1069919721 -0.4902504941 0.9613636611 -0.7964959066 0.1172886705 -0.0791373431 0.5878562065
1413394002.3057606220 -3.1069793207 -0.4902626895 0.9613479922 -0.7965312138 0.1173463282 -0.0790326537 0.5878109427
1413394002.3557605743 -3.1069941736 -0.4902811201 0.9613504120 -0.7965279910 0.1172644211 -0.0790704672 0.5878265699
1413394002.4057605267 -3.1069799105 -0.4903264331 0.9613759638 -0.7965900765 0.1172671971 -0.0791033007 0.5877374604
1413394002.4557604790 -3.1069711607 -0.4903615087 0.9613588261 -0.7965533628 0.1172896637 -0.0790002830 0.5877965892
1413394002.5057606697 -3.1069777314 -0.4903638678 0.9613474822 -0.7965564402 0.1172753384 -0.0791225535 0.5877788309
1413394002.5557603836 -3.1069843671 -0.4903491572 0.9613236476 -0.7965460506 0.1172343553 -0.0791513520 0.5877972088
1413394002.6057605743 -3.1069531874 -0.4903026524 0.9612887421 -0.7964774023 0.1173429338 -0.0789664674 0.5878934262
1413394002.6557605267 -3.1070465054 -0.4902942595 0.9612860110 -0.7965432088 0.1172667995 -0.0791963414 0.5877885282
