1403715274.3121430874 0.9453883594 2.4821157748 0.8951349021 -0.6539909904 0.5141609279 -0.3524331149 0.4286318050
1403715274.3621430397 0.9453883594 2.4821157748 0.8951349021 -0.6539909904 0.5141609279 -0.3524331149 0.4286318050
1403715274.4121432304 0.9453883594 2.4821157748 0.8951349021 -0.6539909904 0.5141609279 -0.3524331149 0.4286318050
1403715274.4621429443 0.9453883594 2.4821157748 0.8951349021 -0.6539909904 0.5141609279 -0.3524331149 0.4286318050
1403715274.5121431351 0.9453883594 2.4821157748 0.8951349021 -0.6539909904 0.5141609279 -0.3524331149 0.4286318050
1403715274.5621430874 0.9453883594 2.4821157748 0.8951349021 -0.6539909904 0.5141609279 -0.3524331149 0.4286318050
1403715274.6121432781 0.9453883594 2.4821157748 0.8951349021 -0.6539909904 0.5141609279 -0.3524331149 0.4286318050
1403715274.6621429920 0.9453883594 2.4821157748 0.8951349021 -0.6539909904 0.5141609279 -0.3524331149 0.4286318050
1403715274.7121431828 0.9453883594 2.4821157748 0.8951349021 -0.6539909904 0.5141609279 -0.3524331149 0.4286318050
1403715274.7621431351 0.9453883594 2.4821157748 0.8951349021 -0.6539909904 0.5141609279 -0.3524331149 0.4286318050
1403715274.8121430874 0.9453883594 2.4821157748 0.8951349021 -0.6539909904 0.5141609279 -0.3524331149 0.4286318050
1403715274.8621430397 0.9453883594 2.4821157748 0.8951349021 -0.6539909904 0.5141609279 -0.3524331149 0.4286318050
1403715274.9121432304 0.9453883594 2.4821157748 0.8951349021 -0.6539909904 0.5141609279 -0.3524331149 0.4286318050
1403715274.9621429443 0.9453883594 2.4821157748 0.8951349021 -0.6539909904 0.5141609279 -0.3524331149 0.4286318050
1403715275.0121431351 0.9453883594 2.4821157748 0.8951349021 -0.6539909904 0.5141609279 -0.3524331149 0.4286318050
1403715275.0621430874 0.9453883594 2.4821157748 0.8951349021 -0.6539909904 0.5141609279 -0.3524331149 0.4286318050
1403715275.1121432781 0.9453883594 2.4821157748 0.8951349021 -0.6539909904 0.5141609279 -0.3524331149 0.4286318050
1403715275.1621429920 0.9453883594 2.4821157748 0.8951349021 -0.6539909904 0.5141609279 -0.3524331149 0.4286318050
1403715275.2121431828 0.9453883594 2.4821157748 0.8951349021 -0.6539909904 0.5141609279 -0.3524331149 0.4286318050
1403715275.2621431351 0.9453883594 2.4821157748 0.8951349021 -0.6539909904 0.5141609279 -0.3524331149 0.4286318050
1403715275.3121430874 0.9453883594 2.4821157748 0.8951349021 -0.6539909904 0.5141609279 -0.3524331149 0.4286318050
1403715275.3621430397 0.9453883594 2.4821157748 0.8951349021 -0.6539909904 0.5141609279 -0.3524331149 0.4286318050
1403715275.4121432304 0.9453883594 2.4821157748 0.8951349021 -0.6539909904 0.5141609279 -0.3524331149 0.4286318050
1403715275.4621429443 0.9453883594 2.4821157748 0.8951349021 -0.6539909904 0.5141609279 -0.3524331149 0.4286318050
1403715275.5121431351 0.9453883594 2.4821157748 0.8951349021 -0.6539909904 0.5141609279 -0.3524331149 0.4286318050
1403715275.5621430874 0.9453883594 2.4821157748 0.8951349021 -0.6539909904 0.5141609279 -0.3524331149 0.4286318050
1403715275.6121432781 0.9453883594 2.4821157748 0.8951349021 -0.6539909904 0.5141609279 -0.3524331149 0.4286318050
1403715275.6621429920 0.9453883594 2.4821157748 0.8951349021 -0.6539909904 0.5141609279 -0.3524331149 0.4286318050
1403715275.7121431828 0.9453883594 2.4821157748 0.8951349021 -0.6539909904 0.5141609279 -0.3524331149 0.4286318050
1403715275.7621431351 0.9453883594 2.4821157748 0.8951349021 -0.6539909904 0.5141609279 -0.3524331149 0.4286318050
1403715275.8121430874 0.9453883594 2.4821157748 0.8951349021 -0.6539909904 0.5141609279 -0.3524331149 0.4286318050
1403715275.8621430397 0.9453883594 2.4821157748 0.8951349021 -0.6539909904 0.5141609279 -0.3524331149 0.4286318050
1403715275.9121432304 0.9453883594 2.4821157748 0.8951349021 -0.6539909904 0.5141609279 -0.3524331149 0.4286318050
1403715275.9621429443 0.9453883594 2.4821157748 0.8951349021 -0.6539909904 0.5141609279 -0.3524331149 0.4286318050
1403715276.0121431351 0.9453883594 2.4821157748 0.8951349021 -0.6539909904 0.5141609279 -0.3524331149 0.4286318050
1403715276.0621430874 0.9453883594 2.4821157748 0.8951349021 -0.6539909904 0.5141609279 -0.3524331149 0.4286318050
1403715276.1121432781 0.9453883594 2.4821157748 0.8951349021 -0.6539909904 0.5141609279 -0.3524331149 0.4286318050
1403715276.1621429920 0.9453883594 2.4821157748 0.8951349021 -0.6539909904 0.5141609279 -0.3524331149 0.4286318050
1403715276.2121431828 0.9453883594 2.4821157748 0.8951349021 -0.6539909904 0.5141609279 -0.3524331149 0.4286318050
1403715276.2621431351 0.9453883594 2.4821157748 0.8951349021 -0.6539909904 0.5141609279 -0.3524331149 0.4286318050
1403715276.3121430874 0.9453883594 2.4821157748 0.8951349021 -0.6539909904 0.5141609279 -0.3524331149 0.4286318050
1403715276.3621430397 0.9453883594 2.4821157748 0.8951349021 -0.6539909904 0.5141609279 -0.3524331149 0.4286318050
1403715276.4121432304 0.9453883594 2.4821157748 0.8951349021 -0.6539909904 0.5141609279 -0.3524331149 0.4286318050
1403715276.4621429443 0.9453883594 2.4821157748 0.8951349021 -0.6539909904 0.5141609279 -0.3524331149 0.4286318050
1403715276.5121431351 0.9453883594 2.4821157748 0.8951349021 -0.6539909904 0.5141609279 -0.3524331149 0.4286318050
1403715276.5621430874 0.9453883594 2.4821157748 0.8951349021 -0.6539909904 0.5141609279 -0.3524331149 0.4286318050
1403715276.6121432781 0.9453883594 2.4821157748 0.8951349021 -0.6539909904 0.5141609279 -0.3524331149 0.4286318050
1403715276.6621429920 0.9453883594 2.4821157748 0.8951349021 -0.6539909904 0.5141609279 -0.3524331149 0.4286318050
1403715276.7121431828 0.9453883594 2.4821157748 0.8951349021 -0.6539909904 0.5141609279 -0.3524331149 0.4286318050
1403715276.7621431351 0.9453883594 2.4821157748 0.8951349021 -0.6539909904 0.5141609279 -0.3524331149 0.4286318050
1403715276.8121430874 0.9453883594 2.4821157748 0.8951349021 -0.6539909904 0.5141609279 -0.3524331149 0.4286318050
1403715276.8621430397 0.9453883594 2.4821157748 0.8951349021 -0.6539909904 0.5141609279 -0.3524331149 0.4286318050
1403715276.9121432304 0.9453883594 2.4821157748 0.8951349021 -0.6539909904 0.5141609279 -0.3524331149 0.4286318050
1403715276.9621429443 0.9453883594 2.4821157748 0.8951349021 -0.6539909904 0.5141609279 -0.3524331149 0.4286318050
1403715277.0121431351 0.9453883594 2.4821157748 0.8951349021 -0.6539909904 0.5141609279 -0.3524331149 0.4286318050
1403715277.0621430874 0.9453883594 2.4821157748 0.8951349021 -0.6539909904 0.5141609279 -0.3524331149 0.4286318050
1403715277.1121432781 0.9453883594 2.4821157748 0.8951349021 -0.6539909904 0.5141609279 -0.3524331149 0.4286318050
1403715277.1621429920 0.9453883594 2.4821157748 0.8951349021 -0.6539909904 0.5141609279 -0.3524331149 0.4286318050
1403715277.2121431828 0.9453883594 2.4821157748 0.8951349021 -0.6539909904 0.5141609279 -0.3524331149 0.4286318050
1403715277.2621431351 0.9453883594 2.4821157748 0.8951349021 -0.6539909904 0.5141609279 -0.3524331149 0.4286318050
1403715277.3121430874 0.9453883594 2.4821157748 0.8951349021 -0.6539909904 0.5141609279 -0.3524331149 0.4286318050
1403715277.3621430397 0.9453883594 2.4821157748 0.8951349021 -0.6539909904 0.5141609279 -0.3524331149 0.4286318050
1403715277.4121432304 0.9453883594 2.4821157748 0.8951349021 -0.6539909904 0.5141609279 -0.3524331149 0.4286318050
1403715277.4621429443 0.9453883594 2.4821157748 0.8951349021 -0.6539909904 0.5141609279 -0.3524331149 0.4286318050
1403715277.5121431351 0.9453883594 2.4821157748 0.8951349021 -0.6539909904 0.5141609279 -0.3524331149 0.4286318050
1403715277.5621430874 0.9453883594 2.4821157748 0.8951349021 -0.6539909904 0.5141609279 -0.3524331149 0.4286318050
1403715277.6121432781 0.9453883594 2.4821157748 0.8951349021 -0.6539909904 0.5141609279 -0.3524331149 0.4286318050
1403715277.6621429920 0.9453883594 2.4821157748 0.8951349021 -0.6539909904 0.5141609279 -0.3524331149 0.4286318050
1403715277.7121431828 0.9453883594 2.4821157748 0.8951349021 -0.6539909904 0.5141609279 -0.3524331149 0.4286318050
1403715277.7621431351 0.9453883594 2.4821157748 0.8951349021 -0.6539909904 0.5141609279 -0.3524331149 0.4286318050
1403715277.8121430874 0.9453883594 2.4821157748 0.8951349021 -0.6539909904 0.5141609279 -0.3524331149 0.4286318050
1403715277.8621430397 0.9453883594 2.4821157748 0.8951349021 -0.6539909904 0.5141609279 -0.3524331149 0.4286318050
1403715277.9121432304 0.9453883594 2.4821157748 0.8951349021 -0.6539909904 0.5141609279 -0.3524331149 0.4286318050
1403715277.9621429443 0.9453883594 2.4821157748 0.8951349021 -0.6539909904 0.5141609279 -0.3524331149 0.4286318050
1403715278.0121431351 0.9453883594 2.4821157748 0.8951349021 -0.6539909904 0.5141609279 -0.3524331149 0.4286318050
1403715278.0621430874 0.9453883594 2.4821157748 0.8951349021 -0.6539909904 0.5141609279 -0.3524331149 0.4286318050
1403715278.1121432781 0.9453883594 2.4821157748 0.8951349021 -0.6539909904 0.5141609279 -0.3524331149 0.4286318050
1403715278.1621429920 0.9453883594 2.4821157748 0.8951349021 -0.6539909904 0.5141609279 -0.3524331149 0.4286318050
1403715278.2121431828 0.9453883594 2.4821157748 0.8951349021 -0.6539909904 0.5141609279 -0.3524331149 0.4286318050
1403715278.2621431351 0.9453883594 2.4821157748 0.8951349021 -0.6539909904 0.5141609279 -0.3524331149 0.4286318050
1403715278.3121430874 0.9453883594 2.4821157748 0.8951349021 -0.6539909904 0.5141609279 -0.3524331149 0.4286318050
1403715278.3621430397 0.9453883594 2.4821157748 0.8951349021 -0.6539909904 0.5141609279 -0.3524331149 0.4286318050
1403715278.4121432304 0.9470094326 2.4818623680 0.9011534697 -0.6514592184 0.5144666730 -0.3554334714 0.4296416839
1403715278.4621429443 0.9470094326 2.4818623680 0.9011534697 -0.6514592184 0.5144666730 -0.3554334714 0.4296416839
1403715278.5121431351 0.9521156358 2.4838964418 0.9049462041 -0.6483930589 0.5149755870 -0.3570632949 0.4323105243
1403715278.5621430874 0.9571201287 2.4863580351 0.9069324264 -0.6451807896 0.5142194576 -0.3594945826 0.4359859439
1403715278.6121432781 0.9632738371 2.4891143590 0.9128355326 -0.6421424960 0.5135598394 -0.3614547200 0.4396132295
1403715278.6621429920 0.9699314928 2.4930340141 0.9198161823 -0.6412463388 0.5125290487 -0.3635065725 0.4404316962
1403715278.7121431828 0.9771437226 2.4970507456 0.9300738392 -0.6390880979 0.5129566465 -0.3634171263 0.4431364059
1403715278.7621431351 0.9862038541 2.5011029897 0.9448407010 -0.6365526725 0.5124538640 -0.3641989375 0.4467111665
1403715278.8121430874 0.9953990896 2.5065878093 0.9621742443 -0.6347247910 0.5119810257 -0.3649085755 0.4492678494
1403715278.8621430397 1.0038907999 2.5115548111 0.9811256024 -0.6326951631 0.5111068560 -0.3658151168 0.4523780638
1403715278.9121432304 1.0131809345 2.5160617439 1.0024577191 -0.6322457063 0.5108258312 -0.3660035367 0.4531707715
1403715278.9621429443 1.0220402012 2.5202846027 1.0245157009 -0.6318573120 0.5103539280 -0.3667641261 0.4536290128
1403715279.0121431351 1.0302915966 2.5242081964 1.0411438801 -0.6321538999 0.5096514105 -0.3676731463 0.4532696153
1403715279.0621430874 1.0376703275 2.5261322481 1.0506569958 -0.6324605914 0.5097108832 -0.3674761296 0.4529345537
1403715279.1121432781 1.0442237279 2.5300922110 1.0539937576 -0.6322989884 0.5093819205 -0.3681272909 0.4530014857
1403715279.1621429920 1.0499886521 2.5336348943 1.0534306646 -0.6329319506 0.5091275295 -0.3684152148 0.4521687010
1403715279.2121431828 1.0565082418 2.5361050500 1.0496404869 -0.6336202207 0.5089535103 -0.3684721502 0.4513535364
1403715279.2621431351 1.0611538336 2.5380223876 1.0430583922 -0.6343054379 0.5088815675 -0.3681355734 0.4507464490
1403715279.3121430874 1.0663548520 2.5393595670 1.0389526202 -0.6350021796 0.5093164207 -0.3672011109 0.4500359537
1403715279.3621430397 1.0704437895 2.5425763845 1.0346120483 -0.6351981109 0.5101417236 -0.3663228801 0.4495401309
1403715279.4121432304 1.0748323248 2.5448212529 1.0333520544 -0.6350867868 0.5106517236 -0.3653049631 0.4499465239
1403715279.4621429443 1.0784417864 2.5459041877 1.0319420215 -0.6356042105 0.5111272313 -0.3642471387 0.4495333837
1403715279.5121431351 1.0809806670 2.5474885230 1.0321371591 -0.6358214783 0.5113482639 -0.3636684431 0.4494432826
1403715279.5621430874 1.0833434737 2.5487109061 1.0324039337 -0.6360014615 0.5109598543 -0.3641956238 0.4492034238
1403715279.6121432781 1.0857065016 2.5497542329 1.0344558474 -0.6364671295 0.5110512671 -0.3640495098 0.4485578557
1403715279.6621429920 1.0889335727 2.5511612631 1.0382347991 -0.6367924937 0.5109157400 -0.3639209165 0.4483547626
1403715279.7121431828 1.0901041182 2.5514053392 1.0417678925 -0.6365569277 0.5109506554 -0.3640063643 0.4485800623
1403715279.7621431351 1.0918368111 2.5520919383 1.0473313342 -0.6365048659 0.5110866575 -0.3638574967 0.4486197792
1403715279.8121430874 1.0937305538 2.5528248633 1.0541618145 -0.6364378922 0.5115217518 -0.3634787845 0.4485258966
1403715279.8621430397 1.0947058504 2.5513943822 1.0614868108 -0.6368371481 0.5116138489 -0.3629577972 0.4482759796
1403715279.9121432304 1.0952958060 2.5515388337 1.0687648554 -0.6371574658 0.5120101378 -0.3626789518 0.4475935215
1403715279.9621429443 1.0959862757 2.5508141955 1.0760031450 -0.6386561252 0.5128151798 -0.3615328769 0.4454581059
1403715280.0121431351 1.0973654289 2.5509640310 1.0840639287 -0.6412124199 0.5149014195 -0.3586890578 0.4416619983
1403715280.0621430874 1.0968342639 2.5494810320 1.0900885030 -0.6447673597 0.5173458623 -0.3549738445 0.4366026572
1403715280.1121432781 1.0987133392 2.5476923798 1.0978051278 -0.6490855490 0.5181940947 -0.3534389070 0.4303995463
1403715280.1621429920 1.1010185849 2.5473154436 1.1048782128 -0.6519211435 0.5179275023 -0.3534698510 0.4263906537
1403715280.2121431828 1.1058991458 2.5470771185 1.1143443900 -0.6542345555 0.5160168048 -0.3559198257 0.4231133196
1403715280.2621431351 1.1111617319 2.5477668076 1.1221357657 -0.6554982085 0.5132504981 -0.3596017008 0.4214055548
1403715280.3121430874 1.1157114800 2.5480339959 1.1276575569 -0.6557629849 0.5107550485 -0.3628909928 0.4212057875
1403715280.3621430397 1.1228045870 2.5509873543 1.1388938466 -0.6555042252 0.5089127626 -0.3660105912 0.4211392381
1403715280.4121432304 1.1300793999 2.5538589014 1.1482727497 -0.6542766079 0.5076374453 -0.3695253839 0.4215178942
1403715280.4621429443 1.1380476865 2.5580876502 1.1569495976 -0.6515738030 0.5098311060 -0.3701866759 0.4224756178
1403715280.5121431351 1.1511353287 2.5668345912 1.1711405366 -0.6467071054 0.5140967641 -0.3708003963 0.4242422693
1403715280.5621430874 1.1607498352 2.5722837372 1.1805798496 -0.6413913127 0.5191412009 -0.3716870180 0.4253920053
1403715280.6121432781 1.1720622564 2.5801958348 1.1907844603 -0.6344773775 0.5257182529 -0.3738134383 0.4258195502
1403715280.6621429920 1.1828740122 2.5866276198 1.1994281049 -0.6276981393 0.5323729771 -0.3776547288 0.4242062764
1403715280.7121431828 1.1945285754 2.5939119795 1.2074099304 -0.6201924420 0.5398488110 -0.3818831299 0.4220069564
1403715280.7621431351 1.2057702197 2.6003001300 1.2155154667 -0.6130158973 0.5477534854 -0.3861997175 0.4183627697
1403715280.8121430874 1.2174766262 2.6043682090 1.2237525420 -0.6059006341 0.5560450616 -0.3901354458 0.4141167047
1403715280.8621430397 1.2290052150 2.6093813187 1.2302384324 -0.5984086785 0.5634294928 -0.3952266927 0.4101830341
1403715280.9121432304 1.2406476102 2.6154031624 1.2354872878 -0.5912246622 0.5704249169 -0.4003605728 0.4059313055
1403715280.9621429443 1.2531351117 2.6212993899 1.2401588109 -0.5852502643 0.5760132765 -0.4047635864 0.4023148924
1403715281.0121431351 1.2646477494 2.6289479039 1.2447256390 -0.5795372585 0.5813578027 -0.4085349609 0.3990724959
1403715281.0621430874 1.2761637432 2.6336074406 1.2490913614 -0.5755118174 0.5855079167 -0.4116677774 0.3955960926
1403715281.1121432781 1.2879371413 2.6400842216 1.2555820124 -0.5716858329 0.5892954794 -0.4142067562 0.3928599108
1403715281.1621429920 1.2993954510 2.6467631414 1.2600573553 -0.5684585624 0.5919213553 -0.4168947325 0.3907464062
1403715281.2121431828 1.3098911260 2.6536655368 1.2626848479 -0.5654149339 0.5945581054 -0.4193082192 0.3885707518
1403715281.2621431351 1.3211348414 2.6591710113 1.2667993508 -0.5621843426 0.5979250104 -0.4209371963 0.3863241175
1403715281.3121430874 1.3323158002 2.6638918539 1.2702140584 -0.5589571527 0.6017119547 -0.4226554291 0.3832388463
1403715281.3621430397 1.3446693486 2.6704971798 1.2739387902 -0.5551797738 0.6063403619 -0.4245815733 0.3792852118
1403715281.4121432304 1.3565724660 2.6753700298 1.2746249331 -0.5508987347 0.6108719761 -0.4271045876 0.3754033620
1403715281.4621429443 1.3672307397 2.6799118088 1.2743272782 -0.5455755637 0.6154717927 -0.4310186726 0.3711666481
1403715281.5121431351 1.3795954489 2.6847356071 1.2747293423 -0.5395988368 0.6208796131 -0.4350525628 0.3661568912
1403715281.5621430874 1.3904008662 2.6882510346 1.2746212590 -0.5330745802 0.6267396854 -0.4395113504 0.3603590314
1403715281.6121432781 1.4041494544 2.6927224087 1.2762821226 -0.5255172289 0.6334449300 -0.4441191967 0.3540300862
1403715281.6621429920 1.4180601192 2.6970041194 1.2744501411 -0.5165764994 0.6407141944 -0.4490545901 0.3478275671
1403715281.7121431828 1.4300876227 2.7000518783 1.2732998007 -0.5076734683 0.6480883631 -0.4540077588 0.3407727663
1403715281.7621431351 1.4430161682 2.7023859955 1.2702915154 -0.4980784875 0.6557542248 -0.4587617066 0.3338291681
1403715281.8121430874 1.4573210952 2.7048121379 1.2670454134 -0.4880837816 0.6636892095 -0.4634230288 0.3263892640
1403715281.8621430397 1.4706559504 2.7082235504 1.2623842628 -0.4773145397 0.6710134959 -0.4689325291 0.3193963082
1403715281.9121432304 1.4856639719 2.7110256282 1.2620657424 -0.4674402978 0.6786900373 -0.4734712592 0.3109732592
1403715281.9621429443 1.5005196651 2.7137239240 1.2585612618 -0.4569247524 0.6860511085 -0.4778626370 0.3036460890
1403715282.0121431351 1.5144195554 2.7163999096 1.2517698344 -0.4462949358 0.6929572317 -0.4822228494 0.2968033504
1403715282.0621430874 1.5310556367 2.7200575678 1.2476982263 -0.4357774924 0.6999640244 -0.4861530143 0.2894884943
1403715282.1121432781 1.5454399176 2.7227253251 1.2428747317 -0.4264337155 0.7055262983 -0.4908538836 0.2818676881
1403715282.1621429920 1.5612632001 2.7259877514 1.2383349692 -0.4166321435 0.7116788783 -0.4942845946 0.2749792186
1403715282.2121431828 1.5774278767 2.7280868125 1.2315008459 -0.4069368344 0.7169042832 -0.4986797062 0.2678977644
1403715282.2621431351 1.5940346510 2.7317415919 1.2271848674 -0.3975430890 0.7226269601 -0.5019784617 0.2603601217
1403715282.3121430874 1.6120606554 2.7354744529 1.2203124425 -0.3877930422 0.7281153404 -0.5054376898 0.2529769735
1403715282.3621430397 1.6283329980 2.7373756213 1.2137105840 -0.3779776169 0.7332503583 -0.5089843884 0.2457879686
1403715282.4121432304 1.6463932646 2.7399323261 1.2075057191 -0.3696732838 0.7380442502 -0.5123018913 0.2370213497
1403715282.4621429443 1.6656298671 2.7434591568 1.1999422501 -0.3594093322 0.7432451867 -0.5152357643 0.2300948316
1403715282.5121431351 1.6845689457 2.7466095132 1.1939847873 -0.3496517612 0.7476100285 -0.5188396091 0.2227742157
1403715282.5621430874 1.7028876101 2.7478261519 1.1893402177 -0.3402167310 0.7520173601 -0.5216231283 0.2159439236
1403715282.6121432781 1.7226277267 2.7505818870 1.1810421356 -0.3302379081 0.7551198242 -0.5260701957 0.2097310762
1403715282.6621429920 1.7429574285 2.7539227102 1.1736320550 -0.3199964906 0.7583396237 -0.5299255526 0.2042110914
1403715282.7121431828 1.7644947545 2.7564961823 1.1665359260 -0.3092232830 0.7618100087 -0.5333436696 0.1989246139
1403715282.7621431351 1.7863991776 2.7597329374 1.1594235026 -0.2984117865 0.7652820803 -0.5361614160 0.1944856787
1403715282.8121430874 1.8078786973 2.7633382011 1.1511223190 -0.2877653881 0.7691505797 -0.5382105730 0.1895464225
1403715282.8621430397 1.8285329555 2.7651875943 1.1426060829 -0.2781266849 0.7720122643 -0.5411818969 0.1837519129
1403715282.9121432304 1.8506217324 2.7670195295 1.1346784141 -0.2683914386 0.7745285812 -0.5445681568 0.1775303785
1403715282.9621429443 1.8709271774 2.7695641892 1.1256041130 -0.2584190247 0.7774203478 -0.5471438764 0.1716705826
1403715283.0121431351 1.8932287504 2.7732868653 1.1170987336 -0.2479685866 0.7801182957 -0.5499489697 0.1657804435
1403715283.0621430874 1.9157397493 2.7774255017 1.1074422478 -0.2366175450 0.7827253372 -0.5527644571 0.1606382232
1403715283.1121432781 1.9364652686 2.7803217792 1.0991021676 -0.2256522780 0.7855415427 -0.5546913154 0.1559585804
1403715283.1621429920 1.9565977758 2.7831872956 1.0909476125 -0.2144575225 0.7879857778 -0.5567653410 0.1519826969
1403715283.2121431828 1.9775412160 2.7860068244 1.0840504784 -0.2034517874 0.7903614140 -0.5587453512 0.1474443554
1403715283.2621431351 1.9964702076 2.7891769474 1.0758918453 -0.1931794177 0.7923565947 -0.5608912858 0.1423155118
1403715283.3121430874 2.0150913467 2.7923660554 1.0681336271 -0.1828085195 0.7945741142 -0.5624003124 0.1376187157
1403715283.3621430397 2.0328121320 2.7954988005 1.0617784107 -0.1734719547 0.7959791150 -0.5647513428 0.1318356941
1403715283.4121432304 2.0499414930 2.7986287680 1.0534505797 -0.1645560069 0.7986032744 -0.5650628347 0.1259290415
1403715283.4621429443 2.0646684837 2.8016124757 1.0475663066 -0.1564579744 0.8016310720 -0.5643524163 0.1200619709
1403715283.5121431351 2.0803071907 2.8048303844 1.0385419497 -0.1491806711 0.8041655642 -0.5642548779 0.1126024223
1403715283.5621430874 2.0954214497 2.8079021617 1.0313214250 -0.1425281512 0.8067188150 -0.5638427819 0.1047463451
1403715283.6121432781 2.1088340360 2.8103967971 1.0254820943 -0.1366660363 0.8094750439 -0.5625934409 0.0977812256
1403715283.6621429920 2.1221605490 2.8136845474 1.0184249227 -0.1318796993 0.8114075609 -0.5619310516 0.0919728673
1403715283.7121431828 2.1352839212 2.8162177454 1.0128455756 -0.1279163640 0.8126102229 -0.5618270587 0.0874779149
1403715283.7621431351 2.1503618567 2.8188802538 1.0077933027 -0.1242955173 0.8134714274 -0.5618873836 0.0842462420
1403715283.8121430874 2.1637447226 2.8207556852 1.0024919953 -0.1208262647 0.8133159176 -0.5630627389 0.0829372294
1403715283.8621430397 2.1786348336 2.8226544405 0.9974570440 -0.1187028441 0.8128601622 -0.5645022376 0.0806549140
1403715283.9121432304 2.1918581318 2.8243404519 0.9911195272 -0.1163664346 0.8120930084 -0.5660861408 0.0806863052
1403715283.9621429443 2.2059280669 2.8262729744 0.9853182231 -0.1147850363 0.8117156683 -0.5670226503 0.0801709628
1403715284.0121431351 2.2189854066 2.8280542143 0.9783718236 -0.1138793054 0.8128497920 -0.5655825616 0.0801441540
1403715284.0621430874 2.2331072372 2.8304803446 0.9731777537 -0.1138344080 0.8142914438 -0.5635874618 0.0796262837
1403715284.1121432781 2.2443698463 2.8302362015 0.9666504189 -0.1138096854 0.8157095377 -0.5613563050 0.0808974932
1403715284.1621429920 2.2590180353 2.8308554032 0.9607217711 -0.1133026269 0.8168763815 -0.5595305478 0.0824685282
1403715284.2121431828 2.2738523500 2.8310614969 0.9544106026 -0.1118073316 0.8179880850 -0.5576934089 0.0858642833
1403715284.2621431351 2.2861639541 2.8300157306 0.9501100287 -0.1107254925 0.8189248897 -0.5559492977 0.0895671188
1403715284.3121430874 2.2977135261 2.8279733273 0.9455259857 -0.1094254910 0.8196258883 -0.5544291371 0.0940627295
1403715284.3621430397 2.3099616553 2.8252777561 0.9409833345 -0.1088002744 0.8194758214 -0.5542455839 0.0971272940
1403715284.4121432304 2.3204543462 2.8218271267 0.9369658819 -0.1110470607 0.8185157846 -0.5553873070 0.0961530031
1403715284.4621429443 2.3293791583 2.8161839213 0.9316400632 -0.1141326542 0.8173766081 -0.5566757170 0.0947700573
1403715284.5121431351 2.3370091260 2.8094766961 0.9276045682 -0.1185224316 0.8159717697 -0.5582745039 0.0920439161
1403715284.5621430874 2.3450734952 2.8028889139 0.9244759102 -0.1222980340 0.8142344089 -0.5603377616 0.0899283672
1403715284.6121432781 2.3530010420 2.7954984377 0.9214085365 -0.1257686839 0.8124303550 -0.5624348987 0.0883523692
1403715284.6621429920 2.3604910751 2.7876722997 0.9169285298 -0.1292572187 0.8109363719 -0.5640526552 0.0867143261
1403715284.7121431828 2.3671415343 2.7787523918 0.9132762745 -0.1319501343 0.8098232478 -0.5650851678 0.0863378399
1403715284.7621431351 2.3742359013 2.7700290309 0.9098860457 -0.1337343643 0.8086475654 -0.5664680537 0.0855463556
1403715284.8121430874 2.3817369385 2.7626680985 0.9073469106 -0.1337322859 0.8077246367 -0.5680383254 0.0838394165
1403715284.8621430397 2.3885717316 2.7533555083 0.9060625194 -0.1315410122 0.8066293502 -0.5703239219 0.0823205783
1403715284.9121432304 2.3966538491 2.7458770970 0.9045741121 -0.1261287670 0.8058433202 -0.5727817223 0.0814197523
1403715284.9621429443 2.4038567724 2.7364479457 0.9037039339 -0.1190670961 0.8046456980 -0.5762523684 0.0793822091
1403715285.0121431351 2.4125860635 2.7290767321 0.9032957465 -0.1087016081 0.8031869650 -0.5805276713 0.0778606605
1403715285.0621430874 2.4161319138 2.7197566288 0.9026718412 -0.0984694134 0.8022377622 -0.5839450776 0.0756736013
1403715285.1121432781 2.4217084694 2.7131142478 0.9021364143 -0.0887367856 0.8019430849 -0.5866489226 0.0696858160
1403715285.1621429920 2.4277920467 2.7083649165 0.9054091771 -0.0789130621 0.8035305879 -0.5866409227 0.0629583255
1403715285.2121431828 2.4330566092 2.7038006999 0.9068552689 -0.0684681761 0.8061826383 -0.5849121658 0.0570913383
1403715285.2621431351 2.4379381088 2.7005164477 0.9085318012 -0.0588027496 0.8089963994 -0.5824964738 0.0525825117
1403715285.3121430874 2.4411648309 2.6986934512 0.9134371538 -0.0498268029 0.8126425072 -0.5784645340 0.0500822130
1403715285.3621430397 2.4422211963 2.6979301753 0.9213772118 -0.0423618988 0.8163555165 -0.5739850296 0.0480658509
1403715285.4121432304 2.4452845780 2.6973615725 0.9339343151 -0.0367901959 0.8201050402 -0.5692066150 0.0455854571
1403715285.4621429443 2.4472097711 2.6959626409 0.9508111460 -0.0326458380 0.8228041462 -0.5657175750 0.0434880613
1403715285.5121431351 2.4472831795 2.6942756766 0.9698614849 -0.0290153592 0.8247201739 -0.5631975748 0.0424645199
1403715285.5621430874 2.4469662619 2.6919535226 0.9932309343 -0.0254216155 0.8258326162 -0.5617387852 0.0424707985
1403715285.6121432781 2.4459922473 2.6895516187 1.0169355407 -0.0224376044 0.8264171524 -0.5610029974 0.0425074230
1403715285.6621429920 2.4420013188 2.6852611484 1.0398854691 -0.0207582816 0.8269275829 -0.5603551705 0.0419755794
1403715285.7121431828 2.4379520308 2.6802630142 1.0612619337 -0.0189784382 0.8272937231 -0.5598908909 0.0417983830
1403715285.7621431351 2.4330391615 2.6747747287 1.0837259299 -0.0184940950 0.8267148349 -0.5609042950 0.0398361908
1403715285.8121430874 2.4265308190 2.6682737120 1.1059583498 -0.0183350981 0.8263298974 -0.5616060767 0.0379649750
1403715285.8621430397 2.4178955639 2.6613591297 1.1242404218 -0.0201517821 0.8260823440 -0.5621504632 0.0341865953
1403715285.9121432304 2.4109035527 2.6542210062 1.1433241824 -0.0230115217 0.8257620479 -0.5628158718 0.0287368140
1403715285.9621429443 2.4016207712 2.6458838348 1.1610710965 -0.0259801101 0.8263574169 -0.5620323552 0.0240434019
1403715286.0121431351 2.3918015481 2.6370032184 1.1784708615 -0.0290577536 0.8265016158 -0.5618420378 0.0196023108
1403715286.0621430874 2.3815860825 2.6275735338 1.1934411691 -0.0312704700 0.8264657981 -0.5618939299 0.0158635986
1403715286.1121432781 2.3721495895 2.6170780209 1.2094122305 -0.0318796070 0.8267942520 -0.5614117638 0.0145529034
1403715286.1621429920 2.3650196552 2.6060102500 1.2251832527 -0.0307496327 0.8272616874 -0.5607696707 0.0151636775
1403715286.2121431828 2.3567890791 2.5952177217 1.2402139432 -0.0286404636 0.8280026985 -0.5597321667 0.0170633168
1403715286.2621431351 2.3474061140 2.5823040429 1.2537728236 -0.0276854525 0.8284773282 -0.5590327438 0.0184722413
1403715286.3121430874 2.3392114105 2.5701329309 1.2655336182 -0.0279485505 0.8283192863 -0.5592755325 0.0178021669
1403715286.3621430397 2.3317531309 2.5556550534 1.2784059212 -0.0286573712 0.8278291118 -0.5599997783 0.0166722833
1403715286.4121432304 2.3244790515 2.5407680568 1.2906083772 -0.0293768053 0.8276588699 -0.5602462291 0.0155551027
1403715286.4621429443 2.3154574528 2.5253917683 1.3018977046 -0.0305238350 0.8270576798 -0.5611122309 0.0140340335
1403715286.5121431351 2.3071131135 2.5099104963 1.3124075741 -0.0313365390 0.8266215155 -0.5617482685 0.0124005769
1403715286.5621430874 2.3005688140 2.4930123808 1.3221685061 -0.0315837781 0.8256152655 -0.5632401396 0.0110654176
1403715286.6121432781 2.2941911303 2.4753864401 1.3332615133 -0.0297288716 0.8246320727 -0.5647935146 0.0103162343
1403715286.6621429920 2.2875549341 2.4580661156 1.3434725380 -0.0263847233 0.8226651462 -0.5678506205 0.0084602856
1403715286.7121431828 2.2814752647 2.4392068046 1.3546348531 -0.0218218267 0.8198329245 -0.5721574667 0.0057980232
1403715286.7621431351 2.2741860098 2.4200402067 1.3623569106 -0.0163868892 0.8178798506 -0.5751520408 0.0020371060
1403715286.8121430874 2.2686518065 2.4027854928 1.3701662123 0.0112962112 -0.8181968805 0.5748205333 0.0027594933
1403715286.8621430397 2.2629678645 2.3844600576 1.3770508553 0.0064204997 -0.8201839821 0.5720265968 0.0065257336
1403715286.9121432304 2.2572425709 2.3670851785 1.3839289178 0.0029192067 -0.8225975798 0.5685134117 0.0108259294
1403715286.9621429443 2.2529919308 2.3491866331 1.3900200080 -0.0003835066 -0.8243745985 0.5658524274 0.0147446467
1403715287.0121431351 2.2494577626 2.3303249113 1.3964642488 -0.0030297497 -0.8255519865 0.5640029713 0.0188516973
1403715287.0621430874 2.2455340576 2.3125701096 1.4028410286 -0.0060720815 -0.8260457042 0.5631662669 0.0213396379
1403715287.1121432781 2.2432021959 2.2936346269 1.4102687910 -0.0078744132 -0.8259448081 0.5631529867 0.0247362339
1403715287.1621429920 2.2406418139 2.2746485461 1.4173094381 -0.0099037582 -0.8245009791 0.5651432670 0.0267046595
1403715287.2121431828 2.2398411897 2.2551175696 1.4253062780 -0.0115530427 -0.8220494571 0.5685857095 0.0284869829
1403715287.2621431351 2.2396941433 2.2356424954 1.4309254174 -0.0131621554 -0.8198461590 0.5716450173 0.0300167855
1403715287.3121430874 2.2397890814 2.2162601805 1.4390207783 -0.0149752794 -0.8177923745 0.5745389761 0.0299389085
1403715287.3621430397 2.2416608355 2.1964405946 1.4456072395 -0.0165211004 -0.8165917756 0.5761935204 0.0300990401
1403715287.4121432304 2.2428850463 2.1777972958 1.4537297960 -0.0185873248 -0.8161043497 0.5769194960 0.0281442160
1403715287.4621429443 2.2459172029 2.1588931352 1.4611274760 -0.0220491208 -0.8158204796 0.5773392599 0.0251029926
1403715287.5121431351 2.2484052899 2.1404399102 1.4701729772 -0.0264225600 -0.8158309075 0.5772399191 0.0227124282
1403715287.5621430874 2.2509803991 2.1220143935 1.4786462821 -0.0322544029 -0.8158546156 0.5769527795 0.0215960616
1403715287.6121432781 2.2518149722 2.1044340806 1.4866778144 -0.0399947240 -0.8162762302 0.5758938802 0.0209708548
1403715287.6621429920 2.2521087504 2.0868239183 1.4951799237 -0.0486512115 -0.8163928227 0.5750272502 0.0218970340
1403715287.7121431828 2.2501376037 2.0692274808 1.5051355245 -0.0576099351 -0.8162977944 0.5742217336 0.0246659069
1403715287.7621431351 2.2491900753 2.0519355661 1.5157161544 -0.0665796533 -0.8157945802 0.5737385425 0.0295031763
1403715287.8121430874 2.2449262056 2.0355354111 1.5252757170 -0.0750604803 -0.8144361891 0.5742122771 0.0366043592
1403715287.8621430397 2.2379380179 2.0201562962 1.5350863685 -0.0841668249 -0.8127112908 0.5748589941 0.0441977410
1403715287.9121432304 2.2319872071 2.0023844364 1.5443109563 -0.0932888023 -0.8104947541 0.5757310478 0.0541222098
1403715287.9621429443 2.2242176710 1.9880194070 1.5555284035 -0.1031025164 -0.8081805681 0.5762405968 0.0645043794
1403715288.0121431351 2.2167447788 1.9737173478 1.5654263204 -0.1140131843 -0.8057265422 0.5763967990 0.0746489330
1403715288.0621430874 2.2083469114 1.9606205388 1.5758450218 -0.1249722062 -0.8029457322 0.5767682386 0.0836570246
1403715288.1121432781 2.2001185554 1.9473733602 1.5866004184 -0.1354908338 -0.8008632560 0.5761469135 0.0911866947
1403715288.1621429920 2.1909092361 1.9362652007 1.5925777091 -0.1441804049 -0.7990951751 0.5754396366 0.0976121747
1403715288.2121431828 2.1844521184 1.9257518038 1.5976548539 -0.1512852862 -0.7980977443 0.5739771078 0.1034554616
1403715288.2621431351 2.1767377858 1.9158585244 1.5996247318 -0.1577430789 -0.7975743186 0.5721183896 0.1080410829
1403715288.3121430874 2.1691385520 1.9067236680 1.5970399960 -0.1617194649 -0.7968473332 0.5710236507 0.1131951085
1403715288.3621430397 2.1604703863 1.8993413650 1.5915368309 -0.1654807350 -0.7965250854 0.5698069350 0.1161205041
1403715288.4121432304 2.1535751110 1.8913530789 1.5849345306 -0.1688851663 -0.7962879032 0.5688368626 0.1175925150
1403715288.4621429443 2.1452597302 1.8848074053 1.5775784138 -0.1716206860 -0.7959233893 0.5684531235 0.1179548427
1403715288.5121431351 2.1385701275 1.8792387794 1.5736649490 -0.1731875945 -0.7953337695 0.5686532429 0.1186749404
1403715288.5621430874 2.1314478904 1.8731637637 1.5730715313 -0.1747686270 -0.7955260555 0.5679830932 0.1182769120
1403715288.6121432781 2.1244581827 1.8684551517 1.5756397071 -0.1760118646 -0.7951415122 0.5683581500 0.1172126806
1403715288.6621429920 2.1165369509 1.8644376912 1.5821685114 -0.1768478076 -0.7954687917 0.5678038666 0.1164174533
1403715288.7121431828 2.1069867288 1.8613993810 1.5891821674 -0.1763805546 -0.7952604214 0.5682429061 0.1164077395
1403715288.7621431351 2.0972656034 1.8601956968 1.5985050706 -0.1742805747 -0.7962352674 0.5671338843 0.1182997779
1403715288.8121430874 2.0899610229 1.8572215004 1.6055899409 -0.1727866618 -0.7968844630 0.5663601913 0.1198167597
1403715288.8621430397 2.0805683555 1.8558193710 1.6108652187 -0.1713217679 -0.7976268692 0.5651857054 0.1224963173
1403715288.9121432304 2.0711204170 1.8548980816 1.6116583961 -0.1704638525 -0.7980504111 0.5639452583 0.1265834189
1403715288.9621429443 2.0609530729 1.8535767899 1.6083652719 -0.1712802671 -0.7980419517 0.5628341642 0.1304216895
1403715289.0121431351 2.0499649673 1.8527560139 1.6020869134 -0.1739600686 -0.7983283918 0.5609378415 0.1332606895
1403715289.0621430874 2.0398823415 1.8519902110 1.5929108379 -0.1777787990 -0.7983230732 0.5590072745 0.1363298810
1403715289.1121432781 2.0295234579 1.8520069457 1.5781605130 -0.1819820184 -0.7979977849 0.5571137913 0.1403791433
1403715289.1621429920 2.0194819129 1.8507573411 1.5624055147 -0.1856115444 -0.7977209969 0.5551438892 0.1449304248
1403715289.2121431828 2.0090588246 1.8493916320 1.5469225761 -0.1886845862 -0.7972267380 0.5536225516 0.1494313404
1403715289.2621431351 2.0021484903 1.8467996152 1.5302143599 -0.1925680882 -0.7967692752 0.5519586099 0.1530292338
1403715289.3121430874 1.9931699362 1.8444785284 1.5129832512 -0.1967404991 -0.7960869796 0.5501431572 0.1577377681
1403715289.3621430397 1.9849433499 1.8425631016 1.4961614624 -0.2017885616 -0.7948761844 0.5485586982 0.1629005296
1403715289.4121432304 1.9763188649 1.8394317929 1.4780273509 -0.2084347254 -0.7938687214 0.5462379653 0.1671870320
1403715289.4621429443 1.9685498981 1.8360189632 1.4588499618 -0.2159460723 -0.7925944393 0.5438939097 0.1712914582
1403715289.5121431351 1.9611884961 1.8317519346 1.4383283951 -0.2236794829 -0.7914130434 0.5410509046 0.1757748626
1403715289.5621430874 1.9544942102 1.8276268016 1.4191592919 -0.2319300266 -0.7896356726 0.5386769840 0.1803082754
1403715289.6121432781 1.9471778190 1.8218290693 1.3962606571 -0.2397910355 -0.7881580820 0.5360511088 0.1842723685
1403715289.6621429920 1.9410603368 1.8155545105 1.3737802960 -0.2464651597 -0.7875527471 0.5327199237 0.1876834528
1403715289.7121431828 1.9357040957 1.8084670925 1.3538124348 -0.2526325281 -0.7867620790 0.5303320775 0.1895524317
1403715289.7621431351 1.9305060242 1.8010014285 1.3329551062 -0.2561483758 -0.7857765820 0.5291609993 0.1921765065
1403715289.8121430874 1.9256525732 1.7920491315 1.3136553514 -0.2587720901 -0.7849969377 0.5286197864 0.1933337390
1403715289.8621430397 1.9221533086 1.7821652805 1.2988992981 -0.2604941790 -0.7840167863 0.5290460333 0.1938317725
1403715289.9121432304 1.9175861713 1.7721808416 1.2872990869 -0.2618457995 -0.7831263319 0.5301653001 0.1925478645
1403715289.9621429443 1.9134897474 1.7606044241 1.2782124802 -0.2617147119 -0.7835763644 0.5299811151 0.1913988202
1403715290.0121431351 1.9105172886 1.7481751901 1.2729242067 -0.2609786165 -0.7841597399 0.5299595990 0.1900696914
1403715290.0621430874 1.9067613455 1.7358090894 1.2710347341 -0.2590263857 -0.7844416190 0.5309079371 0.1889270764
1403715290.1121432781 1.9033939974 1.7215350133 1.2723296351 -0.2557877170 -0.7842382487 0.5328855813 0.1886159333
1403715290.1621429920 1.8990973443 1.7072014139 1.2770328198 -0.2523075896 -0.7850596854 0.5338357683 0.1871938650
1403715290.2121431828 1.8967344541 1.6913838945 1.2842475301 -0.2488608382 -0.7872348260 0.5326189223 0.1861362288
1403715290.2621431351 1.8938581516 1.6764286716 1.2923058344 -0.2464624670 -0.7896213584 0.5310747315 0.1836137037
1403715290.3121430874 1.8904867560 1.6605792790 1.3005213200 -0.2445845076 -0.7915548528 0.5300404669 0.1807662499
1403715290.3621430397 1.8883842162 1.6433903262 1.3093620355 -0.2431929092 -0.7937352305 0.5283857482 0.1779047327
1403715290.4121432304 1.8856660692 1.6245545540 1.3165992416 -0.2435269811 -0.7955591528 0.5269516101 0.1734999844
1403715290.4621429443 1.8824450076 1.6054788286 1.3230686767 -0.2435670251 -0.7972927040 0.5254315388 0.1700621844
1403715290.5121431351 1.8797416467 1.5839544562 1.3283959319 -0.2431206921 -0.7969805972 0.5266536416 0.1683751719
1403715290.5621430874 1.8751093417 1.5616671781 1.3334964898 -0.2420479499 -0.7961419179 0.5284401906 0.1682908243
1403715290.6121432781 1.8702577741 1.5390232886 1.3386871179 -0.2420696812 -0.7941198134 0.5316878607 0.1675828456
1403715290.6621429920 1.8660907282 1.5147715974 1.3442627851 -0.2429960286 -0.7931975187 0.5329282064 0.1666677930
1403715290.7121431828 1.8614785988 1.4895944635 1.3475079534 -0.2422857998 -0.7912180918 0.5355891767 0.1685697366
1403715290.7621431351 1.8566426609 1.4660476058 1.3532371081 -0.2416060785 -0.7892564463 0.5380882027 0.1707684134
1403715290.8121430874 1.8509208156 1.4398499055 1.3538891135 -0.2421057643 -0.7870546171 0.5409225524 0.1712676879
1403715290.8621430397 1.8448362593 1.4150504104 1.3571454051 -0.2437526206 -0.7860331990 0.5420511239 0.1700501369
1403715290.9121432304 1.8404223882 1.3885767583 1.3593821555 -0.2453240765 -0.7858392904 0.5416892097 0.1698396515
1403715290.9621429443 1.8361177980 1.3613092697 1.3617477820 -0.2480988627 -0.7841902947 0.5430896746 0.1689560340
1403715291.0121431351 1.8321763117 1.3347224288 1.3652083499 -0.2521467486 -0.7817917447 0.5452159244 0.1672222496
1403715291.0621430874 1.8267024664 1.3091310705 1.3672265172 -0.2568673000 -0.7793201535 0.5474160675 0.1643622148
1403715291.1121432781 1.8204951540 1.2835247202 1.3675948924 -0.2621642838 -0.7771467845 0.5487723763 0.1617456112
1403715291.1621429920 1.8145756163 1.2588011774 1.3693209480 -0.2673181043 -0.7747271813 0.5503243474 0.1596306309
1403715291.2121431828 1.8065387405 1.2356404425 1.3687565149 -0.2721298111 -0.7724237893 0.5514824561 0.1586630272
1403715291.2621431351 1.7979378473 1.2139926448 1.3678667324 -0.2765942460 -0.7704176424 0.5519580493 0.1590427337
1403715291.3121430874 1.7880431670 1.1920826277 1.3677057109 -0.2805929593 -0.7691265011 0.5513104366 0.1605266924
1403715291.3621430397 1.7760739735 1.1731474947 1.3643406279 -0.2841897235 -0.7675204979 0.5511019447 0.1625888460
1403715291.4121432304 1.7642870113 1.1547727686 1.3583468551 -0.2880265634 -0.7665254606 0.5498594340 0.1647240721
1403715291.4621429443 1.7518809625 1.1365612665 1.3549674277 -0.2919645804 -0.7659711828 0.5477195992 0.1674755848
1403715291.5121431351 1.7377120808 1.1199321893 1.3482960234 -0.2953683936 -0.7664905355 0.5440736022 0.1709786137
1403715291.5621430874 1.7231508126 1.1054326487 1.3434309314 -0.2999247400 -0.7664770449 0.5408366711 0.1733602760
1403715291.6121432781 1.7049111268 1.0919278717 1.3377099332 -0.3046135521 -0.7660687331 0.5382865883 0.1749194926
1403715291.6621429920 1.6876974268 1.0786681323 1.3297008721 -0.3090539280 -0.7650908006 0.5366093896 0.1765562218
1403715291.7121431828 1.6687597546 1.0660581391 1.3253128277 -0.3134727471 -0.7644956249 0.5345158345 0.1776910212
1403715291.7621431351 1.6483137312 1.0543784834 1.3185757681 -0.3148418615 -0.7645528587 0.5321175595 0.1821659442
1403715291.8121430874 1.6257225471 1.0435818313 1.3121833712 -0.3150355941 -0.7647162164 0.5299950111 0.1872617718
1403715291.8621430397 1.6024920417 1.0327938146 1.3055354391 -0.3122900669 -0.7659958012 0.5267175899 0.1956883420
1403715291.9121432304 1.5786166857 1.0214481446 1.3000488476 -0.3097145135 -0.7673447408 0.5233893440 0.2032795207
1403715291.9621429443 1.5546772639 1.0094035126 1.2915170167 -0.3091153639 -0.7678627522 0.5214276589 0.2072382253
1403715292.0121431351 1.5306595480 0.9976326170 1.2841601303 -0.3082970320 -0.7687481225 0.5192767513 0.2105490909
1403715292.0621430874 1.5058869604 0.9857021322 1.2763626380 -0.3076737776 -0.7692618833 0.5181909144 0.2122526270
1403715292.1121432781 1.4813763841 0.9729360244 1.2684970463 -0.3062409928 -0.7700069098 0.5181387003 0.2117500897
1403715292.1621429920 1.4576060138 0.9586761732 1.2599663420 -0.3034699464 -0.7715123332 0.5182156594 0.2100648514
1403715292.2121431828 1.4346645469 0.9429053136 1.2517577646 -0.2985217006 -0.7734793281 0.5189796935 0.2080254819
1403715292.2621431351 1.4104449828 0.9273157233 1.2436276118 -0.2922230721 -0.7762063279 0.5198705832 0.2045580341
1403715292.3121430874 1.3865290387 0.9115744640 1.2359988470 -0.2843073948 -0.7797267627 0.5206730132 0.2002375943
1403715292.3621430397 1.3639252707 0.8939056633 1.2287537336 -0.2745407811 -0.7835556940 0.5215335025 0.1966485181
1403715292.4121432304 1.3414473600 0.8749727056 1.2202329049 -0.2648186691 -0.7867921013 0.5237235681 0.1911619368
1403715292.4621429443 1.3198128519 0.8559393125 1.2133915753 -0.2539525845 -0.7913814975 0.5242762260 0.1853587037
1403715292.5121431351 1.2976070343 0.8358197726 1.2083880387 -0.2428100382 -0.7939220570 0.5281432208 0.1783137434
1403715292.5621430874 1.2752485102 0.8154346730 1.2031771697 -0.2300088261 -0.7951287134 0.5343829409 0.1711757619
1403715292.6121432781 1.2535838369 0.7935211785 1.1987029523 -0.2156527406 -0.7958885070 0.5410817660 0.1651844499
1403715292.6621429920 1.2322346105 0.7704904112 1.1963391226 -0.1995561611 -0.7947427159 0.5503784799 0.1601401977
1403715292.7121431828 1.2130101463 0.7477992162 1.1935913754 -0.1839652921 -0.7952907392 0.5567062646 0.1541023893
1403715292.7621431351 1.1946799793 0.7244000889 1.1917386715 -0.1678632501 -0.7955190660 0.5630379521 0.1481877504
1403715292.8121430874 1.1769681242 0.7011113401 1.1907620171 -0.1525807386 -0.7964051653 0.5679419614 0.1410668614
1403715292.8621430397 1.1612362638 0.6791629900 1.1944322188 -0.1385847767 -0.7989267591 0.5700102676 0.1326596701
1403715292.9121432304 1.1481460217 0.6570953840 1.2010782445 -0.1258773762 -0.8029753712 0.5695491823 0.1224710917
1403715292.9621429443 1.1367423113 0.6356304890 1.2096222055 -0.1156222244 -0.8062622738 0.5696165501 0.1100437777
1403715293.0121431351 1.1283936837 0.6145496755 1.2253812005 -0.1064204455 -0.8082504073 0.5708406181 0.0977085283
1403715293.0621430874 1.1194394143 0.5933075479 1.2425151927 -0.0970472305 -0.8098267956 0.5722420900 0.0854481523
1403715293.1121432781 1.1115070982 0.5717355266 1.2609580658 -0.0881201285 -0.8105393273 0.5743141009 0.0736488655
1403715293.1621429920 1.1040199599 0.5514651705 1.2792949690 -0.0791603541 -0.8118433053 0.5750374094 0.0630560362
1403715293.2121431828 1.0965364777 0.5311509931 1.2966454057 -0.0692338036 -0.8130340850 0.5755924257 0.0536247756
1403715293.2621431351 1.0892028170 0.5115038320 1.3147401071 -0.0600861490 -0.8128989706 0.5776122005 0.0441482060
1403715293.3121430874 1.0811987860 0.4918428988 1.3320582155 -0.0496594239 -0.8123160240 0.5799295911 0.0368549597
1403715293.3621430397 1.0762392731 0.4729891816 1.3502498684 -0.0398211424 -0.8109709649 0.5829526059 0.0301102989
1403715293.4121432304 1.0690848835 0.4543152174 1.3683789894 -0.0307810277 -0.8085208378 0.5872389345 0.0222938797
1403715293.4621429443 1.0619645570 0.4374552487 1.3860344410 -0.0217240735 -0.8067528826 0.5902807801 0.0156987798
1403715293.5121431351 1.0529201106 0.4214006622 1.4027803105 -0.0129566545 -0.8069967633 0.5903428806 0.0091450827
1403715293.5621430874 1.0453969411 0.4071727467 1.4205069503 -0.0047452798 -0.8078309052 0.5893898303 0.0025177126
1403715293.6121432781 1.0372406591 0.3944944673 1.4360302308 -0.0032775998 0.8092792769 -0.5874049621 0.0034234371
1403715293.6621429920 1.0271018589 0.3813542263 1.4537965721 -0.0112511238 0.8115229964 -0.5841424285 0.0090256110
1403715293.7121431828 1.0198907230 0.3697154187 1.4724602223 -0.0192919682 0.8129460787 -0.5818532532 0.0139026919
1403715293.7621431351 1.0110526687 0.3580252867 1.4915065731 -0.0272245319 0.8145539839 -0.5791368746 0.0190029632
1403715293.8121430874 1.0025101929 0.3471094284 1.5087567424 -0.0353750848 0.8153809936 -0.5773525848 0.0237998198
1403715293.8621430397 0.9909267589 0.3359926994 1.5268949551 -0.0430631059 0.8160898252 -0.5755355178 0.0300305486
1403715293.9121432304 0.9805360416 0.3251004882 1.5437047249 -0.0513290721 0.8166959546 -0.5736768587 0.0356076674
1403715293.9621429443 0.9706567586 0.3155226894 1.5587024462 -0.0600010085 0.8161794249 -0.5732011076 0.0411280403
1403715294.0121431351 0.9612897388 0.3053627251 1.5717401654 -0.0689149527 0.8152285047 -0.5730864084 0.0471718442
1403715294.0621430874 0.9506274812 0.2957563647 1.5828672247 -0.0781222201 0.8142917151 -0.5726807165 0.0535043772
1403715294.1121432781 0.9405449228 0.2865825361 1.5886937821 -0.0870404909 0.8120935545 -0.5737921135 0.0607504907
1403715294.1621429920 0.9297703068 0.2769819470 1.5916062987 -0.0956017885 0.8093838125 -0.5753950336 0.0684010046
1403715294.2121431828 0.9201500128 0.2674949068 1.5933260978 -0.1041091700 0.8067566904 -0.5766784356 0.0758083443
1403715294.2621431351 0.9095098396 0.2582525586 1.5876480748 -0.1125375861 0.8041529490 -0.5775924475 0.0840255369
1403715294.3121430874 0.8985469265 0.2496206989 1.5802503326 -0.1211745973 0.8019323049 -0.5777901196 0.0915416461
1403715294.3621430397 0.8855246203 0.2426222279 1.5677337793 -0.1302155907 0.7999897332 -0.5773194108 0.0988059953
1403715294.4121432304 0.8743445924 0.2360770285 1.5522387133 -0.1396228382 0.7975753773 -0.5772646818 0.1055673612
1403715294.4621429443 0.8616572335 0.2299268409 1.5362014408 -0.1496345890 0.7952507935 -0.5768616950 0.1114282286
1403715294.5121431351 0.8489506083 0.2243048189 1.5199378587 -0.1598587465 0.7930851391 -0.5759811418 0.1170763325
1403715294.5621430874 0.8362384691 0.2201923695 1.5033262588 -0.1700469861 0.7925718588 -0.5725365766 0.1229460840
1403715294.6121432781 0.8226719776 0.2156446808 1.4891297011 -0.1811084399 0.7930151337 -0.5674330660 0.1278532218
1403715294.6621429920 0.8068936597 0.2124753281 1.4720757131 -0.1934290762 0.7927721998 -0.5628640708 0.1314590032
1403715294.7121431828 0.7932320196 0.2098066642 1.4534975663 -0.2054397076 0.7924181700 -0.5582821690 0.1348665641
1403715294.7621431351 0.7789362975 0.2069236305 1.4370117126 -0.2170050192 0.7913591303 -0.5544082871 0.1388920436
1403715294.8121430874 0.7656932112 0.2043869499 1.4222157610 -0.2273859656 0.7900383795 -0.5507795947 0.1441416651
1403715294.8621430397 0.7519424901 0.2002857117 1.4060549709 -0.2378534774 0.7877891043 -0.5482211617 0.1492233503
1403715294.9121432304 0.7411224620 0.1979786649 1.3916566216 -0.2479022995 0.7849136754 -0.5465809955 0.1539616423
1403715294.9621429443 0.7288773462 0.1932073042 1.3778236522 -0.2574658782 0.7803352541 -0.5470083927 0.1599063196
1403715295.0121431351 0.7195314495 0.1893702985 1.3632256505 -0.2657051378 0.7758230738 -0.5474534695 0.1667154363
1403715295.0621430874 0.7089822585 0.1860674265 1.3489087508 -0.2737489346 0.7717157961 -0.5470036055 0.1740784492
1403715295.1121432781 0.7007209505 0.1833608931 1.3377793609 -0.2805278264 0.7673463045 -0.5467362576 0.1832027625
1403715295.1621429920 0.6907022899 0.1812910004 1.3257318084 -0.2864987700 0.7626825328 -0.5468355011 0.1928853124
1403715295.2121431828 0.6837070374 0.1794876506 1.3162034513 -0.2929957601 0.7582821036 -0.5464347012 0.2014220773
1403715295.2621431351 0.6743792888 0.1776837340 1.3083443851 -0.2998766833 0.7546570126 -0.5445809197 0.2097579319
1403715295.3121430874 0.6670468615 0.1776522045 1.3038967926 -0.3081296763 0.7508878594 -0.5424649808 0.2166916466
1403715295.3621430397 0.6558145731 0.1774459348 1.3048709076 -0.3184319180 0.7481686203 -0.5376288359 0.2231592794
1403715295.4121432304 0.6442258034 0.1773013132 1.3071176107 -0.3292962346 0.7444956178 -0.5335704684 0.2293312455
1403715295.4621429443 0.6332424507 0.1780356850 1.3126379116 -0.3403680675 0.7404546229 -0.5294738322 0.2356565107
1403715295.5121431351 0.6221269191 0.1788255961 1.3182331901 -0.3514455368 0.7359151900 -0.5259350790 0.2414687568
1403715295.5621430874 0.6113486203 0.1793308772 1.3210631711 -0.3622803764 0.7307708915 -0.5239165222 0.2454349421
1403715295.6121432781 0.6016356664 0.1801026585 1.3187171920 -0.3710685797 0.7263285878 -0.5220299670 0.2494786670
1403715295.6621429920 0.5904999388 0.1809739604 1.3126347864 -0.3778903758 0.7217798211 -0.5215691433 0.2533739972
1403715295.7121431828 0.5800886762 0.1820617160 1.3052026729 -0.3834071111 0.7179691323 -0.5209826532 0.2570921768
1403715295.7621431351 0.5703454589 0.1841078298 1.2937104021 -0.3888372779 0.7141032846 -0.5201851112 0.2612843669
1403715295.8121430874 0.5609083813 0.1867869568 1.2828321315 -0.3932154395 0.7106408060 -0.5185797371 0.2672944428
1403715295.8621430397 0.5500201687 0.1898999102 1.2697450629 -0.3968403719 0.7065546271 -0.5178236644 0.2741476440
1403715295.9121432304 0.5388187048 0.1932831440 1.2577866751 -0.4012117170 0.7033558747 -0.5153028472 0.2806824672
1403715295.9621429443 0.5269129988 0.1977641648 1.2439820736 -0.4043002463 0.6998214060 -0.5135702971 0.2881611710
1403715296.0121431351 0.5145437765 0.2015219725 1.2301803912 -0.4070177641 0.6970935239 -0.5113583311 0.2948047081
1403715296.0621430874 0.5018459942 0.2059510636 1.2143789460 -0.4092073810 0.6961855872 -0.5073295975 0.3008182626
1403715296.1121432781 0.4862828711 0.2104073129 1.1983004661 -0.4114881503 0.6971048165 -0.5013577340 0.3055532680
1403715296.1621429920 0.4703176895 0.2145009526 1.1799229038 -0.4157557973 0.6984574239 -0.4944778812 0.3078895403
1403715296.2121431828 0.4547777873 0.2179909767 1.1636500341 -0.4211675678 0.6993318261 -0.4880539632 0.3087980018
1403715296.2621431351 0.4379915400 0.2202487963 1.1441060918 -0.4269460362 0.6998509111 -0.4815610747 0.3098785499
1403715296.3121430874 0.4222495466 0.2224396662 1.1260468667 -0.4339291555 0.7013057117 -0.4736869658 0.3090249913
1403715296.3621430397 0.4040260774 0.2226838850 1.1118628378 -0.4417388047 0.7017276469 -0.4667556581 0.3075455961
1403715296.4121432304 0.3867391538 0.2210086577 1.0992476383 -0.4483179345 0.7006883122 -0.4611344342 0.3088720648
1403715296.4621429443 0.3701657193 0.2180736447 1.0915667221 -0.4533825506 0.6987508275 -0.4567895343 0.3123057242
1403715296.5121431351 0.3541116593 0.2129762398 1.0862723186 -0.4574293243 0.6971857451 -0.4526951398 0.3158442030
1403715296.5621430874 0.3401028847 0.2057709007 1.0837594551 -0.4616122357 0.6943303634 -0.4510809076 0.3183480879
1403715296.6121432781 0.3266676980 0.1964870202 1.0832434218 -0.4659815787 0.6904441542 -0.4519987744 0.3191318634
1403715296.6621429920 0.3151763954 0.1849019173 1.0849713025 -0.4693287451 0.6853186551 -0.4553260995 0.3205417493
1403715296.7121431828 0.3035123069 0.1732182676 1.0857721586 -0.4717201934 0.6810356405 -0.4581339671 0.3221549064
1403715296.7621431351 0.2932711662 0.1599634371 1.0870709179 -0.4734490056 0.6778195239 -0.4598806486 0.3239081987
1403715296.8121430874 0.2835590885 0.1468855968 1.0886482202 -0.4761803060 0.6740152119 -0.4624060152 0.3242475710
1403715296.8621430397 0.2744402796 0.1326147390 1.0901379732 -0.4792037251 0.6693933642 -0.4658734824 0.3244043962
1403715296.9121432304 0.2662092439 0.1200934043 1.0911008887 -0.4832189357 0.6643326255 -0.4685778431 0.3249560399
1403715296.9621429443 0.2578926930 0.1063087104 1.0912400312 -0.4876825292 0.6586469312 -0.4704976453 0.3270809327
1403715297.0121431351 0.2482152496 0.0921153602 1.0899959156 -0.4928553812 0.6548530316 -0.4675359848 0.3311663980
1403715297.0621430874 0.2404724350 0.0808303388 1.0880492976 -0.4982595188 0.6536651976 -0.4597598278 0.3362739391
1403715297.1121432781 0.2329619581 0.0696399471 1.0880685065 -0.5040228753 0.6516839240 -0.4520594358 0.3419229020
1403715297.1621429920 0.2246911987 0.0593324624 1.0867393431 -0.5119530102 0.6512786176 -0.4406028615 0.3458459138
1403715297.2121431828 0.2177518055 0.0471096542 1.0831736308 -0.5212764828 0.6493357546 -0.4294208921 0.3496163664
1403715297.2621431351 0.2123308530 0.0343137358 1.0791170042 -0.5300870978 0.6457480628 -0.4193705665 0.3551695879
1403715297.3121430874 0.2087346843 0.0201767237 1.0747741872 -0.5389466318 0.6403052409 -0.4111376196 0.3612638706
1403715297.3621430397 0.2064817995 0.0049527757 1.0685934172 -0.5477462714 0.6337948631 -0.4043959918 0.3670721665
1403715297.4121432304 0.2058958516 -0.0110387917 1.0633310886 -0.5565484072 0.6253601338 -0.4010332302 0.3719555374
1403715297.4621429443 0.2075900124 -0.0310569647 1.0574640181 -0.5648457772 0.6172862541 -0.3975523444 0.3766418218
1403715297.5121431351 0.2097166716 -0.0513603241 1.0518104999 -0.5726720005 0.6085662719 -0.3955179316 0.3811291622
1403715297.5621430874 0.2141875953 -0.0737491217 1.0473981006 -0.5795977006 0.6018336497 -0.3913682943 0.3856081194
1403715297.6121432781 0.2208394778 -0.0955357635 1.0408467424 -0.5861653700 0.5969522777 -0.3851741918 0.3894855314
1403715297.6621429920 0.2293573284 -0.1182175796 1.0359176767 -0.5919742492 0.5933119840 -0.3780598738 0.3932150934
1403715297.7121431828 0.2399020303 -0.1417773990 1.0313887130 -0.5963669071 0.5899121241 -0.3710858291 0.3983032832
1403715297.7621431351 0.2526104192 -0.1651088759 1.0261297765 -0.6001028371 0.5860343206 -0.3651788981 0.4038375073
1403715297.8121430874 0.2676832167 -0.1898233766 1.0225999000 -0.6022842076 0.5792296069 -0.3636479956 0.4117121945
1403715297.8621430397 0.2849755589 -0.2162918780 1.0200177457 -0.6037997988 0.5712107177 -0.3633087325 0.4208929601
1403715297.9121432304 0.3034650013 -0.2441020528 1.0185050557 -0.6053762861 0.5620575176 -0.3642859599 0.4300077193
1403715297.9621429443 0.3225302973 -0.2701482495 1.0173525184 -0.6047832200 0.5518810643 -0.3664635301 0.4420056887
1403715298.0121431351 0.3426783914 -0.3001187763 1.0163873467 -0.6055809689 0.5396869736 -0.3691906606 0.4535503464
1403715298.0621430874 0.3614447408 -0.3295597850 1.0155036243 -0.6089427448 0.5270763920 -0.3713006104 0.4620769063
1403715298.1121432781 0.3793834465 -0.3616808563 1.0136223547 -0.6148601818 0.5130751032 -0.3746633318 0.4672561216
1403715298.1621429920 0.3949335237 -0.3931062629 1.0107992316 -0.6243768404 0.4989837448 -0.3777230884 0.4674334735
1403715298.2121431828 0.4092254666 -0.4280206186 1.0078311569 -0.6357217738 0.4848496583 -0.3798263030 0.4653070113
1403715298.2621431351 0.4214945366 -0.4599379206 1.0056722709 -0.6467197207 0.4718203712 -0.3807440401 0.4627884139
1403715298.3121430874 0.4318144071 -0.4914825178 1.0040973231 -0.6560291817 0.4611405064 -0.3800385631 0.4610269370
1403715298.3621430397 0.4405864519 -0.5203949188 1.0014605793 -0.6645217931 0.4536663816 -0.3776133612 0.4582638434
1403715298.4121432304 0.4472942681 -0.5486679610 1.0012918834 -0.6718078870 0.4483883477 -0.3743756280 0.4554831959
1403715298.4621429443 0.4523462223 -0.5751703906 1.0021555001 -0.6776728946 0.4442585163 -0.3718118714 0.4529345988
1403715298.5121431351 0.4573694284 -0.5997369723 1.0019421723 -0.6824386798 0.4398625166 -0.3712808467 0.4504985546
1403715298.5621430874 0.4608498027 -0.6210400075 1.0030873627 -0.6866020968 0.4355239221 -0.3728960652 0.4470402650
1403715298.6121432781 0.4626327673 -0.6390190645 1.0051828738 -0.6896002657 0.4312324554 -0.3760050760 0.4439709740
1403715298.6621429920 0.4632791744 -0.6545110757 1.0067612188 -0.6918728640 0.4271590581 -0.3792071832 0.4416435116
1403715298.7121431828 0.4625158630 -0.6656753092 1.0107624038 -0.6933539601 0.4244947299 -0.3820765586 0.4394109848
1403715298.7621431351 0.4600715686 -0.6724931227 1.0153496244 -0.6933275099 0.4234900361 -0.3840630343 0.4386897983
1403715298.8121430874 0.4560598509 -0.6750401960 1.0196720912 -0.6927861405 0.4253374222 -0.3828270054 0.4388381532
1403715298.8621430397 0.4506428434 -0.6739776306 1.0243549921 -0.6921872564 0.4338466494 -0.3726242446 0.4402329601
1403715298.9121432304 0.4433734502 -0.6703575153 1.0312757684 -0.6910993054 0.4441735913 -0.3580560489 0.4437199981
1403715298.9621429443 0.4357861950 -0.6618953719 1.0373129153 -0.6904817582 0.4531785734 -0.3428923943 0.4475365104
1403715299.0121431351 0.4278081847 -0.6516577524 1.0435032182 -0.6915781073 0.4581550715 -0.3308247409 0.4498540238
1403715299.0621430874 0.4209222922 -0.6405657765 1.0487922799 -0.6931633784 0.4603153956 -0.3203083456 0.4528099283
1403715299.1121432781 0.4146859495 -0.6279375177 1.0546294145 -0.6955352090 0.4593597356 -0.3124572585 0.4556203112
1403715299.1621429920 0.4097516843 -0.6142769281 1.0600593118 -0.6981385654 0.4568534186 -0.3059706918 0.4585514511
1403715299.2121431828 0.4072584664 -0.5999148853 1.0655631166 -0.7014900298 0.4528936721 -0.3000502250 0.4612688179
1403715299.2621431351 0.4057039292 -0.5851277561 1.0706811219 -0.7053967962 0.4482553348 -0.2940146053 0.4637218204
1403715299.3121430874 0.4059420491 -0.5700423760 1.0750957248 -0.7088601368 0.4423274068 -0.2883651899 0.4676636493
1403715299.3621430397 0.4079386640 -0.5544973333 1.0794123491 -0.7129994194 0.4360714428 -0.2824298204 0.4708576444
1403715299.4121432304 0.4121103111 -0.5377777145 1.0845560916 -0.7170370667 0.4288125049 -0.2765478995 0.4748672867
1403715299.4621429443 0.4181285804 -0.5220303847 1.0900505999 -0.7211840645 0.4206122857 -0.2706929643 0.4792746283
1403715299.5121431351 0.4254067113 -0.5052787886 1.0953786543 -0.7247198702 0.4114093977 -0.2653169471 0.4849023973
1403715299.5621430874 0.4345110500 -0.4877622920 1.0995564032 -0.7286517986 0.4012431010 -0.2598821788 0.4904403975
1403715299.6121432781 0.4459703407 -0.4711394540 1.1036006116 -0.7319942299 0.3902924594 -0.2551570944 0.4967404763
1403715299.6621429920 0.4577244814 -0.4537121239 1.1078123365 -0.7362990544 0.3794442385 -0.2485752826 0.5020917259
1403715299.7121431828 0.4707577143 -0.4370785780 1.1108796179 -0.7398098749 0.3685476429 -0.2416706810 0.5083790573
1403715299.7621431351 0.4843474921 -0.4205388642 1.1137838522 -0.7449324702 0.3571593068 -0.2344974538 0.5123707531
1403715299.8121430874 0.4982874532 -0.4023170191 1.1170182853 -0.7490830102 0.3452231482 -0.2267582929 0.5179539539
1403715299.8621430397 0.5144752562 -0.3854721651 1.1205351178 -0.7537878003 0.3336606411 -0.2180854544 0.5224110099
1403715299.9121432304 0.5307085420 -0.3684638291 1.1210449315 -0.7581971653 0.3206378937 -0.2110970019 0.5270355352
1403715299.9621429443 0.5481569408 -0.3516692527 1.1219559027 -0.7623048888 0.3077278853 -0.2039391891 0.5316047519
1403715300.0121431351 0.5653983546 -0.3365982652 1.1239899969 -0.7664111049 0.2960755993 -0.1973892709 0.5347810145
1403715300.0621430874 0.5848403783 -0.3219255145 1.1266746500 -0.7680871551 0.2841096312 -0.1935254301 0.5402515594
1403715300.1121432781 0.6047014944 -0.3067937316 1.1283978927 -0.7686731890 0.2740088040 -0.1902405997 0.5457739625
1403715300.1621429920 0.6257885068 -0.2936495262 1.1292185369 -0.7695717799 0.2635782429 -0.1901610553 0.5496585836
1403715300.2121431828 0.6477215814 -0.2787353539 1.1288571154 -0.7708785052 0.2530342733 -0.1930239640 0.5517805144
1403715300.2621431351 0.6683231390 -0.2650941457 1.1294491507 -0.7704544821 0.2444751126 -0.1952182219 0.5554472577
1403715300.3121430874 0.6873923408 -0.2519977380 1.1306939066 -0.7691688098 0.2402830952 -0.1936064838 0.5596069206
1403715300.3621430397 0.7058309146 -0.2398442175 1.1323212244 -0.7673902167 0.2381910715 -0.1908869366 0.5638611940
1403715300.4121432304 0.7229473723 -0.2284069226 1.1350908680 -0.7659937376 0.2378684840 -0.1871637790 0.5671348147
1403715300.4621429443 0.7396055952 -0.2190053912 1.1388946534 -0.7646660650 0.2385037546 -0.1836796246 0.5697925619
1403715300.5121431351 0.7545924921 -0.2101501674 1.1400548159 -0.7639261868 0.2386768555 -0.1824727831 0.5710987859
1403715300.5621430874 0.7688018929 -0.2015765826 1.1407361907 -0.7634953495 0.2402774713 -0.1807689559 0.5715454248
1403715300.6121432781 0.7830901446 -0.1965167772 1.1436217060 -0.7640109913 0.2417848585 -0.1795294026 0.5706106212
1403715300.6621429920 0.7964436358 -0.1922136409 1.1455181355 -0.7642536707 0.2432814277 -0.1790854705 0.5697884414
1403715300.7121431828 0.8084821022 -0.1894051407 1.1479564611 -0.7643185921 0.2457107610 -0.1781607647 0.5689481995
1403715300.7621431351 0.8205600414 -0.1872611276 1.1489272674 -0.7637840503 0.2475028235 -0.1786405004 0.5687388227
1403715300.8121430874 0.8325635306 -0.1878120246 1.1507645532 -0.7631543441 0.2480555558 -0.1805489911 0.5687406704
1403715300.8621430397 0.8438095603 -0.1889567105 1.1506214782 -0.7626402523 0.2476417276 -0.1842728102 0.5684161783
1403715300.9121432304 0.8543210703 -0.1913617881 1.1520936448 -0.7628285579 0.2466578016 -0.1885950002 0.5671723248
1403715300.9621429443 0.8639175712 -0.1951610252 1.1516981357 -0.7628775617 0.2457028599 -0.1927519458 0.5661224407
1403715301.0121431351 0.8727458942 -0.2001985377 1.1513473938 -0.7628009064 0.2450580811 -0.1962245035 0.5653116471
1403715301.0621430874 0.8802326637 -0.2063300807 1.1505826481 -0.7621039486 0.2444168859 -0.2001679411 0.5651466648
1403715301.1121432781 0.8871858170 -0.2122119471 1.1507373129 -0.7607801787 0.2433857227 -0.2045205109 0.5658164634
1403715301.1621429920 0.8928883618 -0.2210760292 1.1516549048 -0.7597747206 0.2414858021 -0.2091190087 0.5663004693
1403715301.2121431828 0.8955275369 -0.2294475541 1.1503219613 -0.7584163731 0.2396731323 -0.2141983250 0.5669924798
1403715301.2621431351 0.8961941127 -0.2400878578 1.1499756859 -0.7580608894 0.2377630593 -0.2180988281 0.5667850710
1403715301.3121430874 0.8937822952 -0.2504587671 1.1469363579 -0.7572084596 0.2361313135 -0.2210775642 0.5674522554
1403715301.3621430397 0.8908455904 -0.2611641177 1.1445316806 -0.7568724424 0.2354357941 -0.2222949862 0.5677138645
1403715301.4121432304 0.8844947274 -0.2733074024 1.1421544625 -0.7572847096 0.2358752180 -0.2214893150 0.5672964247
1403715301.4621429443 0.8744030518 -0.2855661700 1.1390471474 -0.7578875301 0.2388620174 -0.2171014408 0.5669377327
1403715301.5121431351 0.8624570372 -0.2984397189 1.1340853493 -0.7601774046 0.2432818557 -0.2106526907 0.5644197871
1403715301.5621430874 0.8486080068 -0.3130388705 1.1283555727 -0.7635914170 0.2478597536 -0.2043251214 0.5601293915
1403715301.6121432781 0.8345687196 -0.3283379865 1.1232486034 -0.7672398961 0.2523101946 -0.1985689554 0.5552052570
1403715301.6621429920 0.8186164923 -0.3424134334 1.1158662140 -0.7694252912 0.2566665171 -0.1939816560 0.5517953764
1403715301.7121431828 0.8035247714 -0.3577484382 1.1086622008 -0.7709768406 0.2590996985 -0.1921397918 0.5491305473
1403715301.7621431351 0.7878182803 -0.3724419683 1.0999241624 -0.7717645517 0.2602951753 -0.1930700926 0.5471287213
1403715301.8121430874 0.7724910980 -0.3888894521 1.0929665227 -0.7718307628 0.2587712991 -0.1969042057 0.5463912720
1403715301.8621430397 0.7564377685 -0.4043597488 1.0866233831 -0.7718107933 0.2571653733 -0.2013391438 0.5455608301
1403715301.9121432304 0.7408129839 -0.4199554953 1.0789390311 -0.7717523534 0.2563352076 -0.2047384954 0.5447684966
1403715301.9621429443 0.7227182729 -0.4335496468 1.0715417284 -0.7717904167 0.2574977843 -0.2056011247 0.5438406212
1403715302.0121431351 0.7060462385 -0.4498253310 1.0666490768 -0.7716162917 0.2571775967 -0.2077669779 0.5434159227
1403715302.0621430874 0.6879715346 -0.4650361855 1.0613703620 -0.7716459141 0.2570333415 -0.2099147975 0.5426160912
1403715302.1121432781 0.6685636477 -0.4800868263 1.0567298311 -0.7724209366 0.2573835270 -0.2113127322 0.5408017621
1403715302.1621429920 0.6480851065 -0.4939110012 1.0519953080 -0.7741769756 0.2580508430 -0.2125775729 0.5374667882
1403715302.2121431828 0.6271687939 -0.5064781140 1.0482814284 -0.7753972137 0.2593340258 -0.2137108949 0.5346332177
1403715302.2621431351 0.6052263369 -0.5189293169 1.0450932179 -0.7769615565 0.2608356926 -0.2146634324 0.5312392041
1403715302.3121430874 0.5821646126 -0.5305724480 1.0411533971 -0.7779943153 0.2615811242 -0.2166163702 0.5285617362
1403715302.3621430397 0.5593749031 -0.5406823470 1.0397990838 -0.7782824713 0.2626597594 -0.2185604615 0.5267993644
1403715302.4121432304 0.5357686541 -0.5496582220 1.0386255650 -0.7778727413 0.2635366559 -0.2206483548 0.5260957450
1403715302.4621429443 0.5116085379 -0.5564892833 1.0395670996 -0.7766980475 0.2663407469 -0.2201578660 0.5266244046
1403715302.5121431351 0.4857147573 -0.5621949225 1.0404454813 -0.7749549567 0.2716393679 -0.2162226391 0.5281142293
1403715302.5621430874 0.4595634057 -0.5670429104 1.0423582242 -0.7741873779 0.2767557155 -0.2123503583 0.5281548098
1403715302.6121432781 0.4339573707 -0.5708286767 1.0434963168 -0.7730787339 0.2813912776 -0.2085468535 0.5288444289
1403715302.6621429920 0.4088148633 -0.5747154808 1.0443184603 -0.7729946436 0.2843478689 -0.2068365599 0.5280570120
1403715302.7121431828 0.3832426852 -0.5774137319 1.0444310875 -0.7726322111 0.2880694100 -0.2036730227 0.5277999443
1403715302.7621431351 0.3584116377 -0.5797335592 1.0439884551 -0.7730234642 0.2907777864 -0.2015194156 0.5265671162
1403715302.8121430874 0.3344005395 -0.5820260879 1.0422749452 -0.7742507654 0.2934558045 -0.1986279025 0.5243723862
1403715302.8621430397 0.3113249702 -0.5826531063 1.0393535841 -0.7762966335 0.2948112109 -0.1973579573 0.5210563533
1403715302.9121432304 0.2894044936 -0.5818185226 1.0369350459 -0.7784397478 0.2953635082 -0.1945322594 0.5186030824
1403715302.9621429443 0.2684771011 -0.5810377930 1.0333947964 -0.7809475830 0.2936723935 -0.1913967261 0.5169571463
1403715303.0121431351 0.2486408547 -0.5796255105 1.0296925478 -0.7841268535 0.2898282811 -0.1882535221 0.5154660576
1403715303.0621430874 0.2300047383 -0.5767471847 1.0266516356 -0.7872439546 0.2847942081 -0.1839854616 0.5150617097
1403715303.1121432781 0.2134197014 -0.5727102304 1.0215815370 -0.7908321823 0.2773624133 -0.1793034470 0.5152716032
1403715303.1621429920 0.1972596748 -0.5670913042 1.0176993749 -0.7942624929 0.2680615265 -0.1747479112 0.5164816337
1403715303.2121431828 0.1833024963 -0.5605922648 1.0137790005 -0.7968112774 0.2569557136 -0.1695938897 0.5199071667
1403715303.2621431351 0.1694909881 -0.5524002115 1.0106066413 -0.7977137025 0.2441425372 -0.1648096975 0.5261986640
1403715303.3121430874 0.1573294536 -0.5430311588 1.0080216559 -0.7985983216 0.2294295528 -0.1606188787 0.5327329321
1403715303.3621430397 0.1453139765 -0.5330948559 1.0052871463 -0.7997044703 0.2139564051 -0.1566285057 0.5386677344
1403715303.4121432304 0.1338174794 -0.5215428147 1.0026357014 -0.8008365738 0.1985557049 -0.1523490206 0.5440828890
1403715303.4621429443 0.1222810902 -0.5093878797 0.9997847806 -0.8025953921 0.1838696173 -0.1471825576 0.5480601201
1403715303.5121431351 0.1102982334 -0.4969056339 0.9968561713 -0.8044912938 0.1705884338 -0.1401424460 0.5514104090
1403715303.5621430874 0.0977544568 -0.4836192546 0.9948622232 -0.8060935653 0.1561710329 -0.1346673199 0.5546967508
1403715303.6121432781 0.0840851203 -0.4706112363 0.9935571790 -0.8075500094 0.1447816169 -0.1244743902 0.5580388803
1403715303.6621429920 0.0703805814 -0.4565193582 0.9933474805 -0.8077990250 0.1338960858 -0.1137136871 0.5626737694
1403715303.7121431828 0.0555809031 -0.4430114195 0.9918701967 -0.8084803160 0.1232992516 -0.1025060667 0.5662591098
1403715303.7621431351 0.0411140508 -0.4290974704 0.9910620525 -0.8086317852 0.1129285534 -0.0909892320 0.5701602735
1403715303.8121430874 0.0262285314 -0.4156459197 0.9899950501 -0.8086120121 0.1019767993 -0.0811856486 0.5737213930
1403715303.8621430397 0.0106606022 -0.4023630671 0.9899268406 -0.8077929655 0.0922316263 -0.0706799536 0.5778998150
1403715303.9121432304 -0.0036909217 -0.3907282225 0.9889527870 -0.8070096761 0.0837129565 -0.0619278723 0.5812851814
1403715303.9621429443 -0.0177839691 -0.3787798609 0.9874154397 -0.8064155775 0.0763487898 -0.0551566117 0.5838000744
1403715304.0121431351 -0.0313757859 -0.3686329918 0.9863553793 -0.8063723788 0.0702127601 -0.0493352133 0.5851493756
1403715304.0621430874 -0.0443319400 -0.3591825135 0.9848287852 -0.8061993749 0.0653975827 -0.0447789310 0.5863109852
1403715304.1121432781 -0.0571932339 -0.3498478126 0.9835516004 -0.8058005534 0.0626019078 -0.0402517501 0.5874915028
1403715304.1621429920 -0.0691022832 -0.3418365082 0.9825181583 -0.8051985793 0.0603493030 -0.0369616520 0.5887673953
1403715304.2121431828 -0.0798514674 -0.3356278277 0.9807157819 -0.8056379766 0.0588653645 -0.0346125960 0.5884592490
1403715304.2621431351 -0.0902436216 -0.3296027724 0.9772754528 -0.8067032003 0.0581298905 -0.0329051781 0.5871695766
1403715304.3121430874 -0.1005570155 -0.3248098540 0.9731229606 -0.8080355607 0.0579234794 -0.0320473298 0.5854027432
1403715304.3621430397 -0.1096434180 -0.3207093913 0.9680231985 -0.8091571976 0.0582604798 -0.0318746645 0.5838273305
1403715304.4121432304 -0.1170723631 -0.3179662343 0.9637803664 -0.8104963916 0.0588849307 -0.0320548147 0.5818940222
1403715304.4621429443 -0.1244013059 -0.3150199430 0.9580350407 -0.8112885076 0.0596192107 -0.0336211497 0.5806256327
1403715304.5121431351 -0.1306017368 -0.3125775993 0.9512984612 -0.8111771937 0.0590738674 -0.0377713557 0.5805817456
1403715304.5621430874 -0.1368413698 -0.3103372292 0.9397516968 -0.8111369171 0.0593142746 -0.0415216200 0.5803573671
1403715304.6121432781 -0.1425372647 -0.3090728734 0.9265229072 -0.8110567615 0.0597832379 -0.0450187168 0.5801605030
1403715304.6621429920 -0.1483479833 -0.3094652512 0.9125266414 -0.8102262436 0.0611016018 -0.0471441520 0.5810141627
1403715304.7121431828 -0.1535971138 -0.3092943501 0.8962750866 -0.8097244928 0.0624059574 -0.0494034030 0.5813871739
1403715304.7621431351 -0.1586256709 -0.3102888591 0.8804337998 -0.8101128724 0.0632326037 -0.0522399485 0.5805081909
1403715304.8121430874 -0.1643658095 -0.3114356074 0.8662319610 -0.8101488224 0.0645055046 -0.0539986639 0.5801569354
1403715304.8621430397 -0.1692300027 -0.3130591939 0.8561538475 -0.8109425119 0.0654488204 -0.0554253327 0.5788062947
1403715304.9121432304 -0.1755958407 -0.3148747118 0.8493431813 -0.8114836426 0.0661010329 -0.0573777757 0.5777826079
1403715304.9621429443 -0.1816805803 -0.3174314316 0.8464125184 -0.8122807846 0.0671002630 -0.0578765209 0.5764961318
1403715305.0121431351 -0.1880640808 -0.3203422052 0.8475839161 -0.8125118990 0.0674935131 -0.0583193732 0.5760797604
1403715305.0621430874 -0.1957790867 -0.3228826084 0.8522796634 -0.8132780617 0.0685561014 -0.0577256172 0.5749318293
1403715305.1121432781 -0.2029801951 -0.3255739179 0.8581475325 -0.8134423457 0.0692602014 -0.0571595871 0.5746715203
1403715305.1621429920 -0.2106696833 -0.3290322309 0.8646911051 -0.8140677651 0.0695827766 -0.0566129141 0.5738003913
1403715305.2121431828 -0.2178744166 -0.3317276928 0.8713110775 -0.8153126551 0.0701053103 -0.0550951051 0.5721145421
1403715305.2621431351 -0.2250550686 -0.3347136200 0.8770121711 -0.8159895643 0.0703687137 -0.0539254095 0.5712279102
1403715305.3121430874 -0.2324696858 -0.3371455937 0.8815723452 -0.8165369303 0.0695346069 -0.0539618461 0.5705440378
1403715305.3621430397 -0.2394157284 -0.3401712048 0.8861973750 -0.8175411768 0.0694814701 -0.0521435771 0.5692800690
1403715305.4121432304 -0.2464568706 -0.3428252724 0.8903309480 -0.8181011674 0.0678692806 -0.0522865782 0.5686566226
1403715305.4621429443 -0.2525159431 -0.3459183296 0.8954673014 -0.8177478279 0.0661969262 -0.0511980958 0.5694604569
1403715305.5121431351 -0.2591312334 -0.3476789982 0.9042583754 -0.8173250807 0.0649495733 -0.0493119607 0.5703767141
1403715305.5621430874 -0.2650420292 -0.3498768101 0.9159787009 -0.8171426499 0.0627447289 -0.0480040952 0.5709961433
1403715305.6121432781 -0.2711794664 -0.3522394002 0.9317591218 -0.8176014321 0.0604789270 -0.0465006939 0.5707082294
1403715305.6621429920 -0.2767545671 -0.3542429715 0.9518262544 -0.8172694180 0.0581817926 -0.0448904012 0.5715508982
1403715305.7121431828 -0.2824765613 -0.3567206413 0.9746227233 -0.8172413199 0.0579728206 -0.0410309578 0.5719022972
1403715305.7621431351 -0.2871056651 -0.3587646410 0.9995531949 -0.8171528287 0.0565593130 -0.0391375946 0.5723028458
1403715305.8121430874 -0.2919750512 -0.3606669020 1.0241671739 -0.8173697390 0.0556307498 -0.0374542462 0.5721967397
1403715305.8621430397 -0.2954361280 -0.3623790867 1.0478635531 -0.8179148396 0.0541011080 -0.0370909297 0.5715878307
1403715305.9121432304 -0.2991709157 -0.3629795475 1.0702358366 -0.8187543492 0.0532233164 -0.0369405897 0.5704769821
1403715305.9621429443 -0.3023847722 -0.3644567204 1.0921081776 -0.8190620239 0.0523767220 -0.0371588527 0.5700993771
1403715306.0121431351 -0.3042962105 -0.3656978235 1.1132378640 -0.8195712605 0.0519273905 -0.0370609265 0.5694145965
1403715306.0621430874 -0.3065827722 -0.3664688351 1.1327656873 -0.8204846243 0.0513178168 -0.0378484948 0.5681011832
1403715306.1121432781 -0.3080709594 -0.3674686038 1.1508259580 -0.8217194216 0.0514714258 -0.0375235812 0.5663213446
1403715306.1621429920 -0.3097351264 -0.3675808554 1.1681693559 -0.8220669351 0.0538719681 -0.0342299577 0.5658021521
1403715306.2121431828 -0.3097685820 -0.3673182986 1.1858149674 -0.8207579004 0.0579583774 -0.0302595868 0.5675223809
1403715306.2621431351 -0.3091457392 -0.3659986886 1.2023619682 -0.8185581395 0.0632086252 -0.0268426059 0.5703040562
1403715306.3121430874 -0.3070182693 -0.3646628289 1.2195968048 -0.8155548843 0.0701164161 -0.0233833613 0.5739400119
1403715306.3621430397 -0.3026410691 -0.3637126606 1.2364975801 -0.8122690093 0.0773544791 -0.0214260852 0.5777337310
1403715306.4121432304 -0.2970292590 -0.3626400594 1.2527592326 -0.8078102689 0.0851640074 -0.0212412924 0.5828708851
1403715306.4621429443 -0.2878299840 -0.3632152981 1.2688201421 -0.8042007157 0.0929283702 -0.0234321868 0.5865803095
1403715306.5121431351 -0.2763255404 -0.3650930328 1.2829531688 -0.8009027574 0.1002637583 -0.0283952174 0.5896572424
1403715306.5621430874 -0.2626804771 -0.3681018834 1.2980495023 -0.7979923827 0.1075916284 -0.0354001276 0.5919282302
1403715306.6121432781 -0.2468505675 -0.3732300262 1.3130717645 -0.7942048171 0.1156847405 -0.0432671821 0.5949652933
1403715306.6621429920 -0.2298401836 -0.3788042842 1.3272135303 -0.7904078168 0.1234245700 -0.0533472980 0.5976419701
1403715306.7121431828 -0.2098627290 -0.3895367576 1.3421872356 -0.7871805326 0.1303380980 -0.0655341698 0.5992195440
1403715306.7621431351 -0.1886499599 -0.4006415735 1.3555388801 -0.7845150561 0.1368963362 -0.0795730790 0.5995528709
1403715306.8121430874 -0.1672590936 -0.4138752699 1.3691345951 -0.7799438431 0.1441757069 -0.0935214629 0.6017929071
1403715306.8621430397 -0.1454440448 -0.4301389200 1.3813877641 -0.7751268008 0.1513095476 -0.1081167038 0.6038167287
1403715306.9121432304 -0.1235661110 -0.4489842516 1.3928586566 -0.7714651160 0.1581379262 -0.1241792362 0.6036667030
1403715306.9621429443 -0.1031008169 -0.4708271909 1.4028606280 -0.7695400408 0.1643584572 -0.1412307011 0.6007065109
1403715307.0121431351 -0.0835145404 -0.4951256839 1.4103765683 -0.7682223849 0.1699322607 -0.1594661166 0.5962616470
1403715307.0621430874 -0.0660135042 -0.5218208306 1.4159723944 -0.7676800873 0.1765808277 -0.1759153045 0.5903730181
1403715307.1121432781 -0.0508424615 -0.5501897821 1.4170228684 -0.7684904346 0.1850381591 -0.1893471122 0.5825212466
1403715307.1621429920 -0.0392372563 -0.5780729472 1.4128597410 -0.7704563843 0.1943859207 -0.2013183934 0.5727844081
1403715307.2121431828 -0.0299407013 -0.6069533684 1.4069835745 -0.7719823322 0.2039960263 -0.2122959823 0.5633465327
1403715307.2621431351 -0.0235211561 -0.6360488603 1.3964227976 -0.7733201184 0.2131125650 -0.2228129799 0.5539976581
1403715307.3121430874 -0.0197605436 -0.6656312576 1.3845032218 -0.7737681983 0.2236401775 -0.2309128512 0.5458453092
1403715307.3621430397 -0.0187341798 -0.6947069509 1.3712144334 -0.7739687527 0.2361066978 -0.2352952655 0.5383884612
1403715307.4121432304 -0.0212197004 -0.7216626242 1.3578226732 -0.7735076458 0.2518599678 -0.2349156196 0.5320405343
1403715307.4621429443 -0.0249781100 -0.7477349146 1.3449515108 -0.7720028111 0.2673507977 -0.2337530304 0.5271572170
1403715307.5121431351 -0.0308800763 -0.7723234499 1.3324261530 -0.7701123330 0.2817754019 -0.2332039941 0.5226332506
1403715307.5621430874 -0.0372117003 -0.7958586128 1.3189459229 -0.7673910463 0.2957404195 -0.2328749529 0.5190547589
1403715307.6121432781 -0.0433882981 -0.8178126199 1.3058652975 -0.7642075957 0.3084573355 -0.2336534923 0.5159911515
1403715307.6621429920 -0.0503058829 -0.8389876149 1.2927241415 -0.7607212625 0.3205097274 -0.2360172873 0.5127109474
1403715307.7121431828 -0.0567054344 -0.8589266137 1.2790545946 -0.7576013983 0.3319154658 -0.2402440495 0.5080895998
1403715307.7621431351 -0.0618949022 -0.8785652415 1.2650074671 -0.7540822501 0.3421482407 -0.2461725251 0.5036800863
1403715307.8121430874 -0.0657338958 -0.8988454475 1.2493103284 -0.7503906655 0.3520775357 -0.2530735050 0.4989078663
1403715307.8621430397 -0.0689729791 -0.9149020717 1.2324865180 -0.7461181403 0.3617355640 -0.2605894409 0.4945181955
1403715307.9121432304 -0.0724288470 -0.9307903331 1.2176145328 -0.7422655817 0.3709801982 -0.2683319482 0.4892989520
1403715307.9621429443 -0.0751315889 -0.9462054229 1.2017391840 -0.7378398026 0.3798212457 -0.2763681660 0.4847152606
1403715308.0121431351 -0.0768991584 -0.9606053838 1.1861320684 -0.7329044717 0.3886413229 -0.2842445385 0.4806391576
1403715308.0621430874 -0.0779454891 -0.9741252608 1.1711084621 -0.7278475478 0.3976694484 -0.2915615953 0.4765383437
1403715308.1121432781 -0.0786735037 -0.9846540469 1.1556336894 -0.7227057282 0.4064137442 -0.2989143566 0.4724134908
1403715308.1621429920 -0.0799664320 -0.9948131753 1.1411722276 -0.7181475280 0.4143280433 -0.3053658213 0.4683461495
1403715308.2121431828 -0.0794386776 -1.0045706056 1.1277047381 -0.7136948895 0.4211723330 -0.3111105726 0.4652565767
1403715308.2621431351 -0.0799469313 -1.0121162827 1.1130133388 -0.7093483792 0.4283816049 -0.3161643992 0.4619027498
1403715308.3121430874 -0.0784351788 -1.0201223399 1.0989838275 -0.7053742113 0.4347547764 -0.3213308816 0.4584560732
1403715308.3621430397 -0.0777354967 -1.0247705818 1.0847780796 -0.7007680323 0.4412253716 -0.3259225651 0.4560908001
1403715308.4121432304 -0.0760213826 -1.0291326803 1.0707966692 -0.6969394038 0.4476017869 -0.3283010514 0.4540336193
1403715308.4621429443 -0.0745269375 -1.0302432809 1.0570385708 -0.6932218847 0.4530603983 -0.3299760652 0.4530954541
1403715308.5121431351 -0.0727277040 -1.0308940398 1.0448204130 -0.6895768569 0.4580750779 -0.3299700329 0.4536196190
1403715308.5621430874 -0.0697268128 -1.0305822355 1.0345990982 -0.6866637756 0.4624992466 -0.3287622589 0.4544256631
1403715308.6121432781 -0.0666615170 -1.0289206967 1.0276643557 -0.6845014493 0.4659403340 -0.3273166566 0.4552155285
1403715308.6621429920 -0.0622987909 -1.0269395975 1.0239028002 -0.6829081084 0.4683004807 -0.3263505700 0.4558798973
1403715308.7121431828 -0.0581668292 -1.0231221338 1.0231223531 -0.6819502321 0.4706080507 -0.3250343208 0.4558778717
1403715308.7621431351 -0.0523777683 -1.0198825819 1.0260168966 -0.6813840657 0.4717330160 -0.3243606097 0.4560415677
1403715308.8121430874 -0.0445019144 -1.0166743446 1.0288725656 -0.6816187038 0.4724739650 -0.3234937393 0.4555393459
1403715308.8621430397 -0.0362701527 -1.0137597066 1.0359244333 -0.6818444474 0.4736337920 -0.3214315810 0.4554568249
1403715308.9121432304 -0.0254756016 -1.0120405162 1.0418131200 -0.6822335190 0.4743241454 -0.3188263772 0.4559865917
1403715308.9621429443 -0.0144795255 -1.0098215647 1.0475820757 -0.6818564253 0.4742166926 -0.3171530976 0.4578255742
1403715309.0121431351 -0.0031223475 -1.0071027519 1.0546656668 -0.6811855104 0.4736810091 -0.3153664550 0.4606046038
1403715309.0621430874 0.0104143134 -1.0041341435 1.0613949520 -0.6797902831 0.4727741992 -0.3134970656 0.4648540819
1403715309.1121432781 0.0243430560 -1.0013562721 1.0667735411 -0.6787131108 0.4720364951 -0.3109732050 0.4688557628
1403715309.1621429920 0.0400824946 -1.0004877693 1.0725414610 -0.6778831486 0.4704957739 -0.3089302186 0.4729379279
1403715309.2121431828 0.0562899217 -1.0002894637 1.0772845928 -0.6754337338 0.4687137998 -0.3068481587 0.4795214829
1403715309.2621431351 0.0735453690 -1.0007283873 1.0833044285 -0.6715626431 0.4658243164 -0.3063670163 0.4880067356
1403715309.3121430874 0.0907356746 -1.0017881584 1.0870312874 -0.6687432211 0.4618900011 -0.3071212833 0.4950925655
1403715309.3621430397 0.1070625584 -1.0047196690 1.0919960179 -0.6695134037 0.4577914282 -0.3085005435 0.4969972084
1403715309.4121432304 0.1242381604 -1.0089128230 1.0951871944 -0.6725535304 0.4531162360 -0.3105352113 0.4959085681
1403715309.4621429443 0.1405463260 -1.0162407175 1.0973492625 -0.6762012498 0.4486460526 -0.3127301378 0.4936278458
1403715309.5121431351 0.1568948211 -1.0242627921 1.1002143543 -0.6795146985 0.4442450464 -0.3147683167 0.4917591077
1403715309.5621430874 0.1723231900 -1.0326986948 1.1033886073 -0.6826897236 0.4408124640 -0.3157935030 0.4897893183
1403715309.6121432781 0.1871620509 -1.0405584479 1.1070633456 -0.6848729413 0.4380055335 -0.3165126616 0.4887943760
1403715309.6621429920 0.2017191873 -1.0491459574 1.1114017904 -0.6866978048 0.4356374580 -0.3165886230 0.4883009050
1403715309.7121431828 0.2163140286 -1.0579714790 1.1141406161 -0.6881448884 0.4344087430 -0.3150879178 0.4883290496
1403715309.7621431351 0.2301534488 -1.0674462156 1.1184913241 -0.6894451451 0.4338730901 -0.3128105120 0.4884353766
1403715309.8121430874 0.2430150578 -1.0762176812 1.1232965510 -0.6902826529 0.4343079637 -0.3090903434 0.4892336982
1403715309.8621430397 0.2551222214 -1.0846595698 1.1273724718 -0.6902497316 0.4362893150 -0.3040946988 0.4906458557
1403715309.9121432304 0.2675017948 -1.0940821950 1.1314043615 -0.6900838431 0.4391378259 -0.2975748706 0.4923326678
1403715309.9621429443 0.2796273647 -1.1031481982 1.1328608774 -0.6886346472 0.4407639996 -0.2936951038 0.4952298510
1403715310.0121431351 0.2928955466 -1.1148325361 1.1361957028 -0.6864061120 0.4411600621 -0.2912850299 0.4993770924
1403715310.0621430874 0.3066717744 -1.1261211223 1.1383142732 -0.6826598941 0.4408695435 -0.2920115669 0.5043200963
1403715310.1121432781 0.3212991620 -1.1408030386 1.1403273905 -0.6786603803 0.4406545920 -0.2946051442 0.5083811836
1403715310.1621429920 0.3353519890 -1.1571798141 1.1420373403 -0.6744237245 0.4405664104 -0.2994065781 0.5112822889
1403715310.2121431828 0.3504085813 -1.1757494631 1.1425512556 -0.6712549003 0.4406748682 -0.3057351592 0.5116136548
1403715310.2621431351 0.3627768144 -1.1945977775 1.1434303004 -0.6687964485 0.4407284924 -0.3146898375 0.5093525426
1403715310.3121430874 0.3754012941 -1.2171567335 1.1454867890 -0.6671292491 0.4408460582 -0.3246027819 0.5051993190
1403715310.3621430397 0.3850512582 -1.2391901769 1.1471143471 -0.6648463657 0.4427917863 -0.3333586136 0.5007861607
1403715310.4121432304 0.3944672648 -1.2636172359 1.1487849895 -0.6623871873 0.4465225077 -0.3407582842 0.4957263922
1403715310.4621429443 0.4027457962 -1.2879122948 1.1510315435 -0.6597710047 0.4518432134 -0.3468323493 0.4901502355
1403715310.5121431351 0.4091942090 -1.3132129937 1.1521979720 -0.6584635723 0.4576768140 -0.3508074211 0.4836236255
1403715310.5621430874 0.4138188832 -1.3378089545 1.1538446954 -0.6579647926 0.4638059523 -0.3532623040 0.4766257598
1403715310.6121432781 0.4159444765 -1.3616929459 1.1567458481 -0.6583196065 0.4699044433 -0.3545502809 0.4691473203
1403715310.6621429920 0.4174391521 -1.3865719703 1.1584819290 -0.6589309944 0.4753468762 -0.3549619604 0.4624470765
1403715310.7121431828 0.4188055117 -1.4097715654 1.1616844171 -0.6592677377 0.4802012859 -0.3551538806 0.4567696314
1403715310.7621431351 0.4187753183 -1.4320187375 1.1640706744 -0.6592675610 0.4841228217 -0.3553590498 0.4524503533
1403715310.8121430874 0.4193163005 -1.4539273023 1.1671852515 -0.6587442092 0.4874324657 -0.3550322935 0.4499085783
1403715310.8621430397 0.4201742400 -1.4756377759 1.1693969554 -0.6577039123 0.4898878751 -0.3553025271 0.4485482670
1403715310.9121432304 0.4206185505 -1.4961839880 1.1722924065 -0.6566315037 0.4917877433 -0.3556133729 0.4477934935
1403715310.9621429443 0.4214425502 -1.5155192435 1.1740793585 -0.6554547136 0.4945064050 -0.3550254867 0.4469893037
1403715311.0121431351 0.4223955512 -1.5340466309 1.1760632798 -0.6542856657 0.4980155507 -0.3529890104 0.4464185675
1403715311.0621430874 0.4236157362 -1.5517840274 1.1785099840 -0.6527221443 0.5024089195 -0.3497330801 0.4463472333
1403715311.1121432781 0.4253996996 -1.5697082130 1.1798447148 -0.6516622596 0.5056904652 -0.3474717643 0.4459560806
1403715311.1621429920 0.4283122558 -1.5883171569 1.1809362323 -0.6503146044 0.5086571821 -0.3450997661 0.4463910146
1403715311.2121431828 0.4321366310 -1.6058830460 1.1801952287 -0.6481475731 0.5116454260 -0.3427999823 0.4478971464
1403715311.2621431351 0.4373843257 -1.6244380954 1.1822837640 -0.6472915040 0.5136961621 -0.3414128418 0.4478473328
1403715311.3121430874 0.4422934879 -1.6439869641 1.1861977106 -0.6463064201 0.5160537900 -0.3392753105 0.4481838471
1403715311.3621430397 0.4502336236 -1.6646200772 1.1877504874 -0.6459962830 0.5179185790 -0.3374158078 0.4478836015
1403715311.4121432304 0.4574506154 -1.6833138953 1.1880023306 -0.6463798734 0.5182064063 -0.3384732104 0.4461962188
1403715311.4621429443 0.4668003285 -1.7042561959 1.1899313455 -0.6478443050 0.5171668844 -0.3408925946 0.4434280202
1403715311.5121431351 0.4777867867 -1.7257291416 1.1925496510 -0.6496612845 0.5154546258 -0.3445992431 0.4398841959
1403715311.5621430874 0.4900497381 -1.7469577629 1.1946747198 -0.6505455395 0.5139026628 -0.3479692203 0.4377350521
1403715311.6121432781 0.5042885715 -1.7689134363 1.1967436365 -0.6508236742 0.5126040852 -0.3505359569 0.4367953066
1403715311.6621429920 0.5182157158 -1.7901336222 1.2004481743 -0.6510287012 0.5118687525 -0.3528085194 0.4355205611
1403715311.7121431828 0.5334018124 -1.8103717824 1.2040670377 -0.6499756499 0.5125290867 -0.3530763695 0.4360993776
1403715311.7621431351 0.5498577474 -1.8317141462 1.2071103993 -0.6489581644 0.5131276320 -0.3529702787 0.4369957855
1403715311.8121430874 0.5670054904 -1.8511489464 1.2095501372 -0.6473209646 0.5143857538 -0.3529074947 0.4379944808
1403715311.8621430397 0.5851772027 -1.8701404523 1.2118256735 -0.6448820179 0.5164995728 -0.3520016457 0.4398297577
1403715311.9121432304 0.6051629266 -1.8917182538 1.2166693143 -0.6432966923 0.5174619471 -0.3525007358 0.4406197116
1403715311.9621429443 0.6238415881 -1.9102118459 1.2187644880 -0.6426036323 0.5180187057 -0.3544293745 0.4394280496
1403715312.0121431351 0.6449201106 -1.9310912944 1.2219358979 -0.6429297555 0.5178537434 -0.3570145863 0.4370462391
1403715312.0621430874 0.6661033126 -1.9510055032 1.2256863113 -0.6435989844 0.5175317466 -0.3598154688 0.4341360005
1403715312.1121432781 0.6882891414 -1.9710646797 1.2272643774 -0.6430354272 0.5170701448 -0.3625411302 0.4332526210
1403715312.1621429920 0.7108965153 -1.9895349066 1.2311962508 -0.6428076075 0.5167000558 -0.3653870929 0.4316383955
1403715312.2121431828 0.7344487265 -2.0085759914 1.2359045744 -0.6426342929 0.5169521828 -0.3669304534 0.4302832191
1403715312.2621431351 0.7567955841 -2.0257388363 1.2398332471 -0.6419297922 0.5180153349 -0.3677420512 0.4293623626
1403715312.3121430874 0.7794688545 -2.0417262411 1.2425643346 -0.6402234755 0.5197487636 -0.3674846839 0.4300350350
1403715312.3621430397 0.8026867047 -2.0589737141 1.2434392814 -0.6386701284 0.5216823300 -0.3665267829 0.4308203002
1403715312.4121432304 0.8277291835 -2.0743207979 1.2472822967 -0.6371392864 0.5234690015 -0.3657167077 0.4316074882
1403715312.4621429443 0.8513475132 -2.0902520899 1.2489646134 -0.6353175726 0.5247089354 -0.3653369404 0.4331062629
1403715312.5121431351 0.8760572070 -2.1066044140 1.2517416170 -0.6334874838 0.5250485811 -0.3655993154 0.4351490963
1403715312.5621430874 0.9015283344 -2.1218393319 1.2513644279 -0.6328431841 0.5243231941 -0.3672808113 0.4355450587
1403715312.6121432781 0.9268868615 -2.1384675494 1.2500279854 -0.6320754597 0.5220150784 -0.3705250546 0.4366830143
1403715312.6621429920 0.9513771115 -2.1555415008 1.2488138620 -0.6313949686 0.5186721192 -0.3746288581 0.4381470587
1403715312.7121431828 0.9756621399 -2.1695479463 1.2480627489 -0.6305195638 0.5156576393 -0.3784058835 0.4397172569
1403715312.7621431351 1.0004987658 -2.1854382409 1.2442165913 -0.6306830827 0.5120749531 -0.3817327720 0.4407926750
1403715312.8121430874 1.0241751993 -2.2018548815 1.2397949330 -0.6316912591 0.5078689099 -0.3850868965 0.4412974118
1403715312.8621430397 1.0470686112 -2.2151631359 1.2385141877 -0.6317891441 0.5032187199 -0.3887943792 0.4432294304
1403715312.9121432304 1.0672037201 -2.2283649569 1.2388370173 -0.6317530427 0.4988381488 -0.3914124174 0.4459202998
1403715312.9621429443 1.0844185252 -2.2406506763 1.2373984548 -0.6315628519 0.4944828971 -0.3938464579 0.4488875094
1403715313.0121431351 1.1004221263 -2.2506044649 1.2421687868 -0.6320394764 0.4910389271 -0.3952166480 0.4507889457
1403715313.0621430874 1.1159287114 -2.2603148577 1.2507217744 -0.6337876112 0.4880072651 -0.3956013733 0.4512889612
1403715313.1121432781 1.1266911331 -2.2700948906 1.2607108110 -0.6360307522 0.4857272686 -0.3951790705 0.4509627536
1403715313.1621429920 1.1372518946 -2.2772317601 1.2752449861 -0.6378030099 0.4842416104 -0.3941068089 0.4509957943
1403715313.2121431828 1.1446721005 -2.2861939698 1.2880552831 -0.6388893567 0.4839361009 -0.3910773358 0.4524209960
1403715313.2621431351 1.1515880525 -2.2948473150 1.2994085415 -0.6404142797 0.4847620064 -0.3863676180 0.4534263020
1403715313.3121430874 1.1554725342 -2.2994554415 1.3097844063 -0.6417276348 0.4863456868 -0.3818309540 0.4537164733
1403715313.3621430397 1.1586418546 -2.3059801183 1.3223156426 -0.6438018057 0.4880339429 -0.3772869198 0.4527655968
1403715313.4121432304 1.1599407582 -2.3076415118 1.3320768109 -0.6457560784 0.4895329499 -0.3744226580 0.4507374528
1403715313.4621429443 1.1620757838 -2.3142253772 1.3443826693 -0.6469117778 0.4916605474 -0.3714768232 0.4491993184
1403715313.5121431351 1.1623063691 -2.3197452723 1.3540939685 -0.6466307200 0.4933198983 -0.3719715545 0.4473716045
1403715313.5621430874 1.1618051615 -2.3222730189 1.3626544587 -0.6455863573 0.4959280602 -0.3735801482 0.4446475989
1403715313.6121432781 1.1608385266 -2.3256842222 1.3711813800 -0.6450908944 0.4979138858 -0.3761684545 0.4409498770
1403715313.6621429920 1.1604299565 -2.3265234981 1.3814555327 -0.6441468463 0.4997336254 -0.3794129650 0.4374779378
1403715313.7121431828 1.1605804623 -2.3292470672 1.3956593603 -0.6436895909 0.5012436784 -0.3813836141 0.4347010746
1403715313.7621431351 1.1584773213 -2.3335260366 1.4049084868 -0.6424973222 0.5031905281 -0.3817492215 0.4338940139
1403715313.8121430874 1.1559378615 -2.3357463590 1.4151680125 -0.6410144969 0.5047742022 -0.3825754388 0.4335198417
1403715313.8621430397 1.1529131527 -2.3357022324 1.4254313922 -0.6396651382 0.5065084781 -0.3834351058 0.4327299299
1403715313.9121432304 1.1499063264 -2.3332088838 1.4399904374 -0.6380206910 0.5089001745 -0.3828331571 0.4328844929
1403715313.9621429443 1.1449114615 -2.3300630011 1.4509275378 -0.6357942812 0.5113250754 -0.3815470511 0.4344354349
1403715314.0121431351 1.1416772035 -2.3296057139 1.4607210680 -0.6343900161 0.5142172566 -0.3801022675 0.4343410950
1403715314.0621430874 1.1375554765 -2.3310858182 1.4680794251 -0.6329147435 0.5170809425 -0.3807588228 0.4325146763
1403715314.1121432781 1.1336212376 -2.3306324112 1.4736340545 -0.6309781029 0.5203253962 -0.3846483329 0.4279880555
1403715314.1621429920 1.1295968014 -2.3251318646 1.4831287960 -0.6277336151 0.5251293527 -0.3903497316 0.4216832442
1403715314.2121431828 1.1245185043 -2.3214879982 1.4864001543 -0.6237591131 0.5308958179 -0.3964766854 0.4145846565
1403715314.2621431351 1.1221923074 -2.3205079057 1.4929749868 -0.6190327972 0.5368430725 -0.4026787457 0.4079800721
1403715314.3121430874 1.1207963865 -2.3155894228 1.5001352583 -0.6141458264 0.5446086903 -0.4073595911 0.4003553945
1403715314.3621430397 1.1164410659 -2.3099448941 1.5039059311 -0.6083560517 0.5517598755 -0.4127415012 0.3938380470
1403715314.4121432304 1.1130992123 -2.3056740124 1.5078875873 -0.6024124571 0.5588161382 -0.4161097027 0.3894566350
1403715314.4621429443 1.1101216890 -2.2986351095 1.5100471221 -0.5978398843 0.5652316032 -0.4188212023 0.3843039266
1403715314.5121431351 1.1069682041 -2.2886750825 1.5137531358 -0.5930523673 0.5710590455 -0.4210291350 0.3806769282
1403715314.5621430874 1.1030798094 -2.2811425330 1.5122246041 -0.5883383921 0.5767410485 -0.4213135562 0.3791076189
1403715314.6121432781 1.1001104749 -2.2694739124 1.5148609477 -0.5836469448 0.5819049197 -0.4215774125 0.3781737610
1403715314.6621429920 1.0976374889 -2.2583048494 1.5143472327 -0.5798334874 0.5851132309 -0.4227697074 0.3777583995
1403715314.7121431828 1.0951118449 -2.2494065025 1.5153869690 -0.5774004736 0.5874579126 -0.4233991493 0.3771406294
1403715314.7621431351 1.0949601660 -2.2334790454 1.5171810719 -0.5751494809 0.5894156076 -0.4249586667 0.3757691415
1403715314.8121430874 1.0921127907 -2.2209254590 1.5125384830 -0.5722269930 0.5897934887 -0.4274267175 0.3768372466
1403715314.8621430397 1.0916116456 -2.2048198966 1.5133934680 -0.5712045648 0.5902092941 -0.4293726065 0.3755229676
1403715314.9121432304 1.0905248408 -2.1876479137 1.5140737184 -0.5699361342 0.5906859207 -0.4307944594 0.3750720994
1403715314.9621429443 1.0901777594 -2.1726895924 1.5146141740 -0.5688312482 0.5910050201 -0.4310501712 0.3759518948
1403715315.0121431351 1.0907745996 -2.1543281529 1.5147563924 -0.5675271554 0.5914469111 -0.4309027107 0.3773941350
1403715315.0621430874 1.0881171512 -2.1376253345 1.5121301776 -0.5650045504 0.5913485422 -0.4311724256 0.3810080039
1403715315.1121432781 1.0867046418 -2.1212703800 1.5113003641 -0.5641648179 0.5912152795 -0.4309561430 0.3827000840
1403715315.1621429920 1.0879731235 -2.1002948183 1.5140422813 -0.5642515730 0.5922286106 -0.4297109799 0.3824054247
1403715315.2121431828 1.0875655940 -2.0822281920 1.5145484337 -0.5645964208 0.5925560303 -0.4285544394 0.3826869804
1403715315.2621431351 1.0850061314 -2.0637971213 1.5140208863 -0.5644205395 0.5927794489 -0.4282789985 0.3829087084
1403715315.3121430874 1.0851804371 -2.0466847343 1.5128244185 -0.5634861993 0.5939866557 -0.4284593314 0.3822116656
1403715315.3621430397 1.0848552111 -2.0256310095 1.5095756816 -0.5609566376 0.5956419673 -0.4307782299 0.3807471788
1403715315.4121432304 1.0841364853 -2.0067350063 1.5089460277 -0.5575546509 0.5987625295 -0.4322253936 0.3792063470
1403715315.4621429443 1.0850299801 -1.9879845835 1.5110815800 -0.5535257970 0.6028702110 -0.4336782980 0.3769347883
1403715315.5121431351 1.0871346496 -1.9662292657 1.5123533450 -0.5484822435 0.6073012889 -0.4362012941 0.3742737021
1403715315.5621430874 1.0849328135 -1.9514593907 1.5140711265 -0.5436745886 0.6112457218 -0.4379364079 0.3728381846
1403715315.6121432781 1.0818790398 -1.9360298479 1.5135385114 -0.5382711138 0.6154724410 -0.4401490353 0.3711154930
1403715315.6621429920 1.0822262920 -1.9160957341 1.5139885802 -0.5321240851 0.6202555635 -0.4432150876 0.3683576795
1403715315.7121431828 1.0806674535 -1.9003964909 1.5147860691 -0.5239587999 0.6262888797 -0.4443226110 0.3685197858
1403715315.7621431351 1.0787097996 -1.8819085359 1.5167594705 -0.5148172282 0.6334263498 -0.4450724983 0.3682998130
1403715315.8121430874 1.0776621509 -1.8661016976 1.5186483656 -0.5062810549 0.6406811719 -0.4455221871 0.3670382954
1403715315.8621430397 1.0734885328 -1.8547581795 1.5200330448 -0.4985710567 0.6473165517 -0.4469428962 0.3642117940
1403715315.9121432304 1.0709192312 -1.8400164738 1.5228975332 -0.4915837361 0.6538073653 -0.4496673922 0.3587207771
1403715315.9621429443 1.0663818863 -1.8293908161 1.5190623022 -0.4842609331 0.6587847032 -0.4543460422 0.3536435174
1403715316.0121431351 1.0638555318 -1.8152801041 1.5195630109 -0.4772904244 0.6650315910 -0.4582825676 0.3462714570
1403715316.0621430874 1.0587900556 -1.8057375316 1.5168619885 -0.4713051038 0.6694295423 -0.4638621966 0.3384781375
1403715316.1121432781 1.0516616026 -1.8007305461 1.5135333644 -0.4658373059 0.6736383554 -0.4691658908 0.3302882644
1403715316.1621429920 1.0452194428 -1.7941272572 1.5092917964 -0.4604239436 0.6782246013 -0.4743946049 0.3208908557
1403715316.2121431828 1.0403355872 -1.7865888530 1.5034446366 -0.4551536376 0.6832095218 -0.4792117843 0.3105092291
1403715316.2621431351 1.0341406446 -1.7820301526 1.4971729871 -0.4510552613 0.6889199350 -0.4829263838 0.2978600045
1403715316.3121430874 1.0305169562 -1.7725431767 1.4880799679 -0.4457001597 0.6956929942 -0.4858044598 0.2852308756
1403715316.3621430397 1.0228872194 -1.7699892212 1.4788226646 -0.4424410490 0.7020351395 -0.4868403932 0.2727251596
1403715316.4121432304 1.0184386996 -1.7607272655 1.4677990868 -0.4387411351 0.7078065563 -0.4881959597 0.2611145346
1403715316.4621429443 1.0183274030 -1.7517440219 1.4595041550 -0.4346057343 0.7125221529 -0.4897765622 0.2520891834
1403715316.5121431351 1.0192474678 -1.7424415419 1.4505242970 -0.4296471187 0.7162856262 -0.4912342958 0.2470366810
1403715316.5621430874 1.0217746499 -1.7340246635 1.4421165033 -0.4241936865 0.7188726273 -0.4935737517 0.2442679139
1403715316.6121432781 1.0253655013 -1.7258593027 1.4339737754 -0.4185194223 0.7206642240 -0.4958447846 0.2441772287
1403715316.6621429920 1.0322455224 -1.7137203030 1.4238371717 -0.4129843275 0.7210027251 -0.4997112542 0.2447195909
1403715316.7121431828 1.0398386248 -1.7046006332 1.4124998829 -0.4069070493 0.7217660222 -0.5029058748 0.2461018966
1403715316.7621431351 1.0506782572 -1.6929462480 1.4018008160 -0.4006424184 0.7228554078 -0.5064467749 0.2459214837
1403715316.8121430874 1.0621747374 -1.6813598806 1.3890930872 -0.3944195695 0.7241933692 -0.5100676933 0.2445569778
1403715316.8621430397 1.0735727035 -1.6711332610 1.3766192961 -0.3875619142 0.7260515148 -0.5136652556 0.2424726081
1403715316.9121432304 1.0856411541 -1.6615195086 1.3659228924 -0.3796380100 0.7286888761 -0.5169897038 0.2400190607
1403715316.9621429443 1.0993864206 -1.6492395701 1.3527787208 -0.3711298823 0.7304837637 -0.5225959923 0.2356894361
1403715317.0121431351 1.1102130403 -1.6423649710 1.3464803093 -0.3615104927 0.7329125224 -0.5272633633 0.2326859340
1403715317.0621430874 1.1251349808 -1.6284179756 1.3320187242 -0.3507420831 0.7368066714 -0.5310437338 0.2282289924
1403715317.1121432781 1.1387984811 -1.6169432360 1.3207483980 -0.3404559802 0.7420932813 -0.5330119307 0.2220035340
1403715317.1621429920 1.1511405824 -1.6074412627 1.3100167248 -0.3302434392 0.7480321105 -0.5340035327 0.2150057198
1403715317.2121431828 1.1637781261 -1.5951121283 1.2983363792 -0.3196175805 0.7537556253 -0.5355206207 0.2071586938
1403715317.2621431351 1.1771450927 -1.5829683374 1.2885480476 -0.3095586034 0.7588378107 -0.5377494250 0.1978994795
1403715317.3121430874 1.1918282999 -1.5683604654 1.2763732168 -0.2982981035 0.7636521251 -0.5405449430 0.1888513643
1403715317.3621430397 1.2032873624 -1.5595613518 1.2711556436 -0.2866767768 0.7692430808 -0.5414302388 0.1814794885
1403715317.4121432304 1.2191385797 -1.5464611879 1.2622137160 -0.2731093713 0.7742065653 -0.5435566078 0.1748189913
1403715317.4621429443 1.2336807519 -1.5326037635 1.2510344780 -0.2602228237 0.7788392665 -0.5454769386 0.1677748149
1403715317.5121431351 1.2488124773 -1.5185355924 1.2407621666 -0.2476214855 0.7828228709 -0.5477822020 0.1606443644
1403715317.5621430874 1.2626721219 -1.5071976128 1.2317596219 -0.2356262379 0.7859997920 -0.5506480028 0.1532037203
1403715317.6121432781 1.2773551843 -1.4953240440 1.2244475606 -0.2234332473 0.7891865321 -0.5530841095 0.1461511867
1403715317.6621429920 1.2907525796 -1.4839312966 1.2166807704 -0.2108890779 0.7921400433 -0.5552487588 0.1404947132
1403715317.7121431828 1.3018852098 -1.4727538850 1.2130371492 -0.1990311268 0.7952347221 -0.5567088715 0.1344008174
1403715317.7621431351 1.3169063656 -1.4606914466 1.2055753467 -0.1859072832 0.7982719248 -0.5581365893 0.1291664194
1403715317.8121430874 1.3301529661 -1.4499618356 1.2007182102 -0.1713329079 0.8017579985 -0.5582579110 0.1271898238
1403715317.8621430397 1.3431414512 -1.4385007797 1.1918995491 -0.1565634572 0.8050136050 -0.5584634067 0.1247381373
1403715317.9121432304 1.3549279406 -1.4284180734 1.1875282025 -0.1440340096 0.8078251668 -0.5587926734 0.1200976772
1403715317.9621429443 1.3639412284 -1.4194141960 1.1792075855 -0.1330133070 0.8098113361 -0.5598287108 0.1144765243
1403715318.0121431351 1.3719723523 -1.4106763469 1.1723476985 -0.1226100919 0.8118174583 -0.5605251346 0.1083086018
1403715318.0621430874 1.3795445937 -1.4016511225 1.1650751685 -0.1129805346 0.8126751251 -0.5621558291 0.1038044490
1403715318.1121432781 1.3842441454 -1.3954680461 1.1603735414 -0.1045611262 0.8139887333 -0.5624168245 0.1008792767
1403715318.1621429920 1.3861032321 -1.3888401741 1.1576744141 -0.0982793532 0.8150868045 -0.5626304884 0.0970649443
1403715318.2121431828 1.3869849644 -1.3825385103 1.1511228699 -0.0939230382 0.8159916322 -0.5627787667 0.0928233740
1403715318.2621431351 1.3876953446 -1.3767089824 1.1451011944 -0.0898002542 0.8165823746 -0.5631021386 0.0896946005
1403715318.3121430874 1.3872611630 -1.3727692401 1.1404491971 -0.0865145337 0.8176792926 -0.5626793530 0.0854854120
1403715318.3621430397 1.3835893583 -1.3679621961 1.1305993075 -0.0834094498 0.8177617142 -0.5636622690 0.0812003016
1403715318.4121432304 1.3766882821 -1.3652559391 1.1232498250 -0.0814392777 0.8184075748 -0.5638280277 0.0753302115
1403715318.4621429443 1.3696954302 -1.3631216143 1.1151312300 -0.0800203691 0.8190157002 -0.5642213679 0.0668152029
1403715318.5121431351 1.3619204258 -1.3617694823 1.1083623808 -0.0789631356 0.8200440498 -0.5639222296 0.0573087999
1403715318.5621430874 1.3521496069 -1.3616360983 1.1000771006 -0.0768431202 0.8218117898 -0.5624492887 0.0486961466
1403715318.6121432781 1.3454809456 -1.3606781064 1.0899909485 -0.0733341872 0.8249079034 -0.5590625571 0.0399763075
1403715318.6621429920 1.3354344256 -1.3620127542 1.0867822245 -0.0692074796 0.8294706240 -0.5533063605 0.0322626755
1403715318.7121431828 1.3278945324 -1.3639865662 1.0783430163 -0.0636356273 0.8342861513 -0.5470550373 0.0254540909
1403715318.7621431351 1.3200563117 -1.3684328743 1.0708693876 -0.0561638746 0.8378068385 -0.5426855008 0.0204393680
1403715318.8121430874 1.3121197036 -1.3745245231 1.0638129063 -0.0492051767 0.8406784433 -0.5391251647 0.0135152629
1403715318.8621430397 1.3061820373 -1.3831498321 1.0566130111 -0.0414893302 0.8415465411 -0.5385358693 0.0075612304
1403715318.9121432304 1.2995462573 -1.3937799295 1.0499081598 -0.0344917254 0.8413400616 -0.5394012186 0.0018833664
1403715318.9621429443 1.2932580059 -1.4078636287 1.0445393073 0.0282598838 -0.8405411351 0.5409988377 0.0034981269
1403715319.0121431351 1.2902184493 -1.4232135934 1.0377133298 0.0211168250 -0.8389367855 0.5437423289 0.0091339636
1403715319.0621430874 1.2822715799 -1.4420194121 1.0322779519 0.0147400443 -0.8370273554 0.5467598051 0.0148880137
1403715319.1121432781 1.2786055432 -1.4622555163 1.0272813373 0.0084189980 -0.8344321616 0.5506000543 0.0221735943
1403715319.1621429920 1.2742490478 -1.4836732393 1.0219341059 0.0022391820 -0.8316513890 0.5544963636 0.0297445119
1403715319.2121431828 1.2713677387 -1.5066295786 1.0172171773 -0.0050944863 -0.8292641831 0.5576168455 0.0368566743
1403715319.2621431351 1.2695124955 -1.5294133383 1.0109231655 -0.0127379113 -0.8275765579 0.5594674901 0.0441691519
1403715319.3121430874 1.2689600825 -1.5542926127 1.0083397123 -0.0203050974 -0.8261680562 0.5606732954 0.0517639044
1403715319.3621430397 1.2695430749 -1.5801123006 1.0036437734 -0.0281742373 -0.8246294639 0.5618242730 0.0595478450
1403715319.4121432304 1.2705391490 -1.6066532810 1.0011199059 -0.0364947294 -0.8230250868 0.5629659211 0.0660848917
1403715319.4621429443 1.2756891900 -1.6324457475 0.9999024563 -0.0464316549 -0.8214480368 0.5639302600 0.0710625507
1403715319.5121431351 1.2793310962 -1.6602785658 0.9972321431 -0.0564697670 -0.8198014320 0.5648319351 0.0755093545
1403715319.5621430874 1.2849419402 -1.6888379146 0.9938624044 -0.0659013513 -0.8184040288 0.5650660745 0.0810690386
1403715319.6121432781 1.2921323776 -1.7180565130 0.9935084481 -0.0750992018 -0.8170237305 0.5652909755 0.0853138132
1403715319.6621429920 1.2987501546 -1.7466901138 0.9927916382 -0.0814155782 -0.8160237788 0.5651469126 0.0899203159
1403715319.7121431828 1.3079813396 -1.7758540450 0.9980622145 -0.0871228018 -0.8155302994 0.5646148483 0.0923581139
1403715319.7621431351 1.3170448097 -1.8043671727 1.0036712829 -0.0903294852 -0.8154913177 0.5638184124 0.0944631820
1403715319.8121430874 1.3284157536 -1.8340906273 1.0153791996 -0.0929783293 -0.8154317426 0.5633777161 0.0950350060
1403715319.8621430397 1.3418203463 -1.8654678467 1.0299823193 -0.0953834827 -0.8153747469 0.5628715641 0.0961333220
1403715319.9121432304 1.3535815321 -1.8945557575 1.0462861949 -0.0980769307 -0.8155124716 0.5621714870 0.0963511476
1403715319.9621429443 1.3672297068 -1.9254930830 1.0647462275 -0.1001095993 -0.8154283939 0.5616950526 0.0977408334
1403715320.0121431351 1.3816310163 -1.9564240959 1.0808383390 -0.1031984981 -0.8145925232 0.5619828165 0.0998218667
1403715320.0621430874 1.3963746814 -1.9885846057 1.0975382646 -0.1071037820 -0.8139850206 0.5616084911 0.1027281309
1403715320.1121432781 1.4120400268 -2.0206601243 1.1121113876 -0.1113964284 -0.8123318469 0.5622242122 0.1077577911
1403715320.1621429920 1.4269396918 -2.0520986875 1.1255222995 -0.1171073728 -0.8107606059 0.5622593913 0.1132143106
1403715320.2121431828 1.4427214208 -2.0851706096 1.1402368790 -0.1246366780 -0.8080390046 0.5632485319 0.1195397710
1403715320.2621431351 1.4589118185 -2.1182817526 1.1543721735 -0.1333982545 -0.8035704215 0.5660125428 0.1269223572
1403715320.3121430874 1.4767265755 -2.1509295630 1.1692457194 -0.1451067720 -0.7978479626 0.5697680486 0.1332179566
1403715320.3621430397 1.4950949622 -2.1837122189 1.1829562863 -0.1594569033 -0.7922933810 0.5724301896 0.1384498913
1403715320.4121432304 1.5141336114 -2.2151713099 1.1961641142 -0.1752629141 -0.7877194465 0.5728771243 0.1435018639
1403715320.4621429443 1.5327723033 -2.2454179023 1.2087179236 -0.1913303885 -0.7834179495 0.5721046985 0.1494831523
1403715320.5121431351 1.5518431713 -2.2738467642 1.2199392056 -0.2077938987 -0.7796810794 0.5699294485 0.1552402456
1403715320.5621430874 1.5719612350 -2.2995297123 1.2290228459 -0.2246369452 -0.7750879882 0.5682618750 0.1607958172
1403715320.6121432781 1.5919594990 -2.3257769865 1.2408816556 -0.2413091256 -0.7706780184 0.5660259416 0.1656500265
1403715320.6621429920 1.6117469471 -2.3501186702 1.2532930478 -0.2581299296 -0.7656331714 0.5642226370 0.1697869315
1403715320.7121431828 1.6306744555 -2.3723800545 1.2658994875 -0.2739036131 -0.7606285455 0.5626002180 0.1729220088
1403715320.7621431351 1.6499301341 -2.3927050733 1.2771979086 -0.2888987703 -0.7549750343 0.5624025981 0.1739353779
1403715320.8121430874 1.6682912674 -2.4116259574 1.2897783887 -0.3018587657 -0.7501342767 0.5619490339 0.1743362724
1403715320.8621430397 1.6867226264 -2.4285779626 1.2995028399 -0.3133698570 -0.7468090456 0.5601809610 0.1739910142
1403715320.9121432304 1.7032027736 -2.4425946611 1.3092900580 -0.3225493410 -0.7454894516 0.5567675199 0.1738313230
1403715320.9621429443 1.7184709533 -2.4541568942 1.3171246408 -0.3291554623 -0.7448359052 0.5532610547 0.1754376282
1403715321.0121431351 1.7322320612 -2.4619683093 1.3237974213 -0.3337642068 -0.7448633703 0.5495521725 0.1782482075
1403715321.0621430874 1.7440668054 -2.4689033304 1.3303055255 -0.3364409836 -0.7451942486 0.5461612783 0.1822110163
1403715321.1121432781 1.7539609074 -2.4732946951 1.3359267185 -0.3380695934 -0.7454731122 0.5434862242 0.1860148195
1403715321.1621429920 1.7619220953 -2.4748428036 1.3409338224 -0.3389220047 -0.7457941759 0.5413873477 0.1892687553
1403715321.2121431828 1.7677567331 -2.4746906772 1.3462303828 -0.3391152988 -0.7468750206 0.5387589361 0.1921388209
1403715321.2621431351 1.7724274682 -2.4741526887 1.3503007480 -0.3394269310 -0.7475332100 0.5369635619 0.1940453341
1403715321.3121430874 1.7753485552 -2.4726520076 1.3548534165 -0.3400992821 -0.7479401420 0.5358695997 0.1943239418
1403715321.3621430397 1.7767831320 -2.4709755862 1.3607154278 -0.3404428841 -0.7484657089 0.5348872663 0.1944050864
1403715321.4121432304 1.7757585690 -2.4652480320 1.3649115322 -0.3407484143 -0.7479203837 0.5357146541 0.1936889961
1403715321.4621429443 1.7725866516 -2.4577437042 1.3698789423 -0.3400948906 -0.7474286356 0.5368995822 0.1934547461
1403715321.5121431351 1.7686264601 -2.4500897278 1.3739814509 -0.3388199073 -0.7478352835 0.5370872465 0.1935994547
1403715321.5621430874 1.7626568558 -2.4404537848 1.3780457428 -0.3372508017 -0.7489660416 0.5367538138 0.1928914429
1403715321.6121432781 1.7547841188 -2.4299828320 1.3822492263 -0.3340813399 -0.7506809616 0.5359727145 0.1939097769
1403715321.6621429920 1.7443640857 -2.4163230623 1.3851868313 -0.3314742274 -0.7508653592 0.5367620345 0.1954803502
1403715321.7121431828 1.7326355131 -2.4037498746 1.3904973707 -0.3304163222 -0.7486086577 0.5397047615 0.1978102680
1403715321.7621431351 1.7193297331 -2.3901615420 1.3959602718 -0.3307122866 -0.7463793653 0.5417626784 0.2001010418
1403715321.8121430874 1.7043029975 -2.3742326543 1.4032337058 -0.3334230084 -0.7424445627 0.5453860438 0.2003976845
1403715321.8621430397 1.6882630081 -2.3566687781 1.4096976782 -0.3367781310 -0.7366862499 0.5511681625 0.2002186715
1403715321.9121432304 1.6729525642 -2.3374997158 1.4140073488 -0.3397187413 -0.7316547907 0.5554055861 0.2019828680
1403715321.9621429443 1.6549420432 -2.3151303865 1.4199723738 -0.3432968915 -0.7291390690 0.5558116717 0.2039040165
1403715322.0121431351 1.6358833410 -2.2911550323 1.4247531371 -0.3475997829 -0.7289657205 0.5524545758 0.2063427025
1403715322.0621430874 1.6147818092 -2.2630496819 1.4292058271 -0.3528447899 -0.7298000023 0.5479202024 0.2065816126
1403715322.1121432781 1.5939365444 -2.2313630843 1.4311546584 -0.3561555427 -0.7312213396 0.5428284082 0.2092985931
1403715322.1621429920 1.5723550752 -2.2002693230 1.4363946811 -0.3560082675 -0.7346095306 0.5355137632 0.2164069325
1403715322.2121431828 1.5487321524 -2.1666708044 1.4402118198 -0.3544563983 -0.7373171495 0.5293311481 0.2247946137
1403715322.2621431351 1.5242837138 -2.1333766234 1.4443307487 -0.3544807069 -0.7389690177 0.5233263719 0.2332332045
1403715322.3121430874 1.4985559612 -2.0964493670 1.4472943913 -0.3560244979 -0.7403676619 0.5171010985 0.2402264265
1403715322.3621430397 1.4744582133 -2.0644576567 1.4492640866 -0.3594189735 -0.7407923368 0.5105328234 0.2477921537
1403715322.4121432304 1.4477500172 -2.0303284396 1.4486237042 -0.3638427353 -0.7403990406 0.5042442885 0.2552751891
1403715322.4621429443 1.4213820298 -1.9967249546 1.4439919624 -0.3693596833 -0.7395058301 0.4982425271 0.2616465856
1403715322.5121431351 1.3942666790 -1.9624681813 1.4360105697 -0.3748944937 -0.7381816959 0.4933265967 0.2667785062
1403715322.5621430874 1.3661111472 -1.9325611546 1.4271440181 -0.3805814167 -0.7373993282 0.4884124501 0.2699134950
1403715322.6121432781 1.3396755589 -1.9036408167 1.4145362699 -0.3846620412 -0.7365774462 0.4843840873 0.2736070829
1403715322.6621429920 1.3113448078 -1.8740786912 1.4011196444 -0.3881450386 -0.7360661637 0.4812928213 0.2755127072
1403715322.7121431828 1.2828459060 -1.8469853326 1.3880688415 -0.3905470654 -0.7351476824 0.4796290807 0.2774649884
1403715322.7621431351 1.2528053096 -1.8198208736 1.3753249970 -0.3919781062 -0.7338097811 0.4795178125 0.2791756382
1403715322.8121430874 1.2231826324 -1.7973089881 1.3625202196 -0.3929531334 -0.7331501211 0.4786458397 0.2810282817
1403715322.8621430397 1.1927581381 -1.7754296115 1.3529386394 -0.3933628539 -0.7332362849 0.4773756836 0.2823874508
1403715322.9121432304 1.1612810569 -1.7556884023 1.3456427484 -0.3924758374 -0.7327738001 0.4773092040 0.2849231454
1403715322.9621429443 1.1293143148 -1.7386655837 1.3435578834 -0.3919153123 -0.7323089238 0.4773265057 0.2868543796
1403715323.0121431351 1.0959535583 -1.7235257038 1.3449045464 -0.3912167682 -0.7322479949 0.4772694148 0.2880559320
1403715323.0621430874 1.0636399560 -1.7105995288 1.3480406963 -0.3905386637 -0.7322501356 0.4774944711 0.2885971606
1403715323.1121432781 1.0305455652 -1.6995416093 1.3530709836 -0.3898057767 -0.7323817774 0.4774018804 0.2894060005
1403715323.1621429920 0.9967020659 -1.6898838319 1.3566670813 -0.3887709494 -0.7329680525 0.4770150872 0.2899510125
1403715323.2121431828 0.9622228998 -1.6819864237 1.3569302424 -0.3868368652 -0.7335185776 0.4769166212 0.2913044327
1403715323.2621431351 0.9291202823 -1.6772573977 1.3539031913 -0.3854539038 -0.7333358095 0.4772925829 0.2929772498
1403715323.3121430874 0.8945478016 -1.6737001069 1.3487703984 -0.3845350725 -0.7337066021 0.4772222791 0.2933705787
1403715323.3621430397 0.8599932878 -1.6715264596 1.3431242144 -0.3844976494 -0.7333880667 0.4780434374 0.2928787688
1403715323.4121432304 0.8254710946 -1.6724084345 1.3376200379 -0.3843161590 -0.7331998643 0.4783359413 0.2931105188
1403715323.4621429443 0.7897968011 -1.6749762003 1.3352287889 -0.3845769123 -0.7337091139 0.4778061375 0.2923573662
1403715323.5121431351 0.7551954111 -1.6811943824 1.3355207972 -0.3847626089 -0.7337095388 0.4776271080 0.2924045027
1403715323.5621430874 0.7198293354 -1.6883859553 1.3396868835 -0.3852082957 -0.7339708935 0.4771062950 0.2920117802
1403715323.6121432781 0.6843799023 -1.6985758941 1.3475525716 -0.3839787382 -0.7303680333 0.4823343752 0.2940687249
1403715323.6621429920 0.6493872232 -1.7103590064 1.3576722587 -0.3821041122 -0.7244146653 0.4908150516 0.2971875254
1403715323.7121431828 0.6150281241 -1.7245344589 1.3687542710 -0.3798518339 -0.7181373834 0.4990172881 0.3016173552
1403715323.7621431351 0.5804741506 -1.7397566277 1.3787600367 -0.3768696201 -0.7114182713 0.5079006925 0.3064151095
1403715323.8121430874 0.5486786793 -1.7542216156 1.3879727607 -0.3742312704 -0.7053703283 0.5160799721 0.3099437346
1403715323.8621430397 0.5199101901 -1.7698750246 1.3975208877 -0.3722154318 -0.6999671897 0.5229072112 0.3131607480
1403715323.9121432304 0.4938466504 -1.7851023056 1.4076904527 -0.3695730667 -0.6947800496 0.5295400679 0.3166760924
1403715323.9621429443 0.4710120517 -1.7994374921 1.4184144048 -0.3661917038 -0.6883245788 0.5382231815 0.3200448674
1403715324.0121431351 0.4522821015 -1.8132992959 1.4284058391 -0.3642605190 -0.6830561073 0.5452511765 0.3216361036
1403715324.0621430874 0.4373287751 -1.8258260424 1.4367354187 -0.3636562535 -0.6809062748 0.5485069400 0.3213423579
1403715324.1121432781 0.4264948935 -1.8383042573 1.4451233020 -0.3654513759 -0.6819497229 0.5479986488 0.3179423662
1403715324.1621429920 0.4192893473 -1.8484706790 1.4522739003 -0.3682875009 -0.6847233828 0.5453805938 0.3131744140
1403715324.2121431828 0.4152973302 -1.8579773176 1.4587761446 -0.3713992036 -0.6870828424 0.5431334204 0.3081978050
1403715324.2621431351 0.4147565651 -1.8659362627 1.4658031710 -0.3745747018 -0.6889786090 0.5415711387 0.3028249838
1403715324.3121430874 0.4178679220 -1.8729828680 1.4731967754 -0.3780513533 -0.6903933389 0.5408473712 0.2965102578
1403715324.3621430397 0.4242055171 -1.8791740338 1.4811044686 -0.3836436186 -0.6916403602 0.5398495296 0.2881209320
1403715324.4121432304 0.4315333547 -1.8830527914 1.4878424060 -0.3895784420 -0.6954881027 0.5356483602 0.2785781234
1403715324.4621429443 0.4402264136 -1.8847767153 1.4957250459 -0.3954157380 -0.7006505413 0.5291819014 0.2696325801
1403715324.5121431351 0.4480359141 -1.8860143029 1.5042825500 -0.4001169469 -0.7053745230 0.5227420062 0.2628573873
1403715324.5621430874 0.4551287480 -1.8840852126 1.5116306679 -0.4031158502 -0.7094559924 0.5171519354 0.2583092756
1403715324.6121432781 0.4619836310 -1.8815522636 1.5196220813 -0.4047063038 -0.7120084193 0.5133499558 0.2563759765
1403715324.6621429920 0.4674156458 -1.8780367773 1.5288242575 -0.4048416117 -0.7138431560 0.5105952529 0.2565613101
1403715324.7121431828 0.4709972709 -1.8747143578 1.5373348010 -0.4042962768 -0.7146836321 0.5091085914 0.2580315265
1403715324.7621431351 0.4740819328 -1.8690217277 1.5438934055 -0.4022071186 -0.7154435879 0.5081544257 0.2610536073
1403715324.8121430874 0.4754927285 -1.8635188441 1.5513304856 -0.3984719781 -0.7167820339 0.5063578185 0.2665433514
1403715324.8621430397 0.4764483405 -1.8582855207 1.5586020247 -0.3936328292 -0.7177013839 0.5051291960 0.2735003010
1403715324.9121432304 0.4769923614 -1.8515891394 1.5642059111 -0.3884675281 -0.7173459217 0.5060260236 0.2800811875
1403715324.9621429443 0.4780310634 -1.8467478619 1.5709405288 -0.3848108891 -0.7158890249 0.5083433576 0.2846234609
1403715325.0121431351 0.4790353380 -1.8427508221 1.5767834297 -0.3818480541 -0.7141370258 0.5112041666 0.2878726663
1403715325.0621430874 0.4801774913 -1.8364134862 1.5816190870 -0.3801511793 -0.7123578841 0.5142739756 0.2890564026
1403715325.1121432781 0.4830186606 -1.8318353424 1.5859994514 -0.3788171593 -0.7102565900 0.5178119222 0.2896617845
1403715325.1621429920 0.4868369328 -1.8254306111 1.5880569310 -0.3775311289 -0.7092097122 0.5200931271 0.2898188573
1403715325.2121431828 0.4918089369 -1.8194244553 1.5912485180 -0.3765529136 -0.7085164955 0.5218234611 0.2896766376
1403715325.2621431351 0.4987582905 -1.8137503332 1.5927895922 -0.3766071228 -0.7085188090 0.5225302867 0.2883232072
1403715325.3121430874 0.5061455194 -1.8075538623 1.5951552608 -0.3770516558 -0.7093601222 0.5222188351 0.2862302469
1403715325.3621430397 0.5146800210 -1.8002484128 1.5957502018 -0.3778859283 -0.7110595338 0.5206318611 0.2837939920
1403715325.4121432304 0.5238620856 -1.7932626037 1.5966875625 -0.3799521419 -0.7132204906 0.5184445977 0.2795855874
1403715325.4621429443 0.5336344045 -1.7862036584 1.5964810462 -0.3824211610 -0.7156333753 0.5156093544 0.2752633675
1403715325.5121431351 0.5433357387 -1.7777085396 1.5961307283 -0.3846083288 -0.7177190727 0.5132321604 0.2711982958
1403715325.5621430874 0.5531420160 -1.7705152002 1.5963968345 -0.3874879693 -0.7184340483 0.5121661824 0.2671916794
1403715325.6121432781 0.5618144415 -1.7616928901 1.5985315203 -0.3915669977 -0.7173871885 0.5135004182 0.2614349415
1403715325.6621429920 0.5692518216 -1.7519818690 1.5995147448 -0.3954777051 -0.7160679011 0.5151447480 0.2558711285
1403715325.7121431828 0.5769469389 -1.7419224423 1.5992421984 -0.3984526254 -0.7152493935 0.5159504487 0.2518907400
1403715325.7621431351 0.5832516708 -1.7315094524 1.6003345566 -0.4011238927 -0.7153398499 0.5152992573 0.2487070511
1403715325.8121430874 0.5879740785 -1.7184070646 1.5997927554 -0.4022110516 -0.7161894663 0.5138320594 0.2475389526
1403715325.8621430397 0.5924712219 -1.7049958992 1.5985839027 -0.4025569942 -0.7170006876 0.5122535389 0.2478995610
1403715325.9121432304 0.5936277730 -1.6893734306 1.5964104438 -0.4025851683 -0.7178829874 0.5107368519 0.2484291988
1403715325.9621429443 0.5937449768 -1.6749854851 1.5958077846 -0.4025818944 -0.7191555926 0.5084168371 0.2495102637
1403715326.0121431351 0.5912206239 -1.6580112625 1.5939495153 -0.4016518281 -0.7199108062 0.5068651712 0.2519760671
1403715326.0621430874 0.5874277594 -1.6406679976 1.5914473518 -0.3999123497 -0.7203145886 0.5056702324 0.2559582428
1403715326.1121432781 0.5818681143 -1.6224533267 1.5882195863 -0.3971617905 -0.7210919244 0.5040007424 0.2612894954
1403715326.1621429920 0.5761149452 -1.6054563958 1.5844907292 -0.3942534253 -0.7215027038 0.5025298569 0.2673234521
1403715326.2121431828 0.5706104392 -1.5878623534 1.5795297214 -0.3918024978 -0.7216035021 0.5014968052 0.2725438365
1403715326.2621431351 0.5637626979 -1.5708387916 1.5752872209 -0.3895238886 -0.7211661916 0.5010916134 0.2776646527
1403715326.3121430874 0.5565522527 -1.5544512809 1.5706067057 -0.3876239075 -0.7194968512 0.5026187705 0.2818623051
1403715326.3621430397 0.5485006872 -1.5374391131 1.5661710353 -0.3853354498 -0.7164071260 0.5061330909 0.2865426935
1403715326.4121432304 0.5418249462 -1.5217290680 1.5617588765 -0.3836225885 -0.7123600813 0.5108265828 0.2905736162
1403715326.4621429443 0.5351667558 -1.5061097336 1.5569496075 -0.3826806225 -0.7089231133 0.5147611397 0.2932652889
1403715326.5121431351 0.5291710231 -1.4894096948 1.5526287088 -0.3814524760 -0.7056572395 0.5185643339 0.2960285468
1403715326.5621430874 0.5261031910 -1.4730994346 1.5473586751 -0.3808592937 -0.7031453663 0.5210555919 0.2983854259
1403715326.6121432781 0.5228257418 -1.4566956491 1.5413175090 -0.3798399519 -0.7013520622 0.5228055676 0.3008342303
1403715326.6621429920 0.5225936569 -1.4399235283 1.5358673776 -0.3803263749 -0.7002511311 0.5233449323 0.3018448009
1403715326.7121431828 0.5238394175 -1.4224509356 1.5290081597 -0.3812130132 -0.6999504880 0.5228464838 0.3022871274
1403715326.7621431351 0.5264867389 -1.4048228831 1.5215249747 -0.3840610706 -0.7007735992 0.5210183687 0.2999221836
1403715326.8121430874 0.5318519323 -1.3867664957 1.5156398304 -0.3880230263 -0.7023969157 0.5180926913 0.2960686865
1403715326.8621430397 0.5372932450 -1.3680791288 1.5094000011 -0.3924446563 -0.7039081130 0.5151592114 0.2917388338
1403715326.9121432304 0.5427012886 -1.3477406214 1.5018957012 -0.3958511732 -0.7061124163 0.5116096507 0.2880324106
1403715326.9621429443 0.5499426690 -1.3281772073 1.4953785721 -0.3994172210 -0.7067889019 0.5097418384 0.2847430244
1403715327.0121431351 0.5571875606 -1.3088820549 1.4904610814 -0.4031522561 -0.7069186433 0.5086600680 0.2810680083
1403715327.0621430874 0.5644411491 -1.2885755150 1.4862996742 -0.4064249738 -0.7066332220 0.5082912550 0.2777196975
1403715327.1121432781 0.5704740463 -1.2674046901 1.4817410088 -0.4093085028 -0.7067330496 0.5074838029 0.2746909824
1403715327.1621429920 0.5757300893 -1.2454124324 1.4768889524 -0.4115477315 -0.7072790587 0.5062670779 0.2721735545
1403715327.2121431828 0.5806440853 -1.2221108123 1.4712344132 -0.4138324305 -0.7076301366 0.5052434784 0.2696874800
1403715327.2621431351 0.5843262452 -1.1990135731 1.4672372467 -0.4162497057 -0.7080064437 0.5038586828 0.2675621160
1403715327.3121430874 0.5864246365 -1.1747191731 1.4632462669 -0.4183906883 -0.7080222748 0.5031340928 0.2655367678
1403715327.3621430397 0.5881616017 -1.1496310575 1.4591159551 -0.4203460594 -0.7080146961 0.5023332420 0.2639804812
1403715327.4121432304 0.5881607660 -1.1238491929 1.4543234688 -0.4224228473 -0.7075497083 0.5019695813 0.2626002434
1403715327.4621429443 0.5855051863 -1.0966856070 1.4522373910 -0.4224622354 -0.7084320812 0.5011018803 0.2618139636
1403715327.5121431351 0.5820460499 -1.0680218439 1.4478207767 -0.4215457640 -0.7090821238 0.5015006164 0.2607658764
1403715327.5621430874 0.5751016058 -1.0389406783 1.4435001759 -0.4179186596 -0.7112998195 0.5010152876 0.2614961611
1403715327.6121432781 0.5684963711 -1.0094748378 1.4399410937 -0.4127593513 -0.7143005382 0.5002588603 0.2629553798
1403715327.6621429920 0.5607478807 -0.9795511290 1.4352795909 -0.4069413561 -0.7176088589 0.5001577720 0.2632080192
1403715327.7121431828 0.5523256966 -0.9495032393 1.4305338139 -0.3997565717 -0.7215294010 0.5003546293 0.2631259241
1403715327.7621431351 0.5439093677 -0.9200568011 1.4263370987 -0.3925204048 -0.7254174397 0.5016085308 0.2609332325
1403715327.8121430874 0.5342313433 -0.8907977877 1.4219690227 -0.3845826346 -0.7301088164 0.5025612284 0.2578168440
1403715327.8621430397 0.5233136434 -0.8620672396 1.4160258300 -0.3760942737 -0.7344889620 0.5047771470 0.2535332203
1403715327.9121432304 0.5122440410 -0.8332548405 1.4103879457 -0.3667362894 -0.7384721701 0.5077346927 0.2497375218
1403715327.9621429443 0.4987607514 -0.8055523877 1.4051713411 -0.3568523131 -0.7421664704 0.5110140311 0.2463940278
1403715328.0121431351 0.4848391999 -0.7775071164 1.3997431380 -0.3476228711 -0.7449021372 0.5142370551 0.2446209243
1403715328.0621430874 0.4696920118 -0.7497859120 1.3956252612 -0.3402781872 -0.7467678274 0.5173452082 0.2426983781
1403715328.1121432781 0.4544757249 -0.7236255654 1.3908894337 -0.3335804504 -0.7473205245 0.5209721294 0.2425369192
1403715328.1621429920 0.4390127967 -0.6968299474 1.3876170539 -0.3279373166 -0.7472839786 0.5242333374 0.2433170354
1403715328.2121431828 0.4239541243 -0.6704984315 1.3834850526 -0.3229900475 -0.7462523258 0.5276990075 0.2455985604
1403715328.2621431351 0.4099893663 -0.6460167230 1.3811516363 -0.3196568379 -0.7447141764 0.5308197544 0.2478924966
1403715328.3121430874 0.3985419890 -0.6217198906 1.3787719149 -0.3169980917 -0.7430205538 0.5331329387 0.2513999525
1403715328.3621430397 0.3860129863 -0.5972141447 1.3764961534 -0.3157993758 -0.7416757846 0.5342380660 0.2545141914
1403715328.4121432304 0.3754357545 -0.5720856688 1.3734398558 -0.3154882861 -0.7400746506 0.5351402950 0.2576461091
1403715328.4621429443 0.3660943789 -0.5477786178 1.3716756861 -0.3160610730 -0.7391806373 0.5347293621 0.2603495589
1403715328.5121431351 0.3581012336 -0.5231520282 1.3702126884 -0.3175308262 -0.7387223371 0.5337971560 0.2617710439
1403715328.5621430874 0.3527020573 -0.5003472883 1.3670691927 -0.3198428042 -0.7397030939 0.5309082542 0.2620617086
1403715328.6121432781 0.3493890328 -0.4770763673 1.3649580291 -0.3211648029 -0.7424830030 0.5267053401 0.2610625296
1403715328.6621429920 0.3481288735 -0.4542616113 1.3630486152 -0.3215796127 -0.7460582323 0.5224574604 0.2588858218
1403715328.7121431828 0.3482027913 -0.4333168440 1.3602728016 -0.3206319492 -0.7487742480 0.5206823242 0.2557776299
1403715328.7621431351 0.3507491134 -0.4135899048 1.3573813201 -0.3188614471 -0.7523841435 0.5192736744 0.2502005781
1403715328.8121430874 0.3539691930 -0.3944744503 1.3555828121 -0.3146334538 -0.7558035156 0.5199281825 0.2438063178
1403715328.8621430397 0.3586411166 -0.3768965504 1.3526999076 -0.3083952330 -0.7587250854 0.5226897130 0.2366940829
1403715328.9121432304 0.3643097617 -0.3615726463 1.3504835615 -0.3003514844 -0.7621465337 0.5259323818 0.2287286094
1403715328.9621429443 0.3700778256 -0.3461528793 1.3491442882 -0.2899962633 -0.7660720955 0.5297501412 0.2200011356
1403715329.0121431351 0.3780148196 -0.3319205691 1.3459082224 -0.2781027769 -0.7698785757 0.5344338974 0.2105379618
1403715329.0621430874 0.3858376132 -0.3189238209 1.3428918205 -0.2655719793 -0.7743207494 0.5382747427 0.2003976102
1403715329.1121432781 0.3943325091 -0.3065417362 1.3409442854 -0.2528891191 -0.7784469761 0.5426578707 0.1886526813
1403715329.1621429920 0.4025946856 -0.2933449859 1.3372127373 -0.2391430345 -0.7830372168 0.5462466099 0.1768557812
1403715329.2121431828 0.4117658676 -0.2824135079 1.3323917688 -0.2257764486 -0.7875930249 0.5486776451 0.1663582404
1403715329.2621431351 0.4201492812 -0.2709940310 1.3276926012 -0.2130374575 -0.7922265728 0.5500491721 0.1563266045
1403715329.3121430874 0.4279498574 -0.2603985527 1.3209868972 -0.2019618701 -0.7955809841 0.5517868216 0.1476265702
1403715329.3621430397 0.4354078492 -0.2503247365 1.3161695196 -0.1931009212 -0.7983435851 0.5529197612 0.1401402585
1403715329.4121432304 0.4429274579 -0.2404882190 1.3094205105 -0.1858443478 -0.8000565893 0.5544950860 0.1338152900
1403715329.4621429443 0.4490207431 -0.2314158390 1.3025948158 -0.1800203391 -0.8021093089 0.5546883639 0.1285851974
1403715329.5121431351 0.4538478555 -0.2229963593 1.2946061193 -0.1748959145 -0.8034529343 0.5551763961 0.1251158290
1403715329.5621430874 0.4593653817 -0.2165232246 1.2868273698 -0.1715057136 -0.8050379859 0.5547310698 0.1215445256
1403715329.6121432781 0.4638329870 -0.2092862273 1.2795617042 -0.1683842537 -0.8063018934 0.5541904419 0.1199873074
1403715329.6621429920 0.4675366291 -0.2025185412 1.2728298289 -0.1663851439 -0.8064565341 0.5547926190 0.1189495369
1403715329.7121431828 0.4700959531 -0.1979345501 1.2668716647 -0.1648956722 -0.8059803373 0.5559257036 0.1189610243
1403715329.7621431351 0.4738000886 -0.1936499574 1.2594997009 -0.1644320376 -0.8048393984 0.5577483938 0.1187955260
1403715329.8121430874 0.4776139932 -0.1888713560 1.2523129567 -0.1643124335 -0.8038923538 0.5591679447 0.1187001154
1403715329.8621430397 0.4794165902 -0.1862196226 1.2445192249 -0.1648822216 -0.8034523463 0.5597284662 0.1182464559
1403715329.9121432304 0.4820974251 -0.1826020180 1.2353474524 -0.1652500784 -0.8027638022 0.5605050275 0.1187299608
1403715329.9621429443 0.4841363400 -0.1788168632 1.2246609253 -0.1658663899 -0.8023246041 0.5610429245 0.1182979595
1403715330.0121431351 0.4879840820 -0.1767978691 1.2152390031 -0.1656796055 -0.8020858474 0.5617376905 0.1168731314
1403715330.0621430874 0.4922823183 -0.1740884232 1.2030907496 -0.1645292940 -0.8017191353 0.5629880220 0.1149827232
1403715330.1121432781 0.4939217900 -0.1713575480 1.1905501202 -0.1629739446 -0.8023783826 0.5628309693 0.1133566255
1403715330.1621429920 0.4954938002 -0.1689353888 1.1777390109 -0.1602104715 -0.8034411839 0.5620800368 0.1134940571
1403715330.2121431828 0.4985968627 -0.1659872930 1.1626789016 -0.1579097748 -0.8047104895 0.5607735993 0.1141862579
1403715330.2621431351 0.5011887827 -0.1641458232 1.1512203000 -0.1564720123 -0.8067684811 0.5581158158 0.1146641334
1403715330.3121430874 0.5004478846 -0.1620673602 1.1378308677 -0.1551041869 -0.8079296061 0.5567091204 0.1151841917
1403715330.3621430397 0.5018284152 -0.1608359485 1.1251621508 -0.1544352030 -0.8088374552 0.5554524519 0.1157769956
1403715330.4121432304 0.5029206563 -0.1606239534 1.1163309211 -0.1545468546 -0.8090206109 0.5552711744 0.1152165080
1403715330.4621429443 0.5022788905 -0.1607500935 1.1077609530 -0.1547228309 -0.8079816196 0.5569259629 0.1142804440
1403715330.5121431351 0.5035718726 -0.1620846877 1.1041795587 -0.1557416876 -0.8074119115 0.5577664303 0.1128146316
1403715330.5621430874 0.5049057815 -0.1637235869 1.1038431487 -0.1555114704 -0.8071730895 0.5581248703 0.1130681884
1403715330.6121432781 0.5056627608 -0.1659354797 1.1070798450 -0.1561828586 -0.8055200838 0.5604539122 0.1124087260
1403715330.6621429920 0.5055512287 -0.1678176262 1.1145948215 -0.1576454157 -0.8025330449 0.5646413932 0.1107643072
1403715330.7121431828 0.5053069743 -0.1700751427 1.1261797685 -0.1594861460 -0.8000901599 0.5681122210 0.1080204133
1403715330.7621431351 0.5069855626 -0.1716269239 1.1384286646 -0.1614377522 -0.7982685571 0.5710828845 0.1028080832
1403715330.8121430874 0.5074444762 -0.1726509996 1.1519326759 -0.1617534539 -0.7975776535 0.5731632002 0.0958626767
1403715330.8621430397 0.5078585703 -0.1730492283 1.1645555928 -0.1585958131 -0.7983657898 0.5738704845 0.0901781610
1403715330.9121432304 0.5078654620 -0.1719376549 1.1748661689 -0.1539618620 -0.7996208524 0.5745281883 0.0825808597
1403715330.9621429443 0.5079000415 -0.1698577469 1.1869788270 -0.1473680806 -0.8009174677 0.5755274249 0.0747130647
1403715331.0121431351 0.5068902266 -0.1671102619 1.1966888943 -0.1392579290 -0.8024885523 0.5763963786 0.0662311668
1403715331.0621430874 0.5028261009 -0.1632788354 1.2077841715 -0.1304003684 -0.8044537387 0.5767984074 0.0561562420
1403715331.1121432781 0.4972722639 -0.1588661544 1.2188581414 -0.1199941606 -0.8065208862 0.5769721036 0.0472086140
1403715331.1621429920 0.4953603706 -0.1533049620 1.2312314096 -0.1075812238 -0.8098317229 0.5752078943 0.0416502009
1403715331.2121431828 0.4878908082 -0.1475867577 1.2437115780 -0.0957584260 -0.8120237095 0.5745335677 0.0368645998
1403715331.2621431351 0.4803909813 -0.1416531478 1.2593524072 -0.0847158709 -0.8138772241 0.5738106158 0.0341827803
1403715331.3121430874 0.4685686190 -0.1359465721 1.2744024366 -0.0736964512 -0.8156266369 0.5728729625 0.0337430144
1403715331.3621430397 0.4567265158 -0.1303899220 1.2929853788 -0.0636854703 -0.8169758916 0.5720882904 0.0347784624
1403715331.4121432304 0.4423320483 -0.1252023953 1.3115224769 -0.0559891525 -0.8176774580 0.5718908225 0.0347804062
1403715331.4621429443 0.4299086798 -0.1196571521 1.3322744739 -0.0511606137 -0.8176277847 0.5724685138 0.0338703111
1403715331.5121431351 0.4170261395 -0.1141058019 1.3530725286 -0.0471185641 -0.8179036859 0.5724619133 0.0331776937
1403715331.5621430874 0.4025179495 -0.1097591519 1.3753921806 -0.0441060559 -0.8177697890 0.5729709869 0.0318037127
1403715331.6121432781 0.3880448039 -0.1052302171 1.3956905454 -0.0426482693 -0.8180736498 0.5727572427 0.0297618791
1403715331.6621429920 0.3738001005 -0.1009324394 1.4156826412 -0.0406934228 -0.8175904893 0.5735810557 0.0299100274
1403715331.7121431828 0.3583513993 -0.0965805860 1.4343688594 -0.0379177727 -0.8168902201 0.5746158695 0.0326988283
1403715331.7621431351 0.3440054376 -0.0923702135 1.4515455583 -0.0357478921 -0.8167920839 0.5746942982 0.0360450205
1403715331.8121430874 0.3270911507 -0.0887419400 1.4673525712 -0.0349611143 -0.8162621549 0.5753727312 0.0379477952
1403715331.8621430397 0.3136836742 -0.0860217103 1.4860590497 -0.0355651916 -0.8161163610 0.5754836595 0.0388298872
1403715331.9121432304 0.2980977931 -0.0825084228 1.5004421220 -0.0365849952 -0.8160444659 0.5754458460 0.0399380276
1403715331.9621429443 0.2853024673 -0.0786262453 1.5125460491 -0.0393226256 -0.8173803048 0.5734337313 0.0389477119
1403715332.0121431351 0.2713356696 -0.0760377813 1.5224226446 -0.0432841657 -0.8180122101 0.5723789744 0.0369434004
1403715332.0621430874 0.2585454253 -0.0736197240 1.5275539341 -0.0465058386 -0.8193323868 0.5702158952 0.0372220333
1403715332.1121432781 0.2455273605 -0.0714723330 1.5304489085 -0.0494757272 -0.8206069879 0.5680670996 0.0381588023
1403715332.1621429920 0.2311032580 -0.0694567823 1.5295441520 -0.0544346210 -0.8216597279 0.5662280275 0.0360275526
1403715332.2121431828 0.2166334396 -0.0689892194 1.5305878898 -0.0600356789 -0.8220562831 0.5653585899 0.0314459784
1403715332.2621431351 0.2022588932 -0.0691669794 1.5315907109 -0.0645031971 -0.8211788674 0.5664090095 0.0261808937
1403715332.3121430874 0.1887556317 -0.0700748671 1.5342842063 -0.0674018355 -0.8201292550 0.5677737485 0.0218624850
1403715332.3621430397 0.1737289850 -0.0715357951 1.5374701786 -0.0678467832 -0.8205373335 0.5672616662 0.0181521471
1403715332.4121432304 0.1574882342 -0.0733892456 1.5386628923 -0.0658642960 -0.8213525347 0.5663732329 0.0162255741
1403715332.4621429443 0.1392431115 -0.0758669806 1.5406995407 -0.0630374414 -0.8228619909 0.5645168757 0.0156563727
1403715332.5121431351 0.1208068773 -0.0795163716 1.5425322365 -0.0608389505 -0.8246095083 0.5622372159 0.0143907588
1403715332.5621430874 0.1002591519 -0.0842932913 1.5446480230 -0.0581129117 -0.8260494455 0.5604016391 0.0146699021
1403715332.6121432781 0.0793897465 -0.0902929113 1.5483512750 -0.0563592873 -0.8258202614 0.5609242407 0.0144403188
1403715332.6621429920 0.0572048185 -0.0973748362 1.5525500749 -0.0549008055 -0.8249444929 0.5623680818 0.0139508335
1403715332.7121431828 0.0325615739 -0.1068614028 1.5578843041 -0.0527544369 -0.8239320425 0.5640580186 0.0138387258
1403715332.7621431351 0.0091413411 -0.1158855428 1.5610303617 -0.0501053980 -0.8237865326 0.5645041193 0.0141526340
1403715332.8121430874 -0.0176848385 -0.1269781124 1.5638564786 -0.0462714164 -0.8234400187 0.5653229740 0.0146774206
1403715332.8621430397 -0.0452331354 -0.1398959406 1.5667207073 -0.0415007237 -0.8234129495 0.5657237470 0.0150148833
1403715332.9121432304 -0.0719885155 -0.1529461326 1.5716617666 -0.0366237421 -0.8196075802 0.5715722397 0.0143975958
1403715332.9621429443 -0.0992161557 -0.1658807106 1.5759282809 -0.0308816708 -0.8131819722 0.5810413178 0.0131297149
1403715333.0121431351 -0.1270850684 -0.1799730771 1.5816483025 -0.0249851753 -0.8064821503 0.5906303196 0.0108677421
1403715333.0621430874 -0.1548324867 -0.1931539441 1.5865065126 -0.0195744451 -0.8006422348 0.5987662097 0.0082388725
1403715333.1121432781 -0.1825841426 -0.2042891478 1.5901846534 -0.0150047665 -0.7962535470 0.6047431837 0.0063896451
1403715333.1621429920 -0.2115724512 -0.2148417894 1.5924886534 -0.0108327172 -0.7934429927 0.6085248217 0.0053301942
1403715333.2121431828 -0.2391972540 -0.2219945278 1.5950740957 -0.0076628959 -0.7921984684 0.6101956081 0.0049179788
1403715333.2621431351 -0.2663397274 -0.2274008134 1.5964376612 -0.0054008816 -0.7930481239 0.6091186012 0.0044758472
1403715333.3121430874 -0.2944227314 -0.2308493271 1.5952318572 -0.0037773824 -0.7949747479 0.6066186005 0.0038412352
1403715333.3621430397 -0.3244648451 -0.2341437624 1.5927046168 -0.0020715804 -0.7973289447 0.6035277137 0.0040695568
1403715333.4121432304 -0.3522194575 -0.2345628803 1.5895184239 -0.0010624064 -0.7999811366 0.6000093583 0.0042216439
1403715333.4621429443 -0.3807282040 -0.2337589030 1.5865137895 -0.0004515636 -0.8019539951 0.5973703776 0.0042682184
1403715333.5121431351 -0.4078772751 -0.2319941658 1.5856883082 -0.0006271750 -0.8027053282 0.5963611470 0.0041406563
1403715333.5621430874 -0.4340548455 -0.2280708798 1.5826849816 -0.0013637484 -0.8023834430 0.5967977424 0.0033771653
1403715333.6121432781 -0.4606104657 -0.2238752363 1.5784413262 -0.0011240119 -0.8015429098 0.5979249202 0.0036728908
1403715333.6621429920 -0.4891966859 -0.2187118254 1.5727633445 -0.0010437950 -0.8031246313 0.5958029070 0.0029381934
1403715333.7121431828 -0.5148349308 -0.2113031105 1.5673145830 -0.0011091647 -0.8061951124 0.5916426745 0.0026750940
1403715333.7621431351 -0.5425111373 -0.2045248710 1.5617427939 -0.0010780717 -0.8108262471 0.5852821635 0.0021033130
1403715333.8121430874 -0.5692051499 -0.1964371787 1.5544648990 -0.0005874056 -0.8148742786 0.5796366629 0.0009507922
1403715333.8621430397 -0.5948264484 -0.1882631906 1.5504736949 -0.0012642634 0.8181700246 -0.5749739384 0.0010875107
1403715333.9121432304 -0.6206991254 -0.1798331053 1.5471455594 -0.0041559584 0.8204996668 -0.5716190554 0.0038314801
1403715333.9621429443 -0.6462603751 -0.1722937945 1.5445487722 -0.0087098611 0.8215791808 -0.5699949879 0.0061238692
1403715334.0121431351 -0.6713952441 -0.1649307897 1.5430246508 -0.0131546651 0.8217794264 -0.5695602387 0.0103278093
1403715334.0621430874 -0.6977124724 -0.1587758197 1.5419348329 -0.0179001118 0.8221315795 -0.5688146465 0.0151376968
1403715334.1121432781 -0.7236670052 -0.1539019020 1.5419422372 -0.0223894591 0.8223339462 -0.5682340104 0.0193830482
1403715334.1621429920 -0.7498713135 -0.1496304218 1.5413019280 -0.0270309792 0.8226197861 -0.5674922401 0.0227721569
1403715334.2121431828 -0.7764181965 -0.1462661060 1.5428905797 -0.0306999662 0.8231802733 -0.5663458870 0.0261550366
1403715334.2621431351 -0.8029612008 -0.1435435391 1.5432146034 -0.0336473817 0.8236500445 -0.5653669705 0.0287862214
1403715334.3121430874 -0.8302405959 -0.1418697594 1.5456428323 -0.0363030101 0.8235642928 -0.5652212111 0.0308047020
1403715334.3621430397 -0.8566668640 -0.1411551988 1.5464716893 -0.0387707194 0.8236394643 -0.5648810283 0.0320045001
1403715334.4121432304 -0.8850151726 -0.1413114605 1.5469484596 -0.0406620429 0.8233788765 -0.5650714850 0.0329854644
1403715334.4621429443 -0.9125097234 -0.1423968701 1.5480105910 -0.0419689624 0.8232421167 -0.5651183653 0.0339449059
1403715334.5121431351 -0.9411688667 -0.1441475994 1.5488819513 -0.0429784834 0.8228476915 -0.5655866752 0.0344418264
1403715334.5621430874 -0.9685709858 -0.1468930054 1.5513858292 -0.0442531893 0.8220532082 -0.5666471300 0.0343687102
1403715334.6121432781 -0.9956038799 -0.1501347947 1.5511026071 -0.0461200926 0.8215727694 -0.5672464418 0.0335051631
1403715334.6621429920 -1.0244939925 -0.1542522214 1.5519907388 -0.0482077472 0.8214716844 -0.5673139319 0.0318620068
1403715334.7121431828 -1.0521691937 -0.1584587927 1.5506428160 -0.0489478376 0.8208406779 -0.5682071462 0.0310697559
1403715334.7621431351 -1.0800418648 -0.1642178868 1.5513930249 -0.0496448920 0.8204999238 -0.5686813757 0.0302779238
1403715334.8121430874 -1.1083685033 -0.1704690911 1.5507340283 -0.0501514655 0.8204526172 -0.5687571931 0.0292846177
1403715334.8621430397 -1.1364663389 -0.1768399882 1.5501842245 -0.0505892264 0.8201307937 -0.5692316078 0.0283123302
1403715334.9121432304 -1.1642239103 -0.1835332261 1.5499761486 -0.0507541070 0.8199711950 -0.5694829332 0.0275762373
1403715334.9621429443 -1.1899664583 -0.1908291550 1.5494300748 -0.0507852250 0.8204243852 -0.5688827158 0.0264034990
1403715335.0121431351 -1.2165574569 -0.1981450848 1.5492229710 -0.0509334949 0.8203007890 -0.5690640670 0.0260476941
1403715335.0621430874 -1.2431855463 -0.2068431946 1.5474542345 -0.0518500316 0.8205527937 -0.5686078305 0.0262644629
1403715335.1121432781 -1.2696571394 -0.2159716549 1.5471934309 -0.0528479126 0.8206459499 -0.5683756046 0.0263911944
1403715335.1621429920 -1.2947478193 -0.2241127697 1.5455099407 -0.0540193298 0.8205053193 -0.5684948022 0.0258184597
1403715335.2121431828 -1.3196031419 -0.2345436848 1.5444735534 -0.0544827639 0.8207699229 -0.5680599797 0.0260042590
1403715335.2621431351 -1.3437673067 -0.2446852670 1.5436259942 -0.0561383584 0.8208866965 -0.5677316573 0.0259669320
1403715335.3121430874 -1.3678890802 -0.2544998451 1.5416502637 -0.0583233662 0.8206638774 -0.5677845372 0.0270167467
1403715335.3621430397 -1.3896732333 -0.2652833427 1.5407829259 -0.0612670450 0.8204237246 -0.5677308142 0.0288614599
1403715335.4121432304 -1.4118351046 -0.2766088262 1.5390884835 -0.0652643464 0.8199546247 -0.5678309742 0.0313522443
1403715335.4621429443 -1.4327575336 -0.2873260694 1.5388537244 -0.0689780012 0.8197474060 -0.5675289379 0.0341632891
1403715335.5121431351 -1.4530942198 -0.2991956360 1.5376459106 -0.0713607539 0.8196795845 -0.5670695644 0.0382770247
1403715335.5621430874 -1.4732995583 -0.3120318109 1.5385174600 -0.0727447240 0.8194146962 -0.5669498466 0.0428442798
1403715335.6121432781 -1.4930355851 -0.3242436973 1.5364723429 -0.0746601907 0.8190917569 -0.5668610127 0.0467241051
1403715335.6621429920 -1.5126249848 -0.3373384343 1.5362036311 -0.0775559348 0.8187432745 -0.5665884809 0.0512056710
1403715335.7121431828 -1.5316009436 -0.3500235126 1.5345006242 -0.0825519704 0.8186888281 -0.5656842657 0.0541764385
1403715335.7621431351 -1.5512307868 -0.3634282267 1.5331449130 -0.0880545428 0.8179422834 -0.5655666127 0.0578897671
1403715335.8121430874 -1.5695079899 -0.3773309355 1.5309429363 -0.0932596275 0.8172387099 -0.5654352717 0.0608809207
1403715335.8621430397 -1.5884282091 -0.3920833264 1.5277716491 -0.0979963080 0.8163017097 -0.5656689809 0.0637718303
1403715335.9121432304 -1.6077991560 -0.4074109915 1.5271727647 -0.1024256978 0.8158262051 -0.5652812022 0.0662853074
1403715335.9621429443 -1.6259136902 -0.4233125426 1.5259401967 -0.1058724954 0.8140465482 -0.5668155138 0.0695658354
1403715336.0121431351 -1.6445801924 -0.4391859067 1.5238123535 -0.1100500082 0.8121802321 -0.5685112995 0.0710434272
1403715336.0621430874 -1.6633015458 -0.4553573223 1.5225086157 -0.1126658136 0.8098414205 -0.5710538961 0.0732170453
1403715336.1121432781 -1.6813494393 -0.4711707263 1.5213216327 -0.1144774635 0.8073363800 -0.5739590379 0.0753253127
1403715336.1621429920 -1.6995955964 -0.4875994660 1.5197594646 -0.1165966488 0.8046819773 -0.5771440393 0.0761373414
1403715336.2121431828 -1.7178354970 -0.5031607838 1.5178779037 -0.1175588168 0.8023848046 -0.5798955523 0.0779724209
1403715336.2621431351 -1.7356714943 -0.5187824085 1.5174548527 -0.1182908757 0.8020914206 -0.5798864470 0.0799270317
1403715336.3121430874 -1.7539556855 -0.5337823854 1.5151412112 -0.1196591996 0.8032509317 -0.5779357330 0.0803735351
1403715336.3621430397 -1.7711775600 -0.5477157050 1.5116503282 -0.1212231689 0.8052510721 -0.5747719891 0.0807020119
1403715336.4121432304 -1.7887034411 -0.5615285657 1.5087243920 -0.1227635965 0.8069553369 -0.5721120744 0.0802493485
1403715336.4621429443 -1.8069464043 -0.5753343537 1.5067974813 -0.1250463590 0.8081483323 -0.5701455847 0.0787000216
1403715336.5121431351 -1.8233954530 -0.5887002453 1.5054455003 -0.1256713534 0.8091236798 -0.5686241715 0.0786901086
1403715336.5621430874 -1.8407632216 -0.6031367061 1.5039321975 -0.1258731571 0.8092502536 -0.5683895459 0.0787610275
1403715336.6121432781 -1.8575969224 -0.6173787481 1.5049252318 -0.1256745680 0.8092672065 -0.5683416515 0.0792480821
1403715336.6621429920 -1.8734528873 -0.6318055051 1.5043899658 -0.1255992740 0.8094298369 -0.5681610492 0.0790011623
1403715336.7121431828 -1.8893421399 -0.6467472539 1.5036589826 -0.1254499284 0.8094303635 -0.5682438640 0.0786365884
1403715336.7621431351 -1.9038171051 -0.6609809472 1.5039934477 -0.1251312715 0.8094536510 -0.5683559040 0.0780930094
1403715336.8121430874 -1.9189244657 -0.6764921347 1.5052232975 -0.1254682613 0.8092287226 -0.5687330927 0.0771314413
1403715336.8621430397 -1.9330162299 -0.6921862573 1.5071998396 -0.1255422322 0.8088904775 -0.5692669291 0.0766192325
1403715336.9121432304 -1.9461030571 -0.7074725597 1.5091918607 -0.1254713428 0.8086928178 -0.5695973599 0.0763656741
1403715336.9621429443 -1.9592734004 -0.7232657365 1.5121026925 -0.1257373640 0.8080874558 -0.5705240810 0.0754125459
1403715337.0121431351 -1.9724918540 -0.7384662306 1.5158298690 -0.1263081400 0.8077880083 -0.5708489369 0.0752082348
1403715337.0621430874 -1.9854135190 -0.7535354936 1.5199214187 -0.1283779788 0.8075947180 -0.5706565036 0.0752397558
1403715337.1121432781 -1.9971161591 -0.7680716905 1.5252607178 -0.1307455328 0.8082827576 -0.5689197059 0.0769087622
1403715337.1621429920 -2.0068741967 -0.7824896529 1.5295908907 -0.1353904558 0.8087007609 -0.5670664164 0.0781548669
1403715337.2121431828 -2.0168790743 -0.7969439899 1.5351048506 -0.1399271348 0.8092260604 -0.5647227529 0.0816198042
1403715337.2621431351 -2.0254786111 -0.8109879785 1.5399479121 -0.1444174715 0.8095043666 -0.5623548996 0.0871965665
1403715337.3121430874 -2.0339404870 -0.8248128650 1.5466137454 -0.1495628531 0.8099583485 -0.5593251640 0.0935616776
1403715337.3621430397 -2.0404974774 -0.8399977193 1.5516190414 -0.1538642911 0.8104507008 -0.5563360206 0.0999283426
1403715337.4121432304 -2.0492067255 -0.8556619049 1.5576815251 -0.1576873989 0.8107266671 -0.5536580153 0.1063943498
1403715337.4621429443 -2.0551314981 -0.8725398688 1.5628805112 -0.1602990815 0.8099346045 -0.5528070247 0.1127587441
1403715337.5121431351 -2.0631685357 -0.8910612942 1.5686255829 -0.1612165316 0.8093194495 -0.5517988021 0.1205377145
1403715337.5621430874 -2.0706144760 -0.9098469212 1.5734706009 -0.1625033981 0.8078826682 -0.5523299591 0.1258962122
1403715337.6121432781 -2.0777010110 -0.9293740386 1.5776409968 -0.1655617628 0.8064237503 -0.5531848332 0.1275012861
1403715337.6621429920 -2.0858010242 -0.9496067980 1.5798686106 -0.1688693415 0.8041457334 -0.5554481519 0.1277111408
1403715337.7121431828 -2.0942429060 -0.9715609988 1.5842102094 -0.1718315996 0.8028891226 -0.5564413799 0.1273418589
1403715337.7621431351 -2.1031751151 -0.9935195687 1.5853540844 -0.1740458194 0.8017814591 -0.5574375784 0.1269562554
1403715337.8121430874 -2.1124885971 -1.0157191937 1.5887013150 -0.1751558084 0.8009007650 -0.5584603344 0.1264929342
1403715337.8621430397 -2.1206049702 -1.0399478667 1.5921199358 -0.1757704265 0.8000453247 -0.5597705601 0.1252563600
1403715337.9121432304 -2.1309851209 -1.0639365270 1.5958433515 -0.1767030886 0.7994794188 -0.5607419464 0.1231955636
1403715337.9621429443 -2.1398328003 -1.0875670040 1.5995568433 -0.1766246243 0.7991391612 -0.5617381507 0.1209569886
1403715338.0121431351 -2.1489252590 -1.1115527229 1.6031587281 -0.1752768522 0.7987888438 -0.5628499339 0.1200598184
1403715338.0621430874 -2.1576977757 -1.1355655031 1.6067161874 -0.1729560728 0.7988038551 -0.5636022811 0.1197959376
1403715338.1121432781 -2.1667997375 -1.1600038823 1.6099025061 -0.1704341052 0.7987851255 -0.5643904240 0.1198248237
1403715338.1621429920 -2.1738646913 -1.1839337052 1.6136215736 -0.1691460414 0.7987657040 -0.5647703866 0.1199890713
1403715338.2121431828 -2.1832254317 -1.2077890592 1.6176175638 -0.1686595914 0.7987146386 -0.5647451544 0.1211271190
1403715338.2621431351 -2.1919003901 -1.2321670993 1.6201329781 -0.1686441612 0.7983965841 -0.5646798117 0.1235263199
1403715338.3121430874 -2.2000511271 -1.2548965309 1.6235616969 -0.1693137811 0.7984961642 -0.5637616229 0.1261330718
1403715338.3621430397 -2.2084284753 -1.2776523181 1.6259747857 -0.1706443115 0.7985216750 -0.5624098410 0.1301492383
1403715338.4121432304 -2.2170203376 -1.3006890217 1.6287250305 -0.1739527669 0.7975688078 -0.5617217551 0.1345106003
1403715338.4621429443 -2.2266377498 -1.3234462051 1.6320581835 -0.1783971183 0.7966253971 -0.5605903659 0.1389276307
1403715338.5121431351 -2.2359186215 -1.3464209400 1.6359601019 -0.1839814867 0.7956519888 -0.5589771338 0.1436429224
1403715338.5621430874 -2.2465703046 -1.3690827051 1.6408482520 -0.1915188762 0.7935738720 -0.5584177265 0.1474132713
1403715338.6121432781 -2.2565169384 -1.3926682657 1.6437337620 -0.2001134050 0.7909848988 -0.5580769457 0.1511543506
1403715338.6621429920 -2.2685566109 -1.4161669110 1.6507224172 -0.2095076365 0.7883075899 -0.5572430477 0.1554280537
1403715338.7121431828 -2.2799418970 -1.4384896688 1.6545833923 -0.2189908752 0.7853843401 -0.5565350158 0.1596346176
1403715338.7621431351 -2.2929689060 -1.4614073511 1.6608481731 -0.2276272881 0.7832864131 -0.5545723310 0.1646139192
1403715338.8121430874 -2.3052878368 -1.4856739610 1.6650722124 -0.2361348150 0.7814799929 -0.5527552822 0.1673050141
1403715338.8621430397 -2.3179808693 -1.5093912512 1.6696220232 -0.2427829269 0.7797485631 -0.5513497324 0.1704761020
1403715338.9121432304 -2.3325933260 -1.5330060781 1.6740304928 -0.2483033654 0.7788302747 -0.5492917993 0.1733417468
1403715338.9621429443 -2.3457108328 -1.5576008517 1.6765309581 -0.2541629011 0.7779140545 -0.5476090806 0.1742849345
1403715339.0121431351 -2.3592284055 -1.5821282211 1.6774998720 -0.2587153120 0.7777197758 -0.5454122814 0.1753390457
1403715339.0621430874 -2.3724696809 -1.6070314327 1.6790276260 -0.2625850304 0.7778879108 -0.5430950880 0.1760318879
1403715339.1121432781 -2.3855998713 -1.6320229852 1.6795582096 -0.2665848024 0.7774324212 -0.5420762495 0.1751705261
1403715339.1621429920 -2.3991433916 -1.6575940367 1.6795574560 -0.2705235862 0.7764441168 -0.5419051055 0.1740413153
1403715339.2121431828 -2.4103841579 -1.6832232433 1.6782790244 -0.2739750592 0.7756048367 -0.5420129523 0.1720370998
1403715339.2621431351 -2.4211637694 -1.7085888146 1.6769115312 -0.2757883441 0.7746951779 -0.5424891338 0.1717373296
1403715339.3121430874 -2.4316067463 -1.7347607465 1.6765774643 -0.2754456840 0.7737090500 -0.5433190793 0.1740929617
1403715339.3621430397 -2.4410878794 -1.7605504674 1.6745686312 -0.2746458008 0.7724374740 -0.5448861472 0.1760940643
1403715339.4121432304 -2.4505517039 -1.7855865484 1.6738723222 -0.2730656391 0.7720811926 -0.5454599358 0.1783234345
1403715339.4621429443 -2.4595956997 -1.8122598115 1.6719060041 -0.2715972552 0.7719766985 -0.5458746997 0.1797434845
1403715339.5121431351 -2.4682841759 -1.8377881651 1.6692569617 -0.2699297909 0.7713572017 -0.5473346085 0.1804738258
1403715339.5621430874 -2.4770901073 -1.8629037652 1.6663261111 -0.2681234457 0.7720273251 -0.5470550939 0.1811473196
1403715339.6121432781 -2.4855052189 -1.8885505648 1.6622419315 -0.2672911780 0.7740081712 -0.5451271750 0.1797307437
1403715339.6621429920 -2.4940493051 -1.9140869828 1.6559566649 -0.2673750607 0.7749804900 -0.5448475466 0.1762298730
1403715339.7121431828 -2.5022141410 -1.9396084524 1.6491252167 -0.2688133067 0.7754136218 -0.5452744592 0.1707304466
1403715339.7621431351 -2.5100193464 -1.9646336393 1.6424186215 -0.2703066280 0.7744757595 -0.5477561945 0.1645745305
1403715339.8121430874 -2.5173498981 -1.9901399254 1.6356081071 -0.2724226985 0.7733091001 -0.5503408721 0.1578094850
1403715339.8621430397 -2.5230793603 -2.0138764012 1.6294436665 -0.2744062553 0.7717925011 -0.5531359845 0.1519148611
1403715339.9121432304 -2.5256708357 -2.0369820804 1.6195682416 -0.2772810159 0.7696427942 -0.5558224806 0.1477382061
1403715339.9621429443 -2.5284476173 -2.0581766169 1.6114410278 -0.2818256346 0.7677149480 -0.5569190933 0.1450144611
1403715340.0121431351 -2.5282121117 -2.0773588697 1.6034777578 -0.2879369150 0.7651840063 -0.5578616291 0.1427451303
1403715340.0621430874 -2.5263780793 -2.0960538338 1.5987582358 -0.2941280580 0.7631277206 -0.5570843961 0.1441587431
1403715340.1121432781 -2.5216918028 -2.1112914814 1.5951140601 -0.3002120848 0.7611513186 -0.5554751846 0.1482183983
1403715340.1621429920 -2.5150166699 -2.1247072839 1.5934536807 -0.3064936115 0.7583931606 -0.5540978271 0.1545220959
1403715340.2121431828 -2.5060172445 -2.1356319582 1.5940818649 -0.3121140507 0.7562697844 -0.5511085362 0.1640738061
1403715340.2621431351 -2.4946182426 -2.1439964822 1.5968559064 -0.3180661093 0.7537048437 -0.5478523683 0.1749878318
1403715340.3121430874 -2.4818091119 -2.1516632682 1.6021976854 -0.3255553641 0.7506206413 -0.5437639219 0.1868238610
1403715340.3621430397 -2.4676353327 -2.1576954914 1.6099102514 -0.3332856712 0.7474907608 -0.5385539534 0.2003443612
1403715340.4121432304 -2.4521456595 -2.1616867430 1.6172887174 -0.3427430503 0.7434980223 -0.5336766891 0.2119600995
1403715340.4621429443 -2.4367788244 -2.1655289970 1.6266501501 -0.3523811076 0.7401569688 -0.5280265049 0.2217729170
1403715340.5121431351 -2.4210761562 -2.1692418226 1.6360251056 -0.3608573185 0.7372120757 -0.5228977216 0.2299528733
1403715340.5621430874 -2.4045691353 -2.1732541491 1.6443445795 -0.3675855310 0.7359196535 -0.5164576355 0.2378542656
1403715340.6121432781 -2.3880209233 -2.1774257006 1.6514743314 -0.3733323056 0.7338410191 -0.5122052373 0.2444302420
1403715340.6621429920 -2.3712719333 -2.1818523280 1.6578531174 -0.3780597338 0.7322270738 -0.5084272509 0.2498321048
1403715340.7121431828 -2.3537508914 -2.1875512559 1.6638742676 -0.3818704293 0.7310702436 -0.5053131031 0.2537123211
1403715340.7621431351 -2.3366333257 -2.1939997996 1.6693401147 -0.3847170854 0.7307358496 -0.5022975661 0.2563494439
1403715340.8121430874 -2.3187940031 -2.2013199261 1.6742679897 -0.3867353737 0.7303385601 -0.5002940450 0.2583548082
1403715340.8621430397 -2.3010876387 -2.2104811687 1.6804636086 -0.3859442534 0.7314475184 -0.4973436478 0.2620703286
1403715340.9121432304 -2.2817614557 -2.2183989533 1.6861557707 -0.3838728678 0.7329002169 -0.4949454974 0.2655707966
1403715340.9621429443 -2.2627698340 -2.2288932026 1.6916616055 -0.3822716958 0.7342471946 -0.4932405068 0.2673260373
1403715341.0121431351 -2.2438172304 -2.2403722931 1.6962994593 -0.3802935322 0.7359482445 -0.4915198485 0.2686359050
1403715341.0621430874 -2.2248938913 -2.2539172662 1.7014987371 -0.3784553799 0.7363795910 -0.4924367053 0.2683704800
1403715341.1121432781 -2.2060698053 -2.2693753317 1.7056748193 -0.3778605134 0.7354873078 -0.4956127261 0.2657966860
1403715341.1621429920 -2.1873809441 -2.2856982900 1.7101892855 -0.3782577482 0.7336568548 -0.5003265629 0.2614230783
1403715341.2121431828 -2.1683485928 -2.3028232789 1.7148738505 -0.3749884683 0.7317593285 -0.5055096471 0.2614802679
1403715341.2621431351 -2.1491851090 -2.3207041645 1.7206785806 -0.3715546136 0.7308531346 -0.5095583422 0.2610577727
1403715341.3121430874 -2.1310508058 -2.3396354007 1.7270882628 -0.3690351983 0.7295777210 -0.5140690637 0.2593498974
1403715341.3621430397 -2.1133696384 -2.3587220533 1.7327045447 -0.3668503005 0.7278788963 -0.5192154694 0.2569600469
1403715341.4121432304 -2.0961067206 -2.3770052309 1.7386450101 -0.3641686182 0.7269381420 -0.5233797458 0.2549819540
1403715341.4621429443 -2.0797889306 -2.3952004728 1.7443619087 -0.3634319581 0.7267334887 -0.5262031054 0.2507706925
1403715341.5121431351 -2.0637209444 -2.4144296802 1.7490703035 -0.3622044422 0.7275398832 -0.5273705600 0.2477376694
1403715341.5621430874 -2.0484116380 -2.4327929695 1.7536936241 -0.3627822313 0.7272661357 -0.5297380919 0.2425913736
1403715341.6121432781 -2.0337133946 -2.4503714703 1.7580028781 -0.3631439453 0.7254391822 -0.5337096756 0.2387853641
1403715341.6621429920 -2.0188633399 -2.4673818294 1.7627212624 -0.3636664406 0.7232491871 -0.5380728978 0.2348081986
1403715341.7121431828 -2.0043933128 -2.4834651919 1.7670490552 -0.3647710602 0.7205902122 -0.5427413053 0.2304857808
1403715341.7621431351 -1.9904274644 -2.4949313025 1.7717092184 -0.3660846878 0.7202900263 -0.5441690319 0.2259299538
1403715341.8121430874 -1.9765436426 -2.5062147297 1.7748723788 -0.3675229820 0.7201533885 -0.5448728508 0.2223050409
1403715341.8621430397 -1.9618648716 -2.5156673636 1.7768679429 -0.3696330381 0.7193966364 -0.5460539050 0.2183232227
1403715341.9121432304 -1.9464871645 -2.5225344414 1.7797309015 -0.3685534683 0.7216058729 -0.5429552932 0.2205739216
1403715341.9621429443 -1.9307408259 -2.5270615837 1.7831800318 -0.3666601243 0.7243552363 -0.5388981578 0.2246299632
1403715342.0121431351 -1.9149979551 -2.5318482012 1.7868969616 -0.3645065468 0.7278720926 -0.5335303875 0.2295267299
1403715342.0621430874 -1.8990257313 -2.5337378117 1.7895898160 -0.3637389180 0.7311402930 -0.5281966434 0.2326718233
1403715342.1121432781 -1.8834367840 -2.5353033357 1.7926066165 -0.3639765333 0.7341270695 -0.5230239644 0.2345729347
1403715342.1621429920 -1.8673917251 -2.5366081823 1.7949749471 -0.3626662093 0.7379218011 -0.5168597274 0.2383288866
1403715342.2121431828 -1.8513362439 -2.5390284984 1.7969407971 -0.3630082396 0.7398498495 -0.5126909441 0.2408219552
1403715342.2621431351 -1.8340544656 -2.5415141099 1.7995851499 -0.3630217924 0.7412811898 -0.5094608378 0.2432427403
1403715342.3121430874 -1.8177934092 -2.5444673980 1.7994680340 -0.3638125384 0.7411169824 -0.5078785683 0.2458564929
1403715342.3621430397 -1.8005941408 -2.5473174194 1.8003819374 -0.3668319197 0.7404564574 -0.5058563466 0.2475236030
1403715342.4121432304 -1.7834019357 -2.5516362120 1.8006361950 -0.3721564570 0.7382463676 -0.5045473360 0.2488450482
1403715342.4621429443 -1.7659395920 -2.5558087312 1.8006889829 -0.3782567125 0.7369097566 -0.5007596860 0.2512480985
1403715342.5121431351 -1.7478332752 -2.5607054778 1.7997791518 -0.3862697738 0.7339246827 -0.4982423972 0.2527938599
1403715342.5621430874 -1.7294153570 -2.5670779976 1.7989679746 -0.3958528871 0.7294054872 -0.4970689072 0.2533586952
1403715342.6121432781 -1.7109590371 -2.5734340475 1.7973809710 -0.4063855524 0.7227917027 -0.4983230946 0.2531739138
1403715342.6621429920 -1.6909179529 -2.5799497442 1.7968760339 -0.4170523455 0.7144682418 -0.5014546014 0.2532701232
1403715342.7121431828 -1.6693204298 -2.5858167654 1.7959179630 -0.4271109713 0.7065822519 -0.5033410332 0.2548833925
1403715342.7621431351 -1.6459994637 -2.5916922456 1.7960587231 -0.4345892008 0.7013126657 -0.5023234734 0.2587738387
1403715342.8121430874 -1.6221035192 -2.5956931880 1.7966369609 -0.4388242720 0.6985438128 -0.4988712269 0.2657015222
1403715342.8621430397 -1.5961480233 -2.6001295817 1.7976792784 -0.4416923264 0.6955097667 -0.4967275517 0.2728292370
1403715342.9121432304 -1.5702814597 -2.6033648697 1.7988042775 -0.4433882381 0.6940565458 -0.4936402808 0.2793056654
1403715342.9621429443 -1.5438647424 -2.6065741277 1.7995737583 -0.4442104950 0.6917994184 -0.4926355487 0.2853082841
1403715343.0121431351 -1.5161726797 -2.6111060518 1.7998105215 -0.4448545858 0.6898146019 -0.4919423813 0.2902635114
1403715343.0621430874 -1.4887192978 -2.6143334953 1.7998058842 -0.4448367855 0.6886628590 -0.4908306270 0.2948711525
1403715343.1121432781 -1.4616896650 -2.6175098829 1.7985435403 -0.4462024719 0.6870475989 -0.4908760006 0.2964957047
1403715343.1621429920 -1.4329965035 -2.6215084556 1.7965060133 -0.4473356026 0.6864574807 -0.4896580745 0.2981643103
1403715343.2121431828 -1.4054683748 -2.6252088677 1.7940914427 -0.4478945378 0.6850835551 -0.4897031365 0.3004028022
1403715343.2621431351 -1.3784476607 -2.6291355492 1.7907127096 -0.4496443296 0.6852274703 -0.4879015111 0.3003920875
1403715343.3121430874 -1.3506052254 -2.6323918807 1.7872394382 -0.4505652778 0.6860108467 -0.4860494502 0.3002265489
1403715343.3621430397 -1.3233539512 -2.6373553598 1.7830940286 -0.4517875892 0.6872456707 -0.4836737236 0.2994012215
1403715343.4121432304 -1.2960596287 -2.6415788488 1.7781742344 -0.4539697153 0.6880488234 -0.4821493511 0.2967024055
1403715343.4621429443 -1.2686252548 -2.6450717286 1.7735317983 -0.4552213505 0.6883095111 -0.4820416008 0.2943457730
1403715343.5121431351 -1.2402276660 -2.6489516002 1.7689050480 -0.4549475633 0.6892017250 -0.4814150114 0.2937061181
1403715343.5621430874 -1.2102289804 -2.6534742805 1.7645348240 -0.4550573359 0.6896313481 -0.4817069623 0.2920442213
1403715343.6121432781 -1.1807459943 -2.6570019715 1.7600725870 -0.4546207347 0.6899690994 -0.4822046749 0.2911035572
1403715343.6621429920 -1.1497433275 -2.6613669946 1.7550471467 -0.4544217348 0.6895123418 -0.4839150127 0.2896547564
1403715343.7121431828 -1.1184316860 -2.6654159684 1.7517948299 -0.4541600348 0.6887323680 -0.4861043441 0.2882515477
1403715343.7621431351 -1.0860467857 -2.6707564097 1.7492569393 -0.4543218753 0.6868324431 -0.4897425136 0.2863653246
1403715343.8121430874 -1.0529623331 -2.6737076446 1.7467232625 -0.4528651504 0.6847874885 -0.4939193199 0.2863965023
1403715343.8621430397 -1.0197888940 -2.6762675154 1.7441669644 -0.4519574284 0.6842508416 -0.4956404433 0.2861395108
1403715343.9121432304 -0.9860243869 -2.6791027846 1.7422695288 -0.4512148958 0.6835187463 -0.4967901479 0.2870658290
1403715343.9621429443 -0.9516079752 -2.6803461739 1.7413775071 -0.4506713982 0.6827338853 -0.4967034157 0.2899231786
1403715344.0121431351 -0.9177050186 -2.6793117933 1.7405031971 -0.4520814513 0.6813977461 -0.4961018352 0.2918945735
1403715344.0621430874 -0.8834475815 -2.6767482547 1.7394843209 -0.4539413854 0.6785435066 -0.4958685094 0.2960242382
1403715344.1121432781 -0.8495901092 -2.6729607526 1.7397359837 -0.4570201453 0.6752318192 -0.4947676377 0.3006651988
1403715344.1621429920 -0.8149652659 -2.6714291498 1.7397131146 -0.4615532396 0.6712742598 -0.4926672847 0.3060039573
1403715344.2121431828 -0.7812013063 -2.6673127075 1.7384237657 -0.4680734749 0.6659107182 -0.4918697341 0.3090862373
1403715344.2621431351 -0.7480811912 -2.6633819443 1.7368683633 -0.4744598560 0.6593826692 -0.4929595312 0.3115978838
1403715344.3121430874 -0.7158006732 -2.6570060441 1.7347632144 -0.4808223733 0.6521531640 -0.4955610038 0.3129303238
1403715344.3621430397 -0.6836119465 -2.6510754087 1.7332568747 -0.4860644922 0.6454974926 -0.4980049212 0.3147465567
1403715344.4121432304 -0.6521577461 -2.6422114877 1.7309699902 -0.4906237676 0.6384938747 -0.5012213321 0.3168454936
1403715344.4621429443 -0.6210214058 -2.6303186941 1.7269864311 -0.4942154246 0.6332181108 -0.5031435795 0.3187984892
1403715344.5121431351 -0.5910626666 -2.6184496871 1.7236660954 -0.4981141697 0.6279528094 -0.5053032739 0.3197282354
1403715344.5621430874 -0.5638647230 -2.6027081586 1.7193694276 -0.5010516900 0.6245865899 -0.5055282714 0.3213720001
1403715344.6121432781 -0.5365538788 -2.5846656915 1.7156132256 -0.5038640260 0.6239365901 -0.5029515493 0.3222792483
1403715344.6621429920 -0.5101891899 -2.5675827199 1.7110920408 -0.5086926689 0.6238411374 -0.4995171162 0.3202134513
1403715344.7121431828 -0.4856376158 -2.5449099968 1.7056786879 -0.5121978826 0.6248498575 -0.4957225273 0.3185516607
1403715344.7621431351 -0.4609918050 -2.5206535680 1.6997980815 -0.5154848174 0.6259949882 -0.4919350818 0.3168683528
1403715344.8121430874 -0.4366098554 -2.4936762985 1.6939450572 -0.5176457163 0.6263895622 -0.4895169467 0.3163102712
1403715344.8621430397 -0.4117259378 -2.4646985476 1.6887478151 -0.5191708561 0.6267088700 -0.4876998184 0.3159849704
1403715344.9121432304 -0.3869118295 -2.4330257748 1.6836587778 -0.5201829227 0.6271690844 -0.4859952318 0.3160337026
1403715344.9621429443 -0.3630276011 -2.3999820972 1.6794704472 -0.5192775926 0.6275673704 -0.4846682129 0.3187580601
1403715345.0121431351 -0.3374771903 -2.3657816157 1.6759462539 -0.5156134246 0.6288505169 -0.4825815112 0.3252766650
1403715345.0621430874 -0.3119985703 -2.3300100120 1.6735395945 -0.5120609617 0.6294997956 -0.4815057891 0.3311732989
1403715345.1121432781 -0.2874290948 -2.2902588211 1.6704901595 -0.5083670636 0.6300520054 -0.4811001906 0.3363629077
1403715345.1621429920 -0.2631112860 -2.2510318115 1.6658337171 -0.5060384687 0.6309600979 -0.4800279476 0.3396874926
1403715345.2121431828 -0.2417999821 -2.2112080581 1.6608229742 -0.5045060333 0.6324688252 -0.4782273492 0.3416949663
1403715345.2621431351 -0.2197705630 -2.1712866756 1.6558715206 -0.5048211450 0.6333337815 -0.4771094258 0.3411898717
1403715345.3121430874 -0.1997625827 -2.1330205456 1.6529990436 -0.5041331819 0.6345705818 -0.4753365782 0.3423814379
1403715345.3621430397 -0.1792193142 -2.0922522155 1.6482099197 -0.5041208863 0.6353145456 -0.4743450310 0.3423950230
1403715345.4121432304 -0.1607124208 -2.0509486868 1.6430131202 -0.5042019950 0.6360114407 -0.4733051830 0.3424207926
1403715345.4621429443 -0.1427850960 -2.0086635419 1.6381718565 -0.5038536212 0.6367588054 -0.4721384538 0.3431545315
1403715345.5121431351 -0.1251328298 -1.9674517331 1.6337136681 -0.5046170142 0.6364612814 -0.4721981047 0.3425020528
1403715345.5621430874 -0.1082898277 -1.9242601310 1.6303050067 -0.5042700750 0.6364559140 -0.4719607744 0.3433490767
1403715345.6121432781 -0.0930738059 -1.8808060056 1.6266980558 -0.5038929104 0.6367338223 -0.4712743882 0.3443289495
1403715345.6621429920 -0.0767400041 -1.8364587113 1.6216429075 -0.5035625760 0.6368660499 -0.4709890939 0.3449574466
1403715345.7121431828 -0.0641314592 -1.7961501259 1.6161128107 -0.5036644584 0.6367172185 -0.4701206218 0.3462656465
1403715345.7621431351 -0.0496259256 -1.7525153546 1.6108416763 -0.5031932875 0.6370103696 -0.4696127985 0.3470995880
1403715345.8121430874 -0.0367969648 -1.7094724649 1.6035051633 -0.5030967122 0.6372701718 -0.4689342460 0.3476795928
1403715345.8621430397 -0.0254077954 -1.6663537817 1.5977865722 -0.5033812777 0.6384940161 -0.4671087473 0.3474796381
1403715345.9121432304 -0.0152690714 -1.6237055536 1.5906033912 -0.5058632248 0.6411373000 -0.4631503731 0.3442921612
1403715345.9621429443 -0.0026073988 -1.5759056224 1.5846405588 -0.5089127323 0.6453718292 -0.4577200590 0.3391096882
1403715346.0121431351 0.0087959809 -1.5308085261 1.5797877407 -0.5108403296 0.6490536063 -0.4530225582 0.3354730026
1403715346.0621430874 0.0195985403 -1.4859740092 1.5750271213 -0.5125784460 0.6528747851 -0.4477773515 0.3324354001
1403715346.1121432781 0.0319943631 -1.4433340248 1.5675738246 -0.5134243596 0.6549492435 -0.4453108541 0.3303561089
1403715346.1621429920 0.0465322883 -1.4025650689 1.5676391030 -0.5137866756 0.6562493073 -0.4436822654 0.3294027111
1403715346.2121431828 0.0618777652 -1.3602676962 1.5657895872 -0.5121990180 0.6557424434 -0.4452118075 0.3308178658
1403715346.2621431351 0.0768910466 -1.3225834870 1.5644962047 -0.5105461726 0.6539701226 -0.4479923305 0.3331194322
1403715346.3121430874 0.0943087364 -1.2833715091 1.5641586559 -0.5079410196 0.6532689650 -0.4503562597 0.3352831927
1403715346.3621430397 0.1135295561 -1.2428380515 1.5638354772 -0.5059008871 0.6522827630 -0.4529680886 0.3367660913
1403715346.4121432304 0.1320550007 -1.2054663576 1.5653120801 -0.5034740674 0.6512424921 -0.4555839586 0.3388810065
1403715346.4621429443 0.1485924597 -1.1682652293 1.5641274744 -0.5006110176 0.6502056277 -0.4586094163 0.3410258847
1403715346.5121431351 0.1654711808 -1.1331626259 1.5635320817 -0.4975093178 0.6496912304 -0.4606555358 0.3437764697
1403715346.5621430874 0.1834088890 -1.0959615963 1.5660985271 -0.4948740746 0.6503856767 -0.4615343638 0.3450857182
1403715346.6121432781 0.2014490502 -1.0581303413 1.5662785761 -0.4911410012 0.6515333015 -0.4625097701 0.3469432035
1403715346.6621429920 0.2179410973 -1.0236140584 1.5675728679 -0.4884739590 0.6529306114 -0.4631325651 0.3472506807
1403715346.7121431828 0.2347533477 -0.9875267594 1.5696997850 -0.4853785369 0.6537828926 -0.4648817232 0.3476500951
1403715346.7621431351 0.2487265051 -0.9545988876 1.5703695598 -0.4829209017 0.6549913876 -0.4655679441 0.3478795400
1403715346.8121430874 0.2620208000 -0.9203692642 1.5694493797 -0.4808112761 0.6566394277 -0.4660844435 0.3470021187
1403715346.8621430397 0.2758552547 -0.8885440237 1.5697562289 -0.4803304998 0.6582653418 -0.4662837356 0.3443092051
1403715346.9121432304 0.2873750244 -0.8576631980 1.5690309535 -0.4784946152 0.6613052766 -0.4643128967 0.3437030234
1403715346.9621429443 0.2980134305 -0.8274211409 1.5688750433 -0.4769367110 0.6649752157 -0.4615254536 0.3425399129
1403715347.0121431351 0.3109169129 -0.7950759390 1.5705544709 -0.4756167463 0.6685080618 -0.4589395084 0.3409695141
1403715347.0621430874 0.3224740488 -0.7654876517 1.5716522633 -0.4750631260 0.6714052638 -0.4567619084 0.3389668967
1403715347.1121432781 0.3315847407 -0.7410542539 1.5719819568 -0.4770457620 0.6708778833 -0.4571908827 0.3366403176
1403715347.1621429920 0.3428659999 -0.7150296918 1.5750807787 -0.4805854512 0.6693191332 -0.4575797751 0.3341710212
1403715347.2121431828 0.3539609930 -0.6893310538 1.5762880281 -0.4852558076 0.6655284395 -0.4590216799 0.3330132050
1403715347.2621431351 0.3641256360 -0.6642763111 1.5798727778 -0.4904865406 0.6605977917 -0.4599058500 0.3339462835
1403715347.3121430874 0.3744692411 -0.6388629202 1.5834304431 -0.4967956977 0.6544521342 -0.4604705924 0.3359364111
1403715347.3621430397 0.3856098229 -0.6144433117 1.5888416545 -0.5039982762 0.6472043562 -0.4608615677 0.3387017484
1403715347.4121432304 0.3957931846 -0.5887709880 1.5897962897 -0.5121412050 0.6382159631 -0.4623479148 0.3415057486
1403715347.4621429443 0.4073209788 -0.5623876565 1.5936442158 -0.5203934222 0.6303915329 -0.4614959607 0.3447008553
1403715347.5121431351 0.4183962659 -0.5375939506 1.5987149118 -0.5283862400 0.6226496928 -0.4609188655 0.3473746404
1403715347.5621430874 0.4296831737 -0.5101244395 1.6027453912 -0.5348498199 0.6155863294 -0.4609323829 0.3500435396
1403715347.6121432781 0.4404883439 -0.4824633840 1.6086745149 -0.5402701672 0.6095539007 -0.4606720797 0.3526094491
1403715347.6621429920 0.4522013145 -0.4541752251 1.6140087777 -0.5436292743 0.6049800611 -0.4596218488 0.3566708482
1403715347.7121431828 0.4611300778 -0.4253521214 1.6185042789 -0.5447875457 0.6028066082 -0.4563502788 0.3627328855
1403715347.7621431351 0.4714456461 -0.3954901082 1.6242420821 -0.5451954955 0.6026107052 -0.4513555603 0.3686466707
1403715347.8121430874 0.4802513387 -0.3626564401 1.6290287883 -0.5463503878 0.6015053458 -0.4470787514 0.3739159837
1403715347.8621430397 0.4904246474 -0.3308113517 1.6349828053 -0.5478009923 0.6006354592 -0.4411015474 0.3802374822
1403715347.9121432304 0.4987985619 -0.2982482379 1.6399205606 -0.5499822035 0.5989346701 -0.4348762103 0.3868843736
1403715347.9621429443 0.5066514879 -0.2688445479 1.6444336164 -0.5519070517 0.5974285125 -0.4264687798 0.3957299062
1403715348.0121431351 0.5143515629 -0.2379719157 1.6496546045 -0.5542710954 0.5952257692 -0.4177038965 0.4049855445
1403715348.0621430874 0.5200233058 -0.2085179556 1.6531296137 -0.5588870430 0.5916049423 -0.4091425789 0.4126150936
1403715348.1121432781 0.5258805427 -0.1816443236 1.6582627051 -0.5651778426 0.5854617947 -0.4018219117 0.4199376674
1403715348.1621429920 0.5313796616 -0.1542273226 1.6614986157 -0.5733113625 0.5789586859 -0.3938653517 0.4254303778
1403715348.2121431828 0.5357397832 -0.1296520184 1.6647920673 -0.5818964531 0.5710686512 -0.3864356282 0.4312129621
1403715348.2621431351 0.5393822750 -0.1059098923 1.6682197931 -0.5923131704 0.5628176174 -0.3789086182 0.4345453909
1403715348.3121430874 0.5437734688 -0.0867401571 1.6702169998 -0.6021556492 0.5540023233 -0.3724338608 0.4379303818
1403715348.3621430397 0.5474119239 -0.0669560334 1.6707616555 -0.6109794075 0.5468297526 -0.3656453880 0.4404370960
1403715348.4121432304 0.5513928377 -0.0492739558 1.6712641876 -0.6187627176 0.5403461772 -0.3606195803 0.4417150964
1403715348.4621429443 0.5573231033 -0.0336763259 1.6675439890 -0.6252043529 0.5358047117 -0.3551853885 0.4425789962
1403715348.5121431351 0.5626445141 -0.0203652352 1.6593899832 -0.6303206206 0.5314007464 -0.3517884616 0.4433441556
1403715348.5621430874 0.5690113884 -0.0088916991 1.6477608757 -0.6336290799 0.5280931705 -0.3489989830 0.4447825337
1403715348.6121432781 0.5786643154 0.0016422318 1.6368152082 -0.6349049011 0.5255982276 -0.3465811446 0.4477988163
1403715348.6621429920 0.5861463943 0.0107457630 1.6186873340 -0.6340324370 0.5238184610 -0.3441843386 0.4529395432
1403715348.7121431828 0.5957669960 0.0178912412 1.6004843224 -0.6334221391 0.5226483848 -0.3419080641 0.4568522029
1403715348.7621431351 0.6051516931 0.0247657964 1.5801560453 -0.6332638371 0.5220099375 -0.3392095022 0.4598037097
1403715348.8121430874 0.6159179031 0.0299924924 1.5603015493 -0.6339300717 0.5201256622 -0.3370501329 0.4626004404
1403715348.8621430397 0.6252299348 0.0333558620 1.5401647029 -0.6350264791 0.5167247428 -0.3355615678 0.4659778376
1403715348.9121432304 0.6372499776 0.0325654333 1.5239988722 -0.6367376732 0.5139207155 -0.3332513021 0.4683953494
1403715348.9621429443 0.6479525875 0.0319423577 1.5056031179 -0.6389593700 0.5111295004 -0.3314720451 0.4696848312
1403715349.0121431351 0.6600418240 0.0268947755 1.4885926943 -0.6410272040 0.5070368524 -0.3317134870 0.4711304666
1403715349.0621430874 0.6730204629 0.0202274146 1.4724516686 -0.6433561751 0.5029913673 -0.3323197024 0.4718645270
1403715349.1121432781 0.6891329710 0.0096704504 1.4590095850 -0.6467516026 0.4977126763 -0.3333193278 0.4721151153
1403715349.1621429920 0.7012040112 0.0011298390 1.4437032835 -0.6488801902 0.4928984025 -0.3342252924 0.4736022778
1403715349.2121431828 0.7140253775 -0.0093683809 1.4286508605 -0.6506326386 0.4878385036 -0.3356085223 0.4754552384
1403715349.2621431351 0.7273907951 -0.0218556898 1.4149925257 -0.6519506505 0.4835864457 -0.3358728310 0.4778011514
1403715349.3121430874 0.7396918907 -0.0342926383 1.4030783019 -0.6517339636 0.4805545393 -0.3358424762 0.4811652592
1403715349.3621430397 0.7512179394 -0.0481267898 1.3888350862 -0.6527474734 0.4770805525 -0.3370072436 0.4824323789
1403715349.4121432304 0.7630655446 -0.0639214802 1.3753615227 -0.6534642327 0.4734781375 -0.3394140162 0.4833229516
1403715349.4621429443 0.7729761941 -0.0808723713 1.3602295478 -0.6544609327 0.4707948714 -0.3416936168 0.4829891809
1403715349.5121431351 0.7822082551 -0.0982553995 1.3454661390 -0.6556141703 0.4682558909 -0.3444177892 0.4819573288
1403715349.5621430874 0.7922565663 -0.1179682342 1.3309003990 -0.6582949983 0.4665291157 -0.3445478198 0.4798802759
1403715349.6121432781 0.7988913823 -0.1366452705 1.3162207362 -0.6613647151 0.4641997979 -0.3437445443 0.4784923714
1403715349.6621429920 0.8044832270 -0.1546087439 1.3023934111 -0.6644548080 0.4617587316 -0.3414541874 0.4782130485
1403715349.7121431828 0.8085306780 -0.1724306410 1.2878831297 -0.6681875832 0.4591141243 -0.3372217825 0.4785614317
1403715349.7621431351 0.8142741621 -0.1925851292 1.2747813566 -0.6720639570 0.4553072532 -0.3321384530 0.4803221741
1403715349.8121430874 0.8154716742 -0.2103735844 1.2600134759 -0.6757262907 0.4518328052 -0.3254388676 0.4830431033
1403715349.8621430397 0.8182995021 -0.2305099225 1.2487453171 -0.6797084723 0.4468525282 -0.3186972402 0.4865709402
1403715349.9121432304 0.8198371608 -0.2494489787 1.2370213868 -0.6841568860 0.4405399061 -0.3133704147 0.4895435932
1403715349.9621429443 0.8214165811 -0.2667185686 1.2309710369 -0.6891175771 0.4344733892 -0.3068405375 0.4921368952
1403715350.0121431351 0.8221422558 -0.2867238068 1.2214285686 -0.6943444704 0.4272066010 -0.3021040749 0.4940783383
1403715350.0621430874 0.8239105168 -0.3080763886 1.2111904238 -0.6989482709 0.4201693725 -0.2986237115 0.4957346991
1403715350.1121432781 0.8232552965 -0.3289082263 1.2005354568 -0.7051216119 0.4149738716 -0.2949857356 0.4935419071
1403715350.1621429920 0.8251859160 -0.3515327763 1.1904724645 -0.7102127598 0.4116673703 -0.2902478013 0.4918170654
1403715350.2121431828 0.8260226082 -0.3716528250 1.1783563953 -0.7151148554 0.4083445374 -0.2880729316 0.4887529728
1403715350.2621431351 0.8277263297 -0.3935701480 1.1661591810 -0.7213330396 0.4054571712 -0.2864214764 0.4829553459
1403715350.3121430874 0.8326335242 -0.4153185368 1.1550486378 -0.7265985902 0.4028714881 -0.2856488408 0.4776544699
1403715350.3621430397 0.8357115660 -0.4361584203 1.1429390164 -0.7309626267 0.4011766490 -0.2853651583 0.4725649809
1403715350.4121432304 0.8402629744 -0.4543048468 1.1310339380 -0.7345790732 0.3990657775 -0.2870384873 0.4677061013
1403715350.4621429443 0.8458269481 -0.4692216799 1.1210236837 -0.7373088150 0.3976423660 -0.2890189015 0.4633835718
1403715350.5121431351 0.8524704682 -0.4840653351 1.1096518416 -0.7389399148 0.3960160601 -0.2917665892 0.4604468915
1403715350.5621430874 0.8600792736 -0.4963726575 1.0991721140 -0.7398437783 0.3957166441 -0.2932952095 0.4582765992
1403715350.6121432781 0.8684826144 -0.5053035695 1.0882658503 -0.7392995014 0.3965939231 -0.2940044210 0.4579420355
1403715350.6621429920 0.8779458977 -0.5119561990 1.0793779852 -0.7382480751 0.3981348616 -0.2935149180 0.4586146580
1403715350.7121431828 0.8878085504 -0.5163786980 1.0689582274 -0.7363606236 0.4002234972 -0.2921213453 0.4607160773
1403715350.7621431351 0.8990995196 -0.5177272715 1.0605593332 -0.7347226368 0.4026188915 -0.2902139974 0.4624462249
1403715350.8121430874 0.9108041159 -0.5171156643 1.0534708870 -0.7331582987 0.4036381020 -0.2893744145 0.4645617718
1403715350.8621430397 0.9235892939 -0.5153260246 1.0462714842 -0.7321600409 0.4023609398 -0.2911859929 0.4661095002
1403715350.9121432304 0.9357512375 -0.5112293016 1.0383292457 -0.7319752867 0.3999774122 -0.2942400530 0.4665330005
1403715350.9621429443 0.9500754788 -0.5054759830 1.0323416746 -0.7316037416 0.3975600445 -0.2970950571 0.4673719111
1403715351.0121431351 0.9638938846 -0.4973237563 1.0270072968 -0.7316643460 0.3959846545 -0.2986049045 0.4676521669
1403715351.0621430874 0.9776020399 -0.4873749955 1.0228893771 -0.7320534300 0.3949473474 -0.2989366520 0.4677085058
1403715351.1121432781 0.9917041953 -0.4755256123 1.0178611269 -0.7319689336 0.3940374401 -0.2996341131 0.4681616967
1403715351.1621429920 1.0056365601 -0.4615027691 1.0142509277 -0.7317946668 0.3945177337 -0.2979769687 0.4690863988
1403715351.2121431828 1.0195069658 -0.4445912691 1.0106887526 -0.7317500637 0.3953267938 -0.2960959164 0.4696656031
1403715351.2621431351 1.0327964358 -0.4258286105 1.0083785968 -0.7317009556 0.3955454352 -0.2949727270 0.4702644050
1403715351.3121430874 1.0480951363 -0.4057531532 1.0083852129 -0.7291879599 0.3952843760 -0.2945309964 0.4746437332
1403715351.3621430397 1.0628039767 -0.3840564376 1.0083494843 -0.7273781059 0.3943632928 -0.2954223824 0.4776235969
1403715351.4121432304 1.0764766975 -0.3603809161 1.0078085464 -0.7248505086 0.3938398643 -0.2964485237 0.4812485577
1403715351.4621429443 1.0900028103 -0.3360518677 1.0082852374 -0.7234688358 0.3926616536 -0.2983382275 0.4831190033
1403715351.5121431351 1.1050635189 -0.3104434384 1.0078126378 -0.7223198705 0.3919012494 -0.2997974750 0.4845501929
1403715351.5621430874 1.1172459907 -0.2837239654 1.0097486595 -0.7195872749 0.3901667194 -0.3028449020 0.4881076215
1403715351.6121432781 1.1301744359 -0.2559447652 1.0117190376 -0.7156206375 0.3874973250 -0.3073015330 0.4932531744
1403715351.6621429920 1.1417156332 -0.2276433180 1.0134089098 -0.7140404322 0.3855385355 -0.3091454961 0.4959187041
1403715351.7121431828 1.1512251027 -0.1986654524 1.0150617965 -0.7148778072 0.3834592085 -0.3091219883 0.4963389493
1403715351.7621431351 1.1575068113 -0.1679549338 1.0178643924 -0.7171455852 0.3818176213 -0.3066256606 0.4958812538
1403715351.8121430874 1.1625465160 -0.1363637815 1.0195355386 -0.7189475726 0.3799705359 -0.3016662231 0.4977291126
1403715351.8621430397 1.1664089589 -0.1049372201 1.0248868239 -0.7216283539 0.3781785124 -0.2943687891 0.4995803716
1403715351.9121432304 1.1681895132 -0.0707876801 1.0285888714 -0.7242211135 0.3752137852 -0.2873764614 0.5021286326
1403715351.9621429443 1.1688206335 -0.0367404590 1.0346389024 -0.7269161778 0.3727153419 -0.2782427936 0.5052297421
1403715352.0121431351 1.1696458043 -0.0030717889 1.0398317699 -0.7299100306 0.3688077923 -0.2694608466 0.5085302466
1403715352.0621430874 1.1703976240 0.0301027496 1.0459716283 -0.7332931682 0.3643733162 -0.2607501669 0.5113927712
1403715352.1121432781 1.1705295979 0.0630527568 1.0538041409 -0.7366693063 0.3593396263 -0.2545551568 0.5132202630
1403715352.1621429920 1.1722011718 0.0960068470 1.0615741232 -0.7388942852 0.3555029794 -0.2480796351 0.5158578889
1403715352.2121431828 1.1732436965 0.1296678255 1.0673081456 -0.7400850666 0.3523092040 -0.2426966605 0.5188936789
1403715352.2621431351 1.1752653863 0.1596564597 1.0742245340 -0.7420386818 0.3497855452 -0.2383921347 0.5198055956
1403715352.3121430874 1.1778452315 0.1928317462 1.0805819627 -0.7445235143 0.3476129575 -0.2345672624 0.5194498704
1403715352.3621430397 1.1806967874 0.2240673857 1.0855543553 -0.7458764420 0.3457503885 -0.2319490408 0.5199275377
1403715352.4121432304 1.1844590394 0.2561287844 1.0893092486 -0.7453174980 0.3465076701 -0.2268995223 0.5224470006
1403715352.4621429443 1.1884117493 0.2853613557 1.0960487804 -0.7436997528 0.3496694452 -0.2192763576 0.5258895661
1403715352.5121431351 1.1945939330 0.3149570817 1.1022771742 -0.7416149972 0.3518599310 -0.2134513129 0.5297549640
1403715352.5621430874 1.2003988129 0.3428370668 1.1055407231 -0.7409240741 0.3511828407 -0.2122535658 0.5316488999
1403715352.6121432781 1.2096589790 0.3689836029 1.1071296281 -0.7415217248 0.3475006684 -0.2156846389 0.5318542598
1403715352.6621429920 1.2192155609 0.3913300480 1.1084711630 -0.7424908185 0.3439310853 -0.2188199356 0.5315417471
1403715352.7121431828 1.2292031825 0.4146812167 1.1103453156 -0.7421982555 0.3407334414 -0.2225429593 0.5324632407
1403715352.7621431351 1.2389611826 0.4377150616 1.1108739615 -0.7417895362 0.3366667105 -0.2280831673 0.5332746749
1403715352.8121430874 1.2493877763 0.4597599885 1.1115486965 -0.7405515175 0.3334772419 -0.2323002756 0.5351756357
1403715352.8621430397 1.2594727842 0.4806994283 1.1128827917 -0.7401120526 0.3306695787 -0.2357670556 0.5360090249
1403715352.9121432304 1.2693234792 0.5005266340 1.1130928008 -0.7405250664 0.3284007564 -0.2388111059 0.5354855973
1403715352.9621429443 1.2782552409 0.5195775800 1.1149124275 -0.7397390844 0.3281963270 -0.2387117284 0.5367401314
1403715353.0121431351 1.2871725158 0.5372026917 1.1181024875 -0.7387703487 0.3292130190 -0.2365557308 0.5384037019
1403715353.0621430874 1.2941755912 0.5544576742 1.1203273333 -0.7388276024 0.3291480024 -0.2361125642 0.5385593965
1403715353.1121432781 1.3007625264 0.5707360187 1.1226188920 -0.7398387744 0.3282704561 -0.2362506489 0.5376455397
1403715353.1621429920 1.3054246045 0.5864511161 1.1278316624 -0.7412321717 0.3276717573 -0.2360446827 0.5361800024
1403715353.2121431828 1.3122653032 0.5995006004 1.1359825453 -0.7423101623 0.3265563318 -0.2356277470 0.5355521916
1403715353.2621431351 1.3172458158 0.6134101092 1.1482928817 -0.7432717169 0.3255971574 -0.2349515595 0.5350994400
1403715353.3121430874 1.3212251351 0.6259818167 1.1624244203 -0.7443668959 0.3248595600 -0.2338527356 0.5345063971
1403715353.3621430397 1.3258072404 0.6370504340 1.1784643216 -0.7458424138 0.3238371336 -0.2324739628 0.5336707425
1403715353.4121432304 1.3287750525 0.6486499842 1.1919658307 -0.7477230350 0.3214223728 -0.2326404403 0.5324249683
1403715353.4621429443 1.3335271082 0.6587133175 1.2029241835 -0.7489082744 0.3192426791 -0.2323166993 0.5322118560
1403715353.5121431351 1.3359660864 0.6697011449 1.2085901944 -0.7500553922 0.3177657288 -0.2318608747 0.5316788363
1403715353.5621430874 1.3383228227 0.6793407727 1.2118448742 -0.7514510892 0.3160433542 -0.2318519767 0.5307377128
1403715353.6121432781 1.3410867530 0.6895766956 1.2105352506 -0.7523834275 0.3148126890 -0.2308055644 0.5306043161
1403715353.6621429920 1.3436567716 0.6988030237 1.2057376518 -0.7532176226 0.3125770511 -0.2313166667 0.5305199335
1403715353.7121431828 1.3430955889 0.7090325020 1.1974449585 -0.7537924757 0.3106430489 -0.2321247273 0.5304864849
1403715353.7621431351 1.3457377268 0.7176243406 1.1900688814 -0.7544882868 0.3088350382 -0.2317782873 0.5307044091
1403715353.8121430874 1.3476340784 0.7258202561 1.1834905781 -0.7550829476 0.3067879601 -0.2319482999 0.5309716339
1403715353.8621430397 1.3480821455 0.7353156201 1.1742656480 -0.7554797302 0.3055718385 -0.2315860809 0.5312665205
1403715353.9121432304 1.3473630230 0.7447922464 1.1648362838 -0.7553665294 0.3043426641 -0.2312928676 0.5322598599
1403715353.9621429443 1.3463719248 0.7528167848 1.1548271834 -0.7560611205 0.3036584942 -0.2301591206 0.5321558795
1403715354.0121431351 1.3441356215 0.7619824040 1.1440266003 -0.7567742734 0.3031178330 -0.2290439449 0.5319315273
1403715354.0621430874 1.3423484688 0.7710684956 1.1343422933 -0.7577529713 0.3049701112 -0.2247063593 0.5313291992
1403715354.1121432781 1.3392309126 0.7804004895 1.1248603441 -0.7573086875 0.3088207557 -0.2175902730 0.5326985693
1403715354.1621429920 1.3357652518 0.7889745182 1.1144591143 -0.7566773147 0.3126476566 -0.2107346492 0.5341177696
1403715354.2121431828 1.3326068619 0.7978539603 1.1044907791 -0.7564802044 0.3157759735 -0.2051661450 0.5347243101
1403715354.2621431351 1.3314251073 0.8052388419 1.0942147917 -0.7573182598 0.3170667327 -0.2021455682 0.5339240673
1403715354.3121430874 1.3305537017 0.8114137728 1.0836810425 -0.7581024175 0.3163530591 -0.2022562866 0.5331921428
1403715354.3621430397 1.3301823201 0.8177743640 1.0737181206 -0.7600475719 0.3146380874 -0.2042227920 0.5306822152
1403715354.4121432304 1.3320948124 0.8227798646 1.0625992499 -0.7622305482 0.3117860958 -0.2075533000 0.5279352703
1403715354.4621429443 1.3349423078 0.8277442682 1.0534232787 -0.7643125729 0.3090906383 -0.2104637582 0.5253515725
1403715354.5121431351 1.3364133432 0.8320950894 1.0437579027 -0.7654374475 0.3069139679 -0.2131555761 0.5239026920
1403715354.5621430874 1.3408502678 0.8373902515 1.0368993954 -0.7660964431 0.3058254779 -0.2140559677 0.5232084285
1403715354.6121432781 1.3437144269 0.8434663748 1.0310877386 -0.7655713071 0.3057053493 -0.2144824168 0.5238722230
1403715354.6621429920 1.3480521572 0.8503088864 1.0269936866 -0.7654327338 0.3057188118 -0.2149338182 0.5238818493
1403715354.7121431828 1.3520359239 0.8563428755 1.0267872038 -0.7649529286 0.3061183258 -0.2148977264 0.5243639526
1403715354.7621431351 1.3591847412 0.8615452909 1.0306188871 -0.7646737290 0.3064583095 -0.2147078384 0.5246502996
1403715354.8121430874 1.3641422066 0.8687935718 1.0385950457 -0.7647235774 0.3074430427 -0.2137884160 0.5243769054
1403715354.8621430397 1.3697551753 0.8754444368 1.0481611584 -0.7644724588 0.3072990896 -0.2144954880 0.5245386686
1403715354.9121432304 1.3753140342 0.8826638072 1.0623905443 -0.7632402276 0.3087959334 -0.2117663761 0.5265590456
1403715354.9621429443 1.3829300009 0.8901556715 1.0791839838 -0.7621579417 0.3098067118 -0.2092760971 0.5285249175
1403715355.0121431351 1.3908554345 0.8960171953 1.0970270877 -0.7608418252 0.3099196406 -0.2073541227 0.5311062052
1403715355.0621430874 1.3978841811 0.9029294994 1.1123494691 -0.7607161711 0.3090929545 -0.2073534919 0.5317677895
1403715355.1121432781 1.4061942062 0.9083642273 1.1286063330 -0.7619863070 0.3071309464 -0.2073874061 0.5310724184
1403715355.1621429920 1.4150062775 0.9134771406 1.1427941390 -0.7635730562 0.3033806984 -0.2064176420 0.5313267325
1403715355.2121431828 1.4234524625 0.9180067498 1.1574381404 -0.7660392186 0.2993166314 -0.2028859835 0.5314421394
1403715355.2621431351 1.4323872642 0.9228392101 1.1703491453 -0.7687041301 0.2927328809 -0.1999130623 0.5323872541
1403715355.3121430874 1.4404139609 0.9283914888 1.1803716672 -0.7722255152 0.2847894085 -0.1969306773 0.5327110425
1403715355.3621430397 1.4489104857 0.9338137425 1.1918644067 -0.7758703384 0.2760780943 -0.1927745132 0.5335204691
1403715355.4121432304 1.4573018115 0.9380133161 1.2050977275 -0.7785369008 0.2674555786 -0.1875832887 0.5358734154
1403715355.4621429443 1.4652706190 0.9436052802 1.2178039306 -0.7811308431 0.2582209330 -0.1802378742 0.5391390029
1403715355.5121431351 1.4737668976 0.9484212910 1.2294586914 -0.7829625051 0.2484707805 -0.1735462599 0.5432436677
1403715355.5621430874 1.4839154065 0.9527609349 1.2411885345 -0.7854729610 0.2381260135 -0.1663841812 0.5464837907
1403715355.6121432781 1.4913608220 0.9578914540 1.2511648498 -0.7879422802 0.2284876699 -0.1592886757 0.5491515870
1403715355.6621429920 1.4981310211 0.9637595570 1.2602723958 -0.7905858390 0.2183903163 -0.1546134760 0.5507943119
1403715355.7121431828 1.5079340500 0.9671003654 1.2702498319 -0.7928339478 0.2096294304 -0.1498420159 0.5522836259
1403715355.7621431351 1.5174786288 0.9713864333 1.2790712076 -0.7949429024 0.2020589824 -0.1461485858 0.5530628721
1403715355.8121430874 1.5276337504 0.9764277126 1.2865209728 -0.7970760840 0.1957016128 -0.1438022470 0.5528937591
1403715355.8621430397 1.5364396270 0.9806550151 1.2941391941 -0.7990320035 0.1911389551 -0.1416464091 0.5522228282
1403715355.9121432304 1.5469908909 0.9845138372 1.3028007957 -0.8004275580 0.1873572494 -0.1400097699 0.5519150749
1403715355.9621429443 1.5569623099 0.9889560894 1.3098457193 -0.8018650776 0.1839931916 -0.1400182660 0.5509571562
1403715356.0121431351 1.5687818651 0.9937407179 1.3177510734 -0.8027705476 0.1811868765 -0.1409891965 0.5503206431
1403715356.0621430874 1.5775817436 0.9993431271 1.3242845842 -0.8039931168 0.1784248810 -0.1438794441 0.5486878306
1403715356.1121432781 1.5864440812 1.0058147646 1.3290362556 -0.8050424061 0.1761811419 -0.1482571661 0.5467053524
1403715356.1621429920 1.5932869143 1.0134841172 1.3354039191 -0.8058378313 0.1750488721 -0.1529438850 0.5446021025
1403715356.2121431828 1.6023683405 1.0204765107 1.3434674015 -0.8057602179 0.1751966580 -0.1568918688 0.5435453465
1403715356.2621431351 1.6095060119 1.0284234358 1.3496945323 -0.8053626628 0.1763796801 -0.1602278076 0.5427782600
1403715356.3121430874 1.6149706997 1.0378568854 1.3560591071 -0.8056413381 0.1785201058 -0.1629845853 0.5408406708
1403715356.3621430397 1.6196765875 1.0492447195 1.3594331200 -0.8064404628 0.1819769446 -0.1640195095 0.5381781973
1403715356.4121432304 1.6213508804 1.0617471246 1.3634775831 -0.8073154098 0.1861346744 -0.1643568612 0.5353340400
1403715356.4621429443 1.6227623252 1.0748229614 1.3658298920 -0.8075082149 0.1911695347 -0.1631033644 0.5336496832
1403715356.5121431351 1.6239461151 1.0892131855 1.3696069028 -0.8068843108 0.1984260023 -0.1582878490 0.5333945888
1403715356.5621430874 1.6282320552 1.1048376809 1.3732384422 -0.8060917210 0.2035207272 -0.1539002438 0.5339570824
1403715356.6121432781 1.6266932816 1.1211394202 1.3740702348 -0.8051933151 0.2066343246 -0.1501690990 0.5351777489
1403715356.6621429920 1.6276999473 1.1395258684 1.3759953103 -0.8044366707 0.2077496249 -0.1459784633 0.5370400585
1403715356.7121431828 1.6277387330 1.1594240246 1.3761655952 -0.8046772862 0.2064390567 -0.1421627308 0.5382073383
1403715356.7621431351 1.6290391700 1.1787972612 1.3774145571 -0.8049733805 0.2037284752 -0.1375942437 0.5399818415
1403715356.8121430874 1.6301039776 1.1987507766 1.3785377090 -0.8053255079 0.1993080665 -0.1324022494 0.5423990831
1403715356.8621430397 1.6298563018 1.2197380287 1.3755886626 -0.8071858588 0.1927151352 -0.1275446258 0.5431797442
1403715356.9121432304 1.6322215564 1.2402551508 1.3786266558 -0.8091161845 0.1860960236 -0.1202463770 0.5442794124
1403715356.9621429443 1.6338135947 1.2608134908 1.3791651578 -0.8100370120 0.1780780024 -0.1119874171 0.5473454875
1403715357.0121431351 1.6372806164 1.2827061623 1.3824001360 -0.8109093096 0.1675853676 -0.1053168143 0.5506810373
1403715357.0621430874 1.6401357889 1.3042004354 1.3857814267 -0.8120904621 0.1569521026 -0.0974800508 0.5535094927
1403715357.1121432781 1.6469500299 1.3261535494 1.3923236051 -0.8127769839 0.1454863435 -0.0900228627 0.5568870464
1403715357.1621429920 1.6513267961 1.3479793230 1.3986059630 -0.8138439454 0.1338274122 -0.0837727065 0.5592230234
1403715357.2121431828 1.6587685691 1.3697850441 1.4080196883 -0.8151554225 0.1225175761 -0.0782901528 0.5606975412
1403715357.2621431351 1.6661081525 1.3929178740 1.4156134248 -0.8153609688 0.1120861911 -0.0755428753 0.5629533287
1403715357.3121430874 1.6765884847 1.4162640584 1.4262949841 -0.8159885152 0.1027352956 -0.0743902201 0.5639807597
1403715357.3621430397 1.6847260793 1.4389320607 1.4350435988 -0.8163019818 0.0951996795 -0.0745625129 0.5648261035
1403715357.4121432304 1.6948747784 1.4612526684 1.4425178657 -0.8164450573 0.0900898182 -0.0735369064 0.5655913865
1403715357.4621429443 1.7055304376 1.4840375166 1.4518610699 -0.8167651057 0.0851171043 -0.0740944565 0.5658266980
1403715357.5121431351 1.7149629190 1.5063095521 1.4592070749 -0.8180686732 0.0814360606 -0.0743236908 0.5644535436
1403715357.5621430874 1.7236665720 1.5289490529 1.4658550785 -0.8193090150 0.0787726998 -0.0745435077 0.5630016564
1403715357.6121432781 1.7335147957 1.5513719033 1.4708903690 -0.8204080989 0.0759251105 -0.0749714333 0.5617341124
1403715357.6621429920 1.7428223696 1.5757471069 1.4771291886 -0.8206482282 0.0734196396 -0.0760252050 0.5615747593
1403715357.7121431828 1.7490158575 1.6003064401 1.4827970433 -0.8192192874 0.0708920886 -0.0780705939 0.5637012093
1403715357.7621431351 1.7556932111 1.6246355121 1.4878027724 -0.8189339004 0.0683136092 -0.0804100937 0.5641052512
1403715357.8121430874 1.7633549675 1.6497962981 1.4925710164 -0.8184446053 0.0648435338 -0.0838058718 0.5647303074
1403715357.8621430397 1.7671426302 1.6759175768 1.4959580760 -0.8185946691 0.0614890482 -0.0880982290 0.5642344963
1403715357.9121432304 1.7714570388 1.7005959602 1.4951155860 -0.8188185295 0.0593145780 -0.0905849572 0.5637484919
1403715357.9621429443 1.7737257926 1.7267592730 1.4962587091 -0.8199785908 0.0584425558 -0.0918944867 0.5619385923
1403715358.0121431351 1.7757664244 1.7538505450 1.4992194750 -0.8213531290 0.0578921003 -0.0921031839 0.5599504851
1403715358.0621430874 1.7743385036 1.7810253407 1.4957661004 -0.8222966933 0.0574239739 -0.0928274737 0.5584923415
1403715358.1121432781 1.7732223261 1.8094048604 1.4972524747 -0.8232572587 0.0589132384 -0.0905735963 0.5572908935
1403715358.1621429920 1.7650892008 1.8406367637 1.4971301403 -0.8234359962 0.0619438039 -0.0878456874 0.5571348674
1403715358.2121431828 1.7576718101 1.8696318870 1.4964146319 -0.8245088703 0.0659174009 -0.0832124501 0.5558018597
1403715358.2621431351 1.7519128908 1.9013732137 1.4950607445 -0.8247211869 0.0688610030 -0.0792362665 0.5557110222
1403715358.3121430874 1.7441084849 1.9333731474 1.4922360146 -0.8256024553 0.0705614970 -0.0770311938 0.5544978414
1403715358.3621430397 1.7349015904 1.9661006376 1.4902939689 -0.8265897505 0.0697001035 -0.0765687831 0.5531984286
1403715358.4121432304 1.7273828797 2.0001934965 1.4889695506 -0.8270391348 0.0654661567 -0.0778262485 0.5528684534
1403715358.4621429443 1.7165568945 2.0351118871 1.4842543063 -0.8264160596 0.0603483255 -0.0781537215 0.5543343503
1403715358.5121431351 1.7054606430 2.0712781544 1.4824434584 -0.8248794332 0.0539002440 -0.0779794465 0.5573041272
1403715358.5621430874 1.6939525983 2.1078359242 1.4788828320 -0.8231511329 0.0475081625 -0.0766348197 0.5606177765
1403715358.6121432781 1.6774394484 2.1455260288 1.4779814363 -0.8217164295 0.0422857698 -0.0747950370 0.5633823973
1403715358.6621429920 1.6601210237 2.1845530962 1.4764049873 -0.8194392686 0.0389149856 -0.0700344787 0.5675386161
1403715358.7121431828 1.6453555652 2.2223997661 1.4732596555 -0.8163346134 0.0378845559 -0.0601229085 0.5731908890
1403715358.7621431351 1.6280768627 2.2601797382 1.4718962964 -0.8140613975 0.0369454504 -0.0509205913 0.5773613844
1403715358.8121430874 1.6095379734 2.2974015722 1.4688295076 -0.8119280348 0.0353607916 -0.0433685610 0.5810694008
1403715358.8621430397 1.5898740237 2.3331432806 1.4651307040 -0.8102307805 0.0338477349 -0.0365654241 0.5839891976
1403715358.9121432304 1.5728865142 2.3705437681 1.4642659611 -0.8084492089 0.0316272343 -0.0315761679 0.5868667143
1403715358.9621429443 1.5544274136 2.4056443503 1.4619045418 -0.8076833330 0.0292229113 -0.0280597511 0.5882230065
1403715359.0121431351 1.5367747144 2.4395100892 1.4565291890 -0.8080921335 0.0277204274 -0.0237636559 0.5879234392
1403715359.0621430874 1.5231995677 2.4706911726 1.4512098824 -0.8093906631 0.0254044200 -0.0206145305 0.5863586028
1403715359.1121432781 1.5064431155 2.5020356801 1.4445693617 -0.8095922994 0.0236093030 -0.0190498956 0.5862081636
1403715359.1621429920 1.4903443274 2.5322094951 1.4363900652 -0.8087729383 0.0218656165 -0.0183743280 0.5874271131
1403715359.2121431828 1.4753201325 2.5622540228 1.4342319253 -0.8078730499 0.0207749788 -0.0177116254 0.5887239028
1403715359.2621431351 1.4595338077 2.5918506998 1.4297994700 -0.8071763828 0.0194400367 -0.0186441393 0.5896954876
1403715359.3121430874 1.4459824908 2.6175279017 1.4237814256 -0.8069354426 0.0178759677 -0.0206006057 0.5900095391
1403715359.3621430397 1.4323412301 2.6425695304 1.4196279570 -0.8075170524 0.0162432979 -0.0229837386 0.5891723968
1403715359.4121432304 1.4151464462 2.6664698068 1.4119265313 -0.8074024137 0.0144018200 -0.0275779716 0.5891802656
1403715359.4621429443 1.4003822535 2.6900265622 1.4100349416 -0.8077991969 0.0125006447 -0.0320967148 0.5884505011
1403715359.5121431351 1.3863540115 2.7106691238 1.4018350523 -0.8071991657 0.0108323659 -0.0357396298 0.5890966351
1403715359.5621430874 1.3683749546 2.7323783445 1.4021404849 -0.8068611232 0.0105057185 -0.0386608734 0.5893811115
1403715359.6121432781 1.3502724817 2.7518753769 1.4030897265 -0.8065017964 0.0112547917 -0.0392545527 0.5898196861
1403715359.6621429920 1.3312390480 2.7670563366 1.3969850864 -0.8058766414 0.0129822398 -0.0383050021 0.5907004547
1403715359.7121431828 1.3120255622 2.7846682852 1.3987072261 -0.8066229662 0.0150646643 -0.0366228058 0.5897382609
1403715359.7621431351 1.2910456138 2.7990534225 1.3990937379 -0.8075179973 0.0171785626 -0.0347643809 0.5885669196
1403715359.8121430874 1.2704270955 2.8124305583 1.4002656903 -0.8075652283 0.0193102480 -0.0329490707 0.5885404617
1403715359.8621430397 1.2494496890 2.8254444374 1.4035811671 -0.8087187737 0.0204608202 -0.0316608306 0.5869862790
1403715359.9121432304 1.2266677519 2.8382803042 1.4085409496 -0.8108576195 0.0224569069 -0.0294248887 0.5840717286
1403715359.9621429443 1.2027950149 2.8504943582 1.4100623674 -0.8122981770 0.0256057170 -0.0256585939 0.5821148130
1403715360.0121431351 1.1836775138 2.8599864615 1.4130287032 -0.8137837227 0.0258548078 -0.0241820150 0.5800886241
1403715360.0621430874 1.1628654195 2.8678352475 1.4150145557 -0.8149379818 0.0257216823 -0.0235590197 0.5784975829
1403715360.1121432781 1.1413377462 2.8769483620 1.4173690999 -0.8159195562 0.0250688992 -0.0236691429 0.5771365521
1403715360.1621429920 1.1192859373 2.8870696313 1.4235580441 -0.8170222643 0.0242734740 -0.0242587062 0.5755839932
1403715360.2121431828 1.0981014651 2.8954229359 1.4237856277 -0.8172070182 0.0236637500 -0.0246118852 0.5753320532
1403715360.2621431351 1.0748318275 2.9050515848 1.4280445314 -0.8176805648 0.0243817160 -0.0250381396 0.5746104049
1403715360.3121430874 1.0535728462 2.9105716855 1.4278039560 -0.8173276400 0.0269174565 -0.0248687824 0.5750065417
1403715360.3621430397 1.0313636246 2.9181441746 1.4296301703 -0.8171364404 0.0330318318 -0.0228298938 0.5750441130
1403715360.4121432304 1.0120957598 2.9267988155 1.4358770373 -0.8170383084 0.0417025949 -0.0192713128 0.5747503047
1403715360.4621429443 0.9945438792 2.9339695896 1.4395028645 -0.8167600928 0.0514071603 -0.0167924121 0.5744373504
1403715360.5121431351 0.9771867747 2.9422222252 1.4426622155 -0.8160904200 0.0621589025 -0.0158028982 0.5743543902
1403715360.5621430874 0.9641326976 2.9487754792 1.4466844409 -0.8152867898 0.0724787474 -0.0168161606 0.5742573450
1403715360.6121432781 0.9489211783 2.9573281846 1.4500619390 -0.8146796323 0.0824741882 -0.0218512524 0.5736005821
1403715360.6621429920 0.9387959859 2.9626389758 1.4522727670 -0.8131831095 0.0914170773 -0.0291276660 0.5740450571
1403715360.7121431828 0.9304148623 2.9699106055 1.4579480982 -0.8122779618 0.1002215603 -0.0379044303 0.5733440554
1403715360.7621431351 0.9261006223 2.9742352090 1.4596323406 -0.8114295380 0.1075555286 -0.0496550333 0.5723183474
1403715360.8121430874 0.9230146795 2.9793532125 1.4655706257 -0.8109559752 0.1154664745 -0.0621284111 0.5702262359
1403715360.8621430397 0.9207265131 2.9836530593 1.4705331453 -0.8101872097 0.1236972937 -0.0750659541 0.5680323647
1403715360.9121432304 0.9174529313 2.9879490550 1.4717816884 -0.8081618396 0.1326354348 -0.0883259433 0.5669927780
1403715360.9621429443 0.9160170885 2.9923605818 1.4769852145 -0.8069127671 0.1424823509 -0.1001990130 0.5644029799
1403715361.0121431351 0.9155166864 2.9953222064 1.4825975705 -0.8052274409 0.1530372295 -0.1107586478 0.5620684094
1403715361.0621430874 0.9169242127 2.9973046230 1.4839544557 -0.8029467562 0.1637486219 -0.1206925460 0.5602644062
1403715361.1121432781 0.9141675443 3.0017859931 1.4869022419 -0.8007145241 0.1758958779 -0.1302116309 0.5576395091
1403715361.1621429920 0.9142398783 3.0041746723 1.4929096321 -0.7986945313 0.1875245546 -0.1388059272 0.5546661173
1403715361.2121431828 0.9130551722 3.0099632694 1.4985180493 -0.7967656164 0.1990333497 -0.1486128546 0.5508761184
1403715361.2621431351 0.9151372795 3.0107751442 1.5025929780 -0.7942138211 0.2099902415 -0.1571111344 0.5481282663
1403715361.3121430874 0.9151015731 3.0145113438 1.5054193563 -0.7915425250 0.2207013184 -0.1663889157 0.5450376940
1403715361.3621430397 0.9145020466 3.0175486587 1.5093523339 -0.7883664771 0.2312723015 -0.1760900058 0.5422026653
1403715361.4121432304 0.9154072516 3.0211731568 1.5137263686 -0.7854392564 0.2415050798 -0.1846805072 0.5391229741
1403715361.4621429443 0.9115585968 3.0287683937 1.5155792284 -0.7818559523 0.2525494573 -0.1935246294 0.5361606656
1403715361.5121431351 0.9088908790 3.0352988286 1.5178744176 -0.7787082105 0.2614966855 -0.2009908497 0.5336999951
1403715361.5621430874 0.9046913442 3.0429121920 1.5198846665 -0.7763663766 0.2693627257 -0.2074384029 0.5307242979
1403715361.6121432781 0.9009998872 3.0491807802 1.5197989636 -0.7746906082 0.2749925914 -0.2137490636 0.5277735063
1403715361.6621429920 0.8980632917 3.0559145117 1.5204957911 -0.7732560613 0.2802123671 -0.2178466739 0.5254511582
1403715361.7121431828 0.8927958963 3.0645742695 1.5202938546 -0.7719714763 0.2865362740 -0.2208922725 0.5226505596
1403715361.7621431351 0.8870465371 3.0753128443 1.5187545268 -0.7707896853 0.2941634745 -0.2233813578 0.5190875459
1403715361.8121430874 0.8831870110 3.0832340458 1.5154650295 -0.7694952140 0.3018394946 -0.2250625895 0.5158651626
1403715361.8621430397 0.8772361159 3.0975452109 1.5128492126 -0.7680987267 0.3104240274 -0.2280323987 0.5115295636
1403715361.9121432304 0.8726880735 3.1089954366 1.5090213898 -0.7659905549 0.3184851546 -0.2327562585 0.5075925534
1403715361.9621429443 0.8710393600 3.1207209015 1.5053331929 -0.7621723882 0.3268650234 -0.2372357005 0.5059364877
1403715362.0121431351 0.8717087916 3.1316263491 1.5037337227 -0.7581571196 0.3357586281 -0.2420442954 0.5038635577
1403715362.0621430874 0.8688486610 3.1474427234 1.4984092495 -0.7538367347 0.3444120186 -0.2490422868 0.5010872960
1403715362.1121432781 0.8680629210 3.1627129771 1.4942181492 -0.7490054807 0.3537278750 -0.2560337652 0.4983112395
1403715362.1621429920 0.8674195284 3.1790833367 1.4891201339 -0.7446022874 0.3630339724 -0.2640274202 0.4940276206
1403715362.2121431828 0.8670402418 3.1970801944 1.4828183032 -0.7392033519 0.3730614928 -0.2725456597 0.4900228469
1403715362.2621431351 0.8673677508 3.2148671559 1.4778642148 -0.7333467564 0.3830395565 -0.2815384503 0.4860240056
1403715362.3121430874 0.8662449213 3.2343400112 1.4716902155 -0.7277728741 0.3935049666 -0.2903998895 0.4807997391
1403715362.3621430397 0.8672190533 3.2542796286 1.4655152104 -0.7217564254 0.4043533873 -0.2988920442 0.4756359390
1403715362.4121432304 0.8683951490 3.2752543840 1.4569952629 -0.7150469853 0.4151851417 -0.3073256502 0.4710414542
1403715362.4621429443 0.8685864411 3.2982677805 1.4501697777 -0.7077404019 0.4265154861 -0.3155396564 0.4665005776
1403715362.5121431351 0.8701273653 3.3218173063 1.4450221922 -0.7003338575 0.4379446181 -0.3236510921 0.4615051138
1403715362.5621430874 0.8709987269 3.3441769875 1.4356991832 -0.6935352055 0.4486227862 -0.3317057385 0.4557607020
1403715362.6121432781 0.8729778121 3.3680021576 1.4320019929 -0.6862481222 0.4596945569 -0.3384083000 0.4508040059
1403715362.6621429920 0.8741643337 3.3967580673 1.4263964604 -0.6785602228 0.4704008351 -0.3456900043 0.4458447032
1403715362.7121431828 0.8764228679 3.4231503898 1.4221954375 -0.6705121078 0.4812339402 -0.3515668976 0.4418462681
1403715362.7621431351 0.8787079014 3.4515140172 1.4178461578 -0.6614497461 0.4933324631 -0.3553410583 0.4391355674
1403715362.8121430874 0.8805903978 3.4811802108 1.4142531690 -0.6514050006 0.5061802265 -0.3574505238 0.4378152881
1403715362.8621430397 0.8840700474 3.5129587997 1.4124976762 -0.6394030572 0.5204920798 -0.3571795280 0.4389470470
1403715362.9121432304 0.8879282259 3.5427976748 1.4130646522 -0.6249587641 0.5344502622 -0.3564572720 0.4435399346
1403715362.9621429443 0.8926403131 3.5717983096 1.4121389160 -0.6114418114 0.5453645812 -0.3584754408 0.4474502690
1403715363.0121431351 0.8956038021 3.5983905645 1.4121637227 -0.5986010179 0.5556906176 -0.3600919512 0.4507976771
1403715363.0621430874 0.8993353263 3.6253150411 1.4132592395 -0.5879773004 0.5650833627 -0.3623461993 0.4512967087
1403715363.1121432781 0.9029385454 3.6475628946 1.4149924056 -0.5793767667 0.5733246102 -0.3649621652 0.4499156271
1403715363.1621429920 0.9065505220 3.6660065573 1.4149718691 -0.5730822993 0.5811382129 -0.3672708705 0.4460573544
1403715363.2121431828 0.9103133154 3.6826661373 1.4182382986 -0.5672201159 0.5884776114 -0.3704565401 0.4412679378
1403715363.2621431351 0.9145223115 3.6969799103 1.4182645563 -0.5614316845 0.5947495609 -0.3748697314 0.4365090010
1403715363.3121430874 0.9178763931 3.7062469797 1.4208043728 -0.5559681184 0.6009639120 -0.3785783502 0.4317641261
1403715363.3621430397 0.9228850012 3.7106377175 1.4253656288 -0.5503842715 0.6067741801 -0.3827117884 0.4271228570
1403715363.4121432304 0.9257645750 3.7145602017 1.4275458738 -0.5442173502 0.6117745101 -0.3880084335 0.4230944103
1403715363.4621429443 0.9275999539 3.7137680629 1.4283703266 -0.5380146392 0.6165983342 -0.3938284212 0.4186238369
1403715363.5121431351 0.9311085464 3.7126053124 1.4363270601 -0.5323592465 0.6216462272 -0.3995439995 0.4129336427
1403715363.5621430874 0.9345148550 3.7084143506 1.4431919122 -0.5280374549 0.6255734305 -0.4070679509 0.4051296245
1403715363.6121432781 0.9381844878 3.7017010560 1.4478877565 -0.5247106664 0.6282459310 -0.4164463374 0.3956743799
1403715363.6621429920 0.9406838319 3.6924071716 1.4530151176 -0.5205414382 0.6316343345 -0.4242857503 0.3873709859
1403715363.7121431828 0.9440301434 3.6839590089 1.4590253618 -0.5154925265 0.6351059210 -0.4328474762 0.3788812302
1403715363.7621431351 0.9460832458 3.6697619269 1.4657116402 -0.5093571782 0.6394482691 -0.4396170366 0.3720188670
1403715363.8121430874 0.9474040915 3.6559790568 1.4665738363 -0.5017390820 0.6440348201 -0.4465840235 0.3661144001
1403715363.8621430397 0.9493331056 3.6417161570 1.4710883999 -0.4927765008 0.6505303571 -0.4525631168 0.3593997775
1403715363.9121432304 0.9513694888 3.6268637284 1.4789996319 -0.4838687448 0.6566738796 -0.4589816630 0.3521168651
1403715363.9621429443 0.9537281860 3.6126057257 1.4854653977 -0.4736975554 0.6624004274 -0.4672651986 0.3442376127
1403715364.0121431351 0.9528625293 3.5958651631 1.4879998384 -0.4626448036 0.6691401596 -0.4734663103 0.3376994012
1403715364.0621430874 0.9520112122 3.5791846864 1.4914421580 -0.4517605218 0.6752447377 -0.4804473303 0.3303442718
1403715364.1121432781 0.9515508695 3.5637013113 1.4968303469 -0.4416103628 0.6810523084 -0.4857694059 0.3243086877
1403715364.1621429920 0.9510072147 3.5500863495 1.5041097110 -0.4321792602 0.6862237620 -0.4911283473 0.3179795308
1403715364.2121431828 0.9490384870 3.5357547520 1.5081864258 -0.4249988105 0.6909969974 -0.4943623229 0.3122579932
1403715364.2621431351 0.9442862880 3.5205091555 1.5152055656 -0.4185946489 0.6958255928 -0.4954671996 0.3084112814
1403715364.3121430874 0.9418801687 3.5095509844 1.5230761263 -0.4130201173 0.7007121372 -0.4952284384 0.3052305314
1403715364.3621430397 0.9356224125 3.4961952392 1.5273521783 -0.4088431482 0.7048935888 -0.4938016034 0.3035330050
1403715364.4121432304 0.9305480548 3.4827642302 1.5361846389 -0.4052274601 0.7085987368 -0.4918315664 0.3029525476
1403715364.4621429443 0.9250197617 3.4709039261 1.5404620571 -0.4022356084 0.7103933148 -0.4919861636 0.3024854847
1403715364.5121431351 0.9191140183 3.4564400404 1.5549753158 -0.4007747922 0.7128656462 -0.4895474033 0.3025648300
1403715364.5621430874 0.9125853126 3.4426925094 1.5630298297 -0.3995439536 0.7134760962 -0.4891681469 0.3033661375
1403715364.6121432781 0.9051739842 3.4279186184 1.5714225561 -0.3991000887 0.7137610861 -0.4891104333 0.3033730628
1403715364.6621429920 0.8983032774 3.4114129903 1.5825723047 -0.3980062836 0.7136864815 -0.4902110035 0.3032091299
1403715364.7121431828 0.8880189559 3.3941325256 1.5902535818 -0.3973504045 0.7123209673 -0.4940977982 0.3009632226
1403715364.7621431351 0.8789065990 3.3757119666 1.6012869993 -0.3978854923 0.7115699430 -0.4983312170 0.2949938125
1403715364.8121430874 0.8673945272 3.3560592417 1.6084529534 -0.3988870255 0.7114010385 -0.5022103065 0.2873717303
1403715364.8621430397 0.8559992221 3.3359786788 1.6177985620 -0.3992778833 0.7123580139 -0.5049901707 0.2794783704
1403715364.9121432304 0.8445374880 3.3150390081 1.6265275038 -0.3980462277 0.7142177831 -0.5068507820 0.2730465961
1403715364.9621429443 0.8327864575 3.2962794174 1.6349355872 -0.3963453885 0.7164482902 -0.5089845582 0.2656066639
1403715365.0121431351 0.8227310668 3.2746116284 1.6467275156 -0.3930197208 0.7196114895 -0.5096175781 0.2607388107
1403715365.0621430874 0.8126369270 3.2574943903 1.6553813917 -0.3895031955 0.7225497158 -0.5112462284 0.2546300511
1403715365.1121432781 0.8011323728 3.2386353480 1.6632241013 -0.3844215412 0.7246940759 -0.5140648073 0.2505512902
1403715365.1621429920 0.7929566854 3.2218367493 1.6754543630 -0.3780379163 0.7263006522 -0.5181562828 0.2471614109
1403715365.2121431828 0.7850947766 3.2053432112 1.6861285853 -0.3717290246 0.7280724387 -0.5218265550 0.2437726456
1403715365.2621431351 0.7764960820 3.1888851055 1.6923813311 -0.3663434386 0.7292112564 -0.5255625165 0.2404734285
1403715365.3121430874 0.7686201257 3.1736608988 1.7020873362 -0.3620565728 0.7303985446 -0.5284462768 0.2370180093
1403715365.3621430397 0.7590316845 3.1592380987 1.7103871316 -0.3575792361 0.7319201017 -0.5303997372 0.2347470413
1403715365.4121432304 0.7545340144 3.1504476147 1.7166766723 -0.3507989423 0.7341891010 -0.5326591603 0.2327674483
1403715365.4621429443 0.7471690898 3.1385621047 1.7242064099 -0.3447039283 0.7368568670 -0.5344781141 0.2292472572
1403715365.5121431351 0.7409652940 3.1271001583 1.7321046471 -0.3374901340 0.7395502171 -0.5366285668 0.2262645953
1403715365.5621430874 0.7325463891 3.1163562474 1.7383568049 -0.3300239707 0.7426367164 -0.5389384039 0.2216309614
1403715365.6121432781 0.7239581291 3.1072350927 1.7468273612 -0.3199591734 0.7467985832 -0.5404281883 0.2187587180
1403715365.6621429920 0.7184168104 3.0986645932 1.7521977392 -0.3081942229 0.7512872213 -0.5420563548 0.2162376939
1403715365.7121431828 0.7091822305 3.0882394412 1.7600484812 -0.2962218328 0.7560693877 -0.5431570917 0.2135230210
1403715365.7621431351 0.6993105910 3.0815063793 1.7656879348 -0.2836733611 0.7608726634 -0.5445637113 0.2098870617
1403715365.8121430874 0.6893614951 3.0722747480 1.7712892340 -0.2722305146 0.7654625508 -0.5457485243 0.2052222658
1403715365.8621430397 0.6785199072 3.0638992328 1.7764648004 -0.2621180342 0.7690240329 -0.5475249608 0.2002812781
1403715365.9121432304 0.6660191335 3.0567496491 1.7822778053 -0.2531949744 0.7725023562 -0.5486984597 0.1950959122
1403715365.9621429443 0.6530813249 3.0487736014 1.7869809352 -0.2449856375 0.7757403060 -0.5492357944 0.1911780772
1403715366.0121431351 0.6401106402 3.0416908444 1.7924854396 -0.2362856205 0.7782917022 -0.5497460008 0.1902904791
1403715366.0621430874 0.6254516890 3.0340625108 1.7958463769 -0.2288799828 0.7810210489 -0.5492834259 0.1894935162
1403715366.1121432781 0.6113186034 3.0277399745 1.7993643000 -0.2216698826 0.7832528736 -0.5488681665 0.1900556101
1403715366.1621429920 0.5938421670 3.0190983102 1.8008366024 -0.2169457714 0.7842435920 -0.5496779060 0.1890786090
1403715366.2121431828 0.5742976702 3.0105379930 1.8020822204 -0.2135376611 0.7848370865 -0.5503793040 0.1884543360
1403715366.2621431351 0.5566904175 3.0065212690 1.8050626314 -0.2106295623 0.7852403483 -0.5514809013 0.1868196947
1403715366.3121430874 0.5345530719 2.9975219242 1.8069158387 -0.2102723638 0.7853233616 -0.5523184168 0.1843830719
1403715366.3621430397 0.5093791364 2.9876702368 1.8087408927 -0.2105347512 0.7850805027 -0.5532242181 0.1823915771
1403715366.4121432304 0.4837643694 2.9783262232 1.8089675740 -0.2126979302 0.7856852389 -0.5526889638 0.1788664452
1403715366.4621429443 0.4574528384 2.9689719554 1.8101427495 -0.2162548486 0.7856389842 -0.5531460835 0.1733050413
1403715366.5121431351 0.4296606192 2.9598123074 1.8112703593 -0.2201826730 0.7854945512 -0.5533908603 0.1681560472
1403715366.5621430874 0.4011731992 2.9493936229 1.8117952942 -0.2234562569 0.7856491147 -0.5527516968 0.1651918022
1403715366.6121432781 0.3734677201 2.9404552992 1.8107127850 -0.2265654459 0.7862866160 -0.5514202283 0.1623489700
1403715366.6621429920 0.3443534134 2.9305884645 1.8111680227 -0.2296006451 0.7868255195 -0.5499788824 0.1603507859
1403715366.7121431828 0.3156265301 2.9203608820 1.8111169790 -0.2325168663 0.7875976844 -0.5479872651 0.1591720824
1403715366.7621431351 0.2862035948 2.9102553379 1.8116150504 -0.2347633107 0.7886172645 -0.5456637185 0.1588083890
1403715366.8121430874 0.2599131354 2.9007007426 1.8129524649 -0.2373437728 0.7900910241 -0.5427384091 0.1576677722
1403715366.8621430397 0.2323161071 2.8902282389 1.8150558112 -0.2397400720 0.7911138575 -0.5402647117 0.1574090333
1403715366.9121432304 0.2103109381 2.8822380669 1.8171626448 -0.2410886847 0.7916806674 -0.5388273875 0.1574262157
1403715366.9621429443 0.1852950407 2.8696936073 1.8183423981 -0.2416968198 0.7926000127 -0.5366996470 0.1591268553
1403715367.0121431351 0.1603711655 2.8573503501 1.8214308335 -0.2424926719 0.7930586635 -0.5351660845 0.1607871959
1403715367.0621430874 0.1360220949 2.8442127668 1.8236577070 -0.2426776969 0.7932233431 -0.5341843867 0.1629457100
1403715367.1121432781 0.1132209211 2.8303506056 1.8270043329 -0.2434807916 0.7932539422 -0.5333320604 0.1643843079
1403715367.1621429920 0.0910263927 2.8150578713 1.8314694179 -0.2443787436 0.7936801042 -0.5318242442 0.1658731296
1403715367.2121431828 0.0690288216 2.7982839521 1.8342802434 -0.2456159741 0.7930371373 -0.5319055832 0.1668572526
1403715367.2621431351 0.0479279072 2.7813755082 1.8379934799 -0.2454109446 0.7933233998 -0.5306853196 0.1696600815
1403715367.3121430874 0.0275118254 2.7632513608 1.8418739278 -0.2464835140 0.7939043274 -0.5290458907 0.1705058408
1403715367.3621430397 0.0075235724 2.7441494286 1.8453823850 -0.2470698792 0.7947842476 -0.5270584303 0.1717087229
1403715367.4121432304 -0.0133108485 2.7230483673 1.8493041876 -0.2477517631 0.7951256205 -0.5258515064 0.1728424276
1403715367.4621429443 -0.0335104247 2.7003041217 1.8532071552 -0.2486672140 0.7951453325 -0.5250913420 0.1737457896
1403715367.5121431351 -0.0521153288 2.6760499180 1.8564104490 -0.2498315600 0.7956561629 -0.5236684728 0.1740310107
1403715367.5621430874 -0.0703373514 2.6509302447 1.8596450747 -0.2509915345 0.7956528101 -0.5229820152 0.1744410137
1403715367.6121432781 -0.0878420256 2.6234200886 1.8625552556 -0.2518287103 0.7950115913 -0.5232260839 0.1754233039
1403715367.6621429920 -0.1057505901 2.5955896016 1.8665568109 -0.2522532945 0.7946773267 -0.5231107811 0.1766672935
1403715367.7121431828 -0.1225184416 2.5659197132 1.8704812551 -0.2533530898 0.7935613958 -0.5242200163 0.1768216544
1403715367.7621431351 -0.1391249488 2.5344588499 1.8749358539 -0.2541676553 0.7928387322 -0.5247269071 0.1773900244
1403715367.8121430874 -0.1536853299 2.5046789977 1.8797946213 -0.2552061454 0.7918267615 -0.5259257596 0.1768680256
1403715367.8621430397 -0.1699103932 2.4714027634 1.8844972044 -0.2566698164 0.7902013056 -0.5279015344 0.1761319730
1403715367.9121432304 -0.1843917430 2.4367362734 1.8896677793 -0.2580963945 0.7878131955 -0.5312666013 0.1746207846
1403715367.9621429443 -0.1987918606 2.4012456757 1.8931887853 -0.2577233566 0.7848461174 -0.5355583897 0.1754207936
1403715368.0121431351 -0.2121344139 2.3658680977 1.8988711540 -0.2567908986 0.7827277876 -0.5388174142 0.1762709252
1403715368.0621430874 -0.2285628804 2.3290220732 1.9042597797 -0.2552800011 0.7808520822 -0.5415879208 0.1782825589
1403715368.1121432781 -0.2423680567 2.2930583073 1.9078493251 -0.2540607790 0.7795329418 -0.5437148453 0.1793200500
1403715368.1621429920 -0.2564967599 2.2554153717 1.9105629910 -0.2526065848 0.7787161220 -0.5451660357 0.1805134571
1403715368.2121431828 -0.2697898785 2.2202283650 1.9102222262 -0.2509265859 0.7784251608 -0.5459118623 0.1818525670
1403715368.2621431351 -0.2838067242 2.1856114101 1.9114703356 -0.2483096136 0.7788155486 -0.5456622615 0.1845030444
1403715368.3121430874 -0.3005785342 2.1488985280 1.9129438299 -0.2459345945 0.7795901921 -0.5447613642 0.1870571133
1403715368.3621430397 -0.3145910541 2.1137183814 1.9144427608 -0.2423166203 0.7802641028 -0.5440940124 0.1908724471
1403715368.4121432304 -0.3325705839 2.0768212968 1.9152336668 -0.2395378961 0.7807405783 -0.5435262629 0.1940230589
1403715368.4621429443 -0.3503792478 2.0408340561 1.9151604078 -0.2367167128 0.7802089621 -0.5445272677 0.1967974292
1403715368.5121431351 -0.3709702428 2.0029882275 1.9120446148 -0.2350530467 0.7794185080 -0.5459447952 0.1979927655
1403715368.5621430874 -0.3927421105 1.9652658377 1.9118454722 -0.2355230051 0.7784187304 -0.5478963276 0.1959663452
1403715368.6121432781 -0.4147675326 1.9271931491 1.9109196743 -0.2379441828 0.7772901808 -0.5501753664 0.1910748727
1403715368.6621429920 -0.4383688459 1.8899267125 1.9085041122 -0.2407323839 0.7765133802 -0.5519154018 0.1856455735
1403715368.7121431828 -0.4646381505 1.8519427191 1.9066721577 -0.2424580463 0.7763247358 -0.5525977300 0.1821256411
1403715368.7621431351 -0.4903048144 1.8155634008 1.9050698405 -0.2440307457 0.7761178257 -0.5534716546 0.1782112324
1403715368.8121430874 -0.5161438596 1.7780942963 1.9017875997 -0.2452739202 0.7756760130 -0.5545213903 0.1751383874
1403715368.8621430397 -0.5434199927 1.7418004380 1.8996785201 -0.2454854461 0.7763523647 -0.5540303452 0.1733905363
1403715368.9121432304 -0.5699958090 1.7057640092 1.9003930168 -0.2468500393 0.7768916433 -0.5530565137 0.1721421660
1403715368.9621429443 -0.5968718715 1.6722027190 1.8955624329 -0.2491070242 0.7772424280 -0.5515539663 0.1721282103
1403715369.0121431351 -0.6227991457 1.6390505826 1.8941259885 -0.2524766311 0.7781278246 -0.5484094626 0.1732619425
1403715369.0621430874 -0.6502534365 1.6057838287 1.8925863616 -0.2572670347 0.7787242078 -0.5446180688 0.1754805978
1403715369.1121432781 -0.6742645007 1.5734371439 1.8903830167 -0.2632284803 0.7785048591 -0.5411392900 0.1783513956
1403715369.1621429920 -0.7016676051 1.5409570542 1.8886187276 -0.2707053687 0.7773655319 -0.5379094481 0.1818649466
1403715369.2121431828 -0.7254724423 1.5096928053 1.8874826752 -0.2789124240 0.7756513129 -0.5347668891 0.1860034271
1403715369.2621431351 -0.7504316998 1.4779166096 1.8853303870 -0.2883680435 0.7726192247 -0.5326545443 0.1902170905
1403715369.3121430874 -0.7738653019 1.4457228487 1.8840580053 -0.2982179130 0.7698370751 -0.5294176174 0.1952791350
1403715369.3621430397 -0.7981012608 1.4145751408 1.8845477411 -0.3083693878 0.7661766225 -0.5266625863 0.2012665494
1403715369.4121432304 -0.8225944070 1.3815116071 1.8835599395 -0.3193269689 0.7623833994 -0.5232514742 0.2073878827
1403715369.4621429443 -0.8446419785 1.3513753798 1.8849951815 -0.3299830157 0.7584366692 -0.5197104283 0.2139768651
1403715369.5121431351 -0.8660523660 1.3186881684 1.8844128588 -0.3407865599 0.7540473180 -0.5161159826 0.2211367346
1403715369.5621430874 -0.8866531515 1.2862346231 1.8849885602 -0.3514140688 0.7494174387 -0.5124969722 0.2285355736
1403715369.6121432781 -0.9061751898 1.2553093301 1.8839601875 -0.3621802205 0.7443034070 -0.5091664366 0.2357699432
1403715369.6621429920 -0.9269512665 1.2219550808 1.8834119350 -0.3726077787 0.7394138681 -0.5057410817 0.2421911089
1403715369.7121431828 -0.9447579614 1.1881930754 1.8828039242 -0.3815482262 0.7347580784 -0.5031442533 0.2477849425
1403715369.7621431351 -0.9613713485 1.1552713994 1.8833901663 -0.3900092569 0.7304610279 -0.5009940498 0.2516434546
1403715369.8121430874 -0.9770533937 1.1210706855 1.8830755918 -0.3968543776 0.7272290244 -0.4986524734 0.2549318727
1403715369.8621430397 -0.9928166658 1.0866116799 1.8821852381 -0.4034207261 0.7239209768 -0.4974520694 0.2563816992
1403715369.9121432304 -1.0064057015 1.0527491200 1.8790791508 -0.4090135717 0.7219634851 -0.4957269267 0.2563814317
1403715369.9621429443 -1.0198030233 1.0186250675 1.8769781720 -0.4140582765 0.7209588053 -0.4934043663 0.2555900544
1403715370.0121431351 -1.0307328401 0.9829150423 1.8744332207 -0.4187394093 0.7197222754 -0.4923599860 0.2534537385
1403715370.0621430874 -1.0385032016 0.9495265641 1.8690878350 -0.4228010747 0.7180126081 -0.4928364961 0.2506179044
1403715370.1121432781 -1.0458379601 0.9156039016 1.8658740239 -0.4253113940 0.7162426660 -0.4940740313 0.2489929982
1403715370.1621429920 -1.0513047500 0.8820470593 1.8637592869 -0.4264782515 0.7132068382 -0.4974428202 0.2490039106
1403715370.2121431828 -1.0546977590 0.8512815134 1.8613324632 -0.4233459663 0.7119569890 -0.4995644404 0.2536351878
1403715370.2621431351 -1.0571004106 0.8188016793 1.8620513600 -0.4193539979 0.7114071635 -0.5009358210 0.2590470526
1403715370.3121430874 -1.0565167872 0.7898723832 1.8598383312 -0.4154768471 0.7112836768 -0.5019990263 0.2635365218
1403715370.3621430397 -1.0567073194 0.7603070145 1.8610374192 -0.4111345281 0.7121979888 -0.5017040560 0.2683942338
1403715370.4121432304 -1.0556306925 0.7323793252 1.8599051963 -0.4064097114 0.7135170980 -0.5010563089 0.2732527631
1403715370.4621429443 -1.0548586154 0.7038128953 1.8571927387 -0.4025287867 0.7148400188 -0.5004603074 0.2766112870
1403715370.5121431351 -1.0533512863 0.6758455794 1.8564312057 -0.3990960909 0.7160091774 -0.5003550764 0.2787435481
1403715370.5621430874 -1.0524474982 0.6471787541 1.8558225253 -0.3966200448 0.7172741328 -0.4997571455 0.2800949018
1403715370.6121432781 -1.0523117170 0.6184031741 1.8548644417 -0.3947234435 0.7174692461 -0.5006839683 0.2806186878
1403715370.6621429920 -1.0518745838 0.5888749956 1.8557144021 -0.3931867037 0.7186910586 -0.5001318757 0.2806340773
1403715370.7121431828 -1.0519952491 0.5603386642 1.8559034195 -0.3925080994 0.7190415535 -0.5005426625 0.2799529947
1403715370.7621431351 -1.0520474750 0.5308496377 1.8550453331 -0.3930695372 0.7186274595 -0.5019642182 0.2776739762
1403715370.8121430874 -1.0533406257 0.5002627983 1.8542196763 -0.3942962392 0.7183477138 -0.5030242114 0.2747247360
1403715370.8621430397 -1.0557596102 0.4696267786 1.8555331170 -0.3957092030 0.7186739372 -0.5031969535 0.2715047415
1403715370.9121432304 -1.0562155192 0.4397005668 1.8563246246 -0.3963997089 0.7192913141 -0.5029738549 0.2692667404
1403715370.9621429443 -1.0566124348 0.4114311714 1.8526430568 -0.3970268945 0.7209440378 -0.5014751850 0.2667057897
1403715371.0121431351 -1.0572374248 0.3818217838 1.8523893855 -0.3983672371 0.7239834927 -0.4977857158 0.2633644394
1403715371.0621430874 -1.0585124412 0.3511290863 1.8479426165 -0.4002759899 0.7278880563 -0.4926378721 0.2593569670
1403715371.1121432781 -1.0551292174 0.3229532581 1.8456383369 -0.4023503745 0.7315335333 -0.4879812837 0.2546510016
1403715371.1621429920 -1.0524850287 0.2937701192 1.8408517996 -0.4038027127 0.7345418522 -0.4840354343 0.2511997907
1403715371.2121431828 -1.0480452395 0.2626377914 1.8382764561 -0.4055388299 0.7367568845 -0.4809004476 0.2479159336
1403715371.2621431351 -1.0416304263 0.2323066182 1.8348107946 -0.4064082050 0.7379248088 -0.4794279391 0.2458621537
1403715371.3121430874 -1.0332173164 0.1995841612 1.8342853721 -0.4072388339 0.7381392176 -0.4789804496 0.2447136215
1403715371.3621430397 -1.0232357135 0.1678117364 1.8299200896 -0.4074522259 0.7379192592 -0.4792181236 0.2445564159
1403715371.4121432304 -1.0111650728 0.1336009733 1.8274000597 -0.4072462584 0.7369745748 -0.4803905773 0.2454462352
1403715371.4621429443 -0.9966504725 0.0994000265 1.8253990035 -0.4049102097 0.7350031939 -0.4833009620 0.2494758649
1403715371.5121431351 -0.9788571685 0.0665997379 1.8225482498 -0.4005457050 0.7327384473 -0.4869867124 0.2559325067
1403715371.5621430874 -0.9621439221 0.0305950454 1.8219310086 -0.3962062914 0.7307134343 -0.4895960977 0.2633896595
1403715371.6121432781 -0.9438576394 -0.0039346273 1.8187925352 -0.3923395880 0.7287558405 -0.4921493742 0.2697657615
1403715371.6621429920 -0.9258779825 -0.0405924177 1.8147967941 -0.3883544949 0.7272930331 -0.4939133957 0.2761796297
1403715371.7121431828 -0.9083845417 -0.0788840155 1.8133838520 -0.3850410140 0.7269053247 -0.4937865739 0.2820051170
1403715371.7621431351 -0.8915266074 -0.1177635725 1.8107118981 -0.3831415596 0.7266081743 -0.4934336713 0.2859481044
1403715371.8121430874 -0.8755391065 -0.1579873380 1.8058379233 -0.3827717214 0.7257237292 -0.4939860913 0.2877301161
1403715371.8621430397 -0.8579928685 -0.1951680496 1.8020173364 -0.3856667728 0.7255487744 -0.4937014954 0.2847787734
1403715371.9121432304 -0.8414340106 -0.2350343731 1.7973081551 -0.3895523609 0.7246829156 -0.4944886269 0.2802938241
1403715371.9621429443 -0.8273292167 -0.2768506991 1.7924493480 -0.3935674454 0.7235105789 -0.4954585727 0.2759672280
1403715372.0121431351 -0.8115394979 -0.3178250378 1.7866831559 -0.3962716742 0.7229747624 -0.4956953361 0.2730611411
1403715372.0621430874 -0.7971037224 -0.3589922215 1.7807775840 -0.3975674582 0.7213039362 -0.4975878899 0.2721526037
1403715372.1121432781 -0.7808321509 -0.4018071817 1.7780239710 -0.3980008823 0.7202408146 -0.4986186016 0.2724480809
1403715372.1621429920 -0.7642619637 -0.4425882266 1.7740297323 -0.3983975607 0.7191136101 -0.4994554941 0.2733115599
1403715372.2121431828 -0.7474814423 -0.4812830810 1.7723520260 -0.3987568182 0.7178914924 -0.4993331949 0.2762085544
1403715372.2621431351 -0.7321477218 -0.5247325966 1.7722310610 -0.4014046866 0.7160186524 -0.4988991287 0.2780129968
1403715372.3121430874 -0.7169801661 -0.5677799551 1.7733563274 -0.4051079441 0.7137103875 -0.4977934889 0.2805471061
1403715372.3621430397 -0.7003750867 -0.6084114230 1.7734937694 -0.4094629949 0.7109351788 -0.4964777345 0.2835861182
1403715372.4121432304 -0.6841096427 -0.6496491969 1.7780143712 -0.4153813222 0.7067827854 -0.4956873618 0.2867237187
1403715372.4621429443 -0.6672020627 -0.6896035959 1.7828510518 -0.4202684606 0.7035473490 -0.4942890524 0.2899549644
1403715372.5121431351 -0.6513632002 -0.7285420974 1.7859075266 -0.4249621968 0.7002739688 -0.4934321568 0.2924862501
1403715372.5621430874 -0.6349190732 -0.7690778501 1.7927772920 -0.4290685806 0.6968594533 -0.4930525803 0.2952731083
1403715372.6121432781 -0.6190135814 -0.8077458102 1.7982363610 -0.4324375826 0.6939422256 -0.4926584048 0.2978751767
1403715372.6621429920 -0.6031595719 -0.8493890678 1.8061910453 -0.4356590830 0.6915536071 -0.4919991258 0.2998193325
1403715372.7121431828 -0.5872962500 -0.8891726727 1.8128951618 -0.4377658092 0.6899184500 -0.4910651277 0.3020408399
1403715372.7621431351 -0.5707903385 -0.9291120643 1.8195233407 -0.4401576913 0.6886274759 -0.4903647608 0.3026479927
1403715372.8121430874 -0.5549712365 -0.9679735384 1.8256869575 -0.4413866315 0.6875279362 -0.4898937238 0.3041172765
1403715372.8621430397 -0.5391495440 -1.0074567271 1.8303987514 -0.4422253639 0.6871319626 -0.4888937961 0.3054001467
1403715372.9121432304 -0.5225164341 -1.0434908496 1.8352334401 -0.4420346008 0.6872856564 -0.4877973980 0.3070790397
1403715372.9621429443 -0.5070671703 -1.0837199240 1.8402798097 -0.4413571310 0.6875942844 -0.4864376130 0.3095099863
1403715373.0121431351 -0.4902384680 -1.1195144819 1.8449034047 -0.4406238293 0.6883436056 -0.4851122672 0.3109659305
1403715373.0621430874 -0.4749666705 -1.1580338979 1.8499808785 -0.4398391864 0.6888448613 -0.4840333577 0.3126434964
1403715373.1121432781 -0.4594960494 -1.1953248797 1.8539794058 -0.4387482341 0.6894148432 -0.4834460888 0.3138264492
1403715373.1621429920 -0.4427841137 -1.2297019585 1.8567208573 -0.4378472609 0.6899342823 -0.4832899308 0.3141835529
1403715373.2121431828 -0.4279743186 -1.2681689935 1.8605564170 -0.4369433737 0.6904208922 -0.4831628660 0.3145681559
1403715373.2621431351 -0.4137811849 -1.3051541868 1.8633561595 -0.4369113065 0.6905825564 -0.4836435722 0.3135173649
1403715373.3121430874 -0.4009169015 -1.3459943431 1.8659748396 -0.4380071536 0.6895032513 -0.4856041185 0.3113256171
1403715373.3621430397 -0.3857590107 -1.3814156593 1.8664126685 -0.4376267760 0.6893585593 -0.4871636927 0.3097404044
1403715373.4121432304 -0.3717003118 -1.4191768181 1.8696889023 -0.4375013636 0.6893233763 -0.4879929118 0.3086887719
1403715373.4621429443 -0.3583018860 -1.4576616126 1.8721595518 -0.4377101597 0.6889138212 -0.4891089375 0.3075386323
1403715373.5121431351 -0.3444628920 -1.4937701510 1.8727750076 -0.4385370854 0.6881936659 -0.4898171899 0.3068449499
1403715373.5621430874 -0.3306680967 -1.5287219912 1.8741948278 -0.4413232869 0.6859866339 -0.4911967502 0.3055844353
1403715373.6121432781 -0.3178520401 -1.5663750814 1.8746535251 -0.4466389292 0.6827687372 -0.4921357481 0.3035505293
1403715373.6621429920 -0.3042813665 -1.6025692526 1.8761714592 -0.4527952952 0.6786273267 -0.4926151548 0.3029384119
1403715373.7121431828 -0.2913578955 -1.6370825974 1.8773863376 -0.4602803445 0.6732177712 -0.4929041853 0.3032578130
1403715373.7621431351 -0.2782472700 -1.6670375696 1.8773675353 -0.4675259568 0.6678801770 -0.4920109836 0.3054189597
1403715373.8121430874 -0.2644905757 -1.6953347201 1.8782840230 -0.4745906703 0.6627548508 -0.4893821432 0.3098787204
1403715373.8621430397 -0.2507429870 -1.7258016101 1.8789624383 -0.4820715628 0.6576790085 -0.4848157778 0.3162577932
1403715373.9121432304 -0.2378044790 -1.7469621030 1.8794483224 -0.4893377723 0.6524547441 -0.4800957614 0.3230470730
1403715373.9621429443 -0.2243560015 -1.7708131699 1.8821478677 -0.4970337540 0.6468300061 -0.4743525211 0.3309955836
1403715374.0121431351 -0.2117953642 -1.7935121727 1.8824324312 -0.5055426446 0.6403775670 -0.4688161607 0.3384591757
1403715374.0621430874 -0.1988780894 -1.8182707520 1.8813568107 -0.5141366393 0.6334595714 -0.4627639132 0.3467593520
1403715374.1121432781 -0.1855109649 -1.8394644366 1.8822627450 -0.5228730698 0.6261716275 -0.4567335620 0.3548341854
1403715374.1621429920 -0.1705087649 -1.8581432177 1.8837276926 -0.5323063847 0.6185939523 -0.4512697042 0.3610361328
1403715374.2121431828 -0.1597458634 -1.8783101434 1.8838875441 -0.5414098808 0.6108982897 -0.4448309948 0.3685159517
1403715374.2621431351 -0.1474332266 -1.8943441263 1.8852902985 -0.5503193698 0.6031275487 -0.4388236484 0.3752593195
1403715374.3121430874 -0.1344354466 -1.9130770920 1.8897674875 -0.5594230924 0.5964265424 -0.4310404700 0.3814777797
1403715374.3621430397 -0.1225387302 -1.9269399455 1.8885130023 -0.5680341757 0.5892026633 -0.4254284338 0.3862486821
1403715374.4121432304 -0.1099588676 -1.9428537890 1.8875682107 -0.5760680200 0.5832318372 -0.4196610048 0.3897061733
1403715374.4621429443 -0.0972332518 -1.9595251472 1.8873996215 -0.5831468350 0.5782711586 -0.4142251324 0.3923770834
1403715374.5121431351 -0.0834331367 -1.9727160653 1.8885197282 -0.5899714986 0.5754963995 -0.4085386252 0.3922164157
1403715374.5621430874 -0.0690881037 -1.9889769984 1.8894925560 -0.5953902162 0.5729399041 -0.4040366130 0.3924344177
1403715374.6121432781 -0.0535793371 -2.0003722852 1.8917906809 -0.6001796149 0.5714409275 -0.4003616841 0.3910885042
1403715374.6621429920 -0.0375285550 -2.0126826810 1.8915150855 -0.6031041458 0.5705768946 -0.3974039563 0.3908676147
1403715374.7121431828 -0.0196707229 -2.0265005638 1.8913038444 -0.6053357668 0.5698129390 -0.3955156652 0.3904474132
1403715374.7621431351 -0.0011406939 -2.0392204307 1.8927673194 -0.6069354655 0.5692875648 -0.3945486843 0.3897080253
1403715374.8121430874 0.0195499846 -2.0521130338 1.8929959278 -0.6080850973 0.5686446155 -0.3943950960 0.3890094137
1403715374.8621430397 0.0425048518 -2.0605257852 1.8959789766 -0.6082331946 0.5689414171 -0.3945383217 0.3881978330
1403715374.9121432304 0.0647469447 -2.0691354527 1.8935768157 -0.6079670844 0.5679965560 -0.3968022694 0.3876904637
1403715374.9621429443 0.0898585959 -2.0793449391 1.8980148037 -0.6062611243 0.5666432360 -0.3998901849 0.3891667153
1403715375.0121431351 0.1152835319 -2.0851990522 1.8979744736 -0.6039100689 0.5657616431 -0.4032233755 0.3906626438
1403715375.0621430874 0.1431829995 -2.0893792531 1.9004857982 -0.6023063317 0.5644491012 -0.4072476572 0.3908626878
1403715375.1121432781 0.1700417874 -2.0944600546 1.9012876475 -0.6005123304 0.5643553760 -0.4096970358 0.3911985294
1403715375.1621429920 0.1974717791 -2.0969007342 1.9028800737 -0.5983743085 0.5647649412 -0.4119897457 0.3914756665
1403715375.2121431828 0.2261937949 -2.0974812543 1.9039174085 -0.5959001013 0.5658259019 -0.4139316923 0.3916690849
1403715375.2621431351 0.2535488308 -2.0997381242 1.9023819037 -0.5938912286 0.5673667755 -0.4143634743 0.3920345161
1403715375.3121430874 0.2823999804 -2.0959765627 1.9028835660 -0.5918963622 0.5693745480 -0.4155165540 0.3909185515
1403715375.3621430397 0.3116022798 -2.0958653960 1.9039865912 -0.5889088592 0.5721574519 -0.4147855620 0.3921417389
1403715375.4121432304 0.3419146301 -2.0970571717 1.9004061943 -0.5883070215 0.5736979126 -0.4155646062 0.3899636029
1403715375.4621429443 0.3701465917 -2.0870792950 1.8966994030 -0.5852224330 0.5760588174 -0.4164103815 0.3902221637
1403715375.5121431351 0.4005573903 -2.0802923092 1.8952937946 -0.5835788268 0.5784143349 -0.4164193050 0.3891883510
1403715375.5621430874 0.4286117826 -2.0780592018 1.8960273312 -0.5818429480 0.5811301363 -0.4150035120 0.3892539449
1403715375.6121432781 0.4588158859 -2.0723483198 1.8935566710 -0.5798330007 0.5833829930 -0.4147905439 0.3891102408
1403715375.6621429920 0.4891766583 -2.0660069494 1.8905751200 -0.5780919903 0.5847441104 -0.4154096743 0.3889971448
1403715375.7121431828 0.5177701843 -2.0629410700 1.8837315905 -0.5764213275 0.5846630839 -0.4173363687 0.3895354759
1403715375.7621431351 0.5475840707 -2.0531765170 1.8799952747 -0.5748255330 0.5852754447 -0.4187853721 0.3894188908
1403715375.8121430874 0.5756033984 -2.0470437426 1.8734673699 -0.5734720161 0.5852073657 -0.4204027246 0.3897739537
1403715375.8621430397 0.6070244188 -2.0397465026 1.8711603958 -0.5729764439 0.5845539180 -0.4226028030 0.3891035628
1403715375.9121432304 0.6364945392 -2.0313451009 1.8670666468 -0.5733269040 0.5835814594 -0.4249248016 0.3875149730
1403715375.9621429443 0.6652521768 -2.0213273001 1.8622345035 -0.5724856094 0.5826188510 -0.4272999409 0.3875954876
1403715376.0121431351 0.6939664797 -2.0131555160 1.8582931369 -0.5727237233 0.5812799775 -0.4290581848 0.3873115008
1403715376.0621430874 0.7230677647 -2.0021646224 1.8558463646 -0.5718634310 0.5816913340 -0.4288178447 0.3882301692
1403715376.1121432781 0.7512338843 -1.9907126535 1.8517868609 -0.5708409127 0.5822254959 -0.4277798386 0.3900750364
1403715376.1621429920 0.7780649471 -1.9799142885 1.8476129558 -0.5695792746 0.5828080753 -0.4261509443 0.3928225681
1403715376.2121431828 0.8042258742 -1.9712162974 1.8414044395 -0.5681586787 0.5832311954 -0.4243371332 0.3962008151
1403715376.2621431351 0.8296608771 -1.9620602244 1.8381910325 -0.5672767427 0.5838172616 -0.4224437430 0.3986173432
1403715376.3121430874 0.8551854215 -1.9506242660 1.8322716140 -0.5646799484 0.5809826068 -0.4257589010 0.4028959229
1403715376.3621430397 0.8803108767 -1.9361667943 1.8273116737 -0.5609074679 0.5777272693 -0.4302649618 0.4080270547
1403715376.4121432304 0.9065508422 -1.9235303820 1.8234714196 -0.5598986809 0.5736703239 -0.4351709049 0.4099293965
1403715376.4621429443 0.9293276830 -1.9150234242 1.8192265573 -0.5624009892 0.5715434610 -0.4368481791 0.4076847654
1403715376.5121431351 0.9506878657 -1.8992178346 1.8113353160 -0.5655260516 0.5714169585 -0.4369261525 0.4034333671
1403715376.5621430874 0.9669433349 -1.8869762272 1.8038772479 -0.5692772223 0.5716700103 -0.4353544211 0.3994788749
1403715376.6121432781 0.9860230577 -1.8743853167 1.7953616723 -0.5720644822 0.5720575439 -0.4337294199 0.3967003719
1403715376.6621429920 1.0014933277 -1.8601477624 1.7863245146 -0.5749210427 0.5726267651 -0.4314916609 0.3941818479
1403715376.7121431828 1.0186664802 -1.8459018619 1.7790378809 -0.5764220341 0.5724996751 -0.4300350125 0.3937659821
1403715376.7621431351 1.0353451781 -1.8316349980 1.7743546668 -0.5784937150 0.5709472058 -0.4299707880 0.3930514360
1403715376.8121430874 1.0503520598 -1.8162151302 1.7696693796 -0.5790559836 0.5692359886 -0.4306209436 0.3939925888
1403715376.8621430397 1.0637493476 -1.7997397488 1.7633734793 -0.5782220871 0.5670261834 -0.4317026650 0.3972069163
1403715376.9121432304 1.0762796406 -1.7814770342 1.7597369678 -0.5762913638 0.5637122995 -0.4342784556 0.4018941781
1403715376.9621429443 1.0888434664 -1.7610863423 1.7555603487 -0.5741246516 0.5590818529 -0.4388031998 0.4065219773
1403715377.0121431351 1.0962517226 -1.7405261746 1.7504855430 -0.5718349687 0.5568739939 -0.4397887455 0.4116818952
1403715377.0621430874 1.1043477726 -1.7232894577 1.7471030601 -0.5737882351 0.5552738239 -0.4386614008 0.4123278030
1403715377.1121432781 1.1080996366 -1.7021853493 1.7392937718 -0.5768981379 0.5560844713 -0.4359761940 0.4097357167
1403715377.1621429920 1.1115146446 -1.6832436337 1.7307697437 -0.5811573711 0.5555987929 -0.4335934029 0.4068941537
1403715377.2121431828 1.1134576293 -1.6627291645 1.7244706674 -0.5847006142 0.5557199201 -0.4309782346 0.4044234459
1403715377.2621431351 1.1159216471 -1.6395026512 1.7207307353 -0.5873600205 0.5560430502 -0.4284111460 0.4028501242
1403715377.3121430874 1.1149292427 -1.6156220954 1.7118059232 -0.5879743651 0.5560769453 -0.4263538968 0.4040877771
1403715377.3621430397 1.1146179812 -1.5906458377 1.7075914896 -0.5884538866 0.5556171765 -0.4253591862 0.4050693017
1403715377.4121432304 1.1124128771 -1.5659297049 1.7034970373 -0.5877060421 0.5546477845 -0.4245100087 0.4083609871
1403715377.4621429443 1.1105006694 -1.5384069815 1.6995920233 -0.5873164350 0.5536833667 -0.4248243855 0.4099004466
1403715377.5121431351 1.1080009678 -1.5114531762 1.6961451508 -0.5875878255 0.5528542278 -0.4243226515 0.4111484373
1403715377.5621430874 1.1026380470 -1.4858367034 1.6912349716 -0.5875506322 0.5527196766 -0.4230522647 0.4126887387
1403715377.6121432781 1.0970054573 -1.4582727344 1.6856848818 -0.5880969208 0.5526922856 -0.4222988072 0.4127189924
1403715377.6621429920 1.0903179334 -1.4282976656 1.6796296625 -0.5889562748 0.5534874031 -0.4209456980 0.4118093252
1403715377.7121431828 1.0832410257 -1.4001600832 1.6754174465 -0.5901038167 0.5543915750 -0.4191515584 0.4107790625
1403715377.7621431351 1.0760000225 -1.3674051721 1.6723245068 -0.5904586819 0.5550045360 -0.4187816916 0.4098175261
1403715377.8121430874 1.0660760710 -1.3390175705 1.6676710753 -0.5909322931 0.5553782548 -0.4177998783 0.4096306637
1403715377.8621430397 1.0562723407 -1.3085826274 1.6626442021 -0.5911330902 0.5559071915 -0.4170064741 0.4094318803
1403715377.9121432304 1.0469441082 -1.2773381001 1.6598756073 -0.5916980347 0.5561913680 -0.4162238229 0.4090260715
1403715377.9621429443 1.0347757578 -1.2463332322 1.6526274781 -0.5913300261 0.5559623791 -0.4162470927 0.4098450818
1403715378.0121431351 1.0233960038 -1.2131819676 1.6476995885 -0.5903382234 0.5572088662 -0.4147592850 0.4110885513
1403715378.0621430874 1.0123541502 -1.1798161433 1.6439679064 -0.5890557474 0.5583717585 -0.4126273614 0.4134887741
1403715378.1121432781 0.9991728613 -1.1492878907 1.6384507251 -0.5880391097 0.5590622299 -0.4108098301 0.4158060991
1403715378.1621429920 0.9859908112 -1.1154309155 1.6333415985 -0.5865376731 0.5600522191 -0.4089569338 0.4184128299
1403715378.2121431828 0.9719973224 -1.0829197740 1.6284818144 -0.5847534076 0.5611464065 -0.4069994223 0.4213426552
1403715378.2621431351 0.9569280641 -1.0514087675 1.6237362377 -0.5845517387 0.5630909049 -0.4036775957 0.4222230410
1403715378.3121430874 0.9410053109 -1.0208333740 1.6176869167 -0.5842034530 0.5655088166 -0.3997113158 0.4232457535
1403715378.3621430397 0.9269746400 -0.9916655222 1.6125798089 -0.5846774561 0.5683926417 -0.3952060825 0.4229588983
1403715378.4121432304 0.9093759698 -0.9629776371 1.6058257689 -0.5860514051 0.5707203909 -0.3917879880 0.4210987514
1403715378.4621429443 0.8934136103 -0.9357178783 1.6011808399 -0.5878642424 0.5718167673 -0.3904554474 0.4183129936
1403715378.5121431351 0.8784654822 -0.9101833374 1.5953835767 -0.5904842446 0.5717383113 -0.3904061471 0.4147610162
1403715378.5621430874 0.8622507018 -0.8844062737 1.5906924995 -0.5928147673 0.5707748727 -0.3922057868 0.4110490448
1403715378.6121432781 0.8468462987 -0.8609189232 1.5866814840 -0.5942520735 0.5703519232 -0.3927519511 0.4090343039
1403715378.6621429920 0.8331037412 -0.8380792067 1.5836150936 -0.5960567266 0.5702414483 -0.3928963398 0.4064154715
1403715378.7121431828 0.8200061337 -0.8145145317 1.5813247628 -0.5976625894 0.5704389928 -0.3926546123 0.4040063615
1403715378.7621431351 0.8063753610 -0.7918529017 1.5790305301 -0.5991117070 0.5710122084 -0.3917416384 0.4019312243
1403715378.8121430874 0.7938440406 -0.7700043608 1.5767340827 -0.6005822451 0.5722004615 -0.3898644010 0.3998666622
1403715378.8621430397 0.7834599137 -0.7487325173 1.5765704367 -0.6017938578 0.5734369995 -0.3878016571 0.3982763301
1403715378.9121432304 0.7723742556 -0.7268967304 1.5766096924 -0.6023309373 0.5743493856 -0.3863481693 0.3975617152
1403715378.9621429443 0.7647721659 -0.7062348272 1.5771667657 -0.6026345240 0.5749847826 -0.3853492894 0.3971524335
1403715379.0121431351 0.7582687153 -0.6843142294 1.5804893325 -0.6024646180 0.5753932786 -0.3849905907 0.3971664690
1403715379.0621430874 0.7533244516 -0.6656602389 1.5827266961 -0.6027640461 0.5746544144 -0.3860576082 0.3967459287
1403715379.1121432781 0.7489908197 -0.6440352230 1.5854835362 -0.6027301722 0.5732876762 -0.3881384897 0.3967443668
1403715379.1621429920 0.7467356711 -0.6250946485 1.5884460047 -0.6029294138 0.5702065691 -0.3927365838 0.3963566149
1403715379.2121431828 0.7450540087 -0.6057175546 1.5925894188 -0.6035452448 0.5678931763 -0.3962365031 0.3952557544
1403715379.2621431351 0.7440822541 -0.5856448771 1.5961413385 -0.6043142950 0.5655655239 -0.3995947257 0.3940354378
1403715379.3121430874 0.7440578848 -0.5634208353 1.5988367214 -0.6047679397 0.5639310423 -0.4026477193 0.3925714367
1403715379.3621430397 0.7442036139 -0.5415004706 1.6030531868 -0.6052203736 0.5622019987 -0.4053242376 0.3915986139
1403715379.4121432304 0.7459661824 -0.5199782948 1.6082004138 -0.6060567861 0.5611573702 -0.4069361989 0.3901288350
1403715379.4621429443 0.7472988121 -0.4972335503 1.6113858363 -0.6071443604 0.5606709478 -0.4076059716 0.3884342749
1403715379.5121431351 0.7496130857 -0.4736276365 1.6149605448 -0.6080785786 0.5602933475 -0.4083079390 0.3867769821
1403715379.5621430874 0.7524639875 -0.4485948018 1.6188835410 -0.6085310101 0.5608764622 -0.4075372206 0.3860324049
1403715379.6121432781 0.7568299979 -0.4237168693 1.6225349532 -0.6095671126 0.5608684154 -0.4072492076 0.3847111107
1403715379.6621429920 0.7611090973 -0.3965506077 1.6261707909 -0.6107011489 0.5618051360 -0.4060911898 0.3827649952
1403715379.7121431828 0.7674289491 -0.3680372502 1.6311835541 -0.6110504204 0.5611163375 -0.4069333126 0.3823233169
1403715379.7621431351 0.7739339760 -0.3392250827 1.6353835333 -0.6110958878 0.5607578007 -0.4073844969 0.3822961896
1403715379.8121430874 0.7805069593 -0.3084464894 1.6392080327 -0.6101715469 0.5592711889 -0.4093447035 0.3838532718
1403715379.8621430397 0.7886856914 -0.2762973202 1.6450331704 -0.6092829466 0.5571287815 -0.4122844090 0.3852315900
1403715379.9121432304 0.7979621292 -0.2434997793 1.6505119447 -0.6078539440 0.5549867643 -0.4151907870 0.3874530741
1403715379.9621429443 0.8061373822 -0.2083585618 1.6543944191 -0.6063728471 0.5534586772 -0.4177680047 0.3891855049
1403715380.0121431351 0.8159468240 -0.1730528772 1.6599260674 -0.6059926478 0.5521670208 -0.4198553959 0.3893660726
1403715380.0621430874 0.8258893299 -0.1363648746 1.6652028240 -0.6040456366 0.5517457722 -0.4208670164 0.3918882829
1403715380.1121432781 0.8348101523 -0.0978923016 1.6712933305 -0.6011665259 0.5532380234 -0.4194772869 0.3956833373
1403715380.1621429920 0.8442874979 -0.0584715942 1.6766508460 -0.5976261351 0.5554646213 -0.4168690762 0.4006522562
1403715380.2121431828 0.8518145125 -0.0183111918 1.6802002816 -0.5953869903 0.5566372592 -0.4155482776 0.4037188655
1403715380.2621431351 0.8590700568 0.0240154977 1.6846846514 -0.5934507265 0.5588091779 -0.4130967716 0.4060783116
1403715380.3121430874 0.8666820862 0.0636076476 1.6874647447 -0.5923496769 0.5607072809 -0.4107329718 0.4074648834
1403715380.3621430397 0.8741883880 0.1040066258 1.6909229356 -0.5916485089 0.5626551324 -0.4091761788 0.4073648225
1403715380.4121432304 0.8808960494 0.1437426024 1.6933993932 -0.5920562102 0.5640030697 -0.4081712073 0.4059140881
1403715380.4621429443 0.8874244133 0.1833739812 1.6963595620 -0.5926693861 0.5636031209 -0.4089702877 0.4047688534
1403715380.5121431351 0.8939906767 0.2222996118 1.6988766911 -0.5932230040 0.5628322002 -0.4099887564 0.4039995070
1403715380.5621430874 0.8989319730 0.2621295668 1.7018347109 -0.5939665929 0.5620600093 -0.4107966682 0.4031604269
1403715380.6121432781 0.9051559675 0.3011944807 1.7050889571 -0.5948184079 0.5614688500 -0.4108127802 0.4027116235
1403715380.6621429920 0.9095334365 0.3423868325 1.7078801905 -0.5952299160 0.5608686602 -0.4110738566 0.4026735371
1403715380.7121431828 0.9138635000 0.3820229799 1.7109377669 -0.5951050802 0.5602531987 -0.4112881837 0.4034951384
1403715380.7621431351 0.9187538684 0.4235818670 1.7153485536 -0.5952107388 0.5597229081 -0.4117271812 0.4036275150
1403715380.8121430874 0.9239855681 0.4626313182 1.7186192110 -0.5951383668 0.5589925071 -0.4119398889 0.4045284034
1403715380.8621430397 0.9278364345 0.5049991407 1.7227569998 -0.5949659779 0.5584262719 -0.4126439961 0.4048462873
1403715380.9121432304 0.9309439069 0.5452289946 1.7261268138 -0.5953607296 0.5577023378 -0.4132389543 0.4046569790
1403715380.9621429443 0.9341951919 0.5867264668 1.7287695647 -0.5953071583 0.5569843735 -0.4140060104 0.4049405120
1403715381.0121431351 0.9361546882 0.6260887080 1.7321462907 -0.5958542341 0.5563079145 -0.4145878041 0.4044702567
1403715381.0621430874 0.9384579156 0.6667610493 1.7348501460 -0.5952730895 0.5561114503 -0.4154125723 0.4047497976
1403715381.1121432781 0.9406120035 0.7089682602 1.7392013344 -0.5943180929 0.5575548334 -0.4143301386 0.4052766320
1403715381.1621429920 0.9408710728 0.7496804216 1.7415512208 -0.5923701618 0.5589454407 -0.4134997446 0.4070571789
1403715381.2121431828 0.9411883532 0.7924785296 1.7455066686 -0.5905136344 0.5603843825 -0.4129401828 0.4083422546
1403715381.2621431351 0.9410768846 0.8352077213 1.7472499053 -0.5885106181 0.5616825762 -0.4129003599 0.4094889850
1403715381.3121430874 0.9393166249 0.8782599638 1.7478548341 -0.5866885299 0.5626868308 -0.4132526950 0.4103685043
1403715381.3621430397 0.9393930480 0.9175228146 1.7511437312 -0.5850968314 0.5646832009 -0.4121710269 0.4109861616
1403715381.4121432304 0.9364130439 0.9554782240 1.7507732188 -0.5828538248 0.5658213113 -0.4121678860 0.4126079208
1403715381.4621429443 0.9348650395 0.9954208621 1.7513066682 -0.5810152263 0.5670587817 -0.4128436671 0.4128265391
1403715381.5121431351 0.9327779448 1.0348757393 1.7533712305 -0.5785559307 0.5673490151 -0.4147119203 0.4140074314
1403715381.5621430874 0.9286013013 1.0732882070 1.7526823524 -0.5787422473 0.5665480960 -0.4174503660 0.4120871971
1403715381.6121432781 0.9235005278 1.1119446958 1.7500099178 -0.5790744652 0.5663048927 -0.4192587364 0.4101141843
1403715381.6621429920 0.9177769696 1.1474202606 1.7458275285 -0.5805711788 0.5664247469 -0.4201634929 0.4068940299
1403715381.7121431828 0.9116515629 1.1851449073 1.7437289681 -0.5832377622 0.5674374348 -0.4198251261 0.4019892210
1403715381.7621431351 0.9043274165 1.2208559324 1.7397584899 -0.5861225989 0.5680660596 -0.4189350683 0.3978123422
1403715381.8121430874 0.8977088424 1.2610737839 1.7361873559 -0.5886098582 0.5693320580 -0.4179071972 0.3933866000
1403715381.8621430397 0.8912626441 1.2988698262 1.7331014246 -0.5913625937 0.5711377843 -0.4158296904 0.3888156154
1403715381.9121432304 0.8829685928 1.3373178487 1.7290031924 -0.5927692909 0.5735097155 -0.4150358075 0.3840005893
1403715381.9621429443 0.8775592658 1.3762853008 1.7274948182 -0.5928736169 0.5766358319 -0.4156059898 0.3785018534
1403715382.0121431351 0.8731589013 1.4138105836 1.7248618542 -0.5903672990 0.5809466581 -0.4163980038 0.3749401756
1403715382.0621430874 0.8697833997 1.4526537152 1.7212836237 -0.5866897807 0.5860056593 -0.4181472728 0.3708710380
1403715382.1121432781 0.8679384083 1.4913223522 1.7216018441 -0.5814935290 0.5920015599 -0.4196943911 0.3677717321
1403715382.1621429920 0.8674164554 1.5326824311 1.7184701777 -0.5747867334 0.5984391697 -0.4222265123 0.3649870458
1403715382.2121431828 0.8681335058 1.5705494230 1.7186798368 -0.5675046728 0.6052374208 -0.4245187854 0.3625050504
1403715382.2621431351 0.8707644855 1.6096061461 1.7201559939 -0.5601885763 0.6118525782 -0.4278233896 0.3588764812
1403715382.3121430874 0.8728300990 1.6483527726 1.7184876253 -0.5520497722 0.6185070656 -0.4314318806 0.3557479321
1403715382.3621430397 0.8771872157 1.6878311053 1.7188729846 -0.5440423784 0.6250802942 -0.4356107661 0.3514765666
1403715382.4121432304 0.8826865567 1.7275114771 1.7176476253 -0.5353091395 0.6312417191 -0.4407576754 0.3474344381
1403715382.4621429443 0.8897879094 1.7666192843 1.7188910878 -0.5279609139 0.6378224769 -0.4440041773 0.3424909517
1403715382.5121431351 0.8974796012 1.8063771285 1.7195553490 -0.5206489214 0.6436438600 -0.4471564442 0.3386715173
1403715382.5621430874 0.9049236216 1.8460524314 1.7160461078 -0.5139665021 0.6487654364 -0.4499960985 0.3353287263
1403715382.6121432781 0.9145884613 1.8846719289 1.7173027421 -0.5074528827 0.6541853088 -0.4517862036 0.3322986306
1403715382.6621429920 0.9244816438 1.9228816285 1.7151030833 -0.5013681163 0.6591506059 -0.4543948988 0.3281398584
1403715382.7121431828 0.9353427015 1.9610627118 1.7132022122 -0.4944471615 0.6643927888 -0.4566807450 0.3248798606
1403715382.7621431351 0.9462272720 1.9974440485 1.7103951078 -0.4889691816 0.6692657305 -0.4592194520 0.3195465792
1403715382.8121430874 0.9588737603 2.0340191159 1.7082182930 -0.4828400472 0.6733783701 -0.4628343269 0.3149784840
1403715382.8621430397 0.9734619163 2.0697984613 1.7077542827 -0.4767161081 0.6781913720 -0.4654248339 0.3101256829
1403715382.9121432304 0.9885179889 2.1054149531 1.7057797755 -0.4705548341 0.6825031302 -0.4685391666 0.3053500856
1403715382.9621429443 1.0019771932 2.1400757014 1.6990779850 -0.4639457620 0.6870759184 -0.4708697599 0.3016002013
1403715383.0121431351 1.0194207666 2.1737712131 1.6984896868 -0.4572670263 0.6920188047 -0.4725165269 0.2979009438
1403715383.0621430874 1.0369625407 2.2076907458 1.6974812367 -0.4511746535 0.6969893669 -0.4727579257 0.2952070429
1403715383.1121432781 1.0554270100 2.2406910905 1.6946680226 -0.4456496537 0.7012577550 -0.4724687246 0.2939511040
1403715383.1621429920 1.0753401709 2.2747791989 1.6915668046 -0.4415807666 0.7044431953 -0.4724966442 0.2924262853
1403715383.2121431828 1.0945663912 2.3069286822 1.6876933758 -0.4379194224 0.7079432124 -0.4710025426 0.2918896921
1403715383.2621431351 1.1159309709 2.3373546468 1.6850991547 -0.4363171441 0.7095737065 -0.4710859860 0.2901904523
1403715383.3121430874 1.1389545977 2.3701308611 1.6812399486 -0.4337996254 0.7114749931 -0.4706048773 0.2900901044
1403715383.3621430397 1.1613421257 2.3978102603 1.6776187147 -0.4316860072 0.7126194855 -0.4700478612 0.2913342896
1403715383.4121432304 1.1857564109 2.4238936165 1.6755452508 -0.4306517721 0.7128108137 -0.4703597653 0.2918929363
1403715383.4621429443 1.2093957899 2.4499126861 1.6708390366 -0.4290257653 0.7125440606 -0.4714688412 0.2931466974
1403715383.5121431351 1.2364024188 2.4764071011 1.6675948273 -0.4257669061 0.7123099811 -0.4740583326 0.2942885145
1403715383.5621430874 1.2607063348 2.4969726971 1.6658207667 -0.4229858803 0.7118967029 -0.4771133758 0.2943617774
1403715383.6121432781 1.2868441277 2.5184663278 1.6605121528 -0.4189244500 0.7113909309 -0.4819934169 0.2934409560
1403715383.6621429920 1.3143220382 2.5378100680 1.6565771531 -0.4139664790 0.7127917106 -0.4856604163 0.2910218062
1403715383.7121431828 1.3400310219 2.5559819530 1.6504578470 -0.4081291130 0.7148304499 -0.4895510910 0.2877286645
1403715383.7621431351 1.3674146975 2.5718734625 1.6466966696 -0.4009905463 0.7178062278 -0.4935590051 0.2834789405
1403715383.8121430874 1.3918933189 2.5873073037 1.6430704934 -0.3928376738 0.7216368584 -0.4971274688 0.2788961928
1403715383.8621430397 1.4176765689 2.6018349485 1.6387239787 -0.3843162683 0.7262250338 -0.5005236551 0.2727164770
1403715383.9121432304 1.4427001557 2.6156689568 1.6339833683 -0.3741551872 0.7311763727 -0.5044046569 0.2663924735
1403715383.9621429443 1.4664457221 2.6273265723 1.6292369773 -0.3645217360 0.7360302397 -0.5086195857 0.2582431165
1403715384.0121431351 1.4907653662 2.6390546320 1.6255547590 -0.3533614077 0.7411611960 -0.5126640670 0.2509807792
1403715384.0621430874 1.5123180425 2.6489024637 1.6217666496 -0.3424707856 0.7465819751 -0.5160137929 0.2430203304
1403715384.1121432781 1.5353058971 2.6588937813 1.6190215286 -0.3308590609 0.7518604897 -0.5196322973 0.2349901307
1403715384.1621429920 1.5580642457 2.6682780401 1.6162140237 -0.3191843026 0.7567226315 -0.5232891955 0.2272898101
1403715384.2121431828 1.5804600454 2.6766907317 1.6138293256 -0.3075247468 0.7619291585 -0.5259277411 0.2197555428
1403715384.2621431351 1.6024066272 2.6850622070 1.6123845459 -0.2954926496 0.7665755151 -0.5288958373 0.2128738286
1403715384.3121430874 1.6228836121 2.6919767423 1.6099885574 -0.2831489871 0.7711875580 -0.5313867588 0.2066990905
1403715384.3621430397 1.6421380752 2.6981948484 1.6079191278 -0.2709175149 0.7752598959 -0.5343651044 0.2000743090
1403715384.4121432304 1.6610629605 2.7032764235 1.6078703278 -0.2597376692 0.7791269683 -0.5368459168 0.1931164728
1403715384.4621429443 1.6782371552 2.7088821028 1.6043827014 -0.2479490677 0.7830865907 -0.5388800087 0.1868287654
1403715384.5121431351 1.6951815907 2.7133359965 1.6028184122 -0.2364409830 0.7875315206 -0.5397560151 0.1804250808
1403715384.5621430874 1.7139036479 2.7182368109 1.6025939413 -0.2261091638 0.7923174266 -0.5398576428 0.1722250477
1403715384.6121432781 1.7286901849 2.7197488715 1.6000022725 -0.2151696314 0.7966541079 -0.5400129881 0.1656207556
1403715384.6621429920 1.7426088913 2.7212046807 1.5985189676 -0.2047316480 0.8010098437 -0.5399102381 0.1580035362
1403715384.7121431828 1.7551990811 2.7207735390 1.5976217501 -0.1956175185 0.8047499347 -0.5401810497 0.1493846130
1403715384.7621431351 1.7690950175 2.7198376541 1.5972722604 -0.1852037428 0.8078442929 -0.5410537467 0.1426464696
1403715384.8121430874 1.7814865810 2.7175032029 1.5973392353 -0.1752581026 0.8109128919 -0.5416302407 0.1354310213
1403715384.8621430397 1.7912580627 2.7121314960 1.5966110045 -0.1659685347 0.8134834061 -0.5421846391 0.1293638694
1403715384.9121432304 1.8017582200 2.7058291124 1.5993612733 -0.1570717636 0.8153017208 -0.5433592188 0.1239851783
1403715384.9621429443 1.8146818643 2.7003658766 1.6015564524 -0.1492657095 0.8157818837 -0.5458263448 0.1195544542
1403715385.0121431351 1.8264603627 2.6939649025 1.6047655710 -0.1439810822 0.8158899334 -0.5481819892 0.1144096640
1403715385.0621430874 1.8359646922 2.6850138259 1.6067220662 -0.1402586667 0.8159488071 -0.5501601372 0.1089902476
1403715385.1121432781 1.8438668572 2.6748266764 1.6086747332 -0.1372360291 0.8157395482 -0.5523860656 0.1029800769
1403715385.1621429920 1.8514970082 2.6639789270 1.6102751063 -0.1336977628 0.8156172481 -0.5545885225 0.0965659541
1403715385.2121431828 1.8596382025 2.6516857581 1.6123117552 -0.1299684944 0.8156968717 -0.5564384272 0.0901281350
1403715385.2621431351 1.8668050052 2.6391010974 1.6155353961 -0.1268438206 0.8159239609 -0.5576690898 0.0847580173
1403715385.3121430874 1.8747111302 2.6258549794 1.6178896131 -0.1238811657 0.8165250109 -0.5580771865 0.0805618848
1403715385.3621430397 1.8837097154 2.6125528920 1.6213338158 -0.1209294016 0.8167642658 -0.5587139347 0.0781725856
1403715385.4121432304 1.8915268967 2.5986227266 1.6244437812 -0.1190019986 0.8174527557 -0.5584195471 0.0760074070
1403715385.4621429443 1.9010075179 2.5842912589 1.6299245753 -0.1163708467 0.8175190962 -0.5588674724 0.0760756312
1403715385.5121431351 1.9091669973 2.5692473218 1.6353830808 -0.1136487001 0.8169458333 -0.5600027159 0.0779771547
1403715385.5621430874 1.9165319040 2.5528922406 1.6402098269 -0.1101276127 0.8165139580 -0.5607778370 0.0818845704
1403715385.6121432781 1.9254892298 2.5368259218 1.6461518550 -0.1061775743 0.8160867499 -0.5613808988 0.0870644924
1403715385.6621429920 1.9330795662 2.5208941673 1.6513307142 -0.1028631906 0.8169406722 -0.5600256928 0.0916423780
1403715385.7121431828 1.9385669842 2.5043180249 1.6557221481 -0.1008132859 0.8167877107 -0.5599213174 0.0958260688
1403715385.7621431351 1.9428629074 2.4853293175 1.6625556448 -0.1002273159 0.8162573805 -0.5603538334 0.0983969279
1403715385.8121430874 1.9458582860 2.4653997175 1.6691660636 -0.0994072999 0.8149798675 -0.5618309051 0.1013510647
1403715385.8621430397 1.9481503477 2.4466871459 1.6782011543 -0.0994311302 0.8136429369 -0.5635663208 0.1024286269
1403715385.9121432304 1.9465444803 2.4269250184 1.6829273422 -0.1004224753 0.8109943815 -0.5671372457 0.1027559447
1403715385.9621429443 1.9446020015 2.4064135442 1.6901755367 -0.1031445266 0.8078147692 -0.5716879231 0.0998470022
1403715386.0121431351 1.9422634111 2.3881007463 1.6957316112 -0.1063037792 0.8049895446 -0.5758146992 0.0955446067
1403715386.0621430874 1.9375109986 2.3685627422 1.7005719177 -0.1093656587 0.8030594769 -0.5785550103 0.0916991240
1403715386.1121432781 1.9312006337 2.3495535602 1.7065450228 -0.1119137181 0.8017931103 -0.5803145890 0.0885330774
1403715386.1621429920 1.9256643957 2.3315189148 1.7130402457 -0.1136317353 0.8016835970 -0.5805767875 0.0855677095
1403715386.2121431828 1.9180449370 2.3154031687 1.7174387086 -0.1151645983 0.8020891103 -0.5800768129 0.0830726526
1403715386.2621431351 1.9104903461 2.2986984592 1.7208905727 -0.1156098674 0.8029496275 -0.5789871247 0.0817322682
1403715386.3121430874 1.9023819022 2.2835928733 1.7237979921 -0.1147613406 0.8036889443 -0.5781179551 0.0818140913
1403715386.3621430397 1.8928640332 2.2692414689 1.7283469321 -0.1140357209 0.8034614955 -0.5785403482 0.0820764587
1403715386.4121432304 1.8842455375 2.2549712993 1.7300237014 -0.1129769848 0.8023361802 -0.5802565573 0.0824328974
1403715386.4621429443 1.8750145489 2.2417272657 1.7326391565 -0.1118813151 0.8012532176 -0.5819035417 0.0828499894
1403715386.5121431351 1.8649327524 2.2299098256 1.7345312213 -0.1105356743 0.7999938299 -0.5837356340 0.0839312013
1403715386.5621430874 1.8548974675 2.2184340303 1.7358759811 -0.1081231282 0.7993773485 -0.5846415841 0.0865994342
1403715386.6121432781 1.8428685681 2.2081635728 1.7350914888 -0.1065789777 0.7990470576 -0.5850937641 0.0884873350
1403715386.6621429920 1.8315558538 2.1997881457 1.7374596795 -0.1036535897 0.7985323592 -0.5857404574 0.0922503177
1403715386.7121431828 1.8171597646 2.1918491210 1.7366754887 -0.1015468814 0.7986911878 -0.5853510687 0.0956281540
1403715386.7621431351 1.8027439618 2.1852712022 1.7358864562 -0.0996799178 0.7998624411 -0.5836182833 0.0983549121
1403715386.8121430874 1.7880491792 2.1795131054 1.7356633814 -0.0972653245 0.8034213204 -0.5784872221 0.1020106488
1403715386.8621430397 1.7691642409 2.1738903448 1.7323246603 -0.0948647842 0.8063819540 -0.5739255903 0.1065750150
1403715386.9121432304 1.7487444140 2.1687077809 1.7288343212 -0.0925297503 0.8091932355 -0.5696253901 0.1103243759
1403715386.9621429443 1.7266002223 2.1630174083 1.7261436427 -0.0911066117 0.8115076675 -0.5660267212 0.1129984153
1403715387.0121431351 1.7010908810 2.1571061078 1.7235449064 -0.0906647019 0.8134029470 -0.5630838896 0.1144206755
1403715387.0621430874 1.6742074931 2.1500087489 1.7176810280 -0.0911957012 0.8143907037 -0.5617157863 0.1136947723
1403715387.1121432781 1.6458344128 2.1423041078 1.7151209724 -0.0938964484 0.8146708831 -0.5614589758 0.1107186872
1403715387.1621429920 1.6127669597 2.1353684442 1.7097544660 -0.0974538038 0.8146384694 -0.5616907672 0.1066320885
1403715387.2121431828 1.5812631616 2.1263522199 1.7033514867 -0.1018265309 0.8140066152 -0.5627763601 0.1015251525
1403715387.2621431351 1.5465937359 2.1176937718 1.6969270925 -0.1049654338 0.8135617681 -0.5634293568 0.0982184664
1403715387.3121430874 1.5124766452 2.1085630125 1.6919150233 -0.1079202518 0.8127621638 -0.5645708277 0.0950298107
1403715387.3621430397 1.4751665262 2.0986387135 1.6855585975 -0.1103108454 0.8120502749 -0.5654156736 0.0933326551
1403715387.4121432304 1.4379311990 2.0894917449 1.6788772067 -0.1127846798 0.8115068246 -0.5660268019 0.0913780567
1403715387.4621429443 1.3997984535 2.0810098481 1.6737452985 -0.1147698398 0.8115918169 -0.5656757661 0.0903190692
1403715387.5121431351 1.3631655100 2.0712836441 1.6679935686 -0.1167949822 0.8128926517 -0.5636107073 0.0889237852
1403715387.5621430874 1.3258490097 2.0612939875 1.6651044650 -0.1184601257 0.8144061798 -0.5611934610 0.0881570887
1403715387.6121432781 1.2877182951 2.0506019169 1.6623613967 -0.1190031911 0.8164583848 -0.5579240860 0.0891889043
1403715387.6621429920 1.2484652238 2.0395914246 1.6626106018 -0.1199960563 0.8183024252 -0.5549137325 0.0897375999
1403715387.7121431828 1.2068503180 2.0279685270 1.6677103441 -0.1220348939 0.8196130806 -0.5524737013 0.0900815857
1403715387.7621431351 1.1686664453 2.0152000318 1.6748682814 -0.1234925145 0.8207454900 -0.5503567876 0.0907405417
1403715387.8121430874 1.1300807907 2.0009535950 1.6868229981 -0.1251496565 0.8214118839 -0.5488684391 0.0914522665
1403715387.8621430397 1.0920046961 1.9852536641 1.6995690888 -0.1261618230 0.8221525284 -0.5473548645 0.0924719787
1403715387.9121432304 1.0527727476 1.9684523933 1.7124792447 -0.1272662224 0.8225309003 -0.5463046222 0.0937949166
1403715387.9621429443 1.0156257736 1.9505073770 1.7223328477 -0.1283260951 0.8226310914 -0.5457880442 0.0944770429
1403715388.0121431351 0.9761563817 1.9307570233 1.7291494098 -0.1290814808 0.8224304036 -0.5456958079 0.0957198399
1403715388.0621430874 0.9383371720 1.9108317552 1.7296303287 -0.1305243528 0.8218016413 -0.5462943924 0.0957491118
1403715388.1121432781 0.9004405885 1.8901522859 1.7282735897 -0.1312889618 0.8208441449 -0.5474711033 0.0961950585
1403715388.1621429920 0.8626495651 1.8675040936 1.7249074896 -0.1323827461 0.8197976976 -0.5487145831 0.0965341900
1403715388.2121431828 0.8238090921 1.8439077122 1.7145457733 -0.1333894743 0.8178808225 -0.5513000665 0.0966770140
1403715388.2621431351 0.7849281385 1.8197006893 1.7038721631 -0.1342241501 0.8158570089 -0.5540783771 0.0967386714
1403715388.3121430874 0.7470388719 1.7947858782 1.6900758595 -0.1352981157 0.8139936341 -0.5565938625 0.0964989939
1403715388.3621430397 0.7105480927 1.7693624216 1.6767809775 -0.1364391194 0.8123601236 -0.5588762333 0.0954607359
1403715388.4121432304 0.6723064322 1.7442636226 1.6622399610 -0.1369590614 0.8113765299 -0.5601477091 0.0956288985
1403715388.4621429443 0.6335315804 1.7174133020 1.6477058659 -0.1380520961 0.8103252069 -0.5615844824 0.0945386004
1403715388.5121431351 0.5956569976 1.6915332402 1.6324033656 -0.1384549795 0.8101243046 -0.5618284121 0.0942213620
1403715388.5621430874 0.5588673701 1.6651961914 1.6182372851 -0.1381489038 0.8097293284 -0.5623383891 0.0950201619
1403715388.6121432781 0.5216675338 1.6381094514 1.6039932747 -0.1379238185 0.8094873494 -0.5626846694 0.0953583468
1403715388.6621429920 0.4849133239 1.6116999425 1.5902176833 -0.1379711969 0.8089850704 -0.5633819451 0.0954352589
1403715388.7121431828 0.4491070831 1.5847476975 1.5784904969 -0.1380475419 0.8083854720 -0.5641769966 0.0957085228
1403715388.7621431351 0.4093766002 1.5564707707 1.5652810042 -0.1388035111 0.8080022815 -0.5645632865 0.0955729766
1403715388.8121430874 0.3723685074 1.5290536294 1.5545994928 -0.1389892417 0.8079083982 -0.5646182554 0.0957717939
1403715388.8621430397 0.3376761587 1.5026041781 1.5420074832 -0.1396119006 0.8075645872 -0.5649872871 0.0955893307
1403715388.9121432304 0.3000944718 1.4754512435 1.5323875288 -0.1411934877 0.8067176519 -0.5660080217 0.0943713334
1403715388.9621429443 0.2643115705 1.4475592594 1.5271538698 -0.1421863534 0.8061405478 -0.5665740618 0.0944155204
1403715389.0121431351 0.2281153858 1.4209645668 1.5236027032 -0.1431982574 0.8056692754 -0.5670327523 0.0941548494
1403715389.0621430874 0.1920434354 1.3942854443 1.5233850334 -0.1440839978 0.8048122668 -0.5679823689 0.0944089268
1403715389.1121432781 0.1577373693 1.3668114916 1.5267171507 -0.1453315827 0.8045151560 -0.5681789873 0.0938441965
1403715389.1621429920 0.1231495234 1.3406708229 1.5343617036 -0.1470598407 0.8042151100 -0.5682955989 0.0930138292
1403715389.2121431828 0.0878003252 1.3141432964 1.5423969509 -0.1486289737 0.8037219822 -0.5686934685 0.0923479416
1403715389.2621431351 0.0535216373 1.2874448017 1.5479589505 -0.1508384697 0.8031071804 -0.5692465622 0.0906915885
1403715389.3121430874 0.0178293876 1.2617249930 1.5533690157 -0.1525929740 0.8026154120 -0.5695862885 0.0899741328
1403715389.3621430397 -0.0143729665 1.2359266758 1.5592624275 -0.1543979271 0.8022551935 -0.5697242183 0.0892311593
1403715389.4121432304 -0.0465100175 1.2100697318 1.5640288398 -0.1560392773 0.8018584047 -0.5699891294 0.0882453122
1403715389.4621429443 -0.0778740249 1.1858565680 1.5705093145 -0.1570026150 0.8019705200 -0.5695789135 0.0881664636
1403715389.5121431351 -0.1068175397 1.1611068094 1.5765327611 -0.1572880617 0.8021374939 -0.5691727313 0.0887598355
1403715389.5621430874 -0.1362703229 1.1377280983 1.5792646462 -0.1565640349 0.8021025204 -0.5691485884 0.0904938339
1403715389.6121432781 -0.1648468223 1.1132870381 1.5837635837 -0.1558188564 0.8020387413 -0.5689097124 0.0937874229
1403715389.6621429920 -0.1917132284 1.0903237432 1.5877660707 -0.1561868358 0.8020241913 -0.5682112087 0.0974622551
1403715389.7121431828 -0.2178668512 1.0674687059 1.5905521101 -0.1580465172 0.8016374075 -0.5675400319 0.1014745165
1403715389.7621431351 -0.2457905249 1.0450844985 1.5931733557 -0.1611265840 0.8012045496 -0.5664294981 0.1061466785
1403715389.8121430874 -0.2739390473 1.0226705238 1.5942222675 -0.1656590380 0.8001787963 -0.5655673392 0.1113757689
1403715389.8621430397 -0.2987643207 1.0005066764 1.5952975292 -0.1713375612 0.8000514417 -0.5631099616 0.1160530132
1403715389.9121432304 -0.3251724645 0.9784124679 1.5960324952 -0.1783972667 0.8002172848 -0.5597338591 0.1205185433
1403715389.9621429443 -0.3512279626 0.9566150931 1.5947006543 -0.1861085607 0.8003990417 -0.5560563519 0.1246046195
1403715390.0121431351 -0.3768662322 0.9336585108 1.5925716994 -0.1947643400 0.8008812665 -0.5515963853 0.1280526322
1403715390.0621430874 -0.4015271335 0.9101982643 1.5903171725 -0.2037522430 0.8012029980 -0.5470439376 0.1315359639
1403715390.1121432781 -0.4261104654 0.8864610538 1.5882214499 -0.2130024057 0.8008919436 -0.5430272868 0.1353640853
1403715390.1621429920 -0.4500555666 0.8639773069 1.5840518619 -0.2229716710 0.7998030002 -0.5398174134 0.1385494681
1403715390.2121431828 -0.4727041120 0.8383944002 1.5790477646 -0.2331182417 0.7981873617 -0.5369930060 0.1420962086
1403715390.2621431351 -0.4954217434 0.8124123031 1.5755876654 -0.2434659432 0.7968513244 -0.5334733981 0.1454593926
1403715390.3121430874 -0.5136005247 0.7863734830 1.5711848119 -0.2531241103 0.7936512827 -0.5326190489 0.1495418837
1403715390.3621430397 -0.5322799297 0.7579843826 1.5676659256 -0.2627797635 0.7905488724 -0.5311881739 0.1543321100
1403715390.4121432304 -0.5498151635 0.7298113509 1.5639459266 -0.2730655160 0.7867617107 -0.5305105604 0.1581131869
1403715390.4621429443 -0.5654106519 0.7006773735 1.5581086439 -0.2839589601 0.7821560064 -0.5306658114 0.1612237178
1403715390.5121431351 -0.5776840503 0.6713901228 1.5526073499 -0.2943506726 0.7778109667 -0.5303240165 0.1646943207
1403715390.5621430874 -0.5919300338 0.6415096647 1.5476227076 -0.3048640280 0.7726711422 -0.5306670705 0.1686110637
1403715390.6121432781 -0.6006097550 0.6122086311 1.5411398709 -0.3147832827 0.7671809969 -0.5315556397 0.1726076614
1403715390.6621429920 -0.6088428291 0.5825288178 1.5384527160 -0.3237171629 0.7627688640 -0.5307982967 0.1778876801
1403715390.7121431828 -0.6151205654 0.5530259383 1.5337594394 -0.3307392502 0.7593792856 -0.5286911303 0.1855810814
1403715390.7621431351 -0.6179164838 0.5254312892 1.5298275278 -0.3354165605 0.7576270925 -0.5246743519 0.1954833602
1403715390.8121430874 -0.6202677465 0.4982516789 1.5259583434 -0.3406130087 0.7560227987 -0.5206316983 0.2033591427
1403715390.8621430397 -0.6205259931 0.4695334899 1.5214568130 -0.3445108561 0.7550049172 -0.5168283371 0.2101625918
1403715390.9121432304 -0.6193781872 0.4410191237 1.5168377101 -0.3484655050 0.7539617018 -0.5139651150 0.2143674523
1403715390.9621429443 -0.6175153236 0.4122119013 1.5123904722 -0.3510774741 0.7536630577 -0.5109270474 0.2183807567
1403715391.0121431351 -0.6144428850 0.3822693794 1.5088388273 -0.3534917971 0.7536251695 -0.5077580465 0.2219784211
1403715391.0621430874 -0.6091902184 0.3528982635 1.5051582275 -0.3560398509 0.7532193867 -0.5047203334 0.2261715390
1403715391.1121432781 -0.6037842881 0.3222803377 1.5015257942 -0.3588462498 0.7525870449 -0.5014341738 0.2310971183
1403715391.1621429920 -0.5960012626 0.2907328320 1.4983691310 -0.3610962004 0.7513473464 -0.4985457663 0.2377789267
1403715391.2121431828 -0.5869058031 0.2591681129 1.4941599605 -0.3638717761 0.7496373284 -0.4963506018 0.2434692722
1403715391.2621431351 -0.5784187248 0.2239677901 1.4904333984 -0.3655771701 0.7472531571 -0.4955360685 0.2498200487
1403715391.3121430874 -0.5673412203 0.1909738554 1.4919332430 -0.3669288939 0.7454978523 -0.4950331990 0.2540438366
1403715391.3621430397 -0.5569531153 0.1541168513 1.4898184221 -0.3686774635 0.7435921774 -0.4951259256 0.2569006022
1403715391.4121432304 -0.5454877914 0.1174652561 1.4868688650 -0.3703686553 0.7420552283 -0.4954169383 0.2583469654
1403715391.4621429443 -0.5344690033 0.0781636939 1.4827131907 -0.3713944466 0.7415645994 -0.4948079229 0.2594479318
1403715391.5121431351 -0.5231619985 0.0377489976 1.4792445227 -0.3723739536 0.7412033189 -0.4944758284 0.2597093258
1403715391.5621430874 -0.5122506089 -0.0039811399 1.4748486620 -0.3726753144 0.7405799303 -0.4942650117 0.2614509037
1403715391.6121432781 -0.4997962236 -0.0452853802 1.4721467246 -0.3725184706 0.7406862516 -0.4923414458 0.2649788038
1403715391.6621429920 -0.4872783253 -0.0894560204 1.4716899353 -0.3732439366 0.7398984670 -0.4910074952 0.2686091250
1403715391.7121431828 -0.4749412759 -0.1337648562 1.4715343428 -0.3753662989 0.7378810828 -0.4908146437 0.2715375386
1403715391.7621431351 -0.4615509494 -0.1788481578 1.4759901060 -0.3785819524 0.7352092240 -0.4907072630 0.2744986052
1403715391.8121430874 -0.4484778335 -0.2261915173 1.4826798896 -0.3841649997 0.7313709245 -0.4913375653 0.2758644969
1403715391.8621430397 -0.4360179756 -0.2735521660 1.4936156114 -0.3914023905 0.7270399009 -0.4920384989 0.2758899543
1403715391.9121432304 -0.4217993982 -0.3221824981 1.5051578619 -0.3981265117 0.7232082036 -0.4920937975 0.2762406004
1403715391.9621429443 -0.4085159219 -0.3734911826 1.5206291263 -0.4045094608 0.7203975384 -0.4910682576 0.2761366496
1403715392.0121431351 -0.3938836203 -0.4225140594 1.5359199129 -0.4100515088 0.7198841576 -0.4878519214 0.2750001136
1403715392.0621430874 -0.3782496091 -0.4730130696 1.5508683096 -0.4146359243 0.7188277402 -0.4857240634 0.2746559018
1403715392.1121432781 -0.3628178728 -0.5236079166 1.5658266038 -0.4175945542 0.7186157445 -0.4833365086 0.2749400289
1403715392.1621429920 -0.3456578202 -0.5754012865 1.5783686963 -0.4201510996 0.7178784592 -0.4818606391 0.2755610563
1403715392.2121431828 -0.3270647839 -0.6262752819 1.5924050073 -0.4225163062 0.7163518779 -0.4809399853 0.2775188075
1403715392.2621431351 -0.3072717569 -0.6778932578 1.6080752338 -0.4258007683 0.7133251928 -0.4808899002 0.2803672216
1403715392.3121430874 -0.2871819072 -0.7307909381 1.6217381377 -0.4291964708 0.7095871622 -0.4807124213 0.2849421287
1403715392.3621430397 -0.2657222920 -0.7815246167 1.6339741651 -0.4333851418 0.7032639190 -0.4828413106 0.2906225178
1403715392.4121432304 -0.2449692170 -0.8351943844 1.6487452328 -0.4367501431 0.6950728055 -0.4863312129 0.2993410411
1403715392.4621429443 -0.2223617138 -0.8850442221 1.6632725257 -0.4399237264 0.6856029949 -0.4910844724 0.3086287240
1403715392.5121431351 -0.1998750503 -0.9360011966 1.6769627051 -0.4451028396 0.6763147289 -0.4945181105 0.3161229004
1403715392.5621430874 -0.1796381094 -0.9849186265 1.6863880548 -0.4516188720 0.6689092962 -0.4947319030 0.3222438393
1403715392.6121432781 -0.1592667354 -1.0334266600 1.6964849499 -0.4596132545 0.6633615166 -0.4920806393 0.3264411112
1403715392.6621429920 -0.1402712163 -1.0809289372 1.7071877978 -0.4673173224 0.6573142902 -0.4893764907 0.3317575840
1403715392.7121431828 -0.1221798692 -1.1297313593 1.7174570011 -0.4749809169 0.6508381268 -0.4865827853 0.3376981704
1403715392.7621431351 -0.1050372550 -1.1745083468 1.7236427406 -0.4827321612 0.6449459794 -0.4831103799 0.3429558353
1403715392.8121430874 -0.0894854862 -1.2215221460 1.7301498195 -0.4927577299 0.6404225434 -0.4767989048 0.3459936271
1403715392.8621430397 -0.0747474886 -1.2637724011 1.7335525240 -0.5028877590 0.6367811958 -0.4693178868 0.3483594863
1403715392.9121432304 -0.0604742494 -1.3058223315 1.7396689541 -0.5130937002 0.6324533206 -0.4621237386 0.3509690902
1403715392.9621429443 -0.0453354257 -1.3455648820 1.7452320452 -0.5238804418 0.6274687246 -0.4552872793 0.3529104357
1403715393.0121431351 -0.0314776225 -1.3868090610 1.7495793639 -0.5338983278 0.6214357495 -0.4491785151 0.3563830051
1403715393.0621430874 -0.0175647766 -1.4248462668 1.7559633802 -0.5429282797 0.6155307338 -0.4425536889 0.3612437285
1403715393.1121432781 -0.0045128544 -1.4638038643 1.7581468157 -0.5524336062 0.6076376489 -0.4378325683 0.3659183522
1403715393.1621429920 0.0101378171 -1.4966330718 1.7606393157 -0.5619656592 0.5984699069 -0.4350457729 0.3698155538
1403715393.2121431828 0.0258595396 -1.5320213258 1.7641034848 -0.5719867982 0.5881660155 -0.4322469819 0.3742384100
1403715393.2621431351 0.0409374208 -1.5652017210 1.7672186056 -0.5807274508 0.5776061021 -0.4292903856 0.3805740184
1403715393.3121430874 0.0552741521 -1.5976416090 1.7682489439 -0.5893415355 0.5663713235 -0.4263431197 0.3874682216
1403715393.3621430397 0.0694392047 -1.6309536678 1.7673671994 -0.5979355711 0.5551948667 -0.4224385197 0.3946864704
1403715393.4121432304 0.0845811590 -1.6571995820 1.7697731040 -0.6071099555 0.5439998258 -0.4187253892 0.4001883805
1403715393.4621429443 0.0984869330 -1.6837270880 1.7697708185 -0.6160188872 0.5326486221 -0.4146815532 0.4060115582
1403715393.5121431351 0.1100356734 -1.7076431514 1.7703326335 -0.6241782973 0.5209693772 -0.4108811543 0.4125155007
1403715393.5621430874 0.1225711384 -1.7289947091 1.7699427527 -0.6325366073 0.5090069027 -0.4069301498 0.4185896160
1403715393.6121432781 0.1331388585 -1.7466656800 1.7700063626 -0.6404280719 0.4979140383 -0.4014146936 0.4252055257
1403715393.6621429920 0.1427862093 -1.7631458937 1.7697790031 -0.6472077968 0.4887378546 -0.3929981024 0.4333703599
1403715393.7121431828 0.1530117582 -1.7769409619 1.7696266499 -0.6543677796 0.4810820034 -0.3820599663 0.4409003256
1403715393.7621431351 0.1616972873 -1.7894552256 1.7693977209 -0.6614825730 0.4740080096 -0.3700899454 0.4480966912
1403715393.8121430874 0.1662289399 -1.8009946070 1.7687990020 -0.6688209385 0.4668523095 -0.3583506329 0.4542161348
1403715393.8621430397 0.1728242591 -1.8110188401 1.7671754175 -0.6758606027 0.4594945993 -0.3465416036 0.4604194565
1403715393.9121432304 0.1779696355 -1.8190309516 1.7640940082 -0.6830896812 0.4502952110 -0.3378105615 0.4653028423
1403715393.9621429443 0.1829328672 -1.8260315329 1.7649492382 -0.6898448269 0.4420349547 -0.3275837896 0.4705401942
1403715394.0121431351 0.1880203725 -1.8322510613 1.7628943099 -0.6956074548 0.4330789045 -0.3183299812 0.4766958719
1403715394.0621430874 0.1935341628 -1.8371333208 1.7636079997 -0.7016649560 0.4233803645 -0.3096550205 0.4822127381
1403715394.1121432781 0.2000904670 -1.8461534593 1.7614602503 -0.7082374921 0.4126600774 -0.3006104508 0.4875906810
1403715394.1621429920 0.2058180484 -1.8518498150 1.7601082271 -0.7147765899 0.4005843030 -0.2935765326 0.4923814195
1403715394.2121431828 0.2066760528 -1.8541405429 1.7576777795 -0.7210865970 0.3887352682 -0.2859992928 0.4971150927
1403715394.2621431351 0.2122096284 -1.8592941875 1.7562865600 -0.7275964163 0.3763584672 -0.2777355673 0.5018174109
1403715394.3121430874 0.2150105648 -1.8633328926 1.7543456004 -0.7328712076 0.3638830653 -0.2694609434 0.5078185776
1403715394.3621430397 0.2176072086 -1.8667789193 1.7533704473 -0.7381793532 0.3496940892 -0.2631940836 0.5133557839
1403715394.4121432304 0.2197384311 -1.8708795672 1.7527441321 -0.7430847906 0.3355153331 -0.2564652435 0.5191146638
1403715394.4621429443 0.2212555687 -1.8723046199 1.7513008274 -0.7473041941 0.3203779429 -0.2510949846 0.5252101711
1403715394.5121431351 0.2228946021 -1.8746491607 1.7504363654 -0.7516574348 0.3057329810 -0.2450047112 0.5305762307
1403715394.5621430874 0.2209211145 -1.8763936246 1.7494602933 -0.7563402616 0.2913494700 -0.2375883437 0.5353659253
1403715394.6121432781 0.2192211722 -1.8771293372 1.7468978747 -0.7606330840 0.2781667431 -0.2287878599 0.5401080352
1403715394.6621429920 0.2162335175 -1.8795537404 1.7457232092 -0.7651625758 0.2655562072 -0.2178798434 0.5445498207
1403715394.7121431828 0.2124870059 -1.8801357980 1.7477502320 -0.7704661118 0.2531370891 -0.2065444285 0.5473965507
1403715394.7621431351 0.2062846319 -1.8806618225 1.7453998330 -0.7761689783 0.2406691471 -0.1948715423 0.5492405309
1403715394.8121430874 0.2013470731 -1.8821384189 1.7446977835 -0.7820828581 0.2276202733 -0.1829226015 0.5505222395
1403715394.8621430397 0.1926647750 -1.8844272495 1.7425799313 -0.7874357686 0.2138045061 -0.1709647369 0.5522713121
1403715394.9121432304 0.1838451407 -1.8854080152 1.7401583247 -0.7927185861 0.1992278606 -0.1595107027 0.5535899552
1403715394.9621429443 0.1729488605 -1.8853160977 1.7403875564 -0.7976286650 0.1838749433 -0.1478210993 0.5550922811
1403715395.0121431351 0.1626819267 -1.8851537664 1.7385156356 -0.8022557063 0.1674326940 -0.1366964630 0.5564765509
1403715395.0621430874 0.1491098673 -1.8835020106 1.7364912657 -0.8060622452 0.1510673172 -0.1256961843 0.5582497576
1403715395.1121432781 0.1361500433 -1.8820769014 1.7373428483 -0.8094010696 0.1349512672 -0.1143937078 0.5599751276
1403715395.1621429920 0.1262955789 -1.8813358869 1.7344838510 -0.8123755896 0.1189194272 -0.1034953888 0.5614203200
1403715395.2121431828 0.1134384560 -1.8792519158 1.7317844215 -0.8151371073 0.1050489988 -0.0917412261 0.5622274910
1403715395.2621431351 0.1005232292 -1.8777109956 1.7294611698 -0.8171151343 0.0908714172 -0.0818705102 0.5633493254
1403715395.3121430874 0.0860284672 -1.8730611191 1.7251859770 -0.8186032363 0.0771151063 -0.0732718310 0.5644229271
1403715395.3621430397 0.0732717573 -1.8697568061 1.7197379545 -0.8199315757 0.0640930055 -0.0649484197 0.5651424605
1403715395.4121432304 0.0624752908 -1.8668328168 1.7188502241 -0.8215034186 0.0515927350 -0.0560195102 0.5650948039
1403715395.4621429443 0.0485668403 -1.8613005894 1.7126403009 -0.8228016862 0.0406328914 -0.0474431287 0.5648853892
1403715395.5121431351 0.0369959443 -1.8558975335 1.7046359843 -0.8234875032 0.0300876363 -0.0389431646 0.5651959803
1403715395.5621430874 0.0221805376 -1.8507228572 1.6989506861 -0.8240882001 0.0203036430 -0.0307186240 0.5652634489
1403715395.6121432781 0.0059624602 -1.8448068126 1.6936774812 -0.8243752744 0.0118272314 -0.0226124118 0.5654681268
1403715395.6621429920 -0.0082379679 -1.8364805963 1.6842682823 -0.8242553479 0.0027939283 -0.0159812821 0.5659857896
1403715395.7121431828 -0.0249667678 -1.8281303927 1.6768410437 -0.8249523553 -0.0066445457 -0.0109361640 0.5650573969
1403715395.7621431351 -0.0338240559 -1.8207361249 1.6709781363 -0.8247123557 -0.0162073137 -0.0049648303 0.5652983316
1403715395.8121430874 -0.0490699713 -1.8117296999 1.6606047086 -0.8242436446 -0.0251493533 -0.0013654212 0.5656748713
1403715395.8621430397 -0.0639402660 -1.8016695666 1.6525793129 -0.8241120366 -0.0309901071 0.0045040012 0.5655604993
1403715395.9121432304 -0.0804082299 -1.7908058407 1.6421260552 -0.8239254223 -0.0346895234 0.0101964564 0.5655436037
1403715395.9621429443 -0.0957887426 -1.7781004398 1.6328261532 -0.8238738972 -0.0359532728 0.0168038663 0.5653819892
1403715396.0121431351 -0.1111996333 -1.7659102227 1.6262770621 -0.8238022588 -0.0359791735 0.0236785528 0.5652385900
1403715396.0621430874 -0.1248221194 -1.7533397335 1.6194002755 -0.8232113733 -0.0337948204 0.0313155345 0.5658624235
1403715396.1121432781 -0.1387294033 -1.7402311832 1.6122295727 -0.8226058509 -0.0313858300 0.0369963307 0.5665384499
1403715396.1621429920 -0.1523433729 -1.7250563434 1.6052058471 -0.8215323284 -0.0289979094 0.0408855168 0.5679543372
1403715396.2121431828 -0.1626724971 -1.7098186877 1.5999713587 -0.8207057478 -0.0275463454 0.0423977235 0.5691095742
1403715396.2621431351 -0.1728718370 -1.6944292733 1.5935349173 -0.8196870898 -0.0278881216 0.0399020445 0.5707391298
1403715396.3121430874 -0.1793940022 -1.6786638590 1.5867439966 -0.8192018223 -0.0301239281 0.0347510141 0.5716583685
1403715396.3621430397 -0.1849252840 -1.6622857018 1.5793569617 -0.8181395753 -0.0333063056 0.0283748487 0.5733525908
1403715396.4121432304 -0.1902004477 -1.6469569856 1.5733411500 -0.8174301021 -0.0355060078 0.0237956873 0.5744398287
1403715396.4621429443 -0.1955035538 -1.6289341712 1.5657612832 -0.8173236806 -0.0384036798 0.0187321480 0.5745922599
1403715396.5121431351 -0.2016814218 -1.6135489276 1.5600225655 -0.8167188915 -0.0419100469 0.0154186796 0.5753051926
1403715396.5621430874 -0.2092852525 -1.5982470239 1.5527355558 -0.8157641365 -0.0450389756 0.0144455490 0.5764474740
1403715396.6121432781 -0.2145304862 -1.5838696467 1.5480624562 -0.8152569138 -0.0493253506 0.0143536455 0.5768163895
1403715396.6621429920 -0.2193339905 -1.5713521603 1.5422333920 -0.8139783792 -0.0541327204 0.0162519197 0.5781390161
1403715396.7121431828 -0.2255714930 -1.5583016784 1.5361185765 -0.8132343545 -0.0584836012 0.0194092388 0.5786646995
1403715396.7621431351 -0.2338703987 -1.5463113521 1.5284975738 -0.8135020088 -0.0616002239 0.0236553530 0.5778064714
1403715396.8121430874 -0.2409397236 -1.5300892077 1.5226088626 -0.8144672302 -0.0647146562 0.0286473191 0.5758771357
1403715396.8621430397 -0.2490772514 -1.5166926765 1.5137748369 -0.8157133843 -0.0677173776 0.0325117913 0.5735582054
1403715396.9121432304 -0.2585931532 -1.5040715453 1.5045087317 -0.8170819084 -0.0703877803 0.0356971467 0.5710940632
1403715396.9621429443 -0.2667450544 -1.4913956731 1.4949976299 -0.8200172634 -0.0737077869 0.0374733188 0.5663343538
1403715397.0121431351 -0.2766916075 -1.4788117042 1.4859947908 -0.8232469922 -0.0755377032 0.0397350748 0.5612304064
1403715397.0621430874 -0.2854241845 -1.4655720889 1.4747680836 -0.8260059888 -0.0779256642 0.0411095181 0.5567330642
1403715397.1121432781 -0.2958433662 -1.4498481011 1.4628646149 -0.8281171507 -0.0792694357 0.0430946575 0.5532460500
1403715397.1621429920 -0.3052701374 -1.4327083425 1.4515170166 -0.8298052589 -0.0793119400 0.0465604056 0.5504225441
1403715397.2121431828 -0.3159511262 -1.4148313084 1.4424976640 -0.8312009593 -0.0776574443 0.0513775207 0.5481191813
1403715397.2621431351 -0.3255988478 -1.3945278643 1.4310821993 -0.8322608565 -0.0750175535 0.0575168999 0.5462655394
1403715397.3121430874 -0.3349672850 -1.3730561889 1.4223309942 -0.8323257679 -0.0718836633 0.0631214924 0.5459690763
1403715397.3621430397 -0.3417538807 -1.3491430796 1.4122791561 -0.8321785452 -0.0693720570 0.0678807081 0.5459474297
1403715397.4121432304 -0.3501339539 -1.3238160838 1.4025812358 -0.8321022488 -0.0675003049 0.0708175139 0.5459253027
1403715397.4621429443 -0.3565128307 -1.2968531681 1.3931554677 -0.8323408385 -0.0665032013 0.0731797749 0.5453721420
1403715397.5121431351 -0.3615085795 -1.2690235674 1.3860053543 -0.8325336711 -0.0660073690 0.0741055373 0.5450129201
1403715397.5621430874 -0.3627504944 -1.2400946958 1.3773990589 -0.8317597683 -0.0655993926 0.0756355629 0.5460326630
1403715397.6121432781 -0.3651178662 -1.2085066993 1.3691506234 -0.8304788612 -0.0650818426 0.0766935812 0.5478935202
1403715397.6621429920 -0.3655135790 -1.1721169095 1.3608006156 -0.8282342577 -0.0654900629 0.0764893643 0.5512607761
1403715397.7121431828 -0.3646670522 -1.1365528452 1.3573057064 -0.8251510103 -0.0659731453 0.0758476379 0.5558961145
1403715397.7621431351 -0.3603204031 -1.0985818779 1.3551591110 -0.8226977448 -0.0669556942 0.0741660223 0.5596291243
1403715397.8121430874 -0.3560429445 -1.0632573511 1.3536871607 -0.8202247601 -0.0675150351 0.0728128481 0.5633572154
1403715397.8621430397 -0.3517243658 -1.0236836972 1.3502197875 -0.8183494400 -0.0682013906 0.0709566311 0.5662313316
1403715397.9121432304 -0.3455109432 -0.9841524507 1.3487209537 -0.8164994621 -0.0696440902 0.0676162032 0.5691277345
1403715397.9621429443 -0.3383217306 -0.9467863993 1.3478880506 -0.8128745976 -0.0709601816 0.0644499486 0.5744960795
1403715398.0121431351 -0.3285260417 -0.9081747873 1.3468983481 -0.8089801530 -0.0721070142 0.0612423841 0.5801733025
1403715398.0621430874 -0.3181668067 -0.8703397648 1.3451524652 -0.8051492338 -0.0730186774 0.0585387314 0.5856417001
1403715398.1121432781 -0.3082818287 -0.8313453981 1.3431024046 -0.8021492169 -0.0733598076 0.0563631632 0.5899136939
1403715398.1621429920 -0.2979574570 -0.7952419005 1.3399564353 -0.7995676871 -0.0737677705 0.0541398088 0.5935644118
1403715398.2121431828 -0.2876934509 -0.7621837872 1.3359241736 -0.7984936814 -0.0738472643 0.0520358762 0.5951862649
1403715398.2621431351 -0.2770251935 -0.7293706314 1.3304289344 -0.7989322999 -0.0734448826 0.0505268998 0.5947773212
1403715398.3121430874 -0.2670358476 -0.7006652143 1.3243451519 -0.8002485176 -0.0733062110 0.0482548089 0.5932115837
1403715398.3621430397 -0.2562771499 -0.6715285251 1.3177441459 -0.8013959821 -0.0729555781 0.0460040361 0.5918830900
1403715398.4121432304 -0.2454216488 -0.6454714877 1.3106689523 -0.8024036164 -0.0712354371 0.0462009686 0.5907109440
1403715398.4621429443 -0.2360560911 -0.6193431777 1.3030991480 -0.8036458111 -0.0711438018 0.0433638176 0.5892465944
1403715398.5121431351 -0.2253653510 -0.5965444672 1.2972712897 -0.8045329410 -0.0707193361 0.0410783933 0.5882500216
1403715398.5621430874 -0.2158929195 -0.5743379370 1.2916923369 -0.8048034986 -0.0706103030 0.0383225754 0.5880789861
1403715398.6121432781 -0.2057408276 -0.5510685672 1.2854046670 -0.8033295088 -0.0697326461 0.0366801848 0.5902996040
1403715398.6621429920 -0.1959197549 -0.5304516437 1.2806540090 -0.8013229065 -0.0702917112 0.0330443843 0.5931683939
1403715398.7121431828 -0.1869256080 -0.5110045467 1.2758938206 -0.7985913786 -0.0720604390 0.0281779897 0.5968794720
1403715398.7621431351 -0.1795350105 -0.4945304102 1.2715111698 -0.7959462860 -0.0737004269 0.0225209154 0.6004419749
1403715398.8121430874 -0.1728398118 -0.4799324621 1.2666099438 -0.7940666542 -0.0753504562 0.0179716048 0.6028743475
1403715398.8621430397 -0.1667142748 -0.4681868635 1.2631779377 -0.7929750357 -0.0768575326 0.0146679096 0.6042088752
1403715398.9121432304 -0.1627309352 -0.4569185658 1.2593840379 -0.7921640231 -0.0778464596 0.0122411172 0.6051993426
1403715398.9621429443 -0.1603918879 -0.4496992727 1.2568984851 -0.7917698931 -0.0782801602 0.0116228521 0.6056711667
1403715399.0121431351 -0.1601797153 -0.4442146069 1.2541959333 -0.7911185802 -0.0787787299 0.0112131797 0.6064648122
1403715399.0621430874 -0.1615483641 -0.4422106523 1.2531912975 -0.7916296909 -0.0785974689 0.0125299534 0.6057952382
1403715399.1121432781 -0.1651287323 -0.4422917475 1.2507597663 -0.7929278772 -0.0781187841 0.0149745754 0.6041014809
1403715399.1621429920 -0.1694319276 -0.4446412587 1.2491072821 -0.7938604598 -0.0767583209 0.0191668729 0.6029314733
1403715399.2121431828 -0.1756867614 -0.4490628656 1.2477868427 -0.7944284480 -0.0765449442 0.0218331756 0.6021192780
1403715399.2621431351 -0.1828689376 -0.4560643253 1.2470709607 -0.7943827485 -0.0759927857 0.0245856258 0.6021434151
1403715399.3121430874 -0.1907519528 -0.4646370346 1.2461775383 -0.7955949057 -0.0769988359 0.0249940358 0.6003958890
1403715399.3621430397 -0.2000720074 -0.4751334436 1.2444252231 -0.7973697443 -0.0779954467 0.0247013976 0.5979197623
1403715399.4121432304 -0.2094280730 -0.4873995066 1.2425631060 -0.8000238189 -0.0796029234 0.0239871798 0.5941800055
1403715399.4621429443 -0.2206283692 -0.5012328123 1.2406556632 -0.8017730214 -0.0809768925 0.0230121894 0.5916698439
1403715399.5121431351 -0.2329473933 -0.5168329343 1.2393151695 -0.8027424589 -0.0828012814 0.0203756963 0.5901976986
1403715399.5621430874 -0.2457703374 -0.5334264124 1.2374648927 -0.8062820560 -0.0835791016 0.0191727403 0.5852829965
1403715399.6121432781 -0.2619590901 -0.5504982325 1.2355757575 -0.8116360075 -0.0813999061 0.0214225931 0.5780675732
1403715399.6621429920 -0.2785750622 -0.5681511647 1.2352623895 -0.8167546782 -0.0789412675 0.0237411715 0.5710660459
1403715399.7121431828 -0.2948365655 -0.5858201737 1.2340820062 -0.8210601149 -0.0765749634 0.0258521692 0.5650913449
1403715399.7621431351 -0.3129897531 -0.6024865844 1.2340068658 -0.8242212712 -0.0746601524 0.0267181369 0.5606882368
1403715399.8121430874 -0.3323397206 -0.6178388003 1.2345605658 -0.8264858491 -0.0729495350 0.0270711145 0.5575541780
1403715399.8621430397 -0.3523043326 -0.6331004108 1.2358102956 -0.8279555530 -0.0719951569 0.0268863181 0.5555028582
1403715399.9121432304 -0.3737048596 -0.6458702408 1.2381665758 -0.8293034129 -0.0713327544 0.0258971680 0.5536215532
1403715399.9621429443 -0.3948657724 -0.6582331764 1.2405620443 -0.8303402970 -0.0700011571 0.0238995870 0.5523256639
1403715400.0121431351 -0.4170984458 -0.6682885748 1.2434022747 -0.8305722330 -0.0680259879 0.0203137177 0.5523672543
1403715400.0621430874 -0.4407117994 -0.6772134575 1.2476374290 -0.8300968349 -0.0650590251 0.0160484699 0.5535783726
1403715400.1121432781 -0.4651238334 -0.6844460247 1.2518954301 -0.8293919451 -0.0611954860 0.0110107664 0.5551962508
1403715400.1621429920 -0.4904036925 -0.6900546473 1.2562454048 -0.8290001772 -0.0556655719 0.0059841527 0.5564388917
1403715400.2121431828 -0.5164391889 -0.6939951085 1.2599892012 -0.8284924898 -0.0498502895 -0.0005080884 0.5577767339
1403715400.2621431351 -0.5444657991 -0.6969249634 1.2646780058 -0.8285100319 -0.0452945965 -0.0101516928 0.5580470138
1403715400.3121430874 -0.5731976972 -0.6996747352 1.2696677837 -0.8286402416 -0.0391207041 -0.0189606248 0.5580908664
1403715400.3621430397 -0.6031427446 -0.7001945781 1.2737558181 -0.8285355331 -0.0324216041 -0.0281886785 0.5582858662
1403715400.4121432304 -0.6354292805 -0.6991801224 1.2768406881 -0.8289676938 -0.0240731717 -0.0366036216 0.5575779945
1403715400.4621429443 -0.6703331291 -0.6988806935 1.2825856555 -0.8290787823 -0.0128951545 -0.0425993945 0.5573574969
1403715400.5121431351 -0.7066567897 -0.6960208822 1.2870976371 -0.8293315880 -0.0000466281 -0.0472619357 0.5567543663
1403715400.5621430874 -0.7444361604 -0.6923904320 1.2909755004 -0.8299256412 0.0135089495 -0.0521912340 0.5552630128
1403715400.6121432781 -0.7834268475 -0.6865850319 1.2941363533 -0.8301242997 0.0287897032 -0.0564202202 0.5539689149
1403715400.6621429920 -0.8228570885 -0.6792462987 1.2958889252 -0.8305810616 0.0440793976 -0.0616279218 0.5517192275
1403715400.7121431828 -0.8628695173 -0.6713181431 1.2969373536 -0.8304394945 0.0594213422 -0.0677461013 0.5497725128
1403715400.7621431351 -0.9026098166 -0.6629812031 1.2988277049 -0.8301918156 0.0753709555 -0.0731741612 0.5474909227
1403715400.8121430874 -0.9441135545 -0.6520896537 1.3010066942 -0.8287801019 0.0920314232 -0.0779190318 0.5464269249
1403715400.8621430397 -0.9853863564 -0.6403467668 1.3019744843 -0.8266524126 0.1089150818 -0.0822346447 0.5459127741
1403715400.9121432304 -1.0262804399 -0.6266107758 1.3020683730 -0.8257221159 0.1241240560 -0.0859643684 0.5434945569
1403715400.9621429443 -1.0657158167 -0.6116001865 1.3004120884 -0.8249647998 0.1372867632 -0.0886882863 0.5410358690
1403715401.0121431351 -1.1056149740 -0.5958094289 1.2994072051 -0.8242811119 0.1492456095 -0.0911346495 0.5384987208
1403715401.0621430874 -1.1430564148 -0.5792378428 1.2973510898 -0.8243572577 0.1578991330 -0.0945895912 0.5353090553
1403715401.1121432781 -1.1802535727 -0.5596164934 1.2984509418 -0.8240145955 0.1647239994 -0.0979783188 0.5331662024
1403715401.1621429920 -1.2145394493 -0.5397146694 1.2976991058 -0.8239842027 0.1692069702 -0.1026426788 0.5309270340
1403715401.2121431828 -1.2478429759 -0.5175500260 1.2978498883 -0.8242066286 0.1715786017 -0.1080685372 0.5287394520
1403715401.2621431351 -1.2800139709 -0.4935055395 1.2982826107 -0.8246089499 0.1724319720 -0.1135355693 0.5266848861
1403715401.3121430874 -1.3122935329 -0.4684318240 1.3006965516 -0.8245991299 0.1734531319 -0.1184088984 0.5252900330
1403715401.3621430397 -1.3418348644 -0.4403166922 1.3030642472 -0.8232652937 0.1746548660 -0.1210144116 0.5263890635
1403715401.4121432304 -1.3700724086 -0.4102220045 1.3064612771 -0.8216696719 0.1755638886 -0.1226723324 0.5281929289
1403715401.4621429443 -1.3973761387 -0.3783598441 1.3103607273 -0.8201145004 0.1757018853 -0.1244016572 0.5301559030
1403715401.5121431351 -1.4233238221 -0.3437482181 1.3160611987 -0.8179340472 0.1764763266 -0.1245473597 0.5332241140
1403715401.5621430874 -1.4487712779 -0.3089715617 1.3222866605 -0.8159012794 0.1779709821 -0.1235000693 0.5360775734
1403715401.6121432781 -1.4734259232 -0.2720572552 1.3296158427 -0.8124414760 0.1793993419 -0.1219805799 0.5411796950
1403715401.6621429920 -1.4978366693 -0.2328042671 1.3367106287 -0.8095274959 0.1811189318 -0.1215655425 0.5450531945
1403715401.7121431828 -1.5186343005 -0.1938866381 1.3444047882 -0.8047827644 0.1858884517 -0.1189553234 0.5510170748
1403715401.7621431351 -1.5381600579 -0.1554505166 1.3520170163 -0.8000027467 0.1929644986 -0.1156433452 0.5562256055
1403715401.8121430874 -1.5565119535 -0.1167165622 1.3593305677 -0.7966273058 0.1979784406 -0.1163577002 0.5591514627
1403715401.8621430397 -1.5732647024 -0.0784209432 1.3657733863 -0.7940121620 0.2028998527 -0.1178371937 0.5607947327
1403715401.9121432304 -1.5875039690 -0.0422153532 1.3713626586 -0.7931463596 0.2039309511 -0.1219327099 0.5607703930
1403715401.9621429443 -1.6010142455 -0.0058789625 1.3751221341 -0.7930682597 0.2027279167 -0.1278053408 0.5600088589
1403715402.0121431351 -1.6133960747 0.0298755327 1.3795122498 -0.7933061744 0.2006480599 -0.1333513088 0.5591270859
1403715402.0621430874 -1.6249798951 0.0643369080 1.3837501240 -0.7939078376 0.1981999175 -0.1376779093 0.5580967044
1403715402.1121432781 -1.6367766721 0.0979047313 1.3881696379 -0.7921469548 0.1958341906 -0.1408541129 0.5606356131
1403715402.1621429920 -1.6473415156 0.1318634741 1.3934713881 -0.7874592214 0.1931475566 -0.1447494683 0.5671415939
1403715402.2121431828 -1.6582012042 0.1644460760 1.3983959110 -0.7833595224 0.1923462453 -0.1478070899 0.5722795163
1403715402.2621431351 -1.6684789975 0.1961329597 1.4027755327 -0.7806061146 0.1932080503 -0.1504315219 0.5750609537
1403715402.3121430874 -1.6787213466 0.2269770959 1.4047764205 -0.7808541567 0.1941010595 -0.1548471833 0.5732485626
1403715402.3621430397 -1.6885061939 0.2549969491 1.4054698533 -0.7825952753 0.1960940673 -0.1603242401 0.5686720407
1403715402.4121432304 -1.6982289486 0.2825590366 1.4054583285 -0.7829301122 0.1990575837 -0.1674273953 0.5651235131
1403715402.4621429443 -1.7098814875 0.3094624934 1.4066095165 -0.7825210048 0.2025931562 -0.1764344326 0.5616829898
1403715402.5121431351 -1.7218056615 0.3358919944 1.4073175305 -0.7804640647 0.2050788455 -0.1867587745 0.5603031956
1403715402.5621430874 -1.7337510948 0.3621842989 1.4062950584 -0.7786028736 0.2082883446 -0.1939689885 0.5592580462
1403715402.6121432781 -1.7497573475 0.3885424336 1.4079464488 -0.7757741934 0.2109077668 -0.2005693079 0.5598787971
1403715402.6621429920 -1.7661144079 0.4139828070 1.4088009039 -0.7737303323 0.2134234622 -0.2057465452 0.5598751269
1403715402.7121431828 -1.7862532954 0.4376695307 1.4101448850 -0.7718233554 0.2166248732 -0.2086875606 0.5601891417
1403715402.7621431351 -1.8073757040 0.4626972263 1.4099545094 -0.7718597985 0.2238633917 -0.2054023325 0.5585047136
1403715402.8121430874 -1.8308498066 0.4870004472 1.4114256743 -0.7719350850 0.2311837687 -0.2008846051 0.5570598398
1403715402.8621430397 -1.8552693167 0.5105240230 1.4120716382 -0.7722353176 0.2380754576 -0.1955794321 0.5556270121
1403715402.9121432304 -1.8814976574 0.5339356736 1.4131494674 -0.7726903718 0.2449079365 -0.1904187843 0.5538143899
1403715402.9621429443 -1.9068955814 0.5570732256 1.4120680935 -0.7741345517 0.2514447590 -0.1852214986 0.5506216719
1403715403.0121431351 -1.9327304081 0.5790564288 1.4126151930 -0.7762610434 0.2581085180 -0.1790065452 0.5465852561
1403715403.0621430874 -1.9580799708 0.6008463132 1.4132480068 -0.7795823722 0.2633229809 -0.1748036999 0.5406995462
1403715403.1121432781 -1.9815000067 0.6226350686 1.4140643360 -0.7823176470 0.2680893637 -0.1704525692 0.5357733792
1403715403.1621429920 -2.0035933677 0.6443644132 1.4152946426 -0.7850625774 0.2714392978 -0.1670318924 0.5311288018
1403715403.2121431828 -2.0237623833 0.6655922590 1.4179635038 -0.7866376083 0.2742038503 -0.1645050928 0.5281586846
1403715403.2621431351 -2.0417870568 0.6870412633 1.4204770087 -0.7887489910 0.2739050119 -0.1650032289 0.5250000077
1403715403.3121430874 -2.0572949566 0.7094604116 1.4222153632 -0.7898299714 0.2724992910 -0.1667331628 0.5235578336
1403715403.3621430397 -2.0705837762 0.7324841840 1.4260146916 -0.7900227661 0.2711240458 -0.1698143095 0.5229903261
1403715403.4121432304 -2.0816066190 0.7566216352 1.4279081912 -0.7892764838 0.2707553411 -0.1735232628 0.5230906755
1403715403.4621429443 -2.0906577075 0.7808417245 1.4321138537 -0.7880838941 0.2718168763 -0.1774172050 0.5230320229
1403715403.5121431351 -2.0982379390 0.8059006992 1.4367307347 -0.7858606248 0.2748262083 -0.1818484431 0.5232826935
1403715403.5621430874 -2.1029361545 0.8329203413 1.4385010334 -0.7832129522 0.2797414524 -0.1860870317 0.5231575365
1403715403.6121432781 -2.1077607518 0.8587857075 1.4427293152 -0.7813555236 0.2863253988 -0.1903565831 0.5208317224
1403715403.6621429920 -2.1091890172 0.8853094452 1.4446454029 -0.7791781721 0.2937183063 -0.1949845742 0.5182585730
1403715403.7121431828 -2.1105547433 0.9133490868 1.4471579175 -0.7775741530 0.3027403430 -0.1986422234 0.5140700229
1403715403.7621431351 -2.1085587774 0.9420534192 1.4479849941 -0.7751838465 0.3132463350 -0.2014361703 0.5102844374
1403715403.8121430874 -2.1058873280 0.9713056544 1.4499729340 -0.7719330904 0.3241203167 -0.2046973693 0.5071137063
1403715403.8621430397 -2.1004010381 1.0007618122 1.4527639816 -0.7680540539 0.3344824690 -0.2089302989 0.5045419490
1403715403.9121432304 -2.0941452031 1.0310580186 1.4558611932 -0.7641764656 0.3445439750 -0.2141476621 0.5014624189
1403715403.9621429443 -2.0838730569 1.0618788180 1.4571806924 -0.7597655446 0.3542640808 -0.2195397543 0.4990546809
1403715404.0121431351 -2.0724816541 1.0927243099 1.4604948376 -0.7552844459 0.3628629596 -0.2263213726 0.4966432469
1403715404.0621430874 -2.0591609006 1.1235639382 1.4649706104 -0.7494566962 0.3704994663 -0.2346919280 0.4959480869
1403715404.1121432781 -2.0433307766 1.1552243262 1.4697711871 -0.7439916210 0.3771031952 -0.2439833841 0.4947138125
1403715404.1621429920 -2.0265015194 1.1864860337 1.4737513501 -0.7388541543 0.3815315991 -0.2563329144 0.4927693320
1403715404.2121431828 -2.0081967128 1.2183022671 1.4774516912 -0.7340678641 0.3862173712 -0.2674263227 0.4903709565
1403715404.2621431351 -1.9893840992 1.2503564863 1.4798796881 -0.7299200963 0.3892599024 -0.2784716185 0.4880030114
1403715404.3121430874 -1.9703180616 1.2828898728 1.4818059077 -0.7269651374 0.3919120966 -0.2880045982 0.4847473042
1403715404.3621430397 -1.9533844805 1.3171880678 1.4841205718 -0.7244902639 0.3952666295 -0.2942729398 0.4819560001
1403715404.4121432304 -1.9363250226 1.3523487176 1.4864205375 -0.7223307478 0.3976840781 -0.3002725755 0.4795018719
1403715404.4621429443 -1.9188498886 1.3882615594 1.4878297575 -0.7197085074 0.3997543500 -0.3045975774 0.4789952399
1403715404.5121431351 -1.9018609053 1.4248343387 1.4876414869 -0.7178907034 0.4006142298 -0.3087261548 0.4783610961
1403715404.5621430874 -1.8851895350 1.4630882075 1.4866653665 -0.7162088321 0.4013648025 -0.3117023597 0.4783229485
1403715404.6121432781 -1.8694200036 1.5026617611 1.4864994992 -0.7144370585 0.4026598696 -0.3132708877 0.4788591335
1403715404.6621429920 -1.8561713914 1.5444306425 1.4859825995 -0.7118045977 0.4055214936 -0.3116163155 0.4814372284
1403715404.7121431828 -1.8420401358 1.5862173938 1.4848498634 -0.7095309770 0.4077524091 -0.3101016953 0.4838808779
1403715404.7621431351 -1.8282901237 1.6277196679 1.4843738013 -0.7066489594 0.4106332784 -0.3072600231 0.4874616263
1403715404.8121430874 -1.8162937555 1.6678352593 1.4808588595 -0.7047378179 0.4136376816 -0.3052570846 0.4889443616
1403715404.8621430397 -1.8038145246 1.7099832329 1.4775680074 -0.7025340124 0.4174051049 -0.3049227134 0.4891227645
1403715404.9121432304 -1.7905735783 1.7514950169 1.4741519677 -0.6992388804 0.4216126315 -0.3056831842 0.4897607252
1403715404.9621429443 -1.7785003004 1.7921392431 1.4710432698 -0.6947449426 0.4271325399 -0.3071018445 0.4904851834
1403715405.0121431351 -1.7659405935 1.8321881444 1.4667062179 -0.6890201544 0.4336926767 -0.3094422143 0.4913322756
1403715405.0621430874 -1.7536841426 1.8710644520 1.4621212751 -0.6827288480 0.4416446466 -0.3121655749 0.4913084367
1403715405.1121432781 -1.7416599400 1.9086525902 1.4583069779 -0.6755833944 0.4515461728 -0.3141094240 0.4909464337
1403715405.1621429920 -1.7295136568 1.9441968502 1.4535077400 -0.6687083332 0.4625859190 -0.3170493958 0.4881834832
1403715405.2121431828 -1.7189827997 1.9799380751 1.4496304568 -0.6612304686 0.4748555848 -0.3207295209 0.4841683751
1403715405.2621431351 -1.7106156330 2.0149267586 1.4475303213 -0.6535323202 0.4874719781 -0.3254906417 0.4788762044
1403715405.3121430874 -1.6983978471 2.0457236783 1.4422063189 -0.6461146568 0.4991940231 -0.3318909618 0.4724294308
1403715405.3621430397 -1.6867404873 2.0749529447 1.4367294153 -0.6387313033 0.5104241121 -0.3389670569 0.4653932556
1403715405.4121432304 -1.6755071304 2.1027237514 1.4315914940 -0.6319429711 0.5211601354 -0.3465018176 0.4571396777
1403715405.4621429443 -1.6636540663 2.1288349398 1.4263224548 -0.6246198006 0.5325064683 -0.3527493271 0.4492826261
1403715405.5121431351 -1.6525231572 2.1537463046 1.4218590387 -0.6165905725 0.5435694300 -0.3594516427 0.4417497676
1403715405.5621430874 -1.6408952217 2.1762539533 1.4170452089 -0.6085494822 0.5541259694 -0.3664129196 0.4339971315
1403715405.6121432781 -1.6282478230 2.1978298055 1.4117170770 -0.6016865755 0.5631940496 -0.3749768640 0.4244738847
1403715405.6621429920 -1.6156193005 2.2181764473 1.4056187529 -0.5958413728 0.5717801251 -0.3833801657 0.4135942403
1403715405.7121431828 -1.6030245383 2.2384126540 1.4004984707 -0.5898515157 0.5803524296 -0.3906858684 0.4032750911
1403715405.7621431351 -1.5901543003 2.2573277671 1.3951560077 -0.5836421740 0.5883862764 -0.3979414884 0.3934539035
1403715405.8121430874 -1.5764313750 2.2764272314 1.3902103221 -0.5769194274 0.5974350534 -0.4034141439 0.3840473406
1403715405.8621430397 -1.5618396061 2.2957489924 1.3848795678 -0.5697968892 0.6060891084 -0.4091647678 0.3749289140
1403715405.9121432304 -1.5460075001 2.3145078224 1.3799614569 -0.5604507512 0.6149838921 -0.4147218895 0.3683687314
1403715405.9621429443 -1.5286914572 2.3327273393 1.3750741385 -0.5496795193 0.6229194608 -0.4215969301 0.3634278469
1403715406.0121431351 -1.5101180384 2.3496932158 1.3692158182 -0.5381678219 0.6297183266 -0.4301047742 0.3589430427
1403715406.0621430874 -1.4917411828 2.3674746111 1.3636283263 -0.5259232832 0.6370930111 -0.4377759441 0.3547808028
1403715406.1121432781 -1.4723789796 2.3846381018 1.3569473699 -0.5145274453 0.6441870436 -0.4453477799 0.3492132814
1403715406.1621429920 -1.4531969783 2.4024974848 1.3490559295 -0.5030349134 0.6515824449 -0.4519217326 0.3437483688
1403715406.2121431828 -1.4337380641 2.4191647626 1.3411529815 -0.4915224939 0.6593486480 -0.4574665094 0.3382150072
1403715406.2621431351 -1.4145639135 2.4354888633 1.3323281171 -0.4808745231 0.6667928249 -0.4627589123 0.3316643045
1403715406.3121430874 -1.3960004043 2.4523288420 1.3236128164 -0.4704046589 0.6744187615 -0.4671129207 0.3250912337
1403715406.3621430397 -1.3766250304 2.4669816338 1.3129629869 -0.4597202652 0.6830245605 -0.4691534480 0.3194209915
1403715406.4121432304 -1.3574490009 2.4820118147 1.3024543901 -0.4492503303 0.6915327669 -0.4710581057 0.3131466656
1403715406.4621429443 -1.3383691578 2.4963936547 1.2918011632 -0.4378150980 0.7003621905 -0.4719264121 0.3083767236
1403715406.5121431351 -1.3202842312 2.5121756854 1.2816553255 -0.4276710653 0.7081879934 -0.4738326673 0.3017446425
1403715406.5621430874 -1.3012128482 2.5242582024 1.2701331449 -0.4170344021 0.7157604445 -0.4755840701 0.2959545333
1403715406.6121432781 -1.2822582765 2.5354476835 1.2588700165 -0.4066319546 0.7223734775 -0.4782563199 0.2899963878
1403715406.6621429920 -1.2629511459 2.5450781083 1.2475501427 -0.3965381433 0.7282467819 -0.4814452108 0.2839447739
1403715406.7121431828 -1.2442936728 2.5532963593 1.2364322253 -0.3865406247 0.7335673099 -0.4850246344 0.2778784831
1403715406.7621431351 -1.2256011056 2.5600874851 1.2252409995 -0.3772984584 0.7377968141 -0.4900466622 0.2704736646
1403715406.8121430874 -1.2068416245 2.5652782631 1.2137284837 -0.3675636693 0.7418072998 -0.4952762084 0.2632875924
1403715406.8621430397 -1.1879583402 2.5698159082 1.2025438204 -0.3580686405 0.7457734730 -0.5004195931 0.2553213789
1403715406.9121432304 -1.1696748564 2.5725340345 1.1917204978 -0.3489647823 0.7497864160 -0.5048670264 0.2472917242
1403715406.9621429443 -1.1515413017 2.5745850755 1.1816708480 -0.3397817348 0.7533421044 -0.5096570011 0.2393194261
1403715407.0121431351 -1.1336561219 2.5755667530 1.1723424105 -0.3306110622 0.7576287804 -0.5127572078 0.2318943780
1403715407.0621430874 -1.1158805273 2.5758321918 1.1631213464 -0.3209946652 0.7623977500 -0.5147983702 0.2251549106
1403715407.1121432781 -1.0978965732 2.5748800010 1.1541347154 -0.3115615298 0.7673424807 -0.5162311699 0.2182207819
1403715407.1621429920 -1.0802448882 2.5734046475 1.1453901407 -0.3030962420 0.7724627389 -0.5165926832 0.2111065721
1403715407.2121431828 -1.0626382420 2.5716943115 1.1364781145 -0.2966511821 0.7780403427 -0.5149737759 0.2036008631
1403715407.2621431351 -1.0444176400 2.5690128845 1.1285427709 -0.2913293646 0.7836039795 -0.5121945589 0.1968469925
1403715407.3121430874 -1.0261048970 2.5648689088 1.1202800901 -0.2882621490 0.7882120497 -0.5094250423 0.1900337456
1403715407.3621430397 -1.0065500888 2.5590710166 1.1138341496 -0.2854767203 0.7916347623 -0.5076202898 0.1847676562
1403715407.4121432304 -0.9859488448 2.5512019361 1.1079064190 -0.2831154976 0.7934816525 -0.5074195761 0.1809913145
1403715407.4621429443 -0.9642336442 2.5419575099 1.1036004811 -0.2807181896 0.7935517578 -0.5092727683 0.1792042221
1403715407.5121431351 -0.9415261466 2.5307180025 1.0998176394 -0.2794355120 0.7931290203 -0.5114477951 0.1768708699
1403715407.5621430874 -0.9177580243 2.5182725346 1.0974259727 -0.2774125345 0.7926462212 -0.5133873739 0.1766002778
1403715407.6121432781 -0.8928738125 2.5033854320 1.0953104584 -0.2765318250 0.7911583507 -0.5163846402 0.1759133801
1403715407.6621429920 -0.8676770645 2.4879455498 1.0943440086 -0.2773198196 0.7886446986 -0.5205314686 0.1737246305
1403715407.7121431828 -0.8412667950 2.4707723059 1.0939850424 -0.2798728475 0.7845949367 -0.5262588825 0.1706855679
1403715407.7621431351 -0.8140645756 2.4533317924 1.0943016178 -0.2823937836 0.7811440516 -0.5308423069 0.1681492397
1403715407.8121430874 -0.7858523390 2.4354523556 1.0953144136 -0.2846856336 0.7789253600 -0.5334035569 0.1664632665
1403715407.8621430397 -0.7566277131 2.4176185723 1.0966891524 -0.2863341418 0.7770416084 -0.5355250346 0.1656261918
1403715407.9121432304 -0.7259945334 2.3998911810 1.0989315678 -0.2861285263 0.7762317779 -0.5361949636 0.1675996852
1403715407.9621429443 -0.6947848547 2.3823612070 1.1022781078 -0.2864559728 0.7759674522 -0.5360743639 0.1686468654
1403715408.0121431351 -0.6623718021 2.3650340285 1.1088837900 -0.2846447036 0.7756651545 -0.5363823047 0.1720900464
1403715408.0621430874 -0.6293438379 2.3474965870 1.1184279754 -0.2841896394 0.7758508984 -0.5358066086 0.1737898460
1403715408.1121432781 -0.5954094345 2.3298649628 1.1313924586 -0.2832906550 0.7756600863 -0.5358416664 0.1759873398
1403715408.1621429920 -0.5611567807 2.3123329492 1.1478635309 -0.2826967974 0.7752720286 -0.5359429485 0.1783282323
1403715408.2121431828 -0.5267438397 2.2946480623 1.1672270559 -0.2819135270 0.7745459804 -0.5365970017 0.1807399937
1403715408.2621431351 -0.4920231285 2.2767661010 1.1879348435 -0.2819640517 0.7741651147 -0.5367587714 0.1818094334
1403715408.3121430874 -0.4574690406 2.2589334525 1.2073515298 -0.2815923557 0.7740580389 -0.5365553122 0.1834347145
1403715408.3621430397 -0.4227553963 2.2406957037 1.2241366210 -0.2812535917 0.7734638985 -0.5371113343 0.1848281079
1403715408.4121432304 -0.3878753082 2.2226256411 1.2377304693 -0.2812746099 0.7716815400 -0.5388055432 0.1872986419
1403715408.4621429443 -0.3538051905 2.2048971260 1.2471998492 -0.2826173571 0.7688390847 -0.5412069342 0.1900235397
1403715408.5121431351 -0.3191567439 2.1872357413 1.2528223295 -0.2846406496 0.7649658984 -0.5439227792 0.1948201353
1403715408.5621430874 -0.2851141372 2.1703401123 1.2542278394 -0.2886589976 0.7607278288 -0.5461325419 0.1992696674
1403715408.6121432781 -0.2515745872 2.1543507946 1.2524589869 -0.2930244077 0.7554680243 -0.5488028528 0.2054755206
1403715408.6621429920 -0.2181057144 2.1393110941 1.2477248446 -0.2999175617 0.7494864408 -0.5515279362 0.2100868080
1403715408.7121431828 -0.1862150625 2.1255297993 1.2430981212 -0.3071761531 0.7439524033 -0.5526089698 0.2163352932
1403715408.7621431351 -0.1555981516 2.1130868744 1.2384286629 -0.3151513757 0.7388822563 -0.5520420034 0.2235671000
1403715408.8121430874 -0.1266461560 2.1026540030 1.2351537450 -0.3245407757 0.7335861531 -0.5508011531 0.2305270715
1403715408.8621430397 -0.0991374021 2.0935910573 1.2317565919 -0.3342308424 0.7290089660 -0.5476975686 0.2384597339
1403715408.9121432304 -0.0727882979 2.0862729945 1.2297193711 -0.3446812082 0.7242217964 -0.5440043547 0.2464891812
1403715408.9621429443 -0.0476753341 2.0803511827 1.2286001292 -0.3560442528 0.7190838966 -0.5400071627 0.2540533486
1403715409.0121431351 -0.0243574727 2.0753802757 1.2288895277 -0.3671077960 0.7132974358 -0.5361106172 0.2627242666
1403715409.0621430874 -0.0032728270 2.0718516165 1.2297981545 -0.3786869799 0.7076744946 -0.5314532756 0.2708327839
1403715409.1121432781 0.0169742829 2.0696642034 1.2326956741 -0.3889483276 0.7024814564 -0.5259907075 0.2803083613
1403715409.1621429920 0.0356323427 2.0678694626 1.2365758880 -0.3975388981 0.6981653083 -0.5200457757 0.2899662358
1403715409.2121431828 0.0526966297 2.0664584006 1.2408878843 -0.4058652359 0.6946543419 -0.5141183619 0.2973399829
1403715409.2621431351 0.0679362330 2.0647218623 1.2461564011 -0.4130775566 0.6925416971 -0.5080613254 0.3026988927
1403715409.3121430874 0.0822722421 2.0632053803 1.2524427649 -0.4189266895 0.6904732813 -0.5030955503 0.3076393081
1403715409.3621430397 0.0950683617 2.0613662847 1.2596470597 -0.4237276369 0.6882524850 -0.4997281203 0.3115047551
1403715409.4121432304 0.1064939718 2.0590757327 1.2678737215 -0.4279053018 0.6859975795 -0.4977943937 0.3138552455
1403715409.4621429443 0.1171784497 2.0559411229 1.2759865207 -0.4318151740 0.6832107868 -0.4977149677 0.3147038087
1403715409.5121431351 0.1263099569 2.0530104261 1.2857562536 -0.4352830572 0.6800980294 -0.4994850169 0.3138631045
1403715409.5621430874 0.1344729364 2.0496141270 1.2946900338 -0.4382863033 0.6788749139 -0.5009492276 0.3099739329
1403715409.6121432781 0.1410299654 2.0467849871 1.3052523624 -0.4388798877 0.6812607659 -0.4990521534 0.3069448829
1403715409.6621429920 0.1475125802 2.0441067298 1.3159505557 -0.4388274407 0.6841490840 -0.4967306685 0.3043503755
1403715409.7121431828 0.1530149540 2.0419369786 1.3272304280 -0.4386583034 0.6883302824 -0.4929312324 0.3013289153
1403715409.7621431351 0.1579373059 2.0402314234 1.3379181882 -0.4386146571 0.6925316116 -0.4893243883 0.2976218953
1403715409.8121430874 0.1633864045 2.0380882013 1.3494656264 -0.4386293845 0.6967241071 -0.4857204465 0.2936927468
1403715409.8621430397 0.1687415351 2.0360380008 1.3614255978 -0.4379252233 0.7006150544 -0.4830352856 0.2898912852
1403715409.9121432304 0.1749067039 2.0336097893 1.3723349379 -0.4371342353 0.7053319232 -0.4791964765 0.2859917402
1403715409.9621429443 0.1822992741 2.0307237308 1.3834000658 -0.4368164438 0.7088131260 -0.4767640237 0.2819067445
1403715410.0121431351 0.1903088130 2.0273189071 1.3957259527 -0.4354994612 0.7120396861 -0.4747532473 0.2791935868
1403715410.0621430874 0.2003761838 2.0225702268 1.4082357795 -0.4338301066 0.7138695280 -0.4744686042 0.2775991340
1403715410.1121432781 0.2132948927 2.0176417010 1.4226253177 -0.4315045531 0.7138985253 -0.4769308274 0.2769290561
1403715410.1621429920 0.2247491853 2.0117672575 1.4356780143 -0.4294449467 0.7117758056 -0.4817813709 0.2771983965
1403715410.2121431828 0.2381898329 2.0060346002 1.4445173038 -0.4268389751 0.7099325743 -0.4860528052 0.2784903945
1403715410.2621431351 0.2522814946 1.9999713600 1.4505968856 -0.4244216433 0.7080678454 -0.4901382967 0.2797689138
1403715410.3121430874 0.2669229028 1.9937233623 1.4518545220 -0.4227184448 0.7063339272 -0.4936925338 0.2804802698
1403715410.3621430397 0.2818245890 1.9876123081 1.4503349909 -0.4215736772 0.7049249894 -0.4962645365 0.2812079371
1403715410.4121432304 0.2963763570 1.9815560240 1.4473820228 -0.4215136657 0.7038387911 -0.4981625546 0.2806621725
1403715410.4621429443 0.3104013911 1.9756115023 1.4442987622 -0.4224731675 0.7029444329 -0.4994663382 0.2791396140
1403715410.5121431351 0.3257103293 1.9704659528 1.4398499705 -0.4245610989 0.7015958265 -0.5012121883 0.2762200424
1403715410.5621430874 0.3406792013 1.9652744540 1.4364827070 -0.4261999069 0.7000162965 -0.5031127972 0.2742413851
1403715410.6121432781 0.3566218098 1.9613793367 1.4332431098 -0.4279053199 0.6992319624 -0.5033821593 0.2730899151
1403715410.6621429920 0.3721130353 1.9576795825 1.4304303074 -0.4290060844 0.6981888434 -0.5039635308 0.2729594807
1403715410.7121431828 0.3882298547 1.9556468212 1.4280305453 -0.4288811636 0.6976740189 -0.5038235702 0.2747248096
1403715410.7621431351 0.4043360972 1.9537486842 1.4259163348 -0.4278608361 0.6954256534 -0.5057904328 0.2783779870
1403715410.8121430874 0.4211009086 1.9529843944 1.4251209604 -0.4253837604 0.6920252012 -0.5092863204 0.2842133372
1403715410.8621430397 0.4383436450 1.9526526790 1.4259800922 -0.4243887444 0.6883670035 -0.5128122575 0.2882163261
1403715410.9121432304 0.4554682518 1.9554810460 1.4240062022 -0.4231811856 0.6864146236 -0.5138640163 0.2927395112
1403715410.9621429443 0.4706658720 1.9575244350 1.4205821143 -0.4245536811 0.6855770866 -0.5132324661 0.2938208058
1403715411.0121431351 0.4840438327 1.9610175568 1.4165188163 -0.4263305194 0.6867246911 -0.5095465251 0.2949810599
1403715411.0621430874 0.4961547677 1.9645942931 1.4135899573 -0.4284603063 0.6880732572 -0.5055453612 0.2956363415
1403715411.1121432781 0.5080634376 1.9708524619 1.4091457014 -0.4307365926 0.6895589446 -0.5015487925 0.2956742438
1403715411.1621429920 0.5188328141 1.9758559608 1.4059461313 -0.4320262804 0.6911155941 -0.4972846988 0.2973557749
1403715411.2121431828 0.5295898526 1.9812028713 1.4038721723 -0.4319549499 0.6926508347 -0.4934115863 0.3003244063
1403715411.2621431351 0.5405252516 1.9883162923 1.4003207622 -0.4316357741 0.6935385807 -0.4906950341 0.3031718638
1403715411.3121430874 0.5511276946 1.9952607896 1.3981043450 -0.4307672018 0.6931473407 -0.4900079710 0.3063961002
1403715411.3621430397 0.5602118544 1.9994840719 1.3956111662 -0.4296002760 0.6915651013 -0.4908283451 0.3102722178
1403715411.4121432304 0.5691469387 2.0039126143 1.3940971465 -0.4276844367 0.6897432066 -0.4921330264 0.3148736506
1403715411.4621429443 0.5774587186 2.0082487052 1.3946974238 -0.4260774410 0.6876095900 -0.4939102397 0.3189102399
1403715411.5121431351 0.5823868523 2.0113530678 1.3905043227 -0.4261682579 0.6856091759 -0.4955105936 0.3206086797
1403715411.5621430874 0.5888958452 2.0161801569 1.3893876837 -0.4282195095 0.6853973032 -0.4948607522 0.3193296485
1403715411.6121432781 0.5920692364 2.0191440615 1.3852425326 -0.4308852714 0.6853090882 -0.4940287292 0.3172143616
1403715411.6621429920 0.5924138244 2.0211849671 1.3789158943 -0.4337917419 0.6853960871 -0.4927020809 0.3151215446
1403715411.7121431828 0.5934586064 2.0237203873 1.3761255377 -0.4361250183 0.6854952186 -0.4916525088 0.3133194605
1403715411.7621431351 0.5933954896 2.0260302607 1.3735496856 -0.4383460834 0.6854282023 -0.4907200480 0.3118248308
1403715411.8121430874 0.5923994372 2.0297005977 1.3689586276 -0.4395361374 0.6845507644 -0.4912440966 0.3112514618
1403715411.8621430397 0.5931694647 2.0344680596 1.3645313875 -0.4403024581 0.6845187460 -0.4909278815 0.3107372636
1403715411.9121432304 0.5907649722 2.0372355947 1.3629646215 -0.4408751408 0.6844055225 -0.4904879376 0.3108693843
1403715411.9621429443 0.5883646978 2.0408706896 1.3601829437 -0.4407610965 0.6845812744 -0.4898329355 0.3116758409
1403715412.0121431351 0.5858832340 2.0444833637 1.3560337390 -0.4408889265 0.6847074732 -0.4893450671 0.3119840316
1403715412.0621430874 0.5828942553 2.0483287211 1.3538111035 -0.4408059155 0.6854078569 -0.4884314014 0.3119951614
1403715412.1121432781 0.5794147500 2.0519677945 1.3502372726 -0.4407857590 0.6856540569 -0.4880222621 0.3121228934
1403715412.1621429920 0.5754725569 2.0562255695 1.3457298971 -0.4414388548 0.6864099852 -0.4872941864 0.3106725697
1403715412.2121431828 0.5708264717 2.0596925864 1.3425695498 -0.4419995332 0.6869658192 -0.4865573783 0.3098004091
1403715412.2621431351 0.5659558698 2.0629767029 1.3387311717 -0.4424278446 0.6872345164 -0.4862555226 0.3090661555
1403715412.3121430874 0.5609387832 2.0672521217 1.3356727030 -0.4427717989 0.6877155076 -0.4858268399 0.3081765669
1403715412.3621430397 0.5562589727 2.0708474222 1.3326041689 -0.4428635470 0.6883622166 -0.4852145929 0.3075648489
1403715412.4121432304 0.5508835955 2.0743412268 1.3303824475 -0.4429266341 0.6889548079 -0.4845453521 0.3072020039
1403715412.4621429443 0.5450649979 2.0777107707 1.3275608422 -0.4430329659 0.6901926010 -0.4830265354 0.3066615900
1403715412.5121431351 0.5390849721 2.0808904538 1.3233418939 -0.4431670351 0.6911030275 -0.4819415592 0.3061240237
1403715412.5621430874 0.5343391770 2.0857915598 1.3203602941 -0.4434772578 0.6920475168 -0.4808887474 0.3051952963
1403715412.6121432781 0.5285204507 2.0879849493 1.3188301116 -0.4441320631 0.6923013795 -0.4806422228 0.3040535548
1403715412.6621429920 0.5232306175 2.0907247633 1.3170633439 -0.4446573027 0.6925612169 -0.4802039052 0.3033859809
1403715412.7121431828 0.5184251761 2.0933145968 1.3133805614 -0.4457223024 0.6931369847 -0.4792664128 0.3019875083
1403715412.7621431351 0.5135091464 2.0966578326 1.3118626400 -0.4461858952 0.6934304622 -0.4790214933 0.3010161955
1403715412.8121430874 0.5089564022 2.0985178226 1.3106846163 -0.4468321728 0.6937841215 -0.4784341079 0.3001756261
1403715412.8621430397 0.5061708215 2.1006030584 1.3120983424 -0.4474105079 0.6943054708 -0.4776031520 0.2994310937
1403715412.9121432304 0.5027789163 2.1031031663 1.3115301857 -0.4477052283 0.6942786347 -0.4777076609 0.2988855912
1403715412.9621429443 0.4999976349 2.1051496353 1.3088572777 -0.4470472257 0.6938499167 -0.4786347140 0.2993825007
1403715413.0121431351 0.4977630014 2.1074629901 1.3073030974 -0.4463799482 0.6926871734 -0.4806073098 0.2999100457
1403715413.0621430874 0.4962886379 2.1099069114 1.3048865008 -0.4460685261 0.6918760181 -0.4821847696 0.2997136860
1403715413.1121432781 0.4940814978 2.1110827573 1.2971213852 -0.4456602452 0.6909816254 -0.4835778708 0.3001396041
1403715413.1621429920 0.4930899728 2.1135429509 1.2889511409 -0.4450729362 0.6902945424 -0.4847989731 0.3006218255
1403715413.2121431828 0.4919347982 2.1161697503 1.2776489951 -0.4449696835 0.6895545949 -0.4859303273 0.3006462347
1403715413.2621431351 0.4910651634 2.1187832983 1.2635293334 -0.4440954573 0.6893853509 -0.4863492304 0.3016479552
1403715413.3121430874 0.4902309082 2.1216736019 1.2459879812 -0.4422735490 0.6898264953 -0.4858791670 0.3040640545
1403715413.3621430397 0.4889612100 2.1245292275 1.2286357424 -0.4399958356 0.6905528169 -0.4848238141 0.3073863058
1403715413.4121432304 0.4878176065 2.1276903639 1.2116298493 -0.4377697606 0.6914459601 -0.4836676210 0.3103639048
1403715413.4621429443 0.4864205257 2.1302714739 1.1963189388 -0.4360085401 0.6923603356 -0.4824689877 0.3126617894
1403715413.5121431351 0.4846741340 2.1320229090 1.1818688151 -0.4349862930 0.6926116057 -0.4820215439 0.3142154035
1403715413.5621430874 0.4825702185 2.1334079764 1.1683808973 -0.4351526489 0.6923840728 -0.4824757653 0.3137891072
1403715413.6121432781 0.4797742104 2.1338609910 1.1568743078 -0.4356383128 0.6917249024 -0.4836395004 0.3127758838
1403715413.6621429920 0.4758367455 2.1343616764 1.1465073669 -0.4365130942 0.6904747937 -0.4855957138 0.3112839228
1403715413.7121431828 0.4716826951 2.1344667592 1.1363947542 -0.4376364408 0.6889626752 -0.4879067088 0.3094379120
1403715413.7621431351 0.4671864842 2.1346228779 1.1263831185 -0.4390679235 0.6883203901 -0.4889700751 0.3071525106
1403715413.8121430874 0.4622122134 2.1348055740 1.1142097313 -0.4399923849 0.6883071890 -0.4891733859 0.3055311985
1403715413.8621430397 0.4578342335 2.1348187186 1.1006242786 -0.4409124083 0.6883486869 -0.4893143606 0.3038812103
1403715413.9121432304 0.4526094637 2.1350924992 1.0877562825 -0.4412681740 0.6878691051 -0.4899835015 0.3033721494
1403715413.9621429443 0.4476613215 2.1357967875 1.0737422359 -0.4419272973 0.6866859738 -0.4915135386 0.3026170496
1403715414.0121431351 0.4425771478 2.1370175704 1.0612914858 -0.4423877169 0.6863591881 -0.4920921888 0.3017440149
1403715414.0621430874 0.4372138836 2.1391043367 1.0522476729 -0.4426849253 0.6867882415 -0.4913537039 0.3015352483
1403715414.1121432781 0.4319243918 2.1418388623 1.0462605958 -0.4435420694 0.6880119777 -0.4898296131 0.2999614998
1403715414.1621429920 0.4264505215 2.1451610511 1.0438496828 -0.4447092089 0.6904259549 -0.4865110838 0.2980816762
1403715414.2121431828 0.4213656675 2.1487467605 1.0436159532 -0.4463219999 0.6937605762 -0.4820863269 0.2951028783
1403715414.2621431351 0.4169366408 2.1529127385 1.0464493902 -0.4477613929 0.6967598907 -0.4780126368 0.2924710394
1403715414.3121430874 0.4136904221 2.1570610210 1.0510587316 -0.4492987249 0.6995191000 -0.4742414422 0.2896527905
1403715414.3621430397 0.4116773455 2.1609901427 1.0552435630 -0.4509158563 0.7011352741 -0.4720372862 0.2868187900
1403715414.4121432304 0.4115367989 2.1645614762 1.0591869616 -0.4516739908 0.7012892078 -0.4717614519 0.2857012175
1403715414.4621429443 0.4129744176 2.1680955453 1.0619425621 -0.4518730347 0.7007273924 -0.4726686846 0.2852651339
1403715414.5121431351 0.4157073177 2.1715536076 1.0628734583 -0.4515864789 0.6994990420 -0.4745418213 0.2856235321
1403715414.5621430874 0.4200334943 2.1754674796 1.0626375967 -0.4505507819 0.6975580577 -0.4775292639 0.2870236073
1403715414.6121432781 0.4253937337 2.1790417068 1.0612256514 -0.4494975210 0.6951414843 -0.4810655619 0.2886281700
1403715414.6621429920 0.4318074960 2.1834100280 1.0580273239 -0.4475226014 0.6939492154 -0.4830922206 0.2911699058
1403715414.7121431828 0.4388623245 2.1876992829 1.0534734828 -0.4448099778 0.6930164855 -0.4849600392 0.2944248542
1403715414.7621431351 0.4459761733 2.1927619120 1.0484648704 -0.4417471736 0.6930871467 -0.4853153629 0.2982593504
1403715414.8121430874 0.4536027757 2.1981372966 1.0412664494 -0.4384130125 0.6944267215 -0.4841838768 0.3018799966
1403715414.8621430397 0.4613348168 2.2032084772 1.0331093865 -0.4341923728 0.6963850652 -0.4822558797 0.3065193157
1403715414.9121432304 0.4688119969 2.2083580663 1.0243586452 -0.4294655416 0.6984392682 -0.4802583922 0.3115988030
1403715414.9621429443 0.4756718960 2.2129870999 1.0144408000 -0.4255457998 0.7004611770 -0.4782195446 0.3155486950
1403715415.0121431351 0.4818601826 2.2168445628 1.0039154342 -0.4216575566 0.7022457059 -0.4767233164 0.3190466315
1403715415.0621430874 0.4872765922 2.2194934397 0.9929850808 -0.4185987674 0.7037606841 -0.4756021851 0.3214008913
1403715415.1121432781 0.4919282353 2.2207883725 0.9816495255 -0.4162597389 0.7048335891 -0.4753072089 0.3225220902
1403715415.1621429920 0.4954684045 2.2207253174 0.9705512140 -0.4142307251 0.7058487086 -0.4752844843 0.3229476211
1403715415.2121431828 0.4983999847 2.2192671443 0.9597025373 -0.4128216434 0.7059300898 -0.4766806653 0.3225159568
1403715415.2621431351 0.5000289782 2.2165363508 0.9495105251 -0.4122165097 0.7059040959 -0.4780725922 0.3212842248
1403715415.3121430874 0.5007365878 2.2124681794 0.9396070334 -0.4149934832 0.7038306611 -0.4826103764 0.3154204082
1403715415.3621430397 0.5005247115 2.2075497616 0.9306492970 -0.4181018997 0.7020416046 -0.4868250674 0.3087551468
1403715415.4121432304 0.4998790549 2.2022184764 0.9232033795 -0.4209455441 0.6994973108 -0.4923044274 0.3019018249
1403715415.4621429443 0.4986237313 2.1971510981 0.9167032769 -0.4247260836 0.6982372367 -0.4955268735 0.2941523972
1403715415.5121431351 0.4972892872 2.1927039557 0.9122249448 -0.4267757048 0.6960193294 -0.4997823352 0.2892009826
1403715415.5621430874 0.4960483504 2.1888772559 0.9081380270 -0.4280100110 0.6951532410 -0.5016358749 0.2862356566
1403715415.6121432781 0.4949724823 2.1862040781 0.9030367003 -0.4282756373 0.6939125569 -0.5041167648 0.2844848489
1403715415.6621429920 0.4938725258 2.1845086800 0.8956929027 -0.4283637806 0.6934019462 -0.5058372920 0.2825364516
1403715415.7121431828 0.4929003898 2.1839477970 0.8853395003 -0.4280854621 0.6938826084 -0.5059733760 0.2815327789
1403715415.7621431351 0.4929854591 2.1830288246 0.8838098456 -0.4278958244 0.6955218097 -0.5037354976 0.2817891485
1403715415.8121430874 0.4934750902 2.1841650484 0.8867564314 -0.4284527670 0.6946631366 -0.5049599573 0.2808679308
1403715415.8621430397 0.4944693817 2.1866120712 0.8888829561 -0.4277677136 0.6934255343 -0.5068682035 0.2815322998
1403715415.9121432304 0.4952416988 2.1895269681 0.8892462125 -0.4260997566 0.6929965846 -0.5079548947 0.2831546505
1403715415.9621429443 0.4959990355 2.1927936917 0.8860166735 -0.4263587315 0.6928924447 -0.5079284061 0.2830671765
1403715416.0121431351 0.4964437355 2.1925894525 0.8852074689 -0.4286128327 0.6937887820 -0.5058758308 0.2811366383
1403715416.0621430874 0.4961242945 2.1918223966 0.8855296830 -0.4289265305 0.6932708725 -0.5070048545 0.2798992788
1403715416.1121432781 0.4960112792 2.1920678365 0.8860888668 -0.4281621497 0.6932377346 -0.5076407726 0.2799990408
1403715416.1621429920 0.4960616259 2.1923368850 0.8860387668 -0.4277219145 0.6933544756 -0.5075808651 0.2804909990
1403715416.2121431828 0.4961083722 2.1917914842 0.8853278446 -0.4277117528 0.6942986435 -0.5063759791 0.2803487435
1403715416.2621431351 0.4961901400 2.1918528494 0.8845136114 -0.4279288221 0.6951590669 -0.5050724933 0.2802366346
1403715416.3121430874 0.4963001233 2.1920188464 0.8841656710 -0.4277460151 0.6954731509 -0.5047168267 0.2803771885
1403715416.3621430397 0.4962948293 2.1917626293 0.8839587900 -0.4279910632 0.6956733040 -0.5043681204 0.2801340805
1403715416.4121432304 0.4963615629 2.1916444713 0.8839492141 -0.4278994533 0.6959509191 -0.5040305127 0.2801921098
1403715416.4621429443 0.4964244830 2.1915320411 0.8836721837 -0.4282300213 0.6961386201 -0.5036854936 0.2798410158
1403715416.5121431351 0.4964518955 2.1917569334 0.8834663568 -0.4278658412 0.6962674076 -0.5036780594 0.2800909343
1403715416.5621430874 0.4962777390 2.1917339371 0.8834451779 -0.4277412228 0.6959191750 -0.5041090249 0.2803712523
1403715416.6121432781 0.4963251003 2.1915848599 0.8831725843 -0.4278372256 0.6961322494 -0.5038638291 0.2801364696
1403715416.6621429920 0.4964215112 2.1915987478 0.8830348176 -0.4276478231 0.6963815688 -0.5035726346 0.2803295414
1403715416.7121431828 0.4963936624 2.1915696939 0.8827710452 -0.4276894411 0.6963977721 -0.5035036098 0.2803497814
1403715416.7621431351 0.4963429847 2.1915411436 0.8826604106 -0.4277925533 0.6963558637 -0.5033988232 0.2804847006
1403715416.8121430874 0.4963102673 2.1916156862 0.8826930672 -0.4276792133 0.6961311389 -0.5037747891 0.2805403534
1403715416.8621430397 0.4963885536 2.1915684605 0.8825849164 -0.4277520016 0.6963457875 -0.5034541310 0.2804722933
1403715416.9121432304 0.4964349133 2.1914383388 0.8824089396 -0.4277415441 0.6965934333 -0.5031918788 0.2803438841
1403715416.9621429443 0.4963361896 2.1915435388 0.8824075853 -0.4277379566 0.6963867082 -0.5035008019 0.2803082868
1403715417.0121431351 0.4962977661 2.1916203516 0.8823169154 -0.4275651976 0.6962396482 -0.5036507923 0.2806674784
1403715417.0621430874 0.4963208713 2.1915989121 0.8821924553 -0.4276027517 0.6962254706 -0.5037127973 0.2805341311
1403715417.1121432781 0.4963728759 2.1915663195 0.8821343713 -0.4277207634 0.6963580544 -0.5034672305 0.2804659633
1403715417.1621429920 0.4963861046 2.1915060004 0.8821360358 -0.4276626408 0.6964214315 -0.5034400235 0.2804460700
1403715417.2121431828 0.4963306067 2.1915746787 0.8820873613 -0.4275116049 0.6963466839 -0.5036037449 0.2805679804
1403715417.2621431351 0.4963536857 2.1915946361 0.8819914386 -0.4275995346 0.6962774509 -0.5036105803 0.2805935366
1403715417.3121430874 0.4963168569 2.1915898188 0.8819708500 -0.4275627040 0.6962070917 -0.5037152274 0.2806364006
1403715417.3621430397 0.4963362914 2.1914898329 0.8820169776 -0.4276323199 0.6963476304 -0.5034814077 0.2806012272
1403715417.4121432304 0.4963155790 2.1914497251 0.8820261448 -0.4275537530 0.6964255012 -0.5034423023 0.2805978578
1403715417.4621429443 0.4963371506 2.1914896324 0.8820140719 -0.4275713376 0.6963696932 -0.5034589242 0.2806797343
1403715417.5121431351 0.4962960407 2.1915839845 0.8818935469 -0.4274925508 0.6962853279 -0.5036038246 0.2807490853
1403715417.5621430874 0.4963125614 2.1915882050 0.8819112096 -0.4275129876 0.6962722158 -0.5036555184 0.2806577376
1403715417.6121432781 0.4963918148 2.1915303040 0.8818640926 -0.4275033327 0.6963816585 -0.5035404283 0.2806074185
1403715417.6621429920 0.4963548787 2.1914954186 0.8818719402 -0.4274865401 0.6964458940 -0.5034491000 0.2806374503
1403715417.7121431828 0.4963578312 2.1915415342 0.8818457464 -0.4274232302 0.6963940440 -0.5035108856 0.2807516798
1403715417.7621431351 0.4963741224 2.1915808020 0.8819013098 -0.4275268211 0.6962908748 -0.5036172870 0.2806589800
1403715417.8121430874 0.4963149403 2.1915541952 0.8818698667 -0.4274510883 0.6963466937 -0.5035350138 0.2807834382
