1403715888.3840582371 0.7534928789 2.0375240328 0.9576530836 -0.5683872861 0.6049670945 -0.4234680884 0.3628022679
1403715888.4340581894 0.7534928789 2.0375240328 0.9576530836 -0.5683872861 0.6049670945 -0.4234680884 0.3628022679
1403715888.4840581417 0.7534928789 2.0375240328 0.9576530836 -0.5683872861 0.6049670945 -0.4234680884 0.3628022679
1403715888.5340580940 0.7534928789 2.0375240328 0.9576530836 -0.5683872861 0.6049670945 -0.4234680884 0.3628022679
1403715888.5840582848 0.7534928789 2.0375240328 0.9576530836 -0.5683872861 0.6049670945 -0.4234680884 0.3628022679
1403715888.6340579987 0.7534928789 2.0375240328 0.9576530836 -0.5683872861 0.6049670945 -0.4234680884 0.3628022679
1403715888.6840581894 0.7534928789 2.0375240328 0.9576530836 -0.5683872861 0.6049670945 -0.4234680884 0.3628022679
1403715888.7340581417 0.7534928789 2.0375240328 0.9576530836 -0.5683872861 0.6049670945 -0.4234680884 0.3628022679
1403715888.7840580940 0.7534928789 2.0375240328 0.9576530836 -0.5683872861 0.6049670945 -0.4234680884 0.3628022679
1403715888.8340580463 0.7534928789 2.0375240328 0.9576530836 -0.5683872861 0.6049670945 -0.4234680884 0.3628022679
1403715888.8840582371 0.7534928789 2.0375240328 0.9576530836 -0.5683872861 0.6049670945 -0.4234680884 0.3628022679
1403715888.9340581894 0.7534928789 2.0375240328 0.9576530836 -0.5683872861 0.6049670945 -0.4234680884 0.3628022679
1403715888.9840581417 0.7534928789 2.0375240328 0.9576530836 -0.5683872861 0.6049670945 -0.4234680884 0.3628022679
1403715889.0340580940 0.7534928789 2.0375240328 0.9576530836 -0.5683872861 0.6049670945 -0.4234680884 0.3628022679
1403715889.0840582848 0.7534928789 2.0375240328 0.9576530836 -0.5683872861 0.6049670945 -0.4234680884 0.3628022679
1403715889.1340579987 0.7534928789 2.0375240328 0.9576530836 -0.5683872861 0.6049670945 -0.4234680884 0.3628022679
1403715889.1840581894 0.7534928789 2.0375240328 0.9576530836 -0.5683872861 0.6049670945 -0.4234680884 0.3628022679
1403715889.2340581417 0.7534928789 2.0375240328 0.9576530836 -0.5683872861 0.6049670945 -0.4234680884 0.3628022679
1403715889.2840580940 0.7534928789 2.0375240328 0.9576530836 -0.5683872861 0.6049670945 -0.4234680884 0.3628022679
1403715889.3340580463 0.7534928789 2.0375240328 0.9576530836 -0.5683872861 0.6049670945 -0.4234680884 0.3628022679
1403715889.3840582371 0.7534928789 2.0375240328 0.9576530836 -0.5683872861 0.6049670945 -0.4234680884 0.3628022679
1403715889.4340581894 0.7534928789 2.0375240328 0.9576530836 -0.5683872861 0.6049670945 -0.4234680884 0.3628022679
1403715889.4840581417 0.7534928789 2.0375240328 0.9576530836 -0.5683872861 0.6049670945 -0.4234680884 0.3628022679
1403715889.5340580940 0.7534928789 2.0375240328 0.9576530836 -0.5683872861 0.6049670945 -0.4234680884 0.3628022679
1403715889.5840582848 0.7534928789 2.0375240328 0.9576530836 -0.5683872861 0.6049670945 -0.4234680884 0.3628022679
1403715889.6340579987 0.7534928789 2.0375240328 0.9576530836 -0.5683872861 0.6049670945 -0.4234680884 0.3628022679
1403715889.6840581894 0.7534928789 2.0375240328 0.9576530836 -0.5683872861 0.6049670945 -0.4234680884 0.3628022679
1403715889.7340581417 0.7534928789 2.0375240328 0.9576530836 -0.5683872861 0.6049670945 -0.4234680884 0.3628022679
1403715889.7840580940 0.7534928789 2.0375240328 0.9576530836 -0.5683872861 0.6049670945 -0.4234680884 0.3628022679
1403715889.8340580463 0.7534928789 2.0375240328 0.9576530836 -0.5683872861 0.6049670945 -0.4234680884 0.3628022679
1403715889.8840582371 0.7534928789 2.0375240328 0.9576530836 -0.5683872861 0.6049670945 -0.4234680884 0.3628022679
1403715889.9340581894 0.7534928789 2.0375240328 0.9576530836 -0.5683872861 0.6049670945 -0.4234680884 0.3628022679
1403715889.9840581417 0.7534928789 2.0375240328 0.9576530836 -0.5683872861 0.6049670945 -0.4234680884 0.3628022679
1403715890.0340580940 0.7534928789 2.0375240328 0.9576530836 -0.5683872861 0.6049670945 -0.4234680884 0.3628022679
1403715890.0840582848 0.7534928789 2.0375240328 0.9576530836 -0.5683872861 0.6049670945 -0.4234680884 0.3628022679
1403715890.1340579987 0.7534928789 2.0375240328 0.9576530836 -0.5683872861 0.6049670945 -0.4234680884 0.3628022679
1403715890.1840581894 0.7534928789 2.0375240328 0.9576530836 -0.5683872861 0.6049670945 -0.4234680884 0.3628022679
1403715890.2340581417 0.7534928789 2.0375240328 0.9576530836 -0.5683872861 0.6049670945 -0.4234680884 0.3628022679
1403715890.2840580940 0.7534928789 2.0375240328 0.9576530836 -0.5683872861 0.6049670945 -0.4234680884 0.3628022679
1403715890.3340580463 0.7534928789 2.0375240328 0.9576530836 -0.5683872861 0.6049670945 -0.4234680884 0.3628022679
1403715890.3840582371 0.7534928789 2.0375240328 0.9576530836 -0.5683872861 0.6049670945 -0.4234680884 0.3628022679
1403715890.4340581894 0.7534928789 2.0375240328 0.9576530836 -0.5683872861 0.6049670945 -0.4234680884 0.3628022679
1403715890.4840581417 0.7534928789 2.0375240328 0.9576530836 -0.5683872861 0.6049670945 -0.4234680884 0.3628022679
1403715890.5340580940 0.7534928789 2.0375240328 0.9576530836 -0.5683872861 0.6049670945 -0.4234680884 0.3628022679
1403715890.5840582848 0.7534928789 2.0375240328 0.9576530836 -0.5683872861 0.6049670945 -0.4234680884 0.3628022679
1403715890.6340579987 0.7534928789 2.0375240328 0.9576530836 -0.5683872861 0.6049670945 -0.4234680884 0.3628022679
1403715890.6840581894 0.7534928789 2.0375240328 0.9576530836 -0.5683872861 0.6049670945 -0.4234680884 0.3628022679
1403715890.7340581417 0.7534928789 2.0375240328 0.9576530836 -0.5683872861 0.6049670945 -0.4234680884 0.3628022679
1403715890.7840580940 0.7534928789 2.0375240328 0.9576530836 -0.5683872861 0.6049670945 -0.4234680884 0.3628022679
1403715890.8340580463 0.7534928789 2.0375240328 0.9576530836 -0.5683872861 0.6049670945 -0.4234680884 0.3628022679
1403715890.8840582371 0.7534928789 2.0375240328 0.9576530836 -0.5683872861 0.6049670945 -0.4234680884 0.3628022679
1403715890.9340581894 0.7534928789 2.0375240328 0.9576530836 -0.5683872861 0.6049670945 -0.4234680884 0.3628022679
1403715890.9840581417 0.7534928789 2.0375240328 0.9576530836 -0.5683872861 0.6049670945 -0.4234680884 0.3628022679
1403715891.0340580940 0.7534928789 2.0375240328 0.9576530836 -0.5683872861 0.6049670945 -0.4234680884 0.3628022679
1403715891.0840582848 0.7534928789 2.0375240328 0.9576530836 -0.5683872861 0.6049670945 -0.4234680884 0.3628022679
1403715891.1340579987 0.7534928789 2.0375240328 0.9576530836 -0.5683872861 0.6049670945 -0.4234680884 0.3628022679
1403715891.1840581894 0.7534928789 2.0375240328 0.9576530836 -0.5683872861 0.6049670945 -0.4234680884 0.3628022679
1403715891.2340581417 0.7534928789 2.0375240328 0.9576530836 -0.5683872861 0.6049670945 -0.4234680884 0.3628022679
1403715891.2840580940 0.7534928789 2.0375240328 0.9576530836 -0.5683872861 0.6049670945 -0.4234680884 0.3628022679
1403715891.3340580463 0.7534928789 2.0375240328 0.9576530836 -0.5683872861 0.6049670945 -0.4234680884 0.3628022679
1403715891.3840582371 0.7534928789 2.0375240328 0.9576530836 -0.5683872861 0.6049670945 -0.4234680884 0.3628022679
1403715891.4340581894 0.7534928789 2.0375240328 0.9576530836 -0.5683872861 0.6049670945 -0.4234680884 0.3628022679
1403715891.4840581417 0.7534928789 2.0375240328 0.9576530836 -0.5683872861 0.6049670945 -0.4234680884 0.3628022679
1403715891.5340580940 0.7534928789 2.0375240328 0.9576530836 -0.5683872861 0.6049670945 -0.4234680884 0.3628022679
1403715891.5840582848 0.7534928789 2.0375240328 0.9576530836 -0.5683872861 0.6049670945 -0.4234680884 0.3628022679
1403715891.6340579987 0.7534928789 2.0375240328 0.9576530836 -0.5683872861 0.6049670945 -0.4234680884 0.3628022679
1403715891.6840581894 0.7534928789 2.0375240328 0.9576530836 -0.5683872861 0.6049670945 -0.4234680884 0.3628022679
1403715891.7340581417 0.7534928789 2.0375240328 0.9576530836 -0.5683872861 0.6049670945 -0.4234680884 0.3628022679
1403715891.7840580940 0.7534928789 2.0375240328 0.9576530836 -0.5683872861 0.6049670945 -0.4234680884 0.3628022679
1403715891.8340580463 0.7534928789 2.0375240328 0.9576530836 -0.5683872861 0.6049670945 -0.4234680884 0.3628022679
1403715891.8840582371 0.7534928789 2.0375240328 0.9576530836 -0.5683872861 0.6049670945 -0.4234680884 0.3628022679
1403715891.9340581894 0.7534928789 2.0375240328 0.9576530836 -0.5683872861 0.6049670945 -0.4234680884 0.3628022679
1403715891.9840581417 0.7534928789 2.0375240328 0.9576530836 -0.5683872861 0.6049670945 -0.4234680884 0.3628022679
1403715892.0340580940 0.7534928789 2.0375240328 0.9576530836 -0.5683872861 0.6049670945 -0.4234680884 0.3628022679
1403715892.0840582848 0.7534928789 2.0375240328 0.9576530836 -0.5683872861 0.6049670945 -0.4234680884 0.3628022679
1403715892.1340579987 0.7534928789 2.0375240328 0.9576530836 -0.5683872861 0.6049670945 -0.4234680884 0.3628022679
1403715892.1840581894 0.7534928789 2.0375240328 0.9576530836 -0.5683872861 0.6049670945 -0.4234680884 0.3628022679
1403715892.2340581417 0.7534928789 2.0375240328 0.9576530836 -0.5683872861 0.6049670945 -0.4234680884 0.3628022679
1403715892.2840580940 0.7534928789 2.0375240328 0.9576530836 -0.5683872861 0.6049670945 -0.4234680884 0.3628022679
1403715892.3340580463 0.7534928789 2.0375240328 0.9576530836 -0.5683872861 0.6049670945 -0.4234680884 0.3628022679
1403715892.3840582371 0.7534928789 2.0375240328 0.9576530836 -0.5683872861 0.6049670945 -0.4234680884 0.3628022679
1403715892.4340581894 0.7534928789 2.0375240328 0.9576530836 -0.5683872861 0.6049670945 -0.4234680884 0.3628022679
1403715892.4840581417 0.7534928789 2.0375240328 0.9576530836 -0.5683872861 0.6049670945 -0.4234680884 0.3628022679
1403715892.5340580940 0.7534928789 2.0375240328 0.9576530836 -0.5683872861 0.6049670945 -0.4234680884 0.3628022679
1403715892.5840582848 0.7534928789 2.0375240328 0.9576530836 -0.5683872861 0.6049670945 -0.4234680884 0.3628022679
1403715892.6340579987 0.7534928789 2.0375240328 0.9576530836 -0.5683872861 0.6049670945 -0.4234680884 0.3628022679
1403715892.6840581894 0.7534928789 2.0375240328 0.9576530836 -0.5683872861 0.6049670945 -0.4234680884 0.3628022679
1403715892.7340581417 0.7534928789 2.0375240328 0.9576530836 -0.5683872861 0.6049670945 -0.4234680884 0.3628022679
1403715892.7840580940 0.7534928789 2.0375240328 0.9576530836 -0.5683872861 0.6049670945 -0.4234680884 0.3628022679
1403715892.8340580463 0.7534928789 2.0375240328 0.9576530836 -0.5683872861 0.6049670945 -0.4234680884 0.3628022679
1403715892.8840582371 0.7534928789 2.0375240328 0.9576530836 -0.5683872861 0.6049670945 -0.4234680884 0.3628022679
1403715892.9340581894 0.7534928789 2.0375240328 0.9576530836 -0.5683872861 0.6049670945 -0.4234680884 0.3628022679
1403715892.9840581417 0.7534928789 2.0375240328 0.9576530836 -0.5683872861 0.6049670945 -0.4234680884 0.3628022679
1403715893.0340580940 0.7534928789 2.0375240328 0.9576530836 -0.5683872861 0.6049670945 -0.4234680884 0.3628022679
1403715893.0840582848 0.7534928789 2.0375240328 0.9576530836 -0.5683872861 0.6049670945 -0.4234680884 0.3628022679
1403715893.1340579987 0.7534928789 2.0375240328 0.9576530836 -0.5683872861 0.6049670945 -0.4234680884 0.3628022679
1403715893.1840581894 0.7534928789 2.0375240328 0.9576530836 -0.5683872861 0.6049670945 -0.4234680884 0.3628022679
1403715893.2340581417 0.7534897457 2.0369884233 0.9598001780 -0.5659711300 0.6043152225 -0.4247705870 0.3661280382
1403715893.2840580940 0.7534897457 2.0369884233 0.9598001780 -0.5659711300 0.6043152225 -0.4247705870 0.3661280382
1403715893.3340580463 0.7534897457 2.0369884233 0.9598001780 -0.5659711300 0.6043152225 -0.4247705870 0.3661280382
1403715893.3840582371 0.7534897457 2.0369884233 0.9598001780 -0.5659711300 0.6043152225 -0.4247705870 0.3661280382
1403715893.4340581894 0.7534897457 2.0369884233 0.9598001780 -0.5659711300 0.6043152225 -0.4247705870 0.3661280382
1403715893.4840581417 0.7530141980 2.0375589100 0.9644047289 -0.5618885645 0.6008146024 -0.4286726601 0.3735542868
1403715893.5340580940 0.7525896781 2.0390459136 0.9690686576 -0.5581426446 0.5973347110 -0.4321484075 0.3806780599
1403715893.5840582848 0.7524615282 2.0409313792 0.9744704459 -0.5543982836 0.5943821834 -0.4353877851 0.3870269240
1403715893.6340579987 0.7525341642 2.0430635723 0.9804527292 -0.5504319146 0.5924014428 -0.4374465288 0.3933519702
1403715893.6840581894 0.7514541127 2.0463164245 0.9870154993 -0.5486410383 0.5917023195 -0.4376361253 0.3966812296
1403715893.7340581417 0.7514541127 2.0463164245 0.9870154993 -0.5486410383 0.5917023195 -0.4376361253 0.3966812296
1403715893.7840580940 0.7514541127 2.0463164245 0.9870154993 -0.5486410383 0.5917023195 -0.4376361253 0.3966812296
1403715893.8340580463 0.7514541127 2.0463164245 0.9870154993 -0.5486410383 0.5917023195 -0.4376361253 0.3966812296
1403715893.8840582371 0.7413072583 2.0616007236 1.0115951732 -0.5526649056 0.5965584279 -0.4311379629 0.3908958957
1403715893.9340581894 0.7374334922 2.0659841290 1.0184456458 -0.5538971872 0.5984477432 -0.4288248912 0.3888025429
1403715893.9840581417 0.7340296942 2.0695169175 1.0246885261 -0.5561674573 0.6011137581 -0.4253687792 0.3852290369
1403715894.0340580940 0.7287715481 2.0754765124 1.0336491405 -0.5586535376 0.6046626163 -0.4209731813 0.3808817743
1403715894.0840582848 0.7246919202 2.0805274094 1.0408579618 -0.5620543706 0.6078836859 -0.4166176886 0.3755023441
1403715894.1340579987 0.7219490121 2.0849105645 1.0473481737 -0.5644399377 0.6079165808 -0.4168412966 0.3716023695
1403715894.1840581894 0.7194066828 2.0905118668 1.0578652834 -0.5657546448 0.6043504306 -0.4223713727 0.3691675262
1403715894.2340581417 0.7179286703 2.0964540872 1.0685370469 -0.5656532166 0.5998288638 -0.4292298958 0.3687864820
1403715894.2840580940 0.7176732148 2.1023390977 1.0833807300 -0.5665936997 0.5950762756 -0.4361702901 0.3668941043
1403715894.3340580463 0.7178514193 2.1104833864 1.0970297510 -0.5675230391 0.5912481106 -0.4417511923 0.3649645954
1403715894.3840582371 0.7173481526 2.1191606795 1.1141814213 -0.5680527644 0.5887077841 -0.4456145807 0.3635475859
1403715894.4340581894 0.7180348727 2.1319805320 1.1313196759 -0.5682302316 0.5881706622 -0.4474606675 0.3618682455
1403715894.4840581417 0.7165327057 2.1457897609 1.1477922576 -0.5686666597 0.5899254788 -0.4456109117 0.3606065374
1403715894.5340580940 0.7158065766 2.1617158317 1.1615699704 -0.5688712188 0.5930859718 -0.4418476770 0.3597293382
1403715894.5840582848 0.7151356730 2.1802327558 1.1737409029 -0.5691029000 0.5954233117 -0.4394006421 0.3584969245
1403715894.6340579987 0.7167222884 2.1981868937 1.1827324406 -0.5690963217 0.5980100899 -0.4364489147 0.3578067271
1403715894.6840581894 0.7179547066 2.2159331702 1.1892489810 -0.5681936580 0.6011669820 -0.4324311539 0.3588279866
1403715894.7340581417 0.7204404460 2.2354703910 1.1982931029 -0.5664982703 0.6027754695 -0.4303064848 0.3613554652
1403715894.7840580940 0.7227423793 2.2562095187 1.2091213949 -0.5638509613 0.6038801115 -0.4288985474 0.3653039015
1403715894.8340580463 0.7268673040 2.2791254901 1.2201110902 -0.5610549421 0.6040556562 -0.4290684234 0.3690994504
1403715894.8840582371 0.7306229613 2.3017215094 1.2334341956 -0.5587411556 0.6036122292 -0.4297476495 0.3725285969
1403715894.9340581894 0.7355027888 2.3240541844 1.2450565425 -0.5570392062 0.6024885068 -0.4313429390 0.3750442519
1403715894.9840581417 0.7397638036 2.3468986209 1.2569739263 -0.5554110351 0.6018830610 -0.4322012103 0.3774353941
1403715895.0340580940 0.7436351934 2.3700457129 1.2702543721 -0.5543481185 0.6014585827 -0.4325570996 0.3792625639
1403715895.0840582848 0.7485364016 2.3951125421 1.2855803215 -0.5542360980 0.6013199133 -0.4330473234 0.3790866988
1403715895.1340579987 0.7518818731 2.4207157707 1.2988836102 -0.5532186830 0.6019183598 -0.4324150169 0.3803427798
1403715895.1840581894 0.7550616789 2.4435671055 1.3114856495 -0.5525989782 0.6022871302 -0.4318294717 0.3813238644
1403715895.2340581417 0.7601904266 2.4677503693 1.3273464134 -0.5521393718 0.6035837276 -0.4301359192 0.3818532296
1403715895.2840580940 0.7625060608 2.4916787868 1.3370867401 -0.5514828003 0.6033239965 -0.4306119633 0.3826750752
1403715895.3340580463 0.7667202314 2.5165062682 1.3497773735 -0.5513153794 0.6037734857 -0.4302163930 0.3826523038
1403715895.3840582371 0.7699779516 2.5411028420 1.3621577293 -0.5512341369 0.6036842417 -0.4304407388 0.3826578537
1403715895.4340581894 0.7734237468 2.5628794149 1.3734916951 -0.5510529301 0.6036825799 -0.4305517277 0.3827965788
1403715895.4840581417 0.7770453343 2.5875027754 1.3857451591 -0.5511886339 0.6042151962 -0.4298026068 0.3826026734
1403715895.5340580940 0.7802871774 2.6140011498 1.3963735553 -0.5508709849 0.6045094948 -0.4299444446 0.3824358812
1403715895.5840582848 0.7819770445 2.6376969454 1.4073419197 -0.5507040913 0.6051864446 -0.4289400905 0.3827332881
1403715895.6340579987 0.7882546880 2.6647826189 1.4225947807 -0.5506882018 0.6053492122 -0.4296388186 0.3817136639
1403715895.6840581894 0.7909437593 2.6884278658 1.4312240222 -0.5506246692 0.6053759623 -0.4296969261 0.3816974845
1403715895.7340581417 0.7944810743 2.7125431432 1.4453040061 -0.5504607987 0.6061949247 -0.4288448940 0.3815922945
1403715895.7840580940 0.7979937993 2.7372633753 1.4555079220 -0.5502542085 0.6065088311 -0.4288175960 0.3814220932
1403715895.8340580463 0.8003930982 2.7605593264 1.4642877792 -0.5499102821 0.6063909435 -0.4289906766 0.3819105977
1403715895.8840582371 0.8041122110 2.7830536971 1.4768877775 -0.5504178495 0.6064523680 -0.4287026958 0.3814049225
1403715895.9340581894 0.8080480528 2.8093400236 1.4879177172 -0.5498087859 0.6066233614 -0.4287214618 0.3819899273
1403715895.9840581417 0.8101100932 2.8318958690 1.4984740082 -0.5491896888 0.6075474153 -0.4273255229 0.3829748312
1403715896.0340580940 0.8140627499 2.8583288789 1.5089584962 -0.5484940785 0.6084595393 -0.4262961060 0.3836702555
1403715896.0840582848 0.8175074219 2.8824144940 1.5187021574 -0.5471990933 0.6099220615 -0.4241689612 0.3855501570
1403715896.1340579987 0.8200242278 2.9066606715 1.5269699634 -0.5457394039 0.6117102307 -0.4214677128 0.3877422646
1403715896.1840581894 0.8244179623 2.9296209684 1.5391742979 -0.5433859214 0.6137251317 -0.4185382910 0.3910228920
1403715896.2340581417 0.8269031327 2.9510798190 1.5496985433 -0.5397209095 0.6167231532 -0.4141356177 0.3960373497
1403715896.2840580940 0.8309906042 2.9726319949 1.5586126156 -0.5343222597 0.6191783416 -0.4106700713 0.4030731902
1403715896.3340580463 0.8326487343 2.9902366459 1.5690928495 -0.5288704672 0.6218263059 -0.4061106085 0.4107337919
1403715896.3840582371 0.8362039800 3.0071923896 1.5828136195 -0.5244575536 0.6250994794 -0.4008245263 0.4165748606
1403715896.4340581894 0.8382632990 3.0208379369 1.5920573090 -0.5208080821 0.6264726419 -0.3982359877 0.4215436735
1403715896.4840581417 0.8405424882 3.0316014161 1.6050042028 -0.5173392109 0.6286633692 -0.3944671431 0.4260729775
1403715896.5340580940 0.8418792713 3.0407360562 1.6176482946 -0.5144995844 0.6293932883 -0.3929859253 0.4297863759
1403715896.5840582848 0.8418061778 3.0449944663 1.6291821614 -0.5113435418 0.6298786314 -0.3916973126 0.4339975891
1403715896.6340579987 0.8402617134 3.0468207910 1.6367949445 -0.5085474239 0.6292384490 -0.3922912533 0.4376597589
1403715896.6840581894 0.8370579338 3.0444109191 1.6460369455 -0.5067856300 0.6286484258 -0.3926371188 0.4402335458
1403715896.7340581417 0.8319300368 3.0373140915 1.6543402211 -0.5055001524 0.6288531428 -0.3913590113 0.4425510648
1403715896.7840580940 0.8267444367 3.0306088604 1.6617863492 -0.5054119421 0.6301428651 -0.3891447146 0.4427698381
1403715896.8340580463 0.8218462541 3.0173231736 1.6744416282 -0.5059632647 0.6327066223 -0.3844266608 0.4426055212
1403715896.8840582371 0.8157216475 3.0012999447 1.6846221767 -0.5055016657 0.6354706289 -0.3800072425 0.4429894370
1403715896.9340581894 0.8079116917 2.9782873036 1.6945229441 -0.5044512546 0.6384492128 -0.3740153937 0.4449988986
1403715896.9840581417 0.7995759205 2.9549453735 1.7045922693 -0.5022783195 0.6421116286 -0.3675980787 0.4475274279
1403715897.0340580940 0.7909150598 2.9266667882 1.7122631740 -0.4994781822 0.6455781298 -0.3615188264 0.4506157587
1403715897.0840582848 0.7822165958 2.8898633608 1.7271926315 -0.4980194605 0.6484775877 -0.3559549177 0.4524925765
1403715897.1340579987 0.7720467251 2.8515953861 1.7372821252 -0.4969576858 0.6496337953 -0.3547373756 0.4529573765
1403715897.1840581894 0.7607032714 2.8054566253 1.7463720044 -0.4972064328 0.6493287793 -0.3556026435 0.4524429903
1403715897.2340581417 0.7492474757 2.7554605821 1.7552890194 -0.5009327105 0.6478818739 -0.3588121209 0.4478497057
1403715897.2840580940 0.7388595133 2.6995194342 1.7614586476 -0.5072556417 0.6439296513 -0.3665001804 0.4401408137
1403715897.3340580463 0.7271564460 2.6404977058 1.7702854236 -0.5158809105 0.6388670470 -0.3760766232 0.4292809754
1403715897.3840582371 0.7154047447 2.5769269125 1.7751439209 -0.5254563673 0.6323120948 -0.3873410414 0.4171857361
1403715897.4340581894 0.7033572295 2.5102964919 1.7815549057 -0.5326936308 0.6278540025 -0.3948705181 0.4075710013
1403715897.4840581417 0.6936558277 2.4414163969 1.7901461192 -0.5380082800 0.6237607624 -0.4012191933 0.4006154775
1403715897.5340580940 0.6839334328 2.3733346978 1.7987007711 -0.5417590092 0.6211447077 -0.4053715411 0.3954116105
1403715897.5840582848 0.6755010389 2.3048463319 1.8084630920 -0.5425611535 0.6210600963 -0.4059927870 0.3938040228
1403715897.6340579987 0.6631295996 2.2354020363 1.8129805577 -0.5403634680 0.6220835007 -0.4048527218 0.3963757237
1403715897.6840581894 0.6538737705 2.1658292521 1.8179689989 -0.5383633217 0.6231310725 -0.4034838723 0.3988400245
1403715897.7340581417 0.6458688506 2.0961996013 1.8270310785 -0.5342504240 0.6262025063 -0.3993427511 0.4036982447
1403715897.7840580940 0.6377645999 2.0252045379 1.8317333923 -0.5308282410 0.6277698157 -0.3973775959 0.4076977844
1403715897.8340580463 0.6320898870 1.9529754885 1.8422644345 -0.5284539344 0.6286764696 -0.3964637876 0.4102667436
1403715897.8840582371 0.6260316451 1.8767061458 1.8502602132 -0.5262074326 0.6278389921 -0.3975772811 0.4133476060
1403715897.9340581894 0.6191387573 1.7999892087 1.8560210948 -0.5267344916 0.6251854417 -0.4017316811 0.4126809849
1403715897.9840581417 0.6108099774 1.7210071213 1.8615116804 -0.5268883893 0.6228505732 -0.4049898221 0.4128305132
1403715898.0340580940 0.6033269429 1.6428349682 1.8674680092 -0.5273440491 0.6186612731 -0.4115612641 0.4120483090
1403715898.0840582848 0.5935868958 1.5652172242 1.8702893565 -0.5257295498 0.6140326302 -0.4198773228 0.4126444030
1403715898.1340579987 0.5836426747 1.4785511773 1.8746564476 -0.5245771021 0.6093762731 -0.4281674791 0.4124948867
1403715898.1840581894 0.5753245576 1.3964288691 1.8842373236 -0.5218450143 0.6074539706 -0.4350285781 0.4116158292
1403715898.2340581417 0.5654308606 1.3169442852 1.8899021980 -0.5193353453 0.6067112464 -0.4423944224 0.4080189182
1403715898.2840580940 0.5541692776 1.2313377688 1.8961309230 -0.5173769167 0.6083526374 -0.4471820179 0.4028106719
1403715898.3340580463 0.5395981134 1.1450711746 1.8978988408 -0.5148540442 0.6111835475 -0.4510571533 0.3974008417
1403715898.3840582371 0.5267941997 1.0657800677 1.9026075552 -0.5120650577 0.6166077327 -0.4535843153 0.3896736450
1403715898.4340581894 0.5062736471 0.9886570162 1.8995478996 -0.5083410793 0.6239561162 -0.4555167111 0.3804899972
1403715898.4840581417 0.4916618930 0.9129728468 1.9035067944 -0.5049256879 0.6319512759 -0.4553167839 0.3719869095
1403715898.5340580940 0.4742865642 0.8403643860 1.9029502263 -0.5010377724 0.6403259184 -0.4559606528 0.3619996573
1403715898.5840582848 0.4555701322 0.7605010594 1.8996279544 -0.4963389935 0.6472703099 -0.4576340610 0.3539206346
1403715898.6340579987 0.4371777815 0.6819540758 1.8985353778 -0.4910617391 0.6548304718 -0.4589891739 0.3455204187
1403715898.6840581894 0.4202217497 0.6043393978 1.8960223731 -0.4832843990 0.6599834137 -0.4641845514 0.3396921923
1403715898.7340581417 0.4036775380 0.5270025505 1.8895971723 -0.4753164510 0.6651096589 -0.4688070027 0.3345495589
1403715898.7840580940 0.3846734589 0.4517205208 1.8777779267 -0.4690761117 0.6700872503 -0.4723208541 0.3284260786
1403715898.8340580463 0.3666556408 0.3769354113 1.8643233262 -0.4636023073 0.6748316866 -0.4748252244 0.3228251875
1403715898.8840582371 0.3512814215 0.3022816738 1.8489642017 -0.4589277988 0.6788590598 -0.4770292787 0.3177714898
1403715898.9340581894 0.3344177584 0.2284092003 1.8297231723 -0.4548502386 0.6829804784 -0.4776130436 0.3139023849
1403715898.9840581417 0.3190909422 0.1593250800 1.8091980812 -0.4521124318 0.6859514096 -0.4791145364 0.3090538362
1403715899.0340580940 0.3015855306 0.0851573134 1.7865688889 -0.4489623650 0.6879975113 -0.4801034923 0.3075595161
1403715899.0840582848 0.2865444777 0.0156898616 1.7616944128 -0.4478074562 0.6907597242 -0.4795387527 0.3039112868
1403715899.1340579987 0.2706416090 -0.0539736981 1.7344763188 -0.4472142542 0.6944613487 -0.4768632891 0.3005399301
1403715899.1840581894 0.2560278816 -0.1216468488 1.7082478733 -0.4482858247 0.6978517343 -0.4740709734 0.2954648685
1403715899.2340581417 0.2438557769 -0.1874814550 1.6850722485 -0.4516194391 0.7005560845 -0.4717043427 0.2876735437
1403715899.2840580940 0.2307973988 -0.2564304510 1.6606277723 -0.4550257844 0.7021479406 -0.4696159418 0.2817812490
1403715899.3340580463 0.2218368407 -0.3210907954 1.6410054802 -0.4591220804 0.7050047414 -0.4654285626 0.2748663003
1403715899.3840582371 0.2151426180 -0.3855572025 1.6251893888 -0.4632283647 0.7065007092 -0.4628023388 0.2684962296
1403715899.4340581894 0.2095571900 -0.4513790852 1.6138971405 -0.4676186955 0.7062144902 -0.4619133178 0.2631158229
1403715899.4840581417 0.2095575120 -0.5144672930 1.6052917003 -0.4688512952 0.7059597369 -0.4617886203 0.2618216626
1403715899.5340580940 0.2110729400 -0.5762262859 1.5984808874 -0.4698467335 0.7054582677 -0.4613051951 0.2622407226
1403715899.5840582848 0.2160244299 -0.6377871651 1.5937367869 -0.4700184254 0.7051363922 -0.4608961024 0.2635149540
1403715899.6340579987 0.2237282900 -0.6994095139 1.5896443203 -0.4699181448 0.7058527994 -0.4587965088 0.2654327151
1403715899.6840581894 0.2350057587 -0.7590492756 1.5826969224 -0.4702852455 0.7048543403 -0.4594804145 0.2662515644
1403715899.7340581417 0.2468659255 -0.8204930497 1.5773009840 -0.4720587958 0.7029944807 -0.4604221772 0.2664032134
1403715899.7840580940 0.2626232023 -0.8774209262 1.5700946571 -0.4736736442 0.6995772008 -0.4642319060 0.2659205830
1403715899.8340580463 0.2806024152 -0.9348580674 1.5634626715 -0.4754482118 0.6945400631 -0.4701239225 0.2656060921
1403715899.8840582371 0.3020660240 -0.9906086801 1.5591113632 -0.4775812514 0.6887105791 -0.4771514946 0.2644245406
1403715899.9340581894 0.3239486101 -1.0436691089 1.5528066899 -0.4802946459 0.6832438766 -0.4834041132 0.2623267457
1403715899.9840581417 0.3489147873 -1.0956786839 1.5477673933 -0.4836684215 0.6782406446 -0.4889284043 0.2588503458
1403715900.0340580940 0.3767350472 -1.1435384745 1.5422357109 -0.4856773687 0.6742843555 -0.4936150140 0.2565196279
1403715900.0840582848 0.4045307224 -1.1905241374 1.5382829520 -0.4878418219 0.6715012166 -0.4960936119 0.2549266584
1403715900.1340579987 0.4351660508 -1.2342958359 1.5328854114 -0.4891727692 0.6693911695 -0.4984346537 0.2533542186
1403715900.1840581894 0.4680806681 -1.2734460731 1.5291656446 -0.4908477773 0.6673077630 -0.5006624983 0.2512088209
1403715900.2340581417 0.5010637091 -1.3120956805 1.5237714457 -0.4922615842 0.6651533104 -0.5023370871 0.2508127933
1403715900.2840580940 0.5368012479 -1.3475886390 1.5188973982 -0.4936043086 0.6636279278 -0.5036196805 0.2496396952
1403715900.3340580463 0.5771222063 -1.3757160131 1.5146227308 -0.4939380890 0.6637140472 -0.5035921814 0.2488046272
1403715900.3840582371 0.6165330399 -1.4025525775 1.5114115118 -0.4947551351 0.6630448157 -0.5040498695 0.2480376136
1403715900.4340581894 0.6585780323 -1.4247486610 1.5086203816 -0.4937663483 0.6644970591 -0.5022678924 0.2497306871
1403715900.4840581417 0.7040169817 -1.4433223819 1.5066778566 -0.4885349829 0.6688215030 -0.4976246626 0.2576452265
1403715900.5340580940 0.7515042532 -1.4595601831 1.5052604416 -0.4812327814 0.6712841890 -0.4957035639 0.2684595396
1403715900.5840582848 0.8000991617 -1.4707222857 1.5077952151 -0.4744740526 0.6724137234 -0.4954419584 0.2779773801
1403715900.6340579987 0.8493790579 -1.4805626894 1.5100183510 -0.4664148093 0.6731132118 -0.4956468590 0.2893268410
1403715900.6840581894 0.8976941172 -1.4951903549 1.5160512288 -0.4576443883 0.6737262546 -0.4949220611 0.3028311429
1403715900.7340581417 0.9464399912 -1.5039466475 1.5171664736 -0.4489399822 0.6717582675 -0.4981427143 0.3147182210
1403715900.7840580940 0.9963156757 -1.5120072274 1.5213544109 -0.4426022173 0.6679697437 -0.5037869428 0.3226738524
1403715900.8340580463 1.0420227124 -1.5178219506 1.5197755403 -0.4382040890 0.6613928207 -0.5131167567 0.3274872625
1403715900.8840582371 1.0851430583 -1.5269629781 1.5205572012 -0.4357540325 0.6559670604 -0.5199869135 0.3308160345
1403715900.9340581894 1.1263647488 -1.5317151099 1.5231883866 -0.4344147543 0.6519026887 -0.5258859476 0.3312863955
1403715900.9840581417 1.1646892227 -1.5357781016 1.5265069503 -0.4329219961 0.6476406162 -0.5315288508 0.3325917292
1403715901.0340580940 1.1972217173 -1.5374675332 1.5263400309 -0.4299534727 0.6426427624 -0.5374493425 0.3365984187
1403715901.0840582848 1.2280960326 -1.5386293704 1.5292990357 -0.4279980412 0.6382126162 -0.5429943015 0.3386141193
1403715901.1340579987 1.2569921483 -1.5343983200 1.5384881306 -0.4250934301 0.6356464801 -0.5464027525 0.3416038057
1403715901.1840581894 1.2773919847 -1.5279514471 1.5418872690 -0.4219991443 0.6319417305 -0.5512458079 0.3445205809
1403715901.2340581417 1.2962735530 -1.5206501202 1.5520312739 -0.4194861440 0.6305319142 -0.5529023493 0.3475052120
1403715901.2840580940 1.3098316774 -1.5131078338 1.5599581589 -0.4177421000 0.6299868018 -0.5537079874 0.3493073604
1403715901.3340580463 1.3166214680 -1.5021296716 1.5628471577 -0.4164953131 0.6308587878 -0.5524962718 0.3511363178
1403715901.3840582371 1.3209438807 -1.4879751159 1.5708319018 -0.4168557292 0.6353075970 -0.5477938074 0.3500535712
1403715901.4340581894 1.3204441162 -1.4747139835 1.5778594585 -0.4186131703 0.6416993988 -0.5399450555 0.3484884966
1403715901.4840581417 1.3158837168 -1.4553005125 1.5786121436 -0.4218115599 0.6478943740 -0.5330088178 0.3438160674
1403715901.5340580940 1.3108868224 -1.4322843466 1.5846026353 -0.4242449177 0.6532916374 -0.5274636057 0.3391289298
1403715901.5840582848 1.2993606274 -1.4153663439 1.5927657210 -0.4263450502 0.6560818034 -0.5240845111 0.3363361275
1403715901.6340579987 1.2839831576 -1.3978354149 1.6025044476 -0.4288438238 0.6565731486 -0.5231703754 0.3336127000
1403715901.6840581894 1.2681794930 -1.3746320035 1.6105930145 -0.4291035883 0.6577210674 -0.5218142922 0.3331410399
1403715901.7340581417 1.2497375269 -1.3545601836 1.6156697694 -0.4310083473 0.6596965228 -0.5188152776 0.3314558947
1403715901.7840580940 1.2339891995 -1.3255904164 1.6278660601 -0.4325152072 0.6635286557 -0.5150367158 0.3277155780
1403715901.8340580463 1.2266959172 -1.2864793297 1.6391922156 -0.4339026045 0.6684520441 -0.5115142065 0.3213309993
1403715901.8840582371 1.2079224642 -1.2562165525 1.6471667819 -0.4361752838 0.6709046855 -0.5088963472 0.3172735928
1403715901.9340581894 1.1841101987 -1.2314220704 1.6526321888 -0.4375232706 0.6724381357 -0.5060016818 0.3168006303
1403715901.9840581417 1.1645125013 -1.1982394734 1.6557786736 -0.4376504108 0.6736361756 -0.5052256001 0.3153149438
1403715902.0340580940 1.1445575360 -1.1668262260 1.6667072417 -0.4375443438 0.6740755665 -0.5048631208 0.3151036450
1403715902.0840582848 1.1178233414 -1.1383331394 1.6704034461 -0.4371102116 0.6726840619 -0.5064969007 0.3160564909
1403715902.1340579987 1.0935746821 -1.1102744961 1.6752282410 -0.4387319275 0.6711863595 -0.5080926810 0.3144280429
1403715902.1840581894 1.0709324146 -1.0777124273 1.6778767041 -0.4402785406 0.6696998919 -0.5102740265 0.3118930575
1403715902.2340581417 1.0384621864 -1.0526681891 1.6845115422 -0.4443135620 0.6685319957 -0.5104555497 0.3083594675
1403715902.2840580940 1.0105801063 -1.0202893205 1.6860526277 -0.4473420713 0.6689936528 -0.5093283202 0.3048232702
1403715902.3340580463 0.9815569022 -0.9872169777 1.6889535554 -0.4510111908 0.6697720755 -0.5078681593 0.3001069901
1403715902.3840582371 0.9568379489 -0.9507409177 1.6910173025 -0.4531871645 0.6712890384 -0.5060474655 0.2964934797
1403715902.4340581894 0.9236001366 -0.9167058741 1.6939266822 -0.4553167355 0.6717272570 -0.5042525223 0.2952940168
1403715902.4840581417 0.8983580613 -0.8746258958 1.7000826899 -0.4546540336 0.6756898540 -0.4991047480 0.2960192250
1403715902.5340580940 0.8721404672 -0.8380295692 1.7035093539 -0.4530534773 0.6798602384 -0.4934434269 0.2984060781
1403715902.5840582848 0.8464788283 -0.7987688808 1.7077518229 -0.4527028912 0.6836421207 -0.4872549245 0.3004599501
1403715902.6340579987 0.8204296864 -0.7582245113 1.7140755474 -0.4535101549 0.6862316788 -0.4812197455 0.3030547457
1403715902.6840581894 0.7958405163 -0.7208466488 1.7180432452 -0.4557353940 0.6878388352 -0.4749676394 0.3059227500
1403715902.7340581417 0.7666741112 -0.6833952921 1.7200193061 -0.4608506793 0.6883738234 -0.4676627503 0.3083012854
1403715902.7840580940 0.7442633160 -0.6433626180 1.7183762665 -0.4669914927 0.6879336115 -0.4612425542 0.3097121214
1403715902.8340580463 0.7214069784 -0.6037962220 1.7146597969 -0.4734034922 0.6868559718 -0.4543286719 0.3125755356
1403715902.8840582371 0.6983581640 -0.5655566656 1.7082911630 -0.4817764355 0.6845405975 -0.4478689862 0.3141798971
1403715902.9340581894 0.6776714102 -0.5282969715 1.7010926853 -0.4901131319 0.6809123461 -0.4426057929 0.3166190248
1403715902.9840581417 0.6588252095 -0.4922774056 1.6902911357 -0.4995493567 0.6746514996 -0.4405440713 0.3181457457
1403715903.0340580940 0.6421108309 -0.4562174728 1.6812914684 -0.5077402452 0.6679061425 -0.4381223559 0.3227228371
1403715903.0840582848 0.6227840282 -0.4244054068 1.6732170881 -0.5178051175 0.6595216631 -0.4363655722 0.3263343740
1403715903.1340579987 0.6086895750 -0.3892804523 1.6652149730 -0.5274917997 0.6508707943 -0.4353242756 0.3295639323
1403715903.1840581894 0.5970860191 -0.3534746861 1.6574423084 -0.5364978327 0.6425148598 -0.4351431918 0.3316551418
1403715903.2340581417 0.5861860023 -0.3211411928 1.6507401310 -0.5433150773 0.6370906762 -0.4317726853 0.3354050467
1403715903.2840580940 0.5793586609 -0.2842290866 1.6449285687 -0.5492034889 0.6348312789 -0.4260572678 0.3374018075
1403715903.3340580463 0.5736509155 -0.2497797332 1.6386921113 -0.5539944257 0.6335669909 -0.4199811543 0.3395568795
1403715903.3840582371 0.5693247561 -0.2157025166 1.6333935472 -0.5592809937 0.6328305276 -0.4124313673 0.3415123142
1403715903.4340581894 0.5678459255 -0.1809924395 1.6302740339 -0.5642722348 0.6312687099 -0.4054012469 0.3445961259
1403715903.4840581417 0.5673032086 -0.1469741995 1.6298070210 -0.5698470456 0.6278084399 -0.3998204311 0.3482449285
1403715903.5340580940 0.5707083729 -0.1121924868 1.6329876604 -0.5755842687 0.6235118085 -0.3941724883 0.3529360053
1403715903.5840582848 0.5793041594 -0.0792982049 1.6426374005 -0.5821479469 0.6174394688 -0.3893885605 0.3581184430
1403715903.6340579987 0.5884958994 -0.0440372607 1.6527250638 -0.5892023288 0.6107675213 -0.3843545087 0.3634216041
1403715903.6840581894 0.6015053090 -0.0081894439 1.6685741893 -0.5959196469 0.6025010918 -0.3806351139 0.3701204113
1403715903.7340581417 0.6157950064 0.0255625996 1.6852536428 -0.6025660524 0.5921344137 -0.3784434980 0.3782479444
1403715903.7840580940 0.6316224844 0.0586771074 1.7058574348 -0.6065513680 0.5826931865 -0.3737733291 0.3909700587
1403715903.8340580463 0.6558578240 0.0936387098 1.7342137618 -0.6123007400 0.5724643390 -0.3684319008 0.4020327336
1403715903.8840582371 0.6785966255 0.1261410333 1.7621201952 -0.6172896968 0.5607330748 -0.3630453046 0.4156079353
1403715903.9340581894 0.6989715394 0.1613305675 1.7901833553 -0.6236784743 0.5474443650 -0.3586875740 0.4274026816
1403715903.9840581417 0.7193269647 0.1964836550 1.8163133349 -0.6309588850 0.5324338748 -0.3548492413 0.4387334844
1403715904.0340580940 0.7433222107 0.2259511105 1.8455477483 -0.6381436613 0.5187428909 -0.3471485946 0.4507397630
1403715904.0840582848 0.7671286223 0.2581949600 1.8731188590 -0.6461356913 0.5048473666 -0.3390428028 0.4611808569
1403715904.1340579987 0.7902878247 0.2880846364 1.9024477362 -0.6545155321 0.4910238167 -0.3299079656 0.4708139377
1403715904.1840581894 0.8134020696 0.3183188671 1.9290819893 -0.6648986921 0.4754310272 -0.3224611635 0.4773823056
1403715904.2340581417 0.8354678668 0.3468446286 1.9540986991 -0.6750039048 0.4597038483 -0.3146761232 0.4837572096
1403715904.2840580940 0.8606415016 0.3754780218 1.9828711485 -0.6864531718 0.4419062652 -0.3092846357 0.4876924336
1403715904.3340580463 0.8844888924 0.4038994067 2.0087416960 -0.6958981154 0.4236627084 -0.3051202845 0.4930895805
1403715904.3840582371 0.9066633485 0.4296607566 2.0313084035 -0.7047967910 0.4049816743 -0.3014636141 0.4983683540
1403715904.4340581894 0.9323018383 0.4528979897 2.0531434141 -0.7119011807 0.3892558182 -0.2946266235 0.5048482640
1403715904.4840581417 0.9562948120 0.4765742708 2.0702988351 -0.7188894152 0.3736970885 -0.2891266752 0.5098570981
1403715904.5340580940 0.9765131538 0.5017189566 2.0843006581 -0.7258674046 0.3572442119 -0.2863760665 0.5133048145
1403715904.5840582848 0.9953729261 0.5252188657 2.0942654799 -0.7316337607 0.3404422587 -0.2838819615 0.5179016709
1403715904.6340579987 1.0108164661 0.5483195198 2.0994826117 -0.7367744795 0.3239280835 -0.2809394349 0.5227877169
1403715904.6840581894 1.0293606371 0.5721956183 2.1058032623 -0.7416029352 0.3082192974 -0.2750126650 0.5285773220
1403715904.7340581417 1.0425454575 0.5963556005 2.1067967029 -0.7454743996 0.2953402607 -0.2642810320 0.5359081881
1403715904.7840580940 1.0533384988 0.6203162306 2.1077148369 -0.7496737582 0.2846102030 -0.2488266882 0.5432049041
1403715904.8340580463 1.0601370904 0.6453385408 2.1038084051 -0.7545296569 0.2728683352 -0.2329495747 0.5495110228
1403715904.8840582371 1.0711160941 0.6694362241 2.0996888053 -0.7588752086 0.2595133923 -0.2166073289 0.5566349630
1403715904.9340581894 1.0778012571 0.6926415063 2.0939296872 -0.7624447764 0.2444908075 -0.2018023841 0.5640726954
1403715904.9840581417 1.0836337786 0.7134217467 2.0782234276 -0.7653831473 0.2279541567 -0.1870879378 0.5720346526
1403715905.0340580940 1.0806950088 0.7354145799 2.0650730352 -0.7673334182 0.2096303021 -0.1756430374 0.5800035217
1403715905.0840582848 1.0861160305 0.7530378853 2.0465272600 -0.7685902573 0.1907299716 -0.1639171678 0.5882365650
1403715905.1340579987 1.0868272349 0.7684325631 2.0262925699 -0.7685639983 0.1725885867 -0.1528160989 0.5967996315
1403715905.1840581894 1.0880582112 0.7820105071 2.0052848656 -0.7685926570 0.1544950309 -0.1452911572 0.6035620040
1403715905.2340581417 1.0812756322 0.7973667641 1.9795522932 -0.7692311223 0.1365183253 -0.1380971493 0.6087490490
1403715905.2840580940 1.0856280851 0.8059774987 1.9580434317 -0.7745486531 0.1195643912 -0.1301603571 0.6073195384
1403715905.3340580463 1.0818571784 0.8141595593 1.9295693082 -0.7807043285 0.1046891911 -0.1219875752 0.6038708109
1403715905.3840582371 1.0731999831 0.8196820621 1.9096719617 -0.7874842227 0.0906638048 -0.1140787241 0.5988611844
1403715905.4340581894 1.0612479589 0.8255556282 1.8893303935 -0.7926586731 0.0772541868 -0.1060454089 0.5953808780
1403715905.4840581417 1.0540741631 0.8269125069 1.8679136240 -0.7982650716 0.0643292005 -0.0958048758 0.5911480823
1403715905.5340580940 1.0421179877 0.8271056533 1.8481260553 -0.8030375512 0.0512497387 -0.0868818556 0.5873292933
1403715905.5840582848 1.0302232342 0.8256777404 1.8286526820 -0.8071397105 0.0401740421 -0.0736943774 0.5843634766
1403715905.6340579987 1.0066317008 0.8279911566 1.8054326588 -0.8101749606 0.0320582626 -0.0572063041 0.5825085748
1403715905.6840581894 0.9917951555 0.8261349196 1.7901937931 -0.8128500264 0.0238370550 -0.0386007710 0.5807035473
1403715905.7340581417 0.9715123420 0.8249163638 1.7707473493 -0.8153216254 0.0141159073 -0.0209280413 0.5784577818
1403715905.7840580940 0.9543192732 0.8222415405 1.7546676494 -0.8166912234 0.0016405435 -0.0032296928 0.5770635349
1403715905.8340580463 0.9367825952 0.8202249927 1.7375000264 -0.8186926425 -0.0127114413 0.0134086429 0.5739346520
1403715905.8840582371 0.9202696150 0.8172008952 1.7199591472 -0.8219903991 -0.0300347025 0.0288181162 0.5679781832
1403715905.9340581894 0.9030641270 0.8153406636 1.7014796781 -0.8256929818 -0.0482922564 0.0438282020 0.5603374399
1403715905.9840581417 0.8852103846 0.8119999051 1.6838454357 -0.8290004116 -0.0693968463 0.0556016408 0.5521330029
1403715906.0340580940 0.8687625671 0.8115102827 1.6631368035 -0.8304917353 -0.0915249947 0.0672607345 0.5453280173
1403715906.0840582848 0.8541623818 0.8131633319 1.6447329092 -0.8292112392 -0.1145955297 0.0782703978 0.5414335880
1403715906.1340579987 0.8376669003 0.8156814595 1.6265603997 -0.8242228693 -0.1395017784 0.0865551469 0.5419447592
1403715906.1840581894 0.8220059145 0.8206559131 1.6102541530 -0.8161857226 -0.1648362680 0.0943015661 0.5456895506
1403715906.2340581417 0.8063232921 0.8258133447 1.5957905161 -0.8072294383 -0.1906415088 0.1018640322 0.5492359857
1403715906.2840580940 0.7879369583 0.8309963180 1.5805601772 -0.7993930018 -0.2136376749 0.1122206662 0.5502147713
1403715906.3340580463 0.7686827609 0.8370952814 1.5652353980 -0.7918437200 -0.2367155283 0.1222266948 0.5495542893
1403715906.3840582371 0.7515606528 0.8420381388 1.5528846279 -0.7844342744 -0.2590789971 0.1333012836 0.5475141187
1403715906.4340581894 0.7290726366 0.8464392180 1.5392816605 -0.7767196594 -0.2793720794 0.1452317703 0.5454956873
1403715906.4840581417 0.7063571595 0.8510616933 1.5275866464 -0.7676515833 -0.2979959895 0.1590405185 0.5446242286
1403715906.5340580940 0.6816420030 0.8549787484 1.5169195807 -0.7581106175 -0.3166717340 0.1715354195 0.5436569731
1403715906.5840582848 0.6552054453 0.8576672350 1.5093709147 -0.7498294352 -0.3328295440 0.1870397940 0.5403669384
1403715906.6340579987 0.6273987086 0.8588299770 1.5046623899 -0.7420565184 -0.3466649310 0.2049538064 0.5358819705
1403715906.6840581894 0.6007125227 0.8598202410 1.5033473783 -0.7340635743 -0.3595710089 0.2243526158 0.5305895421
1403715906.7340581417 0.5730247179 0.8596731057 1.5053390102 -0.7263529145 -0.3733041499 0.2422153337 0.5238198043
1403715906.7840580940 0.5448854153 0.8587342549 1.5084175421 -0.7184058506 -0.3876288268 0.2591529154 0.5162138054
1403715906.8340580463 0.5175377183 0.8569406074 1.5123920757 -0.7091928719 -0.4025134580 0.2760118934 0.5087689271
1403715906.8840582371 0.4907312438 0.8553668156 1.5150744694 -0.6989933371 -0.4178146755 0.2917133141 0.5017395281
1403715906.9340581894 0.4647764021 0.8531155891 1.5158001319 -0.6869939504 -0.4338050295 0.3063280542 0.4959996288
1403715906.9840581417 0.4396245878 0.8511090114 1.5135288468 -0.6742938360 -0.4495838304 0.3207514637 0.4902251531
1403715907.0340580940 0.4156323952 0.8489203159 1.5081549915 -0.6609473898 -0.4672670511 0.3319651001 0.4843647626
1403715907.0840582848 0.3917453506 0.8467309149 1.4984863240 -0.6466436258 -0.4870395124 0.3400131762 0.4785766131
1403715907.1340579987 0.3700712471 0.8439765858 1.4898755618 -0.6311988445 -0.5073999809 0.3474384039 0.4726730726
1403715907.1840581894 0.3482871189 0.8400371404 1.4830936120 -0.6146659603 -0.5272548252 0.3558102568 0.4664623968
1403715907.2340581417 0.3286955612 0.8344604841 1.4803713923 -0.5988015959 -0.5461740924 0.3659081230 0.4574295082
1403715907.2840580940 0.3100664664 0.8282309468 1.4807976377 -0.5827086926 -0.5640387274 0.3774296355 0.4470545422
1403715907.3340580463 0.2913964178 0.8197477584 1.4850778457 -0.5661712940 -0.5811251658 0.3882606504 0.4370323500
1403715907.3840582371 0.2744468026 0.8105196297 1.4922518134 -0.5483231891 -0.5973600852 0.3996797021 0.4275029178
1403715907.4340581894 0.2586920585 0.8000384591 1.5029121026 -0.5299538150 -0.6135851071 0.4086062133 0.4191696946
1403715907.4840581417 0.2431044191 0.7890182647 1.5146625422 -0.5126679674 -0.6284403670 0.4174409203 0.4098503854
1403715907.5340580940 0.2297248946 0.7752913208 1.5274652364 -0.4959773759 -0.6422901961 0.4250205221 0.4010327947
1403715907.5840582848 0.2165003576 0.7616076588 1.5396632704 -0.4803892534 -0.6547903290 0.4327668600 0.3913931976
1403715907.6340579987 0.2049991768 0.7449754000 1.5529992249 -0.4661935036 -0.6651702812 0.4415211309 0.3811445988
1403715907.6840581894 0.1949940079 0.7278049719 1.5649177344 -0.4521737611 -0.6732993605 0.4516509797 0.3717771556
1403715907.7340581417 0.1862998061 0.7082960414 1.5782505160 -0.4388885408 -0.6800464618 0.4626998827 0.3616938998
1403715907.7840580940 0.1796492527 0.6870524766 1.5893164037 -0.4255302715 -0.6860896034 0.4735325216 0.3520965707
1403715907.8340580463 0.1719467592 0.6673673349 1.5987608284 -0.4114019652 -0.6919197896 0.4842712525 0.3427488612
1403715907.8840582371 0.1690615860 0.6449475218 1.6122943534 -0.3987481790 -0.6979700307 0.4939551604 0.3314302725
1403715907.9340581894 0.1657648308 0.6233782332 1.6225047370 -0.3870480485 -0.7029628274 0.5048009224 0.3181400636
1403715907.9840581417 0.1643863896 0.6020595777 1.6308652884 -0.3739856966 -0.7087675549 0.5145941017 0.3049199279
1403715908.0340580940 0.1647702943 0.5824164674 1.6378301720 -0.3602313838 -0.7147844978 0.5240502975 0.2910116108
1403715908.0840582848 0.1655741441 0.5630685093 1.6447493568 -0.3449383170 -0.7216759171 0.5321169419 0.2775842004
1403715908.1340579987 0.1675885746 0.5442937886 1.6519964642 -0.3286209187 -0.7277183644 0.5410042505 0.2640997441
1403715908.1840581894 0.1714896686 0.5251248413 1.6587631657 -0.3115740705 -0.7354125228 0.5471799574 0.2503679576
1403715908.2340581417 0.1764905591 0.5097654734 1.6642416831 -0.2937089157 -0.7426307455 0.5537626899 0.2357573582
1403715908.2840580940 0.1845395682 0.4925894398 1.6700042938 -0.2755406738 -0.7500392531 0.5590212414 0.2213903964
1403715908.3340580463 0.1947539718 0.4785552177 1.6771545094 -0.2572159435 -0.7574685141 0.5633941023 0.2065635354
1403715908.3840582371 0.2052879660 0.4630583535 1.6833086698 -0.2387449927 -0.7647484389 0.5669537440 0.1916353462
1403715908.4340581894 0.2160792984 0.4512829048 1.6887455312 -0.2195409073 -0.7708699786 0.5712883539 0.1766094078
1403715908.4840581417 0.2273812487 0.4410762332 1.6933562819 -0.1998119303 -0.7767143029 0.5751540805 0.1612075305
1403715908.5340580940 0.2388466967 0.4318018964 1.6974876701 -0.1783648298 -0.7820051237 0.5788540496 0.1469080098
1403715908.5840582848 0.2525215311 0.4249491198 1.7027201446 -0.1574635535 -0.7868373606 0.5820532436 0.1315531028
1403715908.6340579987 0.2653314847 0.4195616001 1.7074414323 -0.1340481413 -0.7908535317 0.5851789734 0.1189426600
1403715908.6840581894 0.2778999532 0.4153388017 1.7114748273 -0.1115126752 -0.7934762842 0.5890060120 0.1050344114
1403715908.7340581417 0.2942001227 0.4122629836 1.7138806466 -0.0896087228 -0.7947483751 0.5932455836 0.0916786487
1403715908.7840580940 0.3074543010 0.4107934773 1.7184962492 -0.0694873133 -0.7958561319 0.5966697289 0.0759589704
1403715908.8340580463 0.3207380326 0.4101414329 1.7200764941 -0.0497924481 -0.7963782734 0.5996849900 0.0606652327
1403715908.8840582371 0.3366988731 0.4120096424 1.7212745100 -0.0307893179 -0.7981020348 0.6000099000 0.0455332817
1403715908.9340581894 0.3535446903 0.4150951667 1.7213527021 -0.0120702479 -0.8012492523 0.5974310570 0.0304971618
1403715908.9840581417 0.3711285392 0.4195527831 1.7212270656 0.0082973522 -0.8043204856 0.5938571379 0.0182595213
1403715909.0340580940 0.3884994099 0.4258114420 1.7211856871 0.0287649760 -0.8065981177 0.5903527335 0.0074634239
1403715909.0840582848 0.4090938141 0.4326782400 1.7191823736 -0.0480475098 0.8085761928 -0.5864191715 0.0029210590
1403715909.1340579987 0.4280329442 0.4412274835 1.7163893572 -0.0679350808 0.8090912081 -0.5836155478 0.0122120544
1403715909.1840581894 0.4457968995 0.4496752105 1.7148317889 -0.0850806025 0.8097703912 -0.5800361583 0.0243158323
1403715909.2340581417 0.4672204354 0.4605031938 1.7144456235 -0.1021661746 0.8093183447 -0.5773952545 0.0343600014
1403715909.2840580940 0.4873717322 0.4702992437 1.7075459081 -0.1172628490 0.8081652702 -0.5752480598 0.0469892531
1403715909.3340580463 0.5085048374 0.4804867103 1.7053135066 -0.1330957904 0.8061217898 -0.5737471314 0.0571611731
1403715909.3840582371 0.5276452094 0.4916087078 1.6997999478 -0.1488667972 0.8038179618 -0.5720471965 0.0669131222
1403715909.4340581894 0.5502530053 0.5016251633 1.6966803874 -0.1644051877 0.8010810022 -0.5704989670 0.0759676956
1403715909.4840581417 0.5704490317 0.5131171359 1.6885028624 -0.1816307100 0.7963931183 -0.5708298942 0.0831956615
1403715909.5340580940 0.5924067958 0.5248183252 1.6816545757 -0.1996924736 0.7918147352 -0.5701117394 0.0901384807
1403715909.5840582848 0.6156027248 0.5380397949 1.6742672599 -0.2181851997 0.7873947788 -0.5682208998 0.0976201307
1403715909.6340579987 0.6416922905 0.5514361493 1.6683701188 -0.2360171738 0.7821510448 -0.5665242752 0.1076377367
1403715909.6840581894 0.6682801608 0.5669420175 1.6602345601 -0.2525297712 0.7760245800 -0.5650359673 0.1214451381
1403715909.7340581417 0.6966295310 0.5845963431 1.6506840124 -0.2698640658 0.7703880571 -0.5615847607 0.1352707802
1403715909.7840580940 0.7251046335 0.6031898745 1.6424111098 -0.2868431579 0.7639114698 -0.5577193424 0.1520177761
1403715909.8340580463 0.7552928531 0.6234951001 1.6331902803 -0.3053990810 0.7558984790 -0.5538979938 0.1689553290
1403715909.8840582371 0.7863482938 0.6446163951 1.6237984447 -0.3221890258 0.7465021106 -0.5502831247 0.1900455557
1403715909.9340581894 0.8165921831 0.6675577314 1.6147113619 -0.3387684119 0.7351383264 -0.5471244544 0.2132192195
1403715909.9840581417 0.8470827167 0.6904061065 1.6071394799 -0.3566919073 0.7225560575 -0.5431646314 0.2359148368
1403715910.0340580940 0.8768407909 0.7159665530 1.6001012115 -0.3761309334 0.7093299800 -0.5377508856 0.2572945500
1403715910.0840582848 0.9081138511 0.7417714909 1.5913863682 -0.3968543524 0.6958610713 -0.5308358998 0.2765813440
1403715910.1340579987 0.9339862257 0.7688591252 1.5822282573 -0.4187379954 0.6829462645 -0.5214191409 0.2938791767
1403715910.1840581894 0.9594777606 0.7985668332 1.5697594885 -0.4398448427 0.6703049674 -0.5108708912 0.3102236250
1403715910.2340581417 0.9823654444 0.8258311112 1.5570785773 -0.4614125560 0.6573877434 -0.5003382437 0.3234214740
1403715910.2840580940 1.0050308485 0.8534263553 1.5464285292 -0.4803966525 0.6443187833 -0.4898763764 0.3377772901
1403715910.3340580463 1.0254975608 0.8793919456 1.5349188065 -0.4976769270 0.6308546108 -0.4804983794 0.3513708066
1403715910.3840582371 1.0466937464 0.9130274062 1.5251984220 -0.5121163362 0.6176069865 -0.4736080240 0.3633096585
1403715910.4340581894 1.0655759766 0.9419034526 1.5159179212 -0.5252039265 0.6029789255 -0.4676995264 0.3766090866
1403715910.4840581417 1.0820920814 0.9726402170 1.5072933625 -0.5370463115 0.5881676283 -0.4628684033 0.3890924589
1403715910.5340580940 1.0966697142 1.0013288717 1.5002463139 -0.5485825935 0.5737398826 -0.4570544485 0.4012242719
1403715910.5840582848 1.1092868024 1.0366788209 1.4923775763 -0.5589709666 0.5608481283 -0.4514226618 0.4113616607
1403715910.6340579987 1.1184603094 1.0674217683 1.4850216096 -0.5697735800 0.5491435943 -0.4431661605 0.4211925148
1403715910.6840581894 1.1272118879 1.1009053302 1.4793258238 -0.5805135500 0.5382605121 -0.4344620833 0.4295606332
1403715910.7340581417 1.1319230100 1.1367551091 1.4706068388 -0.5902416112 0.5283875679 -0.4249788443 0.4379662091
1403715910.7840580940 1.1357581061 1.1700487021 1.4672858616 -0.6004779760 0.5176785827 -0.4159782406 0.4454179933
1403715910.8340580463 1.1360597598 1.2015316524 1.4631521462 -0.6097491993 0.5064985754 -0.4068327886 0.4540398543
1403715910.8840582371 1.1335232248 1.2325830830 1.4539219100 -0.6184168360 0.4950183520 -0.3978320942 0.4628683105
1403715910.9340581894 1.1293504599 1.2652050499 1.4499144080 -0.6276596083 0.4840974566 -0.3876623293 0.4705432892
1403715910.9840581417 1.1236326988 1.2941905593 1.4455446348 -0.6371228107 0.4734974544 -0.3758518450 0.4781318598
1403715911.0340580940 1.1163439202 1.3288269979 1.4420648480 -0.6447056166 0.4627537723 -0.3660609169 0.4860175091
1403715911.0840582848 1.1061482065 1.3592366502 1.4380622279 -0.6511768926 0.4499919800 -0.3568460425 0.4961217335
1403715911.1340579987 1.0937503716 1.3900272118 1.4382247242 -0.6570837296 0.4374246881 -0.3477225534 0.5059541881
1403715911.1840581894 1.0803059579 1.4212084544 1.4327520679 -0.6628680061 0.4242214028 -0.3391114280 0.5154082336
1403715911.2340581417 1.0630930917 1.4512179048 1.4284988821 -0.6694529092 0.4106317981 -0.3297427846 0.5239122300
1403715911.2840580940 1.0433873806 1.4775144486 1.4206224771 -0.6770370393 0.3965328404 -0.3197312389 0.5311821615
1403715911.3340580463 1.0220115790 1.5043182029 1.4120118198 -0.6847565447 0.3836708059 -0.3084580515 0.5373628362
1403715911.3840582371 0.9986228788 1.5284446489 1.4080231587 -0.6929177316 0.3714320043 -0.2959961505 0.5424846194
1403715911.4340581894 0.9734649853 1.5524660633 1.4017732952 -0.7009549522 0.3592973331 -0.2839014173 0.5467792668
1403715911.4840581417 0.9507707240 1.5737923241 1.3982043267 -0.7094743782 0.3493293192 -0.2705822183 0.5489994505
1403715911.5340580940 0.9232422960 1.5944320348 1.3930502421 -0.7185725668 0.3387222189 -0.2563920995 0.5506212999
1403715911.5840582848 0.8970677757 1.6112055888 1.3878120140 -0.7287643026 0.3281374008 -0.2429455547 0.5497325668
1403715911.6340579987 0.8688061568 1.6285708260 1.3821697480 -0.7381446959 0.3162991111 -0.2323560928 0.5487330192
1403715911.6840581894 0.8397155317 1.6454476786 1.3754927591 -0.7474834686 0.3033966409 -0.2234683602 0.5470656583
1403715911.7340581417 0.8112004436 1.6605735682 1.3731426627 -0.7558727368 0.2885245917 -0.2170291811 0.5461760708
1403715911.7840580940 0.7804670555 1.6762285769 1.3724509049 -0.7629231135 0.2739597322 -0.2114205250 0.5460730259
1403715911.8340580463 0.7502096409 1.6910204826 1.3735482096 -0.7684844022 0.2605667238 -0.2041760737 0.5475845478
1403715911.8840582371 0.7211959199 1.7044974269 1.3820766473 -0.7732905042 0.2472849528 -0.1969765561 0.5496109392
1403715911.9340581894 0.6851564185 1.7216381486 1.3876918554 -0.7768126989 0.2357299059 -0.1910370455 0.5518136367
1403715911.9840581417 0.6532055106 1.7366194531 1.4006062077 -0.7798904653 0.2252333806 -0.1831306793 0.5545303785
1403715912.0340580940 0.6215294662 1.7501403911 1.4134002232 -0.7825773410 0.2160688007 -0.1751569976 0.5569623011
1403715912.0840582848 0.5868185065 1.7653659548 1.4274047563 -0.7846031429 0.2080971381 -0.1668675507 0.5596862601
1403715912.1340579987 0.5549339653 1.7792218590 1.4408610921 -0.7859323344 0.2014051485 -0.1584194647 0.5627162741
1403715912.1840581894 0.5224903479 1.7929256337 1.4549126259 -0.7877308029 0.1940708931 -0.1506483253 0.5649086233
1403715912.2340581417 0.4890436354 1.8075271467 1.4669025589 -0.7887338109 0.1871578709 -0.1425765411 0.5679285491
1403715912.2840580940 0.4562569127 1.8211683541 1.4845966615 -0.7903448393 0.1797807837 -0.1357164462 0.5697499022
1403715912.3340580463 0.4226368375 1.8314606004 1.5001158232 -0.7915748173 0.1719862989 -0.1285145765 0.5721136471
1403715912.3840582371 0.3898543520 1.8440121237 1.5127296274 -0.7932860832 0.1636105471 -0.1221170815 0.5735993353
1403715912.4340581894 0.3581996790 1.8552726032 1.5257361110 -0.7955970890 0.1553674256 -0.1152816557 0.5741048466
1403715912.4840581417 0.3244937908 1.8661693510 1.5389289630 -0.7974358270 0.1463507269 -0.1082444547 0.5752918430
1403715912.5340580940 0.2924549548 1.8771566422 1.5507201970 -0.7993003062 0.1366718558 -0.1006998445 0.5764541314
1403715912.5840582848 0.2619494517 1.8866474980 1.5612230582 -0.8013179887 0.1264290893 -0.0919399319 0.5774532148
1403715912.6340579987 0.2310118123 1.8929225387 1.5728742613 -0.8030879747 0.1147068119 -0.0825691316 0.5788561053
1403715912.6840581894 0.2012710728 1.9001307570 1.5846239898 -0.8049487584 0.1014675694 -0.0735140549 0.5799633717
1403715912.7340581417 0.1720527251 1.9079852699 1.5944415038 -0.8060983469 0.0876803516 -0.0623479766 0.5819195313
1403715912.7840580940 0.1368244306 1.9165800910 1.6043425352 -0.8071548543 0.0728950292 -0.0515728714 0.5835474229
1403715912.8340580463 0.1056303310 1.9230023817 1.6141091754 -0.8084564100 0.0557865810 -0.0401370790 0.5845298156
1403715912.8840582371 0.0744439186 1.9294157163 1.6214010316 -0.8090485087 0.0378197810 -0.0273695690 0.5858848705
1403715912.9340581894 0.0416242923 1.9361767203 1.6264861374 -0.8099986677 0.0189493291 -0.0148245813 0.5859379771
1403715912.9840581417 0.0092499414 1.9393537660 1.6259908168 -0.8094582181 0.0004783992 -0.0020929759 0.5871735550
1403715913.0340580940 -0.0218260419 1.9448215231 1.6284729042 -0.8094697980 -0.0175663983 0.0116133977 0.5867837735
1403715913.0840582848 -0.0508511425 1.9515422847 1.6248984584 -0.8086430507 -0.0360582642 0.0243906043 0.5866867278
1403715913.1340579987 -0.0784680073 1.9553048511 1.6201537797 -0.8072787474 -0.0552399944 0.0367034870 0.5864319406
1403715913.1840581894 -0.1085967178 1.9591864791 1.6149916715 -0.8047756036 -0.0732270165 0.0490410102 0.5870000095
1403715913.2340581417 -0.1379249423 1.9610685695 1.6085031546 -0.8003184981 -0.0906277572 0.0604865348 0.5895916302
1403715913.2840580940 -0.1627528464 1.9652674739 1.6022285674 -0.7951806522 -0.1094915212 0.0698537110 0.5923004274
1403715913.3340580463 -0.1895730587 1.9666349342 1.5951330253 -0.7892337532 -0.1278830438 0.0756050270 0.5958522383
1403715913.3840582371 -0.2143831618 1.9669262270 1.5896513338 -0.7841470600 -0.1451320451 0.0789691103 0.5981755239
1403715913.4340581894 -0.2396305655 1.9683373400 1.5841323021 -0.7786957985 -0.1595914592 0.0813075233 0.6012923633
1403715913.4840581417 -0.2642649906 1.9688476817 1.5798193563 -0.7730883232 -0.1712758624 0.0831522285 0.6050493619
1403715913.5340580940 -0.2901209726 1.9654373372 1.5742207159 -0.7674671144 -0.1819860285 0.0817258863 0.6092587244
1403715913.5840582848 -0.3154003570 1.9604484079 1.5685003701 -0.7616044457 -0.1940481831 0.0754882412 0.6136819179
1403715913.6340579987 -0.3419902786 1.9535070786 1.5650487700 -0.7566729343 -0.2030267403 0.0701638363 0.6174975702
1403715913.6840581894 -0.3691687599 1.9437846923 1.5594469873 -0.7523865223 -0.2100771741 0.0654554934 0.6208845951
1403715913.7340581417 -0.3985122973 1.9299301620 1.5538131597 -0.7511868954 -0.2136440254 0.0637323608 0.6212991749
1403715913.7840580940 -0.4270751771 1.9155895482 1.5525375807 -0.7532394496 -0.2142821374 0.0654026836 0.6184140896
1403715913.8340580463 -0.4597024131 1.8964905706 1.5500045531 -0.7579760493 -0.2136095294 0.0670342074 0.6126578920
1403715913.8840582371 -0.4956651910 1.8722309772 1.5463555654 -0.7632102069 -0.2112926084 0.0690946304 0.6067054852
1403715913.9340581894 -0.5307207735 1.8477088596 1.5451551317 -0.7681938696 -0.2085537999 0.0719515535 0.6010045467
1403715913.9840581417 -0.5692243947 1.8202304063 1.5456170404 -0.7719442156 -0.2059130024 0.0736225732 0.5968933574
1403715914.0340580940 -0.6078502286 1.7912604663 1.5452881977 -0.7748064718 -0.2036704391 0.0739938901 0.5939008231
1403715914.0840582848 -0.6475487962 1.7624539835 1.5460288498 -0.7761927636 -0.2026525113 0.0721841016 0.5926602812
1403715914.1340579987 -0.6897013808 1.7299824879 1.5467557212 -0.7774912924 -0.2010195552 0.0701909225 0.5917530423
1403715914.1840581894 -0.7329668730 1.6979129555 1.5514109100 -0.7794933713 -0.1964428959 0.0711924100 0.5905352771
1403715914.2340581417 -0.7795563854 1.6615325118 1.5535762948 -0.7855210469 -0.1875227577 0.0750252639 0.5849471002
1403715914.2840580940 -0.8270286308 1.6265470625 1.5541519290 -0.7923874108 -0.1774535437 0.0779083994 0.5784139628
1403715914.3340580463 -0.8744590367 1.5883670497 1.5523168272 -0.8000386990 -0.1670266864 0.0789846246 0.5707903250
1403715914.3840582371 -0.9230265904 1.5535040596 1.5564803487 -0.8087258663 -0.1571507173 0.0779517244 0.5614175397
1403715914.4340581894 -0.9706244711 1.5187648415 1.5590228194 -0.8164652627 -0.1475900305 0.0753727085 0.5531009063
1403715914.4840581417 -1.0172845741 1.4857310630 1.5594149489 -0.8224133711 -0.1390582775 0.0705543097 0.5471024876
1403715914.5340580940 -1.0662457979 1.4536845421 1.5626764491 -0.8281504611 -0.1300927996 0.0659757120 0.5411930179
1403715914.5840582848 -1.1172710621 1.4231429895 1.5697255798 -0.8327222292 -0.1200488844 0.0615520515 0.5370040031
1403715914.6340579987 -1.1653265404 1.3962544852 1.5742368585 -0.8377985934 -0.1077438903 0.0595814775 0.5319161762
1403715914.6840581894 -1.2134574774 1.3718371340 1.5792163588 -0.8430516239 -0.0927535539 0.0603078122 0.5263304147
1403715914.7340581417 -1.2623918911 1.3497038389 1.5850375230 -0.8481238846 -0.0760465647 0.0619493793 0.5206390985
1403715914.7840580940 -1.3111652097 1.3309295251 1.5923999215 -0.8536347228 -0.0560473012 0.0684761440 0.5133005725
1403715914.8340580463 -1.3611918472 1.3128940624 1.5979423423 -0.8581671823 -0.0378847260 0.0741107813 0.5065781547
1403715914.8840582371 -1.4078005480 1.2994851644 1.6004460840 -0.8614167332 -0.0212600532 0.0800044996 0.5011072760
1403715914.9340581894 -1.4501151673 1.2908875036 1.6046734433 -0.8637228802 -0.0088578423 0.0833773261 0.4969432024
1403715914.9840581417 -1.4906715415 1.2865721611 1.6095330018 -0.8647338648 0.0009210805 0.0852362336 0.4949437132
1403715915.0340580940 -1.5276451116 1.2859391840 1.6131343183 -0.8651660095 0.0093471093 0.0871166390 0.4937723147
1403715915.0840582848 -1.5604785049 1.2899006405 1.6168352229 -0.8652220881 0.0157125966 0.0888401862 0.4932051033
1403715915.1340579987 -1.5893038443 1.2962816169 1.6207212497 -0.8648452420 0.0192807620 0.0885725769 0.4937872601
1403715915.1840581894 -1.6153258238 1.3082436234 1.6238448333 -0.8631191921 0.0218088354 0.0883415372 0.4967347458
1403715915.2340581417 -1.6358156149 1.3239834854 1.6259036139 -0.8585639043 0.0190704847 0.0823216468 0.5056950517
1403715915.2840580940 -1.6520426161 1.3454097506 1.6310970731 -0.8530922466 0.0130929341 0.0737541677 0.5163550296
1403715915.3340580463 -1.6699646271 1.3666947419 1.6292789122 -0.8469314662 0.0035053998 0.0612016548 0.5281563794
1403715915.3840582371 -1.6822690929 1.3920072051 1.6309813966 -0.8412082903 -0.0061949873 0.0497390305 0.5383830080
1403715915.4340581894 -1.6935231719 1.4189335474 1.6303418464 -0.8371088017 -0.0158578496 0.0390073066 0.5454134329
1403715915.4840581417 -1.7053069499 1.4453991108 1.6244657880 -0.8329395189 -0.0225036446 0.0318822297 0.5519862927
1403715915.5340580940 -1.7156295590 1.4748017357 1.6171747835 -0.8299071910 -0.0270744765 0.0275179272 0.5565642737
1403715915.5840582848 -1.7234163508 1.5038497935 1.6053813444 -0.8269563000 -0.0319848045 0.0238364351 0.5608494224
1403715915.6340579987 -1.7329365848 1.5336071488 1.5924970275 -0.8246071441 -0.0379184363 0.0181770503 0.5641408024
1403715915.6840581894 -1.7430294051 1.5666969800 1.5839905657 -0.8234743994 -0.0431589734 0.0134560438 0.5655494244
1403715915.7340581417 -1.7507185131 1.5970179350 1.5674958248 -0.8238147819 -0.0459768802 0.0130010602 0.5648418399
1403715915.7840580940 -1.7633007319 1.6286405419 1.5539136579 -0.8260007965 -0.0465462862 0.0145025448 0.5615565899
1403715915.8340580463 -1.7725871070 1.6599991087 1.5398476047 -0.8288951285 -0.0465178741 0.0173895872 0.5571952580
1403715915.8840582371 -1.7837887404 1.6920761552 1.5265421501 -0.8320149579 -0.0468112314 0.0197570549 0.5524214670
1403715915.9340581894 -1.7946154152 1.7263240715 1.5144800624 -0.8345792214 -0.0470474016 0.0220431238 0.5484324625
1403715915.9840581417 -1.8073277556 1.7615105920 1.5032287260 -0.8345264714 -0.0472712096 0.0239680580 0.5484127400
1403715916.0340580940 -1.8168366036 1.7981184695 1.4891567494 -0.8324461424 -0.0475018065 0.0260273443 0.5514522425
1403715916.0840582848 -1.8297964010 1.8348998486 1.4762652322 -0.8296954950 -0.0462584111 0.0259062683 0.5556927301
1403715916.1340579987 -1.8368523636 1.8752630624 1.4653046475 -0.8285121128 -0.0445823847 0.0246570048 0.5576487443
1403715916.1840581894 -1.8480703563 1.9141129139 1.4534636011 -0.8258976369 -0.0396460523 0.0213550973 0.5620188998
1403715916.2340581417 -1.8556054884 1.9544587551 1.4412190333 -0.8239472657 -0.0328265551 0.0178341992 0.5654336936
1403715916.2840580940 -1.8648203571 1.9951254150 1.4288015017 -0.8225058878 -0.0241008748 0.0118996284 0.5681211237
1403715916.3340580463 -1.8739575453 2.0365492915 1.4215259619 -0.8215979631 -0.0142283934 0.0043213684 0.5698733768
1403715916.3840582371 -1.8836442253 2.0785656881 1.4103612574 -0.8204464560 -0.0022183757 -0.0024924832 0.5717136339
1403715916.4340581894 -1.8910772727 2.1186990445 1.3963610986 -0.8187305935 0.0110850754 -0.0086922357 0.5740050360
1403715916.4840581417 -1.8999620600 2.1605124229 1.3883322173 -0.8187602574 0.0260187167 -0.0151972297 0.5733443219
1403715916.5340580940 -1.9055689437 2.2026679306 1.3773580756 -0.8190839610 0.0411380503 -0.0216928766 0.5717854009
1403715916.5840582848 -1.9134438070 2.2439340492 1.3696781056 -0.8191534916 0.0561314070 -0.0307366341 0.5699930540
1403715916.6340579987 -1.9192996671 2.2845508912 1.3595460027 -0.8183095756 0.0731837910 -0.0371728926 0.5688864098
1403715916.6840581894 -1.9246269699 2.3260648585 1.3510552982 -0.8175184646 0.0901388102 -0.0424481474 0.5672183968
1403715916.7340581417 -1.9315459846 2.3675723360 1.3434903534 -0.8161943183 0.1066910063 -0.0462970980 0.5659509190
1403715916.7840580940 -1.9338747826 2.4080672923 1.3345955464 -0.8143164902 0.1220410105 -0.0479352664 0.5654174173
1403715916.8340580463 -1.9350653404 2.4473576757 1.3245551367 -0.8124086747 0.1353658225 -0.0497627238 0.5649707166
1403715916.8840582371 -1.9338127650 2.4872427751 1.3201053844 -0.8100498034 0.1493256585 -0.0474929378 0.5650359144
1403715916.9340581894 -1.9311397669 2.5267995946 1.3140730381 -0.8065638675 0.1607759919 -0.0475892268 0.5668695385
1403715916.9840581417 -1.9275908321 2.5651823691 1.3074761033 -0.8031724011 0.1706918123 -0.0480040285 0.5687477583
1403715917.0340580940 -1.9208955792 2.6040900837 1.3055260324 -0.8001003722 0.1786273753 -0.0487151916 0.5705773263
1403715917.0840582848 -1.9094852234 2.6408060084 1.3014285091 -0.7953759620 0.1821378355 -0.0545187363 0.5755263637
1403715917.1340579987 -1.8972779283 2.6775614726 1.2985108836 -0.7872109448 0.1828658057 -0.0662051923 0.5852144034
1403715917.1840581894 -1.8808421146 2.7113400562 1.2958819439 -0.7797463088 0.1789048193 -0.0857465260 0.5938318725
1403715917.2340581417 -1.8636074385 2.7428763887 1.2954014211 -0.7730999355 0.1745388948 -0.1070066237 0.6003351118
1403715917.2840580940 -1.8462723636 2.7728915491 1.2936421178 -0.7685693949 0.1739754515 -0.1245756732 0.6029216609
1403715917.3340580463 -1.8307513625 2.8012594498 1.2915394699 -0.7636236693 0.1754603856 -0.1388402677 0.6056533042
1403715917.3840582371 -1.8142065736 2.8257734519 1.2885336913 -0.7605604556 0.1778323842 -0.1480489229 0.6066341179
1403715917.4340581894 -1.8001973632 2.8475402795 1.2864433998 -0.7594692184 0.1809294441 -0.1538156988 0.6056498769
1403715917.4840581417 -1.7882194634 2.8666785669 1.2844341912 -0.7611051585 0.1879856889 -0.1519288305 0.6019119113
1403715917.5340580940 -1.7776403268 2.8859410931 1.2823206698 -0.7655498898 0.1941768826 -0.1496909375 0.5948288222
1403715917.5840582848 -1.7683281478 2.9054799083 1.2811345103 -0.7697673545 0.2019955696 -0.1434120380 0.5882932917
1403715917.6340579987 -1.7598424019 2.9203769781 1.2729392149 -0.7712774373 0.2082722699 -0.1374693857 0.5855390202
1403715917.6840581894 -1.7507653529 2.9344227732 1.2679274767 -0.7704545053 0.2129730226 -0.1324697804 0.5860837006
1403715917.7340581417 -1.7408531364 2.9471725126 1.2611404670 -0.7666725696 0.2156428784 -0.1290022667 0.5908212379
1403715917.7840580940 -1.7306071418 2.9569407848 1.2531748408 -0.7622619869 0.2159881246 -0.1281468502 0.5965602888
1403715917.8340580463 -1.7214067817 2.9661939745 1.2461575200 -0.7579706333 0.2145000389 -0.1296819452 0.6022066469
1403715917.8840582371 -1.7106313295 2.9712244024 1.2413946210 -0.7546325305 0.2121427194 -0.1309523926 0.6069404265
1403715917.9340581894 -1.6991233356 2.9727387367 1.2367159718 -0.7525633763 0.2083535475 -0.1336405045 0.6102273178
1403715917.9840581417 -1.6892210744 2.9708864739 1.2306176887 -0.7512512050 0.2041656723 -0.1370523948 0.6124986909
1403715918.0340580940 -1.6793660636 2.9684007594 1.2252593418 -0.7511508188 0.1996410503 -0.1429073140 0.6127751611
1403715918.0840582848 -1.6687847752 2.9590805291 1.2210521776 -0.7525339331 0.1961049239 -0.1502941970 0.6104483539
1403715918.1340579987 -1.6611392176 2.9537426775 1.2172786964 -0.7552444634 0.1950564626 -0.1594323602 0.6050951161
1403715918.1840581894 -1.6523894333 2.9407624120 1.2132523245 -0.7555606157 0.1957988579 -0.1675716955 0.6022546721
1403715918.2340581417 -1.6467012242 2.9269581899 1.2105946943 -0.7538232251 0.2008112766 -0.1720136415 0.6015286224
1403715918.2840580940 -1.6405154113 2.9099242522 1.2062159487 -0.7514172669 0.2086993128 -0.1729561534 0.6015836242
1403715918.3340580463 -1.6377957866 2.8940688472 1.2034695894 -0.7512753728 0.2208636743 -0.1702750013 0.5981730314
1403715918.3840582371 -1.6341485769 2.8750536489 1.1949284612 -0.7526573801 0.2347359234 -0.1650051099 0.5926037699
1403715918.4340581894 -1.6323740077 2.8536793381 1.1825241480 -0.7540401264 0.2494833546 -0.1598345944 0.5862034169
1403715918.4840581417 -1.6299006151 2.8326184426 1.1680123290 -0.7560344191 0.2633526869 -0.1558910306 0.5785804232
1403715918.5340580940 -1.6284269045 2.8095825067 1.1546032609 -0.7572072560 0.2755506425 -0.1547587964 0.5716281394
1403715918.5840582848 -1.6252945383 2.7848157732 1.1364742995 -0.7572322025 0.2865212454 -0.1543438294 0.5662887512
1403715918.6340579987 -1.6207230917 2.7589435813 1.1153936099 -0.7567863004 0.2938122452 -0.1570272219 0.5623978233
1403715918.6840581894 -1.6145299638 2.7320595376 1.0975249477 -0.7576167801 0.2980809532 -0.1624822178 0.5574621859
1403715918.7340581417 -1.6080206953 2.7043233345 1.0813338816 -0.7598307136 0.2993252928 -0.1697491642 0.5515857840
1403715918.7840580940 -1.6000713084 2.6735750718 1.0665786016 -0.7622212980 0.2973321575 -0.1796388636 0.5462070667
1403715918.8340580463 -1.5905323164 2.6443402699 1.0550142447 -0.7672274389 0.2949454795 -0.1878990416 0.5376459534
1403715918.8840582371 -1.5818704310 2.6140512354 1.0460156663 -0.7733996265 0.2924436015 -0.1944965775 0.5277317870
1403715918.9340581894 -1.5726365672 2.5851353559 1.0407771741 -0.7795974355 0.2911969855 -0.1978441472 0.5179670333
1403715918.9840581417 -1.5624927542 2.5568820020 1.0386968250 -0.7856617191 0.2910490800 -0.1983887380 0.5085941454
1403715919.0340580940 -1.5514218275 2.5307398326 1.0388680629 -0.7909585768 0.2911224993 -0.1985181511 0.5002227143
1403715919.0840582848 -1.5406396440 2.5082498988 1.0427237228 -0.7959098973 0.2894404884 -0.2005602263 0.4924705419
1403715919.1340579987 -1.5277880009 2.4867971667 1.0479514970 -0.7988117351 0.2848959190 -0.2053607999 0.4884271379
1403715919.1840581894 -1.5154430713 2.4693250685 1.0542866289 -0.8005969548 0.2778431835 -0.2136216846 0.4860179598
1403715919.2340581417 -1.5017220175 2.4541494174 1.0593866571 -0.8006517790 0.2694897189 -0.2231116200 0.4863673767
1403715919.2840580940 -1.4874847464 2.4421021169 1.0656803003 -0.7988532672 0.2604255860 -0.2326795323 0.4897675029
1403715919.3340580463 -1.4745531494 2.4323162743 1.0710632245 -0.7966155046 0.2513528980 -0.2419112595 0.4936642595
1403715919.3840582371 -1.4632819991 2.4273176735 1.0762148246 -0.7934868505 0.2485196813 -0.2440636838 0.4990485991
1403715919.4340581894 -1.4527016072 2.4236806283 1.0790913201 -0.7901783538 0.2514047450 -0.2391974212 0.5051716709
1403715919.4840581417 -1.4432264806 2.4209677413 1.0780860806 -0.7865084849 0.2550730564 -0.2332436085 0.5118003109
1403715919.5340580940 -1.4351198349 2.4215850816 1.0746409998 -0.7831681173 0.2589795701 -0.2278845210 0.5173450756
1403715919.5840582848 -1.4271045368 2.4228994000 1.0690886448 -0.7803058597 0.2621702750 -0.2234160611 0.5219911645
1403715919.6340579987 -1.4213968969 2.4257403606 1.0590019082 -0.7780127118 0.2649459483 -0.2203399022 0.5253096156
1403715919.6840581894 -1.4155380655 2.4294035807 1.0472652635 -0.7768792751 0.2662804365 -0.2190436704 0.5268521534
1403715919.7340581417 -1.4095725883 2.4343591110 1.0330482045 -0.7766626206 0.2662417546 -0.2197348395 0.5269033139
1403715919.7840580940 -1.4043038995 2.4399972739 1.0153656520 -0.7764707918 0.2643958552 -0.2229819674 0.5267513488
1403715919.8340580463 -1.4001434381 2.4464321453 0.9972523388 -0.7762830036 0.2633814425 -0.2246983997 0.5268069316
1403715919.8840582371 -1.3966614862 2.4535268842 0.9788325128 -0.7768156109 0.2620331666 -0.2262353666 0.5260358213
1403715919.9340581894 -1.3945488913 2.4619468475 0.9618752120 -0.7784790626 0.2623310044 -0.2253239680 0.5238147598
1403715919.9840581417 -1.3932462437 2.4711236092 0.9451863792 -0.7813865077 0.2640184475 -0.2218835804 0.5200933202
1403715920.0340580940 -1.3929439618 2.4826713487 0.9324189628 -0.7839513889 0.2649195578 -0.2194260988 0.5168075415
1403715920.0840582848 -1.3934419145 2.4957891951 0.9220025985 -0.7860847712 0.2663489332 -0.2161968198 0.5141866523
1403715920.1340579987 -1.3947415848 2.5099402891 0.9147986629 -0.7880151333 0.2677658717 -0.2127273421 0.5119381463
1403715920.1840581894 -1.3947430155 2.5258412238 0.9104004147 -0.7890050185 0.2689442425 -0.2094789300 0.5111346721
1403715920.2340581417 -1.3959107306 2.5448517500 0.9085322192 -0.7889170944 0.2710306046 -0.2051955248 0.5119052902
1403715920.2840580940 -1.3968348981 2.5649650796 0.9128787844 -0.7872473719 0.2714056526 -0.2009391520 0.5159496142
1403715920.3340580463 -1.3970792789 2.5858154440 0.9177664407 -0.7845777374 0.2709425782 -0.1962066184 0.5220448794
1403715920.3840582371 -1.3983901157 2.6076223040 0.9260311082 -0.7825827856 0.2698774186 -0.1930831567 0.5267345225
1403715920.4340581894 -1.3980185678 2.6305163088 0.9351840503 -0.7790036372 0.2693593102 -0.1894303791 0.5335869439
1403715920.4840581417 -1.3985679439 2.6541271111 0.9449443849 -0.7757749824 0.2683778837 -0.1871067235 0.5395716470
1403715920.5340580940 -1.3971473121 2.6766814698 0.9539737507 -0.7718001932 0.2671248581 -0.1846537548 0.5466916525
1403715920.5840582848 -1.3968193653 2.6995223268 0.9623713880 -0.7676495234 0.2661847036 -0.1834375990 0.5533629551
1403715920.6340579987 -1.3947048804 2.7206169613 0.9710223716 -0.7640604234 0.2649072520 -0.1814922387 0.5595501626
1403715920.6840581894 -1.3947693737 2.7425166466 0.9806342775 -0.7606805606 0.2635165591 -0.1804473552 0.5651219866
1403715920.7340581417 -1.3946500414 2.7617208695 0.9907945484 -0.7574132756 0.2603799076 -0.1802466936 0.5709978661
1403715920.7840580940 -1.3945335421 2.7798614293 1.0049815760 -0.7555704729 0.2568598169 -0.1778958251 0.5757511358
1403715920.8340580463 -1.3963549632 2.7973032018 1.0211551283 -0.7557893871 0.2520202282 -0.1767910693 0.5779386859
1403715920.8840582371 -1.3971051383 2.8109035544 1.0367117301 -0.7572650835 0.2473560292 -0.1727725986 0.5792358909
1403715920.9340581894 -1.3998633907 2.8250909517 1.0573265320 -0.7606513830 0.2436099377 -0.1664182319 0.5782461794
1403715920.9840581417 -1.4030094903 2.8355239921 1.0783990738 -0.7664566672 0.2401635692 -0.1580649481 0.5743527745
1403715921.0340580940 -1.4052905292 2.8443450964 1.1013539440 -0.7722610023 0.2360560897 -0.1494708440 0.5705689561
1403715921.0840582848 -1.4072650054 2.8523527518 1.1264334940 -0.7785145312 0.2302527362 -0.1426782033 0.5661640508
1403715921.1340579987 -1.4088516883 2.8597181404 1.1498601204 -0.7835153612 0.2242437882 -0.1374054516 0.5629725962
1403715921.1840581894 -1.4086885425 2.8661886595 1.1748066917 -0.7866728956 0.2176753815 -0.1341667634 0.5619274537
1403715921.2340581417 -1.4083350388 2.8722393603 1.1976953720 -0.7892676611 0.2121020758 -0.1317478272 0.5609917812
1403715921.2840580940 -1.4072553334 2.8789372556 1.2227227556 -0.7916331372 0.2060635857 -0.1320890129 0.5598278908
1403715921.3340580463 -1.4042655643 2.8834601291 1.2462094989 -0.7944624918 0.2000764196 -0.1328682028 0.5578035642
1403715921.3840582371 -1.4010294896 2.8887615130 1.2692687215 -0.7972246172 0.1945926715 -0.1344508122 0.5554183838
1403715921.4340581894 -1.3968771396 2.8936161895 1.2924034481 -0.7995750324 0.1896175164 -0.1364242053 0.5532751586
1403715921.4840581417 -1.3952207857 2.9010410048 1.3154818213 -0.8011540422 0.1870022788 -0.1378606579 0.5515222456
1403715921.5340580940 -1.3917458131 2.9087431250 1.3398062883 -0.8017211945 0.1846198894 -0.1387382587 0.5512806167
1403715921.5840582848 -1.3884651967 2.9181356842 1.3684806489 -0.8029294234 0.1833865567 -0.1393068491 0.5497884262
1403715921.6340579987 -1.3843278087 2.9256319679 1.3975557194 -0.8024583737 0.1820636788 -0.1402579162 0.5506733082
1403715921.6840581894 -1.3824221664 2.9343578802 1.4285748778 -0.8027782354 0.1831415922 -0.1394169427 0.5500628856
1403715921.7340581417 -1.3788040512 2.9445680800 1.4615268773 -0.8027558451 0.1840024133 -0.1386763101 0.5499954963
1403715921.7840580940 -1.3764679944 2.9555649647 1.4944219363 -0.8011597500 0.1874242222 -0.1350665225 0.5520618175
1403715921.8340580463 -1.3744372272 2.9681360219 1.5275050576 -0.8004272889 0.1901254016 -0.1329630997 0.5527108657
1403715921.8840582371 -1.3714214273 2.9801258572 1.5588318334 -0.7995980033 0.1927033058 -0.1307211796 0.5535525651
1403715921.9340581894 -1.3672650264 2.9915413074 1.5874033359 -0.7981635251 0.1945275266 -0.1296939744 0.5552238302
1403715921.9840581417 -1.3641819327 3.0029715273 1.6113164577 -0.7970759617 0.1963426770 -0.1292566559 0.5562483091
1403715922.0340580940 -1.3601463292 3.0152891178 1.6367407246 -0.7967599041 0.1968031587 -0.1308383643 0.5561685845
1403715922.0840582848 -1.3555323568 3.0303262123 1.6630709684 -0.7959028281 0.1967119520 -0.1332308546 0.5568596193
1403715922.1340579987 -1.3496107401 3.0409984345 1.6908464740 -0.7935172352 0.1975877015 -0.1335579702 0.5598676329
1403715922.1840581894 -1.3448107840 3.0536590145 1.7190473525 -0.7907485822 0.1978083032 -0.1349225080 0.5633688594
1403715922.2340581417 -1.3386009135 3.0637904102 1.7508233265 -0.7876412647 0.1982910839 -0.1354989031 0.5673992699
1403715922.2840580940 -1.3329073308 3.0740250193 1.7854261655 -0.7853093899 0.1976083972 -0.1368225167 0.5705433222
1403715922.3340580463 -1.3261946297 3.0820705811 1.8206625998 -0.7833150514 0.1963696984 -0.1383981042 0.5733257683
1403715922.3840582371 -1.3210326501 3.0918501898 1.8568569481 -0.7829563724 0.1942580296 -0.1416207736 0.5737479353
1403715922.4340581894 -1.3144897905 3.0993029461 1.8923682156 -0.7838068214 0.1912682718 -0.1446089126 0.5728451600
1403715922.4840581417 -1.3127475482 3.1061970809 1.9227494178 -0.7828306956 0.1906712786 -0.1456741421 0.5741076640
1403715922.5340580940 -1.3085313721 3.1118943087 1.9571005478 -0.7828827746 0.1909150441 -0.1443558911 0.5742885894
1403715922.5840582848 -1.3044806602 3.1174773248 1.9920480360 -0.7820314531 0.1920582233 -0.1418669989 0.5756858517
1403715922.6340579987 -1.3035748865 3.1223928301 2.0228029417 -0.7802374913 0.1931698146 -0.1403238819 0.5781211708
1403715922.6840581894 -1.3020634577 3.1250431098 2.0506982870 -0.7791970140 0.1938353225 -0.1392602225 0.5795571341
1403715922.7340581417 -1.2992692383 3.1272627694 2.0768770968 -0.7795923310 0.1931798579 -0.1394627534 0.5791955459
1403715922.7840580940 -1.2980868409 3.1296092488 2.1005850199 -0.7803656320 0.1913923512 -0.1417103334 0.5782012018
1403715922.8340580463 -1.2963120779 3.1303348429 2.1200589444 -0.7816246116 0.1895518436 -0.1441153268 0.5765100500
1403715922.8840582371 -1.2940050383 3.1296485903 2.1358118308 -0.7826842401 0.1871911938 -0.1461620366 0.5753272949
1403715922.9340581894 -1.2936090946 3.1289717438 2.1501800233 -0.7838076911 0.1857057723 -0.1478943972 0.5738345726
1403715922.9840581417 -1.2931973132 3.1267306698 2.1613634763 -0.7840365514 0.1841872323 -0.1492935173 0.5736490175
1403715923.0340580940 -1.2951602819 3.1263981936 2.1736055685 -0.7847075396 0.1831850414 -0.1510180828 0.5726000843
1403715923.0840582848 -1.2963088252 3.1228225579 2.1842803744 -0.7854425926 0.1824047589 -0.1517963558 0.5716347645
1403715923.1340579987 -1.2974117316 3.1199488577 2.1963419489 -0.7870298026 0.1818938541 -0.1514680367 0.5696982969
1403715923.1840581894 -1.3025502642 3.1173147607 2.2090700293 -0.7892179314 0.1821093902 -0.1515789643 0.5665642455
1403715923.2340581417 -1.3060619654 3.1128058662 2.2252004478 -0.7918910071 0.1820121174 -0.1511430728 0.5629706861
1403715923.2840580940 -1.3115392079 3.1098601830 2.2431422147 -0.7940076279 0.1836665545 -0.1485752442 0.5601284500
1403715923.3340580463 -1.3163159145 3.1066974083 2.2649329960 -0.7953758786 0.1860230665 -0.1445656972 0.5584562559
1403715923.3840582371 -1.3219455017 3.1031391434 2.2885951249 -0.7961672932 0.1903160943 -0.1378237926 0.5575858926
1403715923.4340581894 -1.3274347049 3.1001917247 2.3091256498 -0.7960955954 0.1942264712 -0.1315312470 0.5578596705
1403715923.4840581417 -1.3344694591 3.0980136959 2.3259558064 -0.7953449481 0.1986714135 -0.1253119009 0.5587960365
1403715923.5340580940 -1.3389678950 3.0951460612 2.3417264738 -0.7943415054 0.2028526320 -0.1187699489 0.5601482677
1403715923.5840582848 -1.3447105533 3.0927740999 2.3537468797 -0.7927166314 0.2069803302 -0.1133119190 0.5620675175
1403715923.6340579987 -1.3476199009 3.0889415366 2.3607740853 -0.7910661822 0.2100041096 -0.1083001860 0.5642549416
1403715923.6840581894 -1.3495319895 3.0836243867 2.3627102043 -0.7895260617 0.2120257456 -0.1043723823 0.5663921670
1403715923.7340581417 -1.3528382178 3.0814341095 2.3599905585 -0.7880474768 0.2138130568 -0.1024716534 0.5681238520
1403715923.7840580940 -1.3531508533 3.0757249195 2.3509284173 -0.7857851898 0.2147792833 -0.1007006550 0.5712012544
1403715923.8340580463 -1.3507858854 3.0697658420 2.3388820952 -0.7836906663 0.2135292939 -0.1015676347 0.5743850588
1403715923.8840582371 -1.3486232496 3.0637670926 2.3248913790 -0.7801107438 0.2117483331 -0.1038509914 0.5794867060
1403715923.9340581894 -1.3466339783 3.0572688622 2.3073537113 -0.7760628292 0.2102296844 -0.1067642656 0.5849199573
1403715923.9840581417 -1.3417989436 3.0494199009 2.2891533856 -0.7733516598 0.2074423149 -0.1103603715 0.5888255129
1403715924.0340580940 -1.3369034289 3.0395500396 2.2673760824 -0.7714409193 0.2046905680 -0.1141676027 0.5915627084
1403715924.0840582848 -1.3322398150 3.0280757759 2.2417112656 -0.7698721623 0.2014682305 -0.1198006981 0.5935951470
1403715924.1340579987 -1.3258592525 3.0148952294 2.2171445171 -0.7698838376 0.1981804571 -0.1241716377 0.5937885039
1403715924.1840581894 -1.3205704657 3.0005057259 2.1908119706 -0.7704264639 0.1959265105 -0.1280192978 0.5930151141
1403715924.2340581417 -1.3158398194 2.9842999632 2.1631996941 -0.7721142908 0.1940269501 -0.1316646899 0.5906415783
1403715924.2840580940 -1.3093143810 2.9663388232 2.1403412184 -0.7743104776 0.1930974043 -0.1326105853 0.5878529659
1403715924.3340580463 -1.3016247914 2.9459194212 2.1151511350 -0.7770253998 0.1916019669 -0.1342084399 0.5843871225
1403715924.3840582371 -1.2935243027 2.9251087645 2.0903267006 -0.7802618427 0.1903713774 -0.1351947214 0.5802349376
1403715924.4340581894 -1.2873800052 2.9039056783 2.0659851456 -0.7834508101 0.1917322039 -0.1340979241 0.5757267902
1403715924.4840581417 -1.2821734176 2.8827406862 2.0405406620 -0.7875118689 0.1926915616 -0.1336014056 0.5699523515
1403715924.5340580940 -1.2758588572 2.8608073731 2.0181624499 -0.7918475033 0.1942574649 -0.1323215658 0.5636777200
1403715924.5840582848 -1.2694034072 2.8389332629 1.9939039410 -0.7942955044 0.1956487269 -0.1315392264 0.5599229048
1403715924.6340579987 -1.2631601165 2.8174656982 1.9707401618 -0.7954311635 0.2000594332 -0.1279449407 0.5575801104
1403715924.6840581894 -1.2555505273 2.7954127043 1.9489421493 -0.7953680188 0.2066473603 -0.1245152444 0.5560418482
1403715924.7340581417 -1.2474494619 2.7731179835 1.9255896395 -0.7930873170 0.2141182338 -0.1235517203 0.5566874006
1403715924.7840580940 -1.2378837943 2.7523079430 1.9027837989 -0.7906124984 0.2226794655 -0.1243857064 0.5566632097
1403715924.8340580463 -1.2250355038 2.7308271054 1.8793881914 -0.7867357287 0.2313708244 -0.1273971363 0.5579286733
1403715924.8840582371 -1.2108749967 2.7084471283 1.8575727191 -0.7830599382 0.2412013267 -0.1322608529 0.5578047328
1403715924.9340581894 -1.1960662242 2.6865128792 1.8343512602 -0.7773557363 0.2518421189 -0.1389577431 0.5594500442
1403715924.9840581417 -1.1813821851 2.6638287404 1.8148860149 -0.7715051371 0.2611367624 -0.1500147604 0.5604310720
1403715925.0340580940 -1.1640518563 2.6417482492 1.7948718689 -0.7638018379 0.2708245614 -0.1627853683 0.5628158964
1403715925.0840582848 -1.1477309693 2.6159798453 1.7768146234 -0.7551967421 0.2788008999 -0.1782189795 0.5658497453
1403715925.1340579987 -1.1315076762 2.5894134182 1.7613456459 -0.7470202425 0.2875462836 -0.1933472785 0.5673576667
1403715925.1840581894 -1.1136805244 2.5621431007 1.7507317314 -0.7402780229 0.2969646469 -0.2068126659 0.5665941833
1403715925.2340581417 -1.0971566643 2.5296691517 1.7398827239 -0.7337049507 0.3085641361 -0.2161177051 0.5654718002
1403715925.2840580940 -1.0817114793 2.4988319191 1.7343514809 -0.7288439679 0.3217946627 -0.2244406167 0.5611248302
1403715925.3340580463 -1.0659391916 2.4639599787 1.7305754766 -0.7246564392 0.3364712966 -0.2292276249 0.5559809418
1403715925.3840582371 -1.0499458429 2.4284368437 1.7275049415 -0.7208027614 0.3521704990 -0.2336143744 0.5494029877
1403715925.4340581894 -1.0359578153 2.3927165374 1.7263128520 -0.7171621794 0.3682748109 -0.2370630692 0.5420822570
1403715925.4840581417 -1.0223100801 2.3545789613 1.7253090996 -0.7143749588 0.3840621966 -0.2405502114 0.5331981275
1403715925.5340580940 -1.0069327358 2.3140244384 1.7239066053 -0.7103916307 0.3991762822 -0.2446113457 0.5255162379
1403715925.5840582848 -0.9910695709 2.2767287703 1.7229731497 -0.7060484409 0.4127727798 -0.2512352356 0.5176824197
1403715925.6340579987 -0.9748078744 2.2350979594 1.7216697628 -0.7001584407 0.4259234770 -0.2582567110 0.5115377023
1403715925.6840581894 -0.9586585302 2.1936832962 1.7201648594 -0.6931462349 0.4380436658 -0.2671525963 0.5062563918
1403715925.7340581417 -0.9409094624 2.1500258503 1.7196094200 -0.6854487414 0.4498131479 -0.2762771105 0.5014968726
1403715925.7840580940 -0.9223122832 2.1053610519 1.7166395585 -0.6777276111 0.4618706830 -0.2848039674 0.4962332692
1403715925.8340580463 -0.9053115261 2.0607270586 1.7163344484 -0.6692066523 0.4733503639 -0.2945333558 0.4912758816
1403715925.8840582371 -0.8865458407 2.0147073564 1.7132954608 -0.6601958722 0.4842053167 -0.3049988871 0.4864794964
1403715925.9340581894 -0.8685174019 1.9654818320 1.7133338944 -0.6517259801 0.4942657697 -0.3163799033 0.4804772133
1403715925.9840581417 -0.8494458505 1.9158832409 1.7116244697 -0.6423946340 0.5041307059 -0.3282760510 0.4747801596
1403715926.0340580940 -0.8298004654 1.8628251483 1.7095772405 -0.6317008883 0.5142831922 -0.3389018185 0.4707572021
1403715926.0840582848 -0.8106839071 1.8110150174 1.7054986604 -0.6182511706 0.5252882654 -0.3495988064 0.4686346156
1403715926.1340579987 -0.7913757693 1.7581299403 1.6983534471 -0.6041408902 0.5357689667 -0.3610632313 0.4664748032
1403715926.1840581894 -0.7740641949 1.7039232595 1.6898781800 -0.5897113066 0.5468151167 -0.3722401762 0.4633260776
1403715926.2340581417 -0.7562047929 1.6478282347 1.6761966536 -0.5755509606 0.5577298008 -0.3829141474 0.4594075716
1403715926.2840580940 -0.7415133194 1.5922297669 1.6615636788 -0.5615398400 0.5687049441 -0.3936820635 0.4541609050
1403715926.3340580463 -0.7255422363 1.5333313382 1.6415129105 -0.5481635659 0.5781114610 -0.4059789632 0.4477554300
1403715926.3840582371 -0.7140787298 1.4747402695 1.6227078826 -0.5352629043 0.5874922024 -0.4180483872 0.4399796374
1403715926.4340581894 -0.7028008063 1.4138861084 1.6015286705 -0.5224867801 0.5941057922 -0.4329286231 0.4319938420
1403715926.4840581417 -0.6937781865 1.3544308317 1.5810483441 -0.5097027161 0.5999329290 -0.4481829835 0.4235748283
1403715926.5340580940 -0.6904000936 1.2943924405 1.5621015847 -0.4979759598 0.6073217006 -0.4605483517 0.4136127551
1403715926.5840582848 -0.6872273684 1.2346113866 1.5413201204 -0.4881331188 0.6157471451 -0.4704656908 0.4015514231
1403715926.6340579987 -0.6890138870 1.1719697117 1.5212186818 -0.4795832382 0.6264570406 -0.4763181754 0.3881655442
1403715926.6840581894 -0.6907692313 1.1115195390 1.4984117163 -0.4708911331 0.6382077323 -0.4800857741 0.3747933841
1403715926.7340581417 -0.6961585913 1.0517943291 1.4783153417 -0.4636750268 0.6495010474 -0.4834534843 0.3597590687
1403715926.7840580940 -0.7035882330 0.9918311929 1.4591649776 -0.4573800664 0.6595192269 -0.4872936287 0.3440679928
1403715926.8340580463 -0.7120927186 0.9337790113 1.4399024119 -0.4524070824 0.6685252943 -0.4912947416 0.3271562923
1403715926.8840582371 -0.7210060094 0.8766879371 1.4238826273 -0.4465843964 0.6772422021 -0.4940433613 0.3127723353
1403715926.9340581894 -0.7327357920 0.8179395242 1.4121643487 -0.4403391898 0.6846979252 -0.4969381511 0.3005704959
1403715926.9840581417 -0.7435794521 0.7634236762 1.4045709441 -0.4337664938 0.6921893657 -0.4989049210 0.2895071515
1403715927.0340580940 -0.7523885025 0.7087120035 1.3979280066 -0.4261888452 0.6974523784 -0.5029230540 0.2810545319
1403715927.0840582848 -0.7640093936 0.6538354224 1.3933285492 -0.4173261953 0.7006528743 -0.5091656098 0.2750904910
1403715927.1340579987 -0.7735213752 0.6023442176 1.3897334341 -0.4089873263 0.7033001652 -0.5159532701 0.2681239783
1403715927.1840581894 -0.7848083093 0.5518474311 1.3858064663 -0.4031947864 0.7024016688 -0.5271154641 0.2573230410
1403715927.2340581417 -0.7924264811 0.5033418696 1.3784900199 -0.3973876419 0.7012598428 -0.5382537653 0.2461718487
1403715927.2840580940 -0.8024555169 0.4566482191 1.3743221067 -0.3925329748 0.6998575434 -0.5488196986 0.2343378354
1403715927.3340580463 -0.8118776812 0.4124776815 1.3691044504 -0.3869380367 0.6979217797 -0.5594279501 0.2241082635
1403715927.3840582371 -0.8215312086 0.3723868784 1.3664886718 -0.3790455535 0.6953457674 -0.5704651477 0.2176884184
1403715927.4340581894 -0.8304710166 0.3356468156 1.3652275202 -0.3700566166 0.6937880516 -0.5802454682 0.2122061184
1403715927.4840581417 -0.8385617201 0.3028268546 1.3608524509 -0.3563114346 0.6930675940 -0.5891934359 0.2134257874
1403715927.5340580940 -0.8483785433 0.2727621278 1.3590906091 -0.3405554464 0.6947473633 -0.5950885009 0.2172964916
1403715927.5840582848 -0.8601265435 0.2442303569 1.3579020145 -0.3244404197 0.6966561328 -0.6007068708 0.2203631140
1403715927.6340579987 -0.8716295740 0.2225810487 1.3577379657 -0.3071527298 0.6996293840 -0.6055004930 0.2225872381
1403715927.6840581894 -0.8848047821 0.2042676329 1.3552429106 -0.2909696751 0.7035753042 -0.6097311873 0.2203322915
1403715927.7340581417 -0.8991838058 0.1886497286 1.3515918864 -0.2761694490 0.7084907263 -0.6134145518 0.2132930235
1403715927.7840580940 -0.9213342504 0.1755051839 1.3469618288 -0.2633144520 0.7139874384 -0.6166885062 0.2014515414
1403715927.8340580463 -0.9409374143 0.1671938750 1.3418429038 -0.2508591053 0.7198183684 -0.6199493005 0.1859948671
1403715927.8840582371 -0.9621142110 0.1630026841 1.3371908059 -0.2375947389 0.7264296423 -0.6220751226 0.1699154398
1403715927.9340581894 -0.9875840863 0.1605061067 1.3315129869 -0.2252919139 0.7330674750 -0.6236724309 0.1512888942
1403715927.9840581417 -1.0127759533 0.1622578320 1.3249388337 -0.2113797788 0.7405064762 -0.6238864662 0.1331706618
1403715928.0340580940 -1.0386832186 0.1679922964 1.3166203620 -0.1955859648 0.7476749926 -0.6239350082 0.1159022922
1403715928.0840582848 -1.0644277098 0.1758914430 1.3062406990 -0.1770295201 0.7556416862 -0.6223108295 0.1019579457
1403715928.1340579987 -1.0917479491 0.1869512868 1.2935929548 -0.1560908760 0.7645998708 -0.6188341066 0.0898166165
1403715928.1840581894 -1.1183331687 0.2005309893 1.2774607712 -0.1347986037 0.7730449777 -0.6151073319 0.0766405195
1403715928.2340581417 -1.1447042342 0.2148623529 1.2581598813 -0.1114950580 0.7781443448 -0.6146263095 0.0655341927
1403715928.2840580940 -1.1719733739 0.2338139094 1.2386680901 -0.0886660461 0.7803294878 -0.6167541162 0.0532783534
1403715928.3340580463 -1.1981200331 0.2517835584 1.2152724847 -0.0658575891 0.7790913989 -0.6220806663 0.0411705582
1403715928.3840582371 -1.2244617372 0.2734427117 1.1932564610 -0.0446520234 0.7769135741 -0.6273988236 0.0279680416
1403715928.4340581894 -1.2515763698 0.2987882372 1.1702900266 -0.0237085437 0.7751697164 -0.6310728046 0.0172316861
1403715928.4840581417 -1.2784613487 0.3272602879 1.1478667139 -0.0035482851 0.7762245511 -0.6304018574 0.0075069411
1403715928.5340580940 -1.3068014844 0.3584044517 1.1227287499 -0.0144893111 -0.7802643154 0.6252786028 0.0020800948
1403715928.5840582848 -1.3344585416 0.3920743384 1.1001715376 -0.0309347791 -0.7854642526 0.6180598709 0.0095364181
1403715928.6340579987 -1.3610971994 0.4280808781 1.0776019115 -0.0437261803 -0.7890316484 0.6125501179 0.0173041053
1403715928.6840581894 -1.3887490021 0.4672421430 1.0584306573 -0.0522492231 -0.7938126301 0.6053863318 0.0252767934
1403715928.7340581417 -1.4156203506 0.5084161696 1.0399993899 -0.0579025417 -0.8015712015 0.5942085689 0.0323586358
1403715928.7840580940 -1.4425355897 0.5507727007 1.0263436370 -0.0616272383 -0.8125361435 0.5784428659 0.0372954406
1403715928.8340580463 -1.4685342062 0.5940526461 1.0169956787 -0.0621210595 -0.8239978973 0.5617927218 0.0394636149
1403715928.8840582371 -1.4953579926 0.6369072430 1.0141886527 -0.0599674861 -0.8353423198 0.5450988527 0.0383972684
1403715928.9340581894 -1.5208507704 0.6777928348 1.0176468042 -0.0548217524 -0.8446548240 0.5313134521 0.0354798452
1403715928.9840581417 -1.5457758316 0.7143203454 1.0291904613 -0.0471455019 -0.8539867399 0.5172472109 0.0306475530
1403715929.0340580940 -1.5719108813 0.7471449148 1.0463070309 -0.0386321713 -0.8614296605 0.5057892825 0.0249739284
1403715929.0840582848 -1.5976179796 0.7752699208 1.0689390609 -0.0307049989 -0.8676502073 0.4958638473 0.0189569442
1403715929.1340579987 -1.6242401505 0.7986958996 1.0934370386 -0.0213020416 -0.8727688048 0.4874292974 0.0152812431
1403715929.1840581894 -1.6506657641 0.8170381696 1.1172895628 -0.0119735229 -0.8771091918 0.4799896246 0.0120855596
1403715929.2340581417 -1.6789114229 0.8309600695 1.1393856433 -0.0010592190 -0.8795428448 0.4756856933 0.0112420368
1403715929.2840580940 -1.7058465926 0.8392634980 1.1610685492 0.0124505993 -0.8790946089 0.4762170610 0.0159675312
1403715929.3340580463 -1.7317636888 0.8421324012 1.1804915226 0.0289030891 -0.8735912579 0.4851155767 0.0258031558
1403715929.3840582371 -1.7572515313 0.8396787038 1.1987224195 0.0473888646 -0.8650765076 0.4978348312 0.0394640636
1403715929.4340581894 -1.7812958299 0.8334696338 1.2155046398 0.0660806864 -0.8540778457 0.5129925760 0.0549817553
1403715929.4840581417 -1.8021944524 0.8246498587 1.2303000135 0.0831594752 -0.8418811807 0.5285279763 0.0705603111
1403715929.5340580940 -1.8160349099 0.8146084420 1.2436939613 0.0988206829 -0.8300790745 0.5418175663 0.0873895165
1403715929.5840582848 -1.8250185280 0.8023253691 1.2589817480 0.1110985612 -0.8188514991 0.5539020333 0.1016458045
1403715929.6340579987 -1.8273759875 0.7898097461 1.2739140934 0.1192562042 -0.8113281957 0.5610228680 0.1130391886
1403715929.6840581894 -1.8216568655 0.7773200223 1.2896250370 0.1166859789 -0.8093491358 0.5645113024 0.1125404292
1403715929.7340581417 -1.8086879399 0.7654009796 1.3046252755 0.1050558295 -0.8126864653 0.5640850509 0.1015482014
1403715929.7840580940 -1.7888540654 0.7540286091 1.3209185821 0.0893062588 -0.8160676564 0.5646720799 0.0848729317
1403715929.8340580463 -1.7659526558 0.7418496602 1.3367398338 0.0741911528 -0.8170967550 0.5676750628 0.0677760207
1403715929.8840582371 -1.7375978086 0.7294383863 1.3521374400 0.0569662929 -0.8158157672 0.5735322271 0.0475421905
1403715929.9340581894 -1.7073361411 0.7172528242 1.3619311165 0.0389787592 -0.8139574637 0.5790088470 0.0265077101
1403715929.9840581417 -1.6773261516 0.7048425559 1.3701428100 0.0231653989 -0.8109842214 0.5845574214 0.0077831925
1403715930.0340580940 -1.6464385191 0.6929663409 1.3738034984 -0.0095456523 0.8081980477 -0.5887806040 0.0078864790
1403715930.0840582848 -1.6151936449 0.6819365621 1.3761586560 0.0041572488 0.8055577352 -0.5920371175 0.0234841218
1403715930.1340579987 -1.5857671796 0.6728403439 1.3779095944 0.0152686174 0.8029037930 -0.5948410831 0.0357275006
1403715930.1840581894 -1.5589589598 0.6637800358 1.3791939267 0.0259423993 0.8005332395 -0.5968548762 0.0473051907
1403715930.2340581417 -1.5350628122 0.6558322056 1.3813288548 0.0348406364 0.7991908603 -0.5974089370 0.0564150761
1403715930.2840580940 -1.5153286979 0.6500570121 1.3826120656 0.0416592059 0.7978471385 -0.5981455179 0.0626609414
1403715930.3340580463 -1.4981011388 0.6453307259 1.3834253390 0.0444468291 0.7985974728 -0.5969091111 0.0629767328
1403715930.3840582371 -1.4850976345 0.6420765724 1.3830946994 0.0440538474 0.8021197347 -0.5925397237 0.0596646087
1403715930.4340581894 -1.4767518540 0.6396736186 1.3830328839 0.0406357192 0.8078425855 -0.5856211490 0.0527917152
1403715930.4840581417 -1.4720042454 0.6380736135 1.3786288926 0.0372359534 0.8141258814 -0.5777009703 0.0455425287
1403715930.5340580940 -1.4676143857 0.6365158313 1.3731528583 0.0344614697 0.8197246537 -0.5703966796 0.0388783625
1403715930.5840582848 -1.4654302607 0.6344918009 1.3647047427 0.0321826931 0.8260751365 -0.5616502998 0.0333629106
1403715930.6340579987 -1.4668826185 0.6320582838 1.3563179706 0.0309827020 0.8316059881 -0.5537285012 0.0292625987
1403715930.6840581894 -1.4711527771 0.6285197238 1.3495325119 0.0312091154 0.8361421216 -0.5469124485 0.0279126714
1403715930.7340581417 -1.4763381728 0.6237844150 1.3456890358 0.0322060965 0.8386101626 -0.5430954463 0.0272598378
1403715930.7840580940 -1.4837722710 0.6167122928 1.3458824067 0.0332266894 0.8405539945 -0.5400717129 0.0262204955
1403715930.8340580463 -1.4947010880 0.6084457115 1.3495462236 0.0306380271 0.8423568540 -0.5376363142 0.0210579084
1403715930.8840582371 -1.5072730314 0.5973614617 1.3569016142 0.0248573986 0.8442808750 -0.5351983525 0.0116033353
1403715930.9340581894 -1.5208431289 0.5836661819 1.3661550263 0.0184508158 0.8450403646 -0.5343823238 0.0013716942
1403715930.9840581417 -1.5359718146 0.5683137568 1.3763657019 -0.0129564977 -0.8466281902 0.5319864877 0.0065737132
1403715931.0340580940 -1.5498557140 0.5510431539 1.3862911259 -0.0096142313 -0.8498767540 0.5267439338 0.0125657368
1403715931.0840582848 -1.5631766995 0.5306807915 1.3931289162 -0.0077535375 -0.8534375041 0.5208712714 0.0166561676
1403715931.1340579987 -1.5778795725 0.5094785888 1.3986843338 -0.0070055852 -0.8568966167 0.5151086290 0.0184989316
1403715931.1840581894 -1.5905592757 0.4846960954 1.4035445138 -0.0061567739 -0.8591922343 0.5112232704 0.0200391215
1403715931.2340581417 -1.6046995855 0.4554852174 1.4111119374 -0.0061934884 -0.8600985239 0.5096761448 0.0205523077
1403715931.2840580940 -1.6178186414 0.4232395206 1.4213963248 -0.0064296895 -0.8603831816 0.5091864043 0.0207037589
1403715931.3340580463 -1.6293875688 0.3869146908 1.4355045552 -0.0082926542 -0.8591191015 0.5113694055 0.0186261223
1403715931.3840582371 -1.6413524580 0.3470544753 1.4528977680 -0.0096139203 -0.8575059728 0.5141024113 0.0170232159
1403715931.4340581894 -1.6528970939 0.3037037269 1.4721315646 -0.0093172084 -0.8552635686 0.5178425175 0.0166296411
1403715931.4840581417 -1.6646509457 0.2586476789 1.4909924303 -0.0094212177 -0.8534830100 0.5208106309 0.0153061732
1403715931.5340580940 -1.6766560219 0.2106736934 1.5075224170 -0.0083513412 -0.8516503778 0.5238291572 0.0149967683
1403715931.5840582848 -1.6869937696 0.1607614701 1.5202450063 -0.0059801882 -0.8494027813 0.5274645650 0.0161333563
1403715931.6340579987 -1.6978870889 0.1089470815 1.5295080683 -0.0034473410 -0.8478041493 0.5300246119 0.0170338206
1403715931.6840581894 -1.7070653603 0.0561777254 1.5360313797 0.0000662244 -0.8455828712 0.5335067399 0.0189779335
1403715931.7340581417 -1.7167340924 0.0019546105 1.5403974445 0.0036015165 -0.8440768485 0.5358100600 0.0207094779
1403715931.7840580940 -1.7254170188 -0.0537856135 1.5419059308 0.0065845615 -0.8422863977 0.5385620853 0.0214743559
1403715931.8340580463 -1.7335284851 -0.1101646952 1.5451813504 0.0081221943 -0.8397697363 0.5425151563 0.0199530724
1403715931.8840582371 -1.7412336660 -0.1707212254 1.5467664961 0.0100312311 -0.8347649118 0.5501870574 0.0190031137
1403715931.9340581894 -1.7474674276 -0.2309322938 1.5497748281 0.0115449829 -0.8294888198 0.5581127895 0.0180312342
1403715931.9840581417 -1.7528796917 -0.2916271000 1.5531616890 0.0132030268 -0.8234194915 0.5670121265 0.0174146337
1403715932.0340580940 -1.7570672629 -0.3526285481 1.5567383662 0.0133563351 -0.8170312639 0.5762411962 0.0150866152
1403715932.0840582848 -1.7630630538 -0.4129158675 1.5621967753 0.0148936556 -0.8088719833 0.5876310489 0.0139299714
1403715932.1340579987 -1.7690285857 -0.4720893736 1.5707488210 0.0164422967 -0.7990015013 0.6009569665 0.0133032398
1403715932.1840581894 -1.7702327899 -0.5295835312 1.5783753723 0.0176570457 -0.7880230383 0.6152261968 0.0143054785
1403715932.2340581417 -1.7707938038 -0.5832187459 1.5870388737 0.0192790498 -0.7751054976 0.6313304605 0.0161751502
1403715932.2840580940 -1.7717226959 -0.6340615030 1.5975965599 0.0193923605 -0.7619539865 0.6471484098 0.0157795586
1403715932.3340580463 -1.7729223110 -0.6797085574 1.6071087605 0.0194670350 -0.7493696531 0.6616931345 0.0151113640
1403715932.3840582371 -1.7727557691 -0.7207651156 1.6179714009 0.0196273793 -0.7383517448 0.6739662578 0.0148643955
1403715932.4340581894 -1.7736090572 -0.7555236555 1.6280253408 0.0190983281 -0.7295947200 0.6834725943 0.0138568137
1403715932.4840581417 -1.7712701183 -0.7836019382 1.6394684152 0.0185664559 -0.7222372852 0.6912879052 0.0122320341
1403715932.5340580940 -1.7673517156 -0.8043079040 1.6514343180 0.0176854650 -0.7145879251 0.6992329289 0.0111639053
1403715932.5840582848 -1.7637590652 -0.8180383706 1.6635127009 0.0170605001 -0.7058035717 0.7081308556 0.0100473277
1403715932.6340579987 -1.7598985244 -0.8236750130 1.6745818560 0.0157636067 -0.6972340408 0.7166305282 0.0075423566
1403715932.6840581894 -1.7574741233 -0.8206575564 1.6860685038 0.0149746512 -0.6900452268 0.7235875783 0.0058618635
1403715932.7340581417 -1.7520388384 -0.8088152552 1.7000068945 0.0143553444 -0.6838110579 0.7294966487 0.0055678253
1403715932.7840580940 -1.7501567327 -0.7876104306 1.7156451726 0.0141472266 -0.6808447723 0.7322706744 0.0054691353
1403715932.8340580463 -1.7471474077 -0.7565334500 1.7273728276 0.0139269155 -0.6825356482 0.7306905277 0.0065178709
1403715932.8840582371 -1.7389408752 -0.7153775929 1.7362447779 0.0133288342 -0.6921832680 0.7215265762 0.0102012548
1403715932.9340581894 -1.7313681258 -0.6664949417 1.7518717888 0.0118553545 -0.7102490387 0.7037364303 0.0126803063
1403715932.9840581417 -1.7255687256 -0.6097972715 1.7617206291 0.0101415251 -0.7317510226 0.6813423201 0.0144994179
1403715933.0340580940 -1.7181589297 -0.5479509457 1.7746354614 0.0084695391 -0.7527939830 0.6579938062 0.0165419765
1403715933.0840582848 -1.7076402959 -0.4802972234 1.7838576172 0.0065227286 -0.7717466337 0.6356123709 0.0190131890
1403715933.1340579987 -1.6995673137 -0.4118810891 1.7969753502 0.0051627165 -0.7900442430 0.6126763594 0.0207634098
1403715933.1840581894 -1.6917022921 -0.3395858850 1.8055721126 0.0033846685 -0.8079498964 0.5888486626 0.0215118927
1403715933.2340581417 -1.6819685296 -0.2685352108 1.8164880030 0.0022046842 -0.8238993814 0.5662806011 0.0226103848
1403715933.2840580940 -1.6729906640 -0.1971396576 1.8247371786 0.0006461888 -0.8390098746 0.5436395000 0.0227619574
1403715933.3340580463 -1.6653672796 -0.1292567648 1.8377371409 -0.0021676737 -0.8535857352 0.5205438694 0.0205127759
1403715933.3840582371 -1.6544669557 -0.0637949109 1.8483205690 -0.0070713471 -0.8673260163 0.4974221484 0.0163335171
1403715933.4340581894 -1.6460168045 -0.0030797495 1.8603601691 -0.0127476661 -0.8805946241 0.4735701276 0.0110426111
1403715933.4840581417 -1.6369758138 0.0530510832 1.8704839208 -0.0188439929 -0.8925987478 0.4504238968 0.0055400748
1403715933.5340580940 -1.6311574310 0.1005637573 1.8825533605 -0.0240156641 -0.9028742892 0.4292320841 0.0010410495
1403715933.5840582848 -1.6232621353 0.1386788163 1.8966480878 0.0271560928 0.9113842629 -0.4106594439 0.0003052330
1403715933.6340579987 -1.6209936638 0.1675230692 1.9117822831 0.0296712127 0.9183228996 -0.3947157056 0.0014774874
1403715933.6840581894 -1.6150235183 0.1869275329 1.9269559012 -0.0291684183 -0.9230148415 0.3836518744 0.0020112519
1403715933.7340581417 -1.6141146217 0.1935697055 1.9447213917 -0.0268957822 -0.9263699768 0.3755966052 0.0065171381
1403715933.7840580940 -1.6137599460 0.1887911996 1.9632000604 -0.0250979301 -0.9276540664 0.3724419000 0.0107265176
1403715933.8340580463 -1.6145296144 0.1713219177 1.9848198306 -0.0229717592 -0.9268636419 0.3743815909 0.0153137831
1403715933.8840582371 -1.6152962189 0.1417797965 2.0083697935 -0.0210429525 -0.9223520790 0.3852794744 0.0195847658
1403715933.9340581894 -1.6185792730 0.1003136028 2.0364348605 -0.0216289144 -0.9128757775 0.4071032055 0.0213772092
1403715933.9840581417 -1.6198234381 0.0467443625 2.0663404695 -0.0207062636 -0.8973247571 0.4401835150 0.0248596889
1403715934.0340580940 -1.6202736304 -0.0131336431 2.0976844181 -0.0214727643 -0.8776309926 0.4780938952 0.0269997893
1403715934.0840582848 -1.6243548861 -0.0765673457 2.1312881240 -0.0200231155 -0.8549474906 0.5174645210 0.0299053959
1403715934.1340579987 -1.6275386912 -0.1415685851 2.1620119587 -0.0200959316 -0.8296204362 0.5571064615 0.0309592623
1403715934.1840581894 -1.6327793665 -0.2077431516 2.1932158835 -0.0196693327 -0.8027318711 0.5951448017 0.0322075385
1403715934.2340581417 -1.6356718321 -0.2735645089 2.2176222792 -0.0196426749 -0.7795795882 0.6250991923 0.0334788096
1403715934.2840580940 -1.6427483732 -0.3361929491 2.2412719384 -0.0179654733 -0.7590552248 0.6498448305 0.0348439907
1403715934.3340580463 -1.6441988300 -0.3942415847 2.2575052380 -0.0182589803 -0.7417012689 0.6695836837 0.0346918984
1403715934.3840582371 -1.6405808370 -0.4448236161 2.2578072257 -0.0181324800 -0.7229783737 0.6897407567 0.0350880745
1403715934.4340581894 -1.6420493223 -0.4898314530 2.2692318770 -0.0168830515 -0.7078200754 0.7053018646 0.0354257431
1403715934.4840581417 -1.6396005187 -0.5302715253 2.2691947825 -0.0167691854 -0.6927990112 0.7200795913 0.0351241614
1403715934.5340580940 -1.6354678217 -0.5621211350 2.2748407172 -0.0163013056 -0.6804592189 0.7318116902 0.0340759294
1403715934.5840582848 -1.6361383611 -0.5802663980 2.2801632940 -0.0152791462 -0.6689839240 0.7424056419 0.0325717677
1403715934.6340579987 -1.6218489171 -0.5882884208 2.2702725571 -0.0159183942 -0.6571302136 0.7529215258 0.0321817203
1403715934.6840581894 -1.6187610678 -0.5856989448 2.2754795991 -0.0148397594 -0.6506085891 0.7586956080 0.0294825328
1403715934.7340581417 -1.6154545897 -0.5695843401 2.2769001391 -0.0147351026 -0.6461050285 0.7626951681 0.0250449483
1403715934.7840580940 -1.6099419501 -0.5414544152 2.2785648415 -0.0154156832 -0.6440773828 0.7645523786 0.0196555856
1403715934.8340580463 -1.6037686031 -0.4997098990 2.2833920513 -0.0155807958 -0.6510370275 0.7587109743 0.0162998492
1403715934.8840582371 -1.6035100360 -0.4446376527 2.2887439612 -0.0142332289 -0.6689450834 0.7430222912 0.0150918942
1403715934.9340581894 -1.6051358237 -0.3815806149 2.2903603448 -0.0130210945 -0.6922356894 0.7214206680 0.0138715973
1403715934.9840581417 -1.5981338929 -0.3131486742 2.3131013654 -0.0137446442 -0.7198005396 0.6939361016 0.0122863731
1403715935.0340580940 -1.5902869535 -0.2340549557 2.3084660989 -0.0147942627 -0.7438056687 0.6681245911 0.0119911496
1403715935.0840582848 -1.5849709865 -0.1534263367 2.3178170750 -0.0159424066 -0.7697309786 0.6380637939 0.0116041058
1403715935.1340579987 -1.5793867407 -0.0681938959 2.3143887110 -0.0167818358 -0.7914014576 0.6109311982 0.0128520034
1403715935.1840581894 -1.5708770371 0.0174045928 2.3073007378 -0.0180995977 -0.8111297199 0.5844256280 0.0136991768
1403715935.2340581417 -1.5653488863 0.1023990825 2.3011401907 -0.0188492378 -0.8276275401 0.5607587893 0.0150645748
1403715935.2840580940 -1.5595784096 0.1856712848 2.2901370524 -0.0195799805 -0.8412815696 0.5400043288 0.0160396377
1403715935.3340580463 -1.5540763063 0.2668024065 2.2791780540 -0.0194067667 -0.8532859898 0.5207746606 0.0178927336
1403715935.3840582371 -1.5513220198 0.3449972545 2.2647614223 -0.0190930478 -0.8627746612 0.5048717180 0.0189707111
1403715935.4340581894 -1.5504738007 0.4192189882 2.2509941084 -0.0181031505 -0.8712912253 0.4900182137 0.0201501090
1403715935.4840581417 -1.5462048213 0.4889459022 2.2337746012 -0.0179669506 -0.8778903227 0.4780542482 0.0212109803
1403715935.5340580940 -1.5430677862 0.5505386674 2.2155996917 -0.0174531767 -0.8834634295 0.4676417580 0.0223369980
1403715935.5840582848 -1.5396980747 0.6077634015 2.1927426228 -0.0167298419 -0.8874040070 0.4600798074 0.0236814618
1403715935.6340579987 -1.5385610730 0.6599178152 2.1748527356 -0.0163161329 -0.8918072184 0.4514957054 0.0237759757
1403715935.6840581894 -1.5356799407 0.7037932173 2.1543330974 -0.0163650681 -0.8958829222 0.4433387179 0.0240157362
1403715935.7340581417 -1.5332742088 0.7387691809 2.1346483824 -0.0159074900 -0.9001128179 0.4346613063 0.0247672293
1403715935.7840580940 -1.5316417841 0.7666262569 2.1180600067 -0.0165184422 -0.9042515554 0.4259782180 0.0244708681
1403715935.8340580463 -1.5285117405 0.7856220106 2.1031178164 -0.0160585242 -0.9076884211 0.4185428872 0.0258012717
1403715935.8840582371 -1.5253762241 0.7952984543 2.0889252907 -0.0160759875 -0.9101378367 0.4131145478 0.0269638883
1403715935.9340581894 -1.5232479151 0.7946749191 2.0757109464 -0.0163924075 -0.9102503159 0.4127933007 0.0278808593
1403715935.9840581417 -1.5212844441 0.7864728271 2.0614934308 -0.0164596669 -0.9061138888 0.4217208393 0.0289522637
1403715936.0340580940 -1.5197821337 0.7679239544 2.0554712132 -0.0167136354 -0.8972382600 0.4402009124 0.0301216866
1403715936.0840582848 -1.5164310002 0.7405689442 2.0523462345 -0.0170905765 -0.8841405221 0.4658204712 0.0318549524
1403715936.1340579987 -1.5155667813 0.7084349579 2.0465633367 -0.0160592038 -0.8676564348 0.4957108852 0.0344257377
1403715936.1840581894 -1.5140231344 0.6716706500 2.0463296126 -0.0158323415 -0.8501361248 0.5250518751 0.0365846243
1403715936.2340581417 -1.5103989195 0.6325224267 2.0456801010 -0.0154081507 -0.8313822687 0.5540956488 0.0392953450
1403715936.2840580940 -1.5070697739 0.5933236299 2.0426769374 -0.0156755686 -0.8114873418 0.5827280838 0.0408723734
1403715936.3340580463 -1.5026347434 0.5554670740 2.0397515438 -0.0175189941 -0.7943554910 0.6058075970 0.0411046726
1403715936.3840582371 -1.4985591445 0.5181306718 2.0336444797 -0.0208588382 -0.7792626417 0.6251482914 0.0387847625
1403715936.4340581894 -1.4901268056 0.4848912703 2.0275134506 -0.0233686588 -0.7681507205 0.6386833580 0.0384960333
1403715936.4840581417 -1.4830131452 0.4526706013 2.0229586424 -0.0257190781 -0.7608051129 0.6473718167 0.0377338070
1403715936.5340580940 -1.4770568983 0.4252847875 2.0200583497 -0.0286895918 -0.7545873517 0.6546075146 0.0355504981
1403715936.5840582848 -1.4695675923 0.4030788390 2.0139026521 -0.0321589968 -0.7490458078 0.6609357656 0.0325590308
1403715936.6340579987 -1.4615132479 0.3851864812 2.0084133908 -0.0353769420 -0.7445230326 0.6660196010 0.0291859037
1403715936.6840581894 -1.4545703933 0.3743684643 2.0028907076 -0.0388464392 -0.7410415802 0.6698542114 0.0253705721
1403715936.7340581417 -1.4475091578 0.3665676269 1.9968904721 -0.0399031108 -0.7418420718 0.6689046684 0.0253895027
1403715936.7840580940 -1.4401505026 0.3655677320 1.9900824716 -0.0400049140 -0.7471870114 0.6628825547 0.0264177105
1403715936.8340580463 -1.4345672957 0.3684174281 1.9828663667 -0.0386237921 -0.7545414823 0.6544476144 0.0295579788
1403715936.8840582371 -1.4283260849 0.3748180515 1.9764411575 -0.0377592122 -0.7611460128 0.6466873136 0.0320391554
1403715936.9340581894 -1.4222281774 0.3865784692 1.9675168685 -0.0375126033 -0.7672147347 0.6394388966 0.0330492519
1403715936.9840581417 -1.4160980000 0.4016030074 1.9613351225 -0.0365466768 -0.7724067128 0.6332463169 0.0324239521
1403715937.0340580940 -1.4109476280 0.4191751146 1.9552002719 -0.0337327538 -0.7776859760 0.6269915760 0.0307926565
1403715937.0840582848 -1.4033874106 0.4378197377 1.9466862231 -0.0299670001 -0.7839350362 0.6194773721 0.0282067971
1403715937.1340579987 -1.3962558408 0.4601624714 1.9384316996 -0.0251877893 -0.7915036045 0.6101946066 0.0234555204
1403715937.1840581894 -1.3888530295 0.4835507272 1.9321852755 -0.0187260930 -0.7973055551 0.6030114412 0.0181765505
1403715937.2340581417 -1.3825226940 0.5078892536 1.9246243732 -0.0104915290 -0.8022596692 0.5967428423 0.0129356515
1403715937.2840580940 -1.3746329195 0.5334440410 1.9134272640 -0.0016952565 -0.8059188175 0.5919961374 0.0057060427
1403715937.3340580463 -1.3678123660 0.5591140268 1.9016772114 -0.0095793336 0.8081559138 -0.5888906834 0.0001357016
1403715937.3840582371 -1.3592739441 0.5844945100 1.8894475142 -0.0208230708 0.8090551138 -0.5873217535 0.0070271211
1403715937.4340581894 -1.3535081530 0.6094542507 1.8718959112 -0.0320165718 0.8095086222 -0.5860472081 0.0148121407
1403715937.4840581417 -1.3452207828 0.6364127728 1.8530554956 -0.0426317678 0.8119797113 -0.5817415681 0.0211714146
1403715937.5340580940 -1.3380720790 0.6632364145 1.8296483682 -0.0510264598 0.8179481861 -0.5723175545 0.0284549112
1403715937.5840582848 -1.3314915703 0.6891458379 1.8071525430 -0.0606266064 0.8262402539 -0.5590732240 0.0329937516
1403715937.6340579987 -1.3253579182 0.7141592451 1.7789127172 -0.0704943626 0.8334498332 -0.5467778576 0.0377610216
1403715937.6840581894 -1.3167662312 0.7372917817 1.7540513811 -0.0796643520 0.8395660854 -0.5356792263 0.0427802040
1403715937.7340581417 -1.3102942531 0.7582732396 1.7285979784 -0.0890336073 0.8437181748 -0.5272387796 0.0472432807
1403715937.7840580940 -1.3019988280 0.7765296949 1.7047257747 -0.0974815368 0.8465601298 -0.5206148108 0.0528537173
1403715937.8340580463 -1.2925449554 0.7911884065 1.6800256661 -0.1069392610 0.8482426317 -0.5155291303 0.0572551136
1403715937.8840582371 -1.2845125567 0.8024816626 1.6585893967 -0.1150245289 0.8492940968 -0.5112822773 0.0637128545
1403715937.9340581894 -1.2749352474 0.8110065456 1.6363750464 -0.1247692093 0.8495907311 -0.5078928137 0.0683602501
1403715937.9840581417 -1.2636145760 0.8152311254 1.6144350529 -0.1351212711 0.8497973764 -0.5042693611 0.0727947297
1403715938.0340580940 -1.2522153176 0.8170364503 1.5930202777 -0.1449150189 0.8494472233 -0.5012137012 0.0788915580
1403715938.0840582848 -1.2370006688 0.8157820560 1.5736283813 -0.1551780715 0.8493238067 -0.4974960918 0.0840623353
1403715938.1340579987 -1.2237216236 0.8093048913 1.5570537670 -0.1662711512 0.8484432221 -0.4944404062 0.0895917843
1403715938.1840581894 -1.2074914248 0.7992495487 1.5434000487 -0.1776075047 0.8475668571 -0.4908967280 0.0954274567
1403715938.2340581417 -1.1907554884 0.7835014322 1.5332241464 -0.1890591517 0.8442010039 -0.4911072332 0.1019558120
1403715938.2840580940 -1.1725671027 0.7651295420 1.5291053321 -0.2029212284 0.8374172855 -0.4961298055 0.1068198533
1403715938.3340580463 -1.1508261091 0.7428430329 1.5278937650 -0.2170971722 0.8268603324 -0.5068010413 0.1110113190
1403715938.3840582371 -1.1296133840 0.7176127569 1.5289395599 -0.2319559543 0.8156196780 -0.5173330761 0.1154446384
1403715938.4340581894 -1.1052183321 0.6905085468 1.5338833298 -0.2433979070 0.8058036035 -0.5254749250 0.1237502108
1403715938.4840581417 -1.0797452984 0.6607807988 1.5394738793 -0.2541535802 0.7953726853 -0.5337944747 0.1336102837
1403715938.5340580940 -1.0526885737 0.6328607158 1.5437327482 -0.2630510579 0.7871499676 -0.5388738540 0.1442707140
1403715938.5840582848 -1.0257917240 0.6044404375 1.5484788610 -0.2709413830 0.7805283557 -0.5418927032 0.1540082828
1403715938.6340579987 -0.9976367576 0.5745025679 1.5526892362 -0.2773779858 0.7763174806 -0.5424712986 0.1616091351
1403715938.6840581894 -0.9685739670 0.5449459486 1.5544757524 -0.2830155388 0.7744973161 -0.5403544232 0.1675506176
1403715938.7340581417 -0.9394306145 0.5164791396 1.5545954959 -0.2881996693 0.7763708157 -0.5339957718 0.1704048793
1403715938.7840580940 -0.9090163767 0.4870423656 1.5559689814 -0.2937127022 0.7806462610 -0.5247107471 0.1703023653
1403715938.8340580463 -0.8788317314 0.4567046729 1.5562750092 -0.2986466366 0.7865624305 -0.5132399088 0.1694536086
1403715938.8840582371 -0.8470065257 0.4249435330 1.5553777141 -0.3027115325 0.7924214444 -0.5020457914 0.1684755350
1403715938.9340581894 -0.8121478619 0.3942877434 1.5542142578 -0.3063287713 0.7973797382 -0.4924603675 0.1668263273
1403715938.9840581417 -0.7784243609 0.3595392676 1.5524511287 -0.3095299936 0.8019031994 -0.4832613499 0.1661352146
1403715939.0340580940 -0.7408042144 0.3226327527 1.5506827035 -0.3120814718 0.8056551566 -0.4755470916 0.1654686898
1403715939.0840582848 -0.7017704746 0.2831377999 1.5479033689 -0.3148148837 0.8078231043 -0.4703702165 0.1645152897
1403715939.1340579987 -0.6588720472 0.2405233186 1.5455068781 -0.3161981130 0.8067277504 -0.4709279391 0.1656380580
1403715939.1840581894 -0.6128426866 0.1947159662 1.5456484691 -0.3153321056 0.8004418122 -0.4806100661 0.1699191947
1403715939.2340581417 -0.5645768841 0.1470294266 1.5455513172 -0.3124738268 0.7894955229 -0.4977390576 0.1769541114
1403715939.2840580940 -0.5148970145 0.0976345475 1.5469799928 -0.3092911628 0.7769506255 -0.5163644663 0.1845384514
1403715939.3340580463 -0.4635246188 0.0476877140 1.5509938924 -0.3051404289 0.7641777578 -0.5348055814 0.1921058648
1403715939.3840582371 -0.4114628467 -0.0011407993 1.5514059791 -0.2999210312 0.7505462604 -0.5537746552 0.2001532347
1403715939.4340581894 -0.3615106299 -0.0481930924 1.5532068687 -0.2954565123 0.7381369975 -0.5703582438 0.2062782004
1403715939.4840581417 -0.3141207519 -0.0969219321 1.5529711450 -0.2912499474 0.7263202949 -0.5852688793 0.2123502678
1403715939.5340580940 -0.2673835127 -0.1424399083 1.5534878808 -0.2874551522 0.7153466405 -0.5990043718 0.2164312409
1403715939.5840582848 -0.2227221248 -0.1839511350 1.5549458344 -0.2829601213 0.7054124654 -0.6113336627 0.2204494868
1403715939.6340579987 -0.1815748341 -0.2213313624 1.5563409215 -0.2772169679 0.6917135319 -0.6275342310 0.2255746691
1403715939.6840581894 -0.1419503525 -0.2501668734 1.5602045211 -0.2704975479 0.6779654378 -0.6434083458 0.2306938278
1403715939.7340581417 -0.1108364234 -0.2789684212 1.5658918179 -0.2649649104 0.6657463171 -0.6567362626 0.2351019331
1403715939.7840580940 -0.0838091620 -0.2991060322 1.5707064176 -0.2598250219 0.6560391635 -0.6672339246 0.2385423734
1403715939.8340580463 -0.0624973047 -0.3135182188 1.5817139314 -0.2559756099 0.6487448070 -0.6751916315 0.2402559538
1403715939.8840582371 -0.0469250385 -0.3204790738 1.5977375262 -0.2528511462 0.6441076711 -0.6804075756 0.2413237180
1403715939.9340581894 -0.0336530094 -0.3152163444 1.6122621941 -0.2510443636 0.6435351002 -0.6822095357 0.2396444278
1403715939.9840581417 -0.0289291386 -0.3035121891 1.6255851623 -0.2514766102 0.6469395068 -0.6798229528 0.2367900800
1403715940.0340580940 -0.0305944513 -0.2854239016 1.6416844099 -0.2557419697 0.6600941409 -0.6679217021 0.2296788410
1403715940.0840582848 -0.0367654053 -0.2601433118 1.6632304383 -0.2619446079 0.6788565536 -0.6493770080 0.2210165234
1403715940.1340579987 -0.0477939510 -0.2296477882 1.6830182584 -0.2686735179 0.6986953495 -0.6284097911 0.2115194644
1403715940.1840581894 -0.0646484106 -0.1958925591 1.7006602874 -0.2755875714 0.7170003335 -0.6072653314 0.2029552404
1403715940.2340581417 -0.0813153690 -0.1602391109 1.7203012394 -0.2818180517 0.7345799197 -0.5858401780 0.1943250194
1403715940.2840580940 -0.0990798424 -0.1215073420 1.7395759141 -0.2873333097 0.7513681916 -0.5638925001 0.1868439404
1403715940.3340580463 -0.1169204275 -0.0815316911 1.7570154129 -0.2927319145 0.7674636639 -0.5413794078 0.1794878480
1403715940.3840582371 -0.1341279507 -0.0418572137 1.7756152723 -0.2973308597 0.7821056937 -0.5197075118 0.1726532532
1403715940.4340581894 -0.1484694990 -0.0021796166 1.7918689232 -0.3015498585 0.7965211124 -0.4973346885 0.1651666069
1403715940.4840581417 -0.1622994923 0.0361020793 1.8091978189 -0.3053441016 0.8098426027 -0.4752565562 0.1582755325
1403715940.5340580940 -0.1737201747 0.0709014458 1.8245790576 -0.3079410180 0.8229800256 -0.4522642013 0.1527524112
1403715940.5840582848 -0.1805226342 0.1015488129 1.8404439654 -0.3093058929 0.8363331551 -0.4278793232 0.1476346949
1403715940.6340579987 -0.1835703435 0.1263671900 1.8559659134 -0.3102930274 0.8489322026 -0.4034102118 0.1424519345
1403715940.6840581894 -0.1820497041 0.1464579389 1.8711870061 -0.3094871483 0.8604568631 -0.3801165779 0.1390793982
1403715940.7340581417 -0.1720829850 0.1591506319 1.8889990974 -0.3110441279 0.8685145947 -0.3620985102 0.1334863975
1403715940.7840580940 -0.1581289497 0.1623506408 1.9060166576 -0.3141712987 0.8730457617 -0.3505121200 0.1273920985
1403715940.8340580463 -0.1376106787 0.1572358304 1.9240840359 -0.3168767953 0.8745440346 -0.3458842628 0.1229874172
1403715940.8840582371 -0.1098788488 0.1409194378 1.9429972752 -0.3185657056 0.8721674361 -0.3510070976 0.1209705421
1403715940.9340581894 -0.0755717158 0.1128940115 1.9649632988 -0.3176736911 0.8657585762 -0.3662787243 0.1240379373
1403715940.9840581417 -0.0326465218 0.0785287793 1.9904322042 -0.3136971582 0.8533406824 -0.3950836219 0.1315777501
1403715941.0340580940 0.0143616659 0.0371070011 2.0159470300 -0.3082880513 0.8369144004 -0.4293320627 0.1421504265
1403715941.0840582848 0.0715875747 -0.0091977387 2.0478496843 -0.3012954983 0.8164944856 -0.4680360282 0.1532972732
1403715941.1340579987 0.1248028552 -0.0575748455 2.0802963529 -0.2909717930 0.7922561268 -0.5091478532 0.1686241640
1403715941.1840581894 0.1861271051 -0.1027509139 2.1040481959 -0.2802106007 0.7650676622 -0.5505780015 0.1817067852
1403715941.2340581417 0.2402490233 -0.1536094064 2.1320831572 -0.2708247866 0.7413929640 -0.5825915642 0.1938491095
1403715941.2840580940 0.2937477474 -0.1986763928 2.1577300983 -0.2604497506 0.7208134993 -0.6083089507 0.2062863233
1403715941.3340580463 0.3448415010 -0.2400275302 2.1820327257 -0.2521709053 0.7044027168 -0.6273570108 0.2159857126
1403715941.3840582371 0.3884691103 -0.2809865472 2.2038814764 -0.2454599714 0.6898492088 -0.6429266601 0.2247282389
1403715941.4340581894 0.4335233741 -0.3149425757 2.2320336893 -0.2387159107 0.6785595682 -0.6546328312 0.2324381265
1403715941.4840581417 0.4711199271 -0.3448222278 2.2432113476 -0.2343103390 0.6703592712 -0.6623942281 0.2386440845
1403715941.5340580940 0.5050693524 -0.3714833498 2.2525486727 -0.2303826257 0.6638507218 -0.6683225635 0.2440717437
1403715941.5840582848 0.5369990211 -0.3910329056 2.2555715990 -0.2265040204 0.6577908676 -0.6739106938 0.2486995781
1403715941.6340579987 0.5586335814 -0.4102017011 2.2608337867 -0.2225561019 0.6508204200 -0.6795309509 0.2552239197
1403715941.6840581894 0.5757287812 -0.4189209644 2.2629995136 -0.2176391827 0.6431052381 -0.6858229749 0.2620986189
1403715941.7340581417 0.5822494738 -0.4268803899 2.2556641376 -0.2124330626 0.6334271040 -0.6930398273 0.2708100729
1403715941.7840580940 0.5853913435 -0.4237054170 2.2485687390 -0.2077493507 0.6235267601 -0.7009126612 0.2770848753
1403715941.8340580463 0.5856184263 -0.4176552266 2.2368003912 -0.2041550828 0.6152248932 -0.7075959227 0.2812952954
1403715941.8840582371 0.5760957232 -0.3973170804 2.2318160104 -0.2022586263 0.6115629702 -0.7105930991 0.2830894366
1403715941.9340581894 0.5574678564 -0.3735171119 2.2230599341 -0.2048460014 0.6132796613 -0.7099599340 0.2790753748
1403715941.9840581417 0.5285948403 -0.3411274899 2.2118859030 -0.2107727763 0.6237451200 -0.7015672643 0.2726173799
1403715942.0340580940 0.4924035016 -0.3038513729 2.1998108437 -0.2207999706 0.6413189417 -0.6865580832 0.2619072094
1403715942.0840582848 0.4550917744 -0.2540327485 2.1833614860 -0.2307224243 0.6629646080 -0.6671689736 0.2492602096
1403715942.1340579987 0.4127516755 -0.2002355408 2.1637281704 -0.2412820553 0.6864629173 -0.6438970365 0.2365338019
1403715942.1840581894 0.3682060840 -0.1411152529 2.1436191163 -0.2508279604 0.7103386571 -0.6184283129 0.2237202456
1403715942.2340581417 0.3193448035 -0.0842547184 2.1212517533 -0.2597650858 0.7327382615 -0.5920702188 0.2122960112
1403715942.2840580940 0.2577469048 -0.0306478510 2.0895551983 -0.2698297626 0.7554416902 -0.5620226757 0.2015695016
1403715942.3340580463 0.1967654615 0.0220245830 2.0539729446 -0.2780660839 0.7748455911 -0.5343342166 0.1917824498
1403715942.3840582371 0.1462387057 0.0791359817 2.0143382210 -0.2832830011 0.7912788339 -0.5100592701 0.1829428579
1403715942.4340581894 0.0914731166 0.1344185629 1.9710769080 -0.2869939589 0.8034668857 -0.4905400631 0.1773298555
1403715942.4840581417 0.0371440392 0.1829323324 1.9296573963 -0.2901830682 0.8155417745 -0.4697227960 0.1733375199
1403715942.5340580940 -0.0094409451 0.2352691615 1.8817483062 -0.2926877699 0.8250024132 -0.4531162153 0.1684950534
1403715942.5840582848 -0.0547060727 0.2796268529 1.8371427682 -0.2968301156 0.8335233747 -0.4366847936 0.1625947644
1403715942.6340579987 -0.0962623411 0.3218337584 1.7904053467 -0.3018061666 0.8403420268 -0.4224469190 0.1558105148
1403715942.6840581894 -0.1328223856 0.3546839564 1.7489171259 -0.3066524295 0.8459226553 -0.4098659067 0.1496298338
1403715942.7340581417 -0.1659647490 0.3822598232 1.7066305338 -0.3106605226 0.8490562514 -0.4017586383 0.1455455877
1403715942.7840580940 -0.1951987514 0.4049417888 1.6618110434 -0.3136096736 0.8502198930 -0.3978817882 0.1430565931
1403715942.8340580463 -0.2164934328 0.4213434015 1.6187942830 -0.3157240492 0.8501848653 -0.3967797545 0.1416680841
1403715942.8840582371 -0.2315171415 0.4296046745 1.5788045207 -0.3178877225 0.8489287213 -0.3979330895 0.1411264623
1403715942.9340581894 -0.2371266591 0.4300580837 1.5461379495 -0.3192389800 0.8479106570 -0.3990000418 0.1411841282
1403715942.9840581417 -0.2408724857 0.4257176976 1.5078303083 -0.3211583606 0.8449754131 -0.4035392673 0.1415270944
1403715943.0340580940 -0.2380294802 0.4141523207 1.4746623865 -0.3241406629 0.8412543740 -0.4091397257 0.1408140396
1403715943.0840582848 -0.2290936100 0.3959308768 1.4443312414 -0.3287576979 0.8361909730 -0.4165527698 0.1385165074
1403715943.1340579987 -0.2149730556 0.3720177016 1.4193651792 -0.3306894591 0.8302211040 -0.4264998050 0.1395539909
1403715943.1840581894 -0.1922660742 0.3428119234 1.3996550690 -0.3299633551 0.8215900569 -0.4418498049 0.1445085209
1403715943.2340581417 -0.1654186092 0.3097180570 1.3849887767 -0.3247178793 0.8098549922 -0.4631470716 0.1555248550
1403715943.2840580940 -0.1350434058 0.2740295164 1.3731470317 -0.3182867253 0.7940497267 -0.4894274841 0.1692315862
1403715943.3340580463 -0.1022887612 0.2353133919 1.3652116418 -0.3115202272 0.7759335218 -0.5164679237 0.1847787913
1403715943.3840582371 -0.0661831290 0.1993891709 1.3602618027 -0.3062833740 0.7559170471 -0.5433727131 0.1988114869
1403715943.4340581894 -0.0319526390 0.1646019460 1.3564544803 -0.3010819601 0.7352394015 -0.5685592519 0.2133378843
1403715943.4840581417 0.0025402466 0.1309175749 1.3503585232 -0.2978138215 0.7181245263 -0.5872580362 0.2252378553
1403715943.5340580940 0.0335808946 0.0996936355 1.3455515822 -0.2955821664 0.7058400726 -0.5999073848 0.2335211007
1403715943.5840582848 0.0640880135 0.0714490042 1.3419137370 -0.2934486689 0.6964290049 -0.6097649189 0.2388749954
1403715943.6340579987 0.0872375397 0.0471382542 1.3363974011 -0.2905070535 0.6883098916 -0.6181010534 0.2445122345
1403715943.6840581894 0.1124999073 0.0269122977 1.3356047303 -0.2864450873 0.6820371506 -0.6253614268 0.2483900624
1403715943.7340581417 0.1280563639 0.0091459669 1.3311744977 -0.2810113033 0.6757520216 -0.6322970079 0.2541502440
1403715943.7840580940 0.1406471588 -0.0032915103 1.3289149224 -0.2753640581 0.6684986764 -0.6408380694 0.2580905346
1403715943.8340580463 0.1479585727 -0.0108307119 1.3287035538 -0.2696965899 0.6621608595 -0.6487707871 0.2605824463
1403715943.8840582371 0.1495070590 -0.0108952526 1.3317277629 -0.2647054056 0.6575195723 -0.6547886546 0.2623945085
1403715943.9340581894 0.1464332221 -0.0036246375 1.3377366220 -0.2607840962 0.6539849226 -0.6600524721 0.2619658571
1403715943.9840581417 0.1345469134 0.0083553508 1.3482358412 -0.2592792042 0.6566161761 -0.6583899820 0.2610596161
1403715944.0340580940 0.1169744866 0.0276448072 1.3586210171 -0.2611559529 0.6686867886 -0.6463971932 0.2585076703
1403715944.0840582848 0.0887074890 0.0479469701 1.3731135192 -0.2683114974 0.6892747316 -0.6231698580 0.2541035474
1403715944.1340579987 0.0624380941 0.0764433213 1.3829482908 -0.2772484602 0.7107610072 -0.5971406597 0.2477400140
1403715944.1840581894 0.0288250712 0.1063224846 1.4004886594 -0.2888922687 0.7323040146 -0.5674525589 0.2413911362
1403715944.2340581417 -0.0042460257 0.1379999494 1.4153845944 -0.3018061714 0.7543869823 -0.5338009087 0.2342432617
1403715944.2840580940 -0.0389890988 0.1705631227 1.4280322581 -0.3156611337 0.7723671194 -0.5022726895 0.2270004998
1403715944.3340580463 -0.0723746429 0.2023281406 1.4396039376 -0.3299630420 0.7845893207 -0.4763042137 0.2206315590
1403715944.3840582371 -0.1040269415 0.2333265400 1.4487895912 -0.3445710184 0.7927664404 -0.4543760656 0.2152546755
1403715944.4340581894 -0.1332932584 0.2626167969 1.4559763859 -0.3592064507 0.7983522106 -0.4345057731 0.2116818525
1403715944.4840581417 -0.1605946914 0.2855462050 1.4622740164 -0.3745981703 0.8017337945 -0.4161451328 0.2090989286
1403715944.5340580940 -0.1835617482 0.3050828684 1.4689515770 -0.3891897688 0.8026791580 -0.4008894717 0.2086267591
1403715944.5840582848 -0.2022074518 0.3203383278 1.4750713593 -0.4021470523 0.8020689536 -0.3875725117 0.2115435894
1403715944.6340579987 -0.2136073772 0.3316095645 1.4834509154 -0.4148922131 0.7995790358 -0.3772810419 0.2149344843
1403715944.6840581894 -0.2198380566 0.3365382312 1.4939064097 -0.4265891932 0.7964530379 -0.3676723431 0.2202300316
1403715944.7340581417 -0.2209016828 0.3354283918 1.5027790175 -0.4386205367 0.7917872003 -0.3600779244 0.2258958664
1403715944.7840580940 -0.2145158830 0.3316674725 1.5129755759 -0.4525120396 0.7845492626 -0.3562454994 0.2297921945
1403715944.8340580463 -0.2024187449 0.3203071618 1.5228039618 -0.4654879516 0.7740660553 -0.3578726378 0.2367908023
1403715944.8840582371 -0.1872191192 0.3046172604 1.5331300568 -0.4778671596 0.7570620321 -0.3713322394 0.2461959085
1403715944.9340581894 -0.1619267245 0.2824330463 1.5480545885 -0.4884184894 0.7355176677 -0.3916864131 0.2589264250
1403715944.9840581417 -0.1334767274 0.2609414114 1.5594988617 -0.4951621340 0.7107811405 -0.4170216359 0.2751319441
1403715945.0340580940 -0.0990844839 0.2392118453 1.5746159998 -0.4981150803 0.6833123189 -0.4460723185 0.2932322090
1403715945.0840582848 -0.0640307365 0.2162094660 1.5907951093 -0.4972477311 0.6563686791 -0.4738667499 0.3120499229
1403715945.1340579987 -0.0268589249 0.1951530337 1.6104533993 -0.4949428841 0.6342275969 -0.4959882202 0.3267760428
1403715945.1840581894 0.0074243497 0.1729585969 1.6239443693 -0.4921883822 0.6153792573 -0.5140386671 0.3388557435
1403715945.2340581417 0.0425625119 0.1585298106 1.6417441112 -0.4883216482 0.6006739496 -0.5285936613 0.3483123818
1403715945.2840580940 0.0740447979 0.1423069412 1.6620035044 -0.4846078944 0.5887633925 -0.5401264505 0.3560565598
1403715945.3340580463 0.1009061969 0.1283035024 1.6787547832 -0.4789406764 0.5776198758 -0.5514597612 0.3645041005
1403715945.3840582371 0.1251445738 0.1218275949 1.6969874552 -0.4721306858 0.5674387982 -0.5630948500 0.3715239102
1403715945.4340581894 0.1416913089 0.1177516431 1.7185560671 -0.4649381876 0.5585277518 -0.5730878726 0.3787473069
1403715945.4840581417 0.1521084185 0.1161993556 1.7319755121 -0.4559941957 0.5498055788 -0.5823883920 0.3880810222
1403715945.5340580940 0.1542131181 0.1189054384 1.7472847563 -0.4488397252 0.5449815499 -0.5881324910 0.3945100561
1403715945.5840582848 0.1502458876 0.1238960873 1.7647920768 -0.4487040361 0.5534479008 -0.5799136660 0.3950446165
1403715945.6340579987 0.1366073084 0.1347737691 1.7728316639 -0.4549444267 0.5713939808 -0.5621120764 0.3880264178
1403715945.6840581894 0.1195479575 0.1473270897 1.7818267226 -0.4628942384 0.5912501341 -0.5409577460 0.3788362707
1403715945.7340581417 0.0954416812 0.1599559365 1.7911946792 -0.4714399767 0.6093317160 -0.5206992181 0.3678743434
1403715945.7840580940 0.0678023549 0.1762744682 1.7988039212 -0.4801868999 0.6266875411 -0.5005289706 0.3551816670
1403715945.8340580463 0.0395766129 0.1950518643 1.7997163455 -0.4901256972 0.6427392095 -0.4808721196 0.3397427176
1403715945.8840582371 0.0104206429 0.2126845852 1.8082359323 -0.4992701658 0.6587931608 -0.4597351993 0.3245988591
1403715945.9340581894 -0.0180088939 0.2291195222 1.8181234273 -0.5084045610 0.6730999796 -0.4390018924 0.3094164803
1403715945.9840581417 -0.0421062298 0.2471015661 1.8300861511 -0.5156976173 0.6849975643 -0.4197663798 0.2977087349
1403715946.0340580940 -0.0640632426 0.2639500757 1.8405232162 -0.5238475911 0.6931186164 -0.4031208404 0.2875132569
1403715946.0840582848 -0.0814510626 0.2807347839 1.8500698163 -0.5313339159 0.6983352109 -0.3892641828 0.2801528136
1403715946.1340579987 -0.0928527539 0.2971479583 1.8620768063 -0.5388436808 0.7032056502 -0.3742258550 0.2740516569
1403715946.1840581894 -0.0988530550 0.3120919992 1.8737736543 -0.5479075710 0.7056023515 -0.3606533357 0.2680518359
1403715946.2340581417 -0.1031035282 0.3235377778 1.8809895741 -0.5560483793 0.7062173191 -0.3487398183 0.2654201146
1403715946.2840580940 -0.0974013660 0.3350071421 1.8908189463 -0.5633049771 0.7049883163 -0.3401327535 0.2645537500
1403715946.3340580463 -0.0830978015 0.3452811299 1.9025152851 -0.5704002771 0.6993041952 -0.3380019802 0.2671550633
1403715946.3840582371 -0.0602077632 0.3545639179 1.9150015189 -0.5763508988 0.6883724349 -0.3447495345 0.2740634796
1403715946.4340581894 -0.0313122319 0.3617105014 1.9298273645 -0.5790424674 0.6735801447 -0.3589401933 0.2866383561
1403715946.4840581417 0.0025650788 0.3665164703 1.9422823955 -0.5781704247 0.6559742965 -0.3782676707 0.3038589337
1403715946.5340580940 0.0434852173 0.3739266074 1.9595981441 -0.5737892523 0.6399851867 -0.3960413836 0.3230109552
1403715946.5840582848 0.0867892141 0.3819556150 1.9781898112 -0.5658226397 0.6238420819 -0.4148044977 0.3443879004
1403715946.6340579987 0.1292313062 0.3905595594 1.9927933565 -0.5567396246 0.6068157746 -0.4341788071 0.3651087092
1403715946.6840581894 0.1755168661 0.3947997191 2.0116704913 -0.5475134775 0.5917423476 -0.4493370603 0.3849236188
1403715946.7340581417 0.2225777049 0.4036305529 2.0345083380 -0.5405276451 0.5796066860 -0.4615362577 0.3985852948
1403715946.7840580940 0.2627594778 0.4152117101 2.0482316306 -0.5331683292 0.5696384901 -0.4710594447 0.4115173420
1403715946.8340580463 0.3010348009 0.4209799218 2.0673207743 -0.5293451460 0.5626964717 -0.4763134295 0.4198713064
1403715946.8840582371 0.3384341306 0.4293273378 2.0791558158 -0.5250140399 0.5562501090 -0.4818787702 0.4274797363
1403715946.9340581894 0.3697462155 0.4369034321 2.0923286281 -0.5211230919 0.5500345497 -0.4873959763 0.4339791234
1403715946.9840581417 0.3957625932 0.4423410390 2.1027832858 -0.5180997206 0.5440950433 -0.4932706758 0.4384259387
1403715947.0340580940 0.4177235528 0.4534643765 2.1148924025 -0.5129842718 0.5387756647 -0.4991922149 0.4442691217
1403715947.0840582848 0.4339701638 0.4679469759 2.1250712491 -0.5061547050 0.5339346419 -0.5051141911 0.4511993648
1403715947.1340579987 0.4447822430 0.4775887876 2.1352141814 -0.4944118650 0.5241957438 -0.5161055501 0.4630451285
1403715947.1840581894 0.4480326342 0.4880542006 2.1497341370 -0.4823945576 0.5141446058 -0.5278407718 0.4736400899
1403715947.2340581417 0.4445927330 0.5006714482 2.1575501312 -0.4724253897 0.5079103480 -0.5356645217 0.4815650006
1403715947.2840580940 0.4351212657 0.5103530343 2.1664487261 -0.4668016661 0.5066170623 -0.5386160179 0.4851063203
1403715947.3340580463 0.4176178101 0.5257840000 2.1707044909 -0.4670097571 0.5121257150 -0.5353395860 0.4827428574
1403715947.3840582371 0.3905802208 0.5404976671 2.1706448327 -0.4736779742 0.5232765617 -0.5268931410 0.4734917472
1403715947.4340581894 0.3569299352 0.5527124172 2.1635933741 -0.4857096976 0.5385932589 -0.5130985420 0.4590569434
1403715947.4840581417 0.3198951842 0.5653362723 2.1621801043 -0.4986934891 0.5562569808 -0.4946438665 0.4440837990
1403715947.5340580940 0.2781526392 0.5842600558 2.1522222553 -0.5100529365 0.5730168331 -0.4761774689 0.4298287206
1403715947.5840582848 0.2321886965 0.5996910144 2.1433887646 -0.5195156723 0.5893616935 -0.4556603613 0.4184852395
1403715947.6340579987 0.1835611820 0.6121744462 2.1274155512 -0.5312185119 0.6058740455 -0.4334622402 0.4035269754
1403715947.6840581894 0.1345355105 0.6257327283 2.1103119356 -0.5405043981 0.6213312349 -0.4115781016 0.3903920574
1403715947.7340581417 0.0852938624 0.6370518061 2.0877958964 -0.5493836832 0.6340104722 -0.3921786223 0.3773648341
1403715947.7840580940 0.0383772119 0.6494118121 2.0665252906 -0.5580751050 0.6424505079 -0.3788117112 0.3637460785
1403715947.8340580463 -0.0046705331 0.6597160648 2.0466970778 -0.5669482214 0.6478877828 -0.3687689639 0.3504576813
1403715947.8840582371 -0.0441356351 0.6691505498 2.0207507296 -0.5761207713 0.6519590649 -0.3599073625 0.3368989835
1403715947.9340581894 -0.0815827367 0.6742662649 1.9954554254 -0.5847429543 0.6556726978 -0.3500870413 0.3249739286
1403715947.9840581417 -0.1171719971 0.6782918250 1.9658581331 -0.5930512404 0.6583932914 -0.3409774359 0.3139154158
1403715948.0340580940 -0.1407228324 0.6850626630 1.9437499281 -0.6008216677 0.6618119119 -0.3307378713 0.3027057603
1403715948.0840582848 -0.1603807610 0.6905054301 1.9175003491 -0.6073358775 0.6648035412 -0.3211254184 0.2933561815
1403715948.1340579987 -0.1727606726 0.6937510614 1.8917664073 -0.6127608272 0.6659952864 -0.3147435017 0.2862009352
1403715948.1840581894 -0.1746167385 0.6960726623 1.8690993366 -0.6170779743 0.6666072768 -0.3096949924 0.2809600039
1403715948.2340581417 -0.1679671120 0.6994550860 1.8489546320 -0.6177582161 0.6657304793 -0.3096668687 0.2815744056
1403715948.2840580940 -0.1515025602 0.7000368821 1.8308685962 -0.6157724645 0.6624279745 -0.3152584007 0.2874466757
1403715948.3340580463 -0.1248677378 0.7005075947 1.8178998116 -0.6106770252 0.6566716849 -0.3260609631 0.2992325473
1403715948.3840582371 -0.0918163075 0.7016423802 1.8042494807 -0.6022595737 0.6486413065 -0.3419970344 0.3155723210
1403715948.4340581894 -0.0543794334 0.7009042990 1.7914537033 -0.5925714689 0.6387531382 -0.3602699321 0.3332552456
1403715948.4840581417 -0.0082509112 0.7004256124 1.7833263517 -0.5827723697 0.6278870611 -0.3798686513 0.3490472910
1403715948.5340580940 0.0355741221 0.6989465516 1.7698065783 -0.5726583086 0.6168286623 -0.3990924951 0.3637444753
1403715948.5840582848 0.0808406957 0.6963944041 1.7571852592 -0.5620430691 0.6050653028 -0.4188084943 0.3776281411
1403715948.6340579987 0.1276394071 0.6966127787 1.7458959349 -0.5521198292 0.5963585015 -0.4344452052 0.3883009086
1403715948.6840581894 0.1749569441 0.6957037911 1.7349966613 -0.5427553691 0.5874329483 -0.4495960267 0.3977468458
1403715948.7340581417 0.2170736869 0.6919054275 1.7224425512 -0.5330645136 0.5782545096 -0.4639550697 0.4076881648
1403715948.7840580940 0.2594205581 0.6904817910 1.7082249176 -0.5251685491 0.5711048319 -0.4756557473 0.4144742165
1403715948.8340580463 0.2982181852 0.6891312943 1.6981021713 -0.5188993738 0.5660329830 -0.4837146075 0.4199646182
1403715948.8840582371 0.3278887978 0.6865853757 1.6770843816 -0.5130199104 0.5598276515 -0.4910850887 0.4268946097
1403715948.9340581894 0.3561103548 0.6864307496 1.6644488317 -0.5084877339 0.5548321953 -0.4950652561 0.4341795157
1403715948.9840581417 0.3802837046 0.6870144073 1.6539853167 -0.5052075125 0.5486161662 -0.4987010440 0.4416819446
1403715949.0340580940 0.3980268503 0.6896404193 1.6408340699 -0.5026010588 0.5416428559 -0.5017350701 0.4497522782
1403715949.0840582848 0.4098270574 0.6884786996 1.6271597918 -0.5032303647 0.5353550946 -0.5019322375 0.4563092720
1403715949.1340579987 0.4150464568 0.6898400708 1.6177250761 -0.5067134779 0.5323123542 -0.4972773327 0.4610859608
1403715949.1840581894 0.4156418937 0.6947946608 1.6087473001 -0.5153040389 0.5332795297 -0.4877829231 0.4605893080
1403715949.2340581417 0.4087421419 0.6975330541 1.5997550579 -0.5307705195 0.5383945769 -0.4721967971 0.4532594400
1403715949.2840580940 0.3980651685 0.7029344524 1.5868167194 -0.5466872503 0.5445747329 -0.4542554608 0.4452228508
1403715949.3340580463 0.3817925314 0.7104678482 1.5740001034 -0.5651092834 0.5514631159 -0.4344643426 0.4333366643
1403715949.3840582371 0.3645724398 0.7130721087 1.5612815381 -0.5838489557 0.5588317517 -0.4132598541 0.4195756943
1403715949.4340581894 0.3496234573 0.7110194683 1.5552226747 -0.6023923985 0.5663536984 -0.3904353966 0.4048791025
1403715949.4840581417 0.3333792950 0.7123030405 1.5485412008 -0.6182234069 0.5709513383 -0.3717998767 0.3918918731
1403715949.5340580940 0.3177180681 0.7152070516 1.5412434234 -0.6318924836 0.5735658802 -0.3553740349 0.3813703785
1403715949.5840582848 0.3049974747 0.7198326538 1.5347087136 -0.6446005563 0.5727116448 -0.3428126212 0.3727881456
1403715949.6340579987 0.2957627525 0.7232721310 1.5253224106 -0.6551178649 0.5710609000 -0.3305019875 0.3680739977
1403715949.6840581894 0.2921011935 0.7256117499 1.5211238845 -0.6660920140 0.5685766593 -0.3179415249 0.3632563806
1403715949.7340581417 0.2929824619 0.7315873975 1.5149687691 -0.6766619568 0.5649687325 -0.3070111584 0.3587242341
1403715949.7840580940 0.2987468334 0.7362475402 1.5111712484 -0.6874012833 0.5594456560 -0.2980401342 0.3545026266
1403715949.8340580463 0.3114215861 0.7424450047 1.5094344892 -0.6968826967 0.5513436445 -0.2931539463 0.3527541019
1403715949.8840582371 0.3300894152 0.7492779819 1.5065606029 -0.7058071155 0.5415704002 -0.2905740795 0.3522847167
1403715949.9340581894 0.3554214945 0.7578806378 1.5069367652 -0.7138779240 0.5294690572 -0.2912257431 0.3538762407
1403715949.9840581417 0.3842012962 0.7686473003 1.5062203841 -0.7213698086 0.5149082517 -0.2961534711 0.3560733255
1403715950.0340580940 0.4205440517 0.7818930805 1.5076008323 -0.7278349319 0.5003160415 -0.3007307082 0.3598627677
1403715950.0840582848 0.4630884979 0.8006620429 1.5086511514 -0.7309245090 0.4836091551 -0.3092626089 0.3690910267
1403715950.1340579987 0.5089864173 0.8184893303 1.5149407643 -0.7289314759 0.4655234031 -0.3206829490 0.3861467478
1403715950.1840581894 0.5571506494 0.8419753176 1.5203044145 -0.7221710639 0.4506533546 -0.3310883673 0.4071375708
1403715950.2340581417 0.6069515946 0.8679209890 1.5245371573 -0.7097861322 0.4365199844 -0.3429213740 0.4336575620
1403715950.2840580940 0.6534467163 0.8965709564 1.5297883647 -0.6954884731 0.4268029389 -0.3504038938 0.4597305149
1403715950.3340580463 0.7032864360 0.9217833334 1.5361593091 -0.6818907384 0.4179474305 -0.3562007261 0.4831832043
1403715950.3840582371 0.7501306530 0.9511699893 1.5420018298 -0.6680722545 0.4112518398 -0.3614529913 0.5038880055
1403715950.4340581894 0.7934252373 0.9789653718 1.5515164203 -0.6557391281 0.4050006770 -0.3671499229 0.5207509785
1403715950.4840581417 0.8272556583 1.0067422484 1.5514560537 -0.6429361680 0.3973962148 -0.3753181064 0.5365124895
1403715950.5340580940 0.8628555053 1.0326725725 1.5563003103 -0.6313553599 0.3915515128 -0.3824329878 0.5493840480
1403715950.5840582848 0.8935541487 1.0572962393 1.5690698072 -0.6244587983 0.3886674487 -0.3868433809 0.5561843419
1403715950.6340579987 0.9165596915 1.0771338930 1.5730210835 -0.6180335969 0.3860564085 -0.3897550684 0.5631038175
1403715950.6840581894 0.9303548387 1.0986954361 1.5753241034 -0.6115747268 0.3831026666 -0.3939140148 0.5692455088
1403715950.7340581417 0.9380478569 1.1159126731 1.5780274803 -0.6045720755 0.3795723056 -0.3982600696 0.5760263773
1403715950.7840580940 0.9418635326 1.1280040809 1.5837497370 -0.5991547390 0.3757119915 -0.4013723366 0.5820260696
1403715950.8340580463 0.9342083086 1.1411130915 1.5842612741 -0.5935020950 0.3723343683 -0.4041031224 0.5880672137
1403715950.8840582371 0.9198499257 1.1493384303 1.5913680901 -0.5912363630 0.3701203506 -0.4055838932 0.5907217574
1403715950.9340581894 0.8962092855 1.1573994222 1.5962244082 -0.5933459641 0.3719177506 -0.4024702820 0.5896061616
1403715950.9840581417 0.8679362554 1.1592021918 1.6000564694 -0.6027932539 0.3793530274 -0.3914477746 0.5826664684
1403715951.0340580940 0.8383277844 1.1581752928 1.6067277816 -0.6186528051 0.3913185716 -0.3760096458 0.5681155064
1403715951.0840582848 0.7971903960 1.1574109549 1.6194176219 -0.6362290127 0.4034032377 -0.3603921841 0.5500872157
1403715951.1340579987 0.7531636886 1.1523057005 1.6284502149 -0.6541297543 0.4131408863 -0.3448301061 0.5315271118
1403715951.1840581894 0.7054893251 1.1498008467 1.6299395611 -0.6732987473 0.4209421293 -0.3304984789 0.5101443679
1403715951.2340581417 0.6563000700 1.1442235577 1.6362887498 -0.6932421812 0.4283487762 -0.3136688617 0.4873853192
1403715951.2840580940 0.6086185349 1.1363986013 1.6430610573 -0.7109951202 0.4332412231 -0.2972238018 0.4673820636
1403715951.3340580463 0.5629402125 1.1311209975 1.6504062799 -0.7261044514 0.4372156419 -0.2808679678 0.4502532540
1403715951.3840582371 0.5161558049 1.1297577483 1.6563989842 -0.7393493443 0.4388169161 -0.2674638905 0.4350463522
1403715951.4340581894 0.4733390694 1.1267856390 1.6639502286 -0.7517212560 0.4385325298 -0.2541996116 0.4218849738
1403715951.4840581417 0.4349611536 1.1257857155 1.6701321129 -0.7631968394 0.4375633203 -0.2413680719 0.4096466513
1403715951.5340580940 0.4008247367 1.1279620184 1.6773879047 -0.7730566865 0.4361698822 -0.2288809457 0.3996907630
1403715951.5840582848 0.3706239840 1.1336596242 1.6837459835 -0.7823655627 0.4325141499 -0.2189854834 0.3909999931
1403715951.6340579987 0.3482039024 1.1417428153 1.6913183431 -0.7903059867 0.4286546881 -0.2089907500 0.3847004967
1403715951.6840581894 0.3325414773 1.1531221873 1.6996885798 -0.7976964066 0.4229081564 -0.2016040494 0.3797169228
1403715951.7340581417 0.3233790578 1.1684335544 1.7080898735 -0.8034178955 0.4180728536 -0.1935955363 0.3771677910
1403715951.7840580940 0.3216830470 1.1877051831 1.7174853644 -0.8089397735 0.4113962756 -0.1878177208 0.3756248807
1403715951.8340580463 0.3268380894 1.2136511477 1.7270251334 -0.8116691744 0.4051147398 -0.1832222902 0.3788202625
1403715951.8840582371 0.3401079842 1.2423135952 1.7435590195 -0.8110827852 0.3961231974 -0.1826795189 0.3896913156
1403715951.9340581894 0.3585226699 1.2762752461 1.7564623940 -0.8038248692 0.3849892263 -0.1871185098 0.4130805474
1403715951.9840581417 0.3878381706 1.3111987971 1.7782964364 -0.7942510573 0.3715884684 -0.1929007541 0.4403141687
1403715952.0340580940 0.4174857429 1.3474580997 1.7948024499 -0.7819896897 0.3568516687 -0.1994655334 0.4704917775
1403715952.0840582848 0.4472846441 1.3887994681 1.8112536193 -0.7672238068 0.3416399749 -0.2063183654 0.5020781712
1403715952.1340579987 0.4818731060 1.4266872272 1.8268295069 -0.7522204533 0.3255685020 -0.2118301892 0.5322569972
1403715952.1840581894 0.5153939673 1.4641039355 1.8388275005 -0.7398643104 0.3101385721 -0.2152853557 0.5568366761
1403715952.2340581417 0.5555207900 1.4995289600 1.8524648695 -0.7294570177 0.2973896067 -0.2152651585 0.5771592438
1403715952.2840580940 0.5787566531 1.5363135720 1.8706233645 -0.7213970859 0.2866973158 -0.2162562365 0.5921352327
1403715952.3340580463 0.6003309404 1.5706979923 1.8751084467 -0.7131534919 0.2776177142 -0.2174109454 0.6058654823
1403715952.3840582371 0.6417681666 1.5912384280 1.8918581402 -0.7068141289 0.2687151211 -0.2148278286 0.6181059577
1403715952.4340581894 0.6732480881 1.6090952563 1.9069350991 -0.7006384599 0.2603382508 -0.2137464059 0.6290009679
1403715952.4840581417 0.6853256527 1.6356079523 1.9205147569 -0.6966262529 0.2538991977 -0.2139344864 0.6359867112
1403715952.5340580940 0.7021970016 1.6473816350 1.9288373552 -0.6932461564 0.2454221889 -0.2138499149 0.6429976126
1403715952.5840582848 0.7236146781 1.6521431149 1.9432596395 -0.6904950346 0.2367081576 -0.2108454023 0.6501769540
1403715952.6340579987 0.7281479111 1.6559432314 1.9474148324 -0.6840740357 0.2303842129 -0.2097641384 0.6595186384
1403715952.6840581894 0.7386619099 1.6615076524 1.9602551000 -0.6764059576 0.2236206389 -0.2098638042 0.6696461558
1403715952.7340581417 0.7394659901 1.6550310215 1.9767185679 -0.6671985172 0.2169575157 -0.2115032260 0.6804718660
1403715952.7840580940 0.7370659967 1.6402877332 1.9875847479 -0.6576921841 0.2106935335 -0.2134626317 0.6910013971
1403715952.8340580463 0.7327165640 1.6182636650 1.9951279653 -0.6506210358 0.2061781490 -0.2142215947 0.6987788971
1403715952.8840582371 0.7245092848 1.5871167372 2.0015335801 -0.6547652134 0.2048654251 -0.2122920955 0.6958769568
1403715952.9340581894 0.7062888567 1.5533894730 2.0088453455 -0.6715924079 0.2089351058 -0.2063701439 0.6802360789
1403715952.9840581417 0.6893555740 1.5108570200 2.0126203890 -0.6958233827 0.2131324687 -0.1978314228 0.6567092956
1403715953.0340580940 0.6676959830 1.4594688328 2.0283939202 -0.7217205829 0.2176565915 -0.1870718738 0.6298802445
1403715953.0840582848 0.6476565192 1.4040300345 2.0304850769 -0.7486012496 0.2220315257 -0.1746270430 0.5998362832
1403715953.1340579987 0.6244247870 1.3468957442 2.0305562306 -0.7735929776 0.2256948915 -0.1639543570 0.5689768799
1403715953.1840581894 0.6009649810 1.2909871261 2.0272976786 -0.7947903720 0.2303771328 -0.1529540653 0.5402218943
1403715953.2340581417 0.5786687866 1.2359078255 2.0204922703 -0.8119440061 0.2333238368 -0.1449404799 0.5150720099
1403715953.2840580940 0.5525374934 1.1856030450 2.0134591185 -0.8249608038 0.2359089444 -0.1386644352 0.4945288835
1403715953.3340580463 0.5281184242 1.1393797544 2.0080485876 -0.8355743246 0.2378471703 -0.1327942574 0.4770848529
1403715953.3840582371 0.5062817534 1.0928387387 1.9929697450 -0.8450453140 0.2373662856 -0.1277097119 0.4617855489
1403715953.4340581894 0.4902103183 1.0507819999 1.9793126114 -0.8538395040 0.2365541154 -0.1201694832 0.4478387513
1403715953.4840581417 0.4771152392 1.0122566055 1.9664673196 -0.8619444502 0.2332198799 -0.1129233712 0.4357849982
1403715953.5340580940 0.4686028762 0.9807176997 1.9548439275 -0.8691721577 0.2283006456 -0.1056277501 0.4257479934
1403715953.5840582848 0.4634382807 0.9545643285 1.9426038259 -0.8760690122 0.2212100601 -0.0985518948 0.4169612922
1403715953.6340579987 0.4619367309 0.9363948888 1.9331589736 -0.8823920367 0.2125407036 -0.0919720352 0.4095752526
1403715953.6840581894 0.4659113490 0.9253337049 1.9236141024 -0.8878941969 0.2029376803 -0.0856390009 0.4038887897
1403715953.7340581417 0.4735510884 0.9220729077 1.9163256644 -0.8924850947 0.1939017380 -0.0800731404 0.3993253861
1403715953.7840580940 0.4870413512 0.9274816328 1.9111855155 -0.8959699802 0.1843446621 -0.0774166065 0.3965621127
1403715953.8340580463 0.5040507695 0.9429564303 1.9073936650 -0.8972054638 0.1732626008 -0.0785658966 0.3985345993
1403715953.8840582371 0.5252643975 0.9665739510 1.9066200352 -0.8963576844 0.1587732923 -0.0852745289 0.4050459208
1403715953.9340581894 0.5505492867 0.9989931889 1.9060622628 -0.8927777263 0.1403033883 -0.0975106166 0.4168387821
1403715953.9840581417 0.5754907484 1.0381533077 1.9074167859 -0.8847213980 0.1191250668 -0.1148168128 0.4357687068
1403715954.0340580940 0.6014969271 1.0850134072 1.9035805745 -0.8733443908 0.0973878161 -0.1342300959 0.4580037879
1403715954.0840582848 0.6241107894 1.1374497211 1.8967490617 -0.8590061853 0.0833958278 -0.1470065535 0.4832624367
1403715954.1340579987 0.6452860551 1.1927163635 1.8903231374 -0.8426927703 0.0725404746 -0.1571299173 0.5098205209
1403715954.1840581894 0.6677997730 1.2499709500 1.8870809597 -0.8252109950 0.0653737034 -0.1629950758 0.5368293005
1403715954.2340581417 0.6839251068 1.3090278065 1.8820904813 -0.8073149624 0.0630680340 -0.1651927349 0.5630065140
1403715954.2840580940 0.6982420297 1.3691287827 1.8794550949 -0.7909572316 0.0638293933 -0.1638846251 0.5860497385
1403715954.3340580463 0.7060022839 1.4274680887 1.8743687472 -0.7755852435 0.0688370370 -0.1579374321 0.6072765103
1403715954.3840582371 0.7112333860 1.4825100922 1.8730332751 -0.7616165407 0.0768421104 -0.1466979672 0.6265103682
1403715954.4340581894 0.7095227502 1.5344450361 1.8699979944 -0.7471813956 0.0845376337 -0.1363854574 0.6449591906
1403715954.4840581417 0.7092275915 1.5806283924 1.8681497833 -0.7324371476 0.0901350753 -0.1280014558 0.6625912166
1403715954.5340580940 0.7037805954 1.6214225577 1.8648559113 -0.7178085359 0.0930336812 -0.1236744485 0.6788227093
1403715954.5840582848 0.6952782511 1.6561494685 1.8647260912 -0.7043143268 0.0937921865 -0.1216114084 0.6930764895
1403715954.6340579987 0.6831364485 1.6842325493 1.8627975724 -0.6930666255 0.0945446822 -0.1197959462 0.7045345180
1403715954.6840581894 0.6611693381 1.7061650856 1.8592741755 -0.6838949593 0.0949739961 -0.1190834114 0.7135031645
1403715954.7340581417 0.6422803606 1.7177895376 1.8552996257 -0.6817408509 0.0951084288 -0.1183434755 0.7156665570
1403715954.7840580940 0.6191232220 1.7198982426 1.8487726977 -0.6846310095 0.0956411715 -0.1177154678 0.7129349310
1403715954.8340580463 0.5957538082 1.7133183604 1.8431674896 -0.6939437979 0.0968632845 -0.1161367746 0.7039685781
1403715954.8840582371 0.5655180777 1.7001733489 1.8362845694 -0.7052543738 0.0983350363 -0.1161174975 0.6924328239
1403715954.9340581894 0.5380358306 1.6811323155 1.8323533526 -0.7219543712 0.1007645917 -0.1139688728 0.6750107251
1403715954.9840581417 0.5063207419 1.6542739395 1.8261267490 -0.7406313912 0.1032248324 -0.1134117946 0.6541769953
1403715955.0340580940 0.4749866770 1.6213319085 1.8189647487 -0.7576894321 0.1063341285 -0.1110768915 0.6342410438
1403715955.0840582848 0.4383648892 1.5890775622 1.8186442932 -0.7746945098 0.1102465426 -0.1093857866 0.6129672634
1403715955.1340579987 0.4029861850 1.5524798369 1.8153948513 -0.7913784368 0.1159922582 -0.1038250253 0.5911736884
1403715955.1840581894 0.3673462166 1.5135375987 1.8130634054 -0.8076501323 0.1228241288 -0.0968143217 0.5685441798
1403715955.2340581417 0.3395246758 1.4697625051 1.8086720949 -0.8230271375 0.1290418820 -0.0884595301 0.5460306174
1403715955.2840580940 0.3044323135 1.4339006498 1.8061407607 -0.8361529844 0.1341760838 -0.0838623472 0.5251781335
1403715955.3340580463 0.2732955587 1.4006133973 1.8110459266 -0.8478126820 0.1372593620 -0.0810502697 0.5057710722
1403715955.3840582371 0.2417376705 1.3683410231 1.8068184719 -0.8562192740 0.1414325897 -0.0780711558 0.4907038537
1403715955.4340581894 0.2138524111 1.3409537204 1.8087643304 -0.8645781324 0.1443976452 -0.0747317181 0.4754672895
1403715955.4840581417 0.1875801650 1.3174080195 1.8089787145 -0.8718332722 0.1480430163 -0.0689218258 0.4617789436
1403715955.5340580940 0.1629499651 1.2992677120 1.8109298713 -0.8787512804 0.1524832669 -0.0602148761 0.4482401246
1403715955.5840582848 0.1438639228 1.2884756445 1.8145256714 -0.8850644179 0.1549301650 -0.0511823666 0.4359334645
1403715955.6340579987 0.1272833212 1.2831077998 1.8174446417 -0.8904793404 0.1545868037 -0.0433986743 0.4257534727
1403715955.6840581894 0.1138505259 1.2853813396 1.8214705297 -0.8947572503 0.1504122365 -0.0379642262 0.4187413757
1403715955.7340581417 0.1051693450 1.2944758689 1.8280491399 -0.8956958035 0.1403534944 -0.0372178264 0.4202912771
1403715955.7840580940 0.0996455634 1.3158070375 1.8360965192 -0.8909102654 0.1268667679 -0.0390782980 0.4343461854
1403715955.8340580463 0.0999504859 1.3427700268 1.8482370355 -0.8795477377 0.1138614550 -0.0392361900 0.4603171381
1403715955.8840582371 0.1011053792 1.3732037256 1.8594275511 -0.8652879631 0.0986301236 -0.0401058241 0.4898370776
1403715955.9340581894 0.1035772319 1.4046695217 1.8710723567 -0.8496759965 0.0841721676 -0.0379436096 0.5191589637
1403715955.9840581417 0.1055905786 1.4400843076 1.8843363045 -0.8325938172 0.0674601444 -0.0371357705 0.5485048761
1403715956.0340580940 0.1098912168 1.4774124632 1.8983897697 -0.8151479370 0.0482053763 -0.0371974030 0.5760437794
1403715956.0840582848 0.1130127903 1.5106558784 1.9053069437 -0.7985398366 0.0287257491 -0.0367673152 0.6001309234
1403715956.1340579987 0.1126783829 1.5474274999 1.9221246943 -0.7864930947 0.0099306804 -0.0351979022 0.6165152887
1403715956.1840581894 0.1144064509 1.5817814921 1.9364447573 -0.7755961657 -0.0092381415 -0.0321246344 0.6303437573
1403715956.2340581417 0.1133190037 1.6092130655 1.9462485934 -0.7673277736 -0.0267567384 -0.0268258607 0.6401347812
1403715956.2840580940 0.1105370401 1.6312490635 1.9559312415 -0.7618732986 -0.0428712810 -0.0193347357 0.6460164844
1403715956.3340580463 0.1052910576 1.6490198220 1.9693409727 -0.7549805088 -0.0575289948 -0.0091638807 0.6531545524
1403715956.3840582371 0.1028491427 1.6645722925 1.9773532472 -0.7450866972 -0.0720189335 0.0030798759 0.6630607825
1403715956.4340581894 0.0987435907 1.6731961794 1.9888010376 -0.7322115933 -0.0850827515 0.0168187002 0.6755325598
1403715956.4840581417 0.0920610230 1.6756444460 2.0045806566 -0.7183751550 -0.0969413756 0.0308177279 0.6881785916
1403715956.5340580940 0.0870479015 1.6711318904 2.0205095683 -0.7064844465 -0.1085894900 0.0436805774 0.6979828484
1403715956.5840582848 0.0817156563 1.6598357198 2.0340951618 -0.6969136191 -0.1181762606 0.0555657905 0.7051653861
1403715956.6340579987 0.0742857668 1.6408187031 2.0461934769 -0.6910143417 -0.1250291852 0.0663103763 0.7088510538
1403715956.6840581894 0.0718349142 1.6140010107 2.0583046343 -0.6921650284 -0.1316527351 0.0732924272 0.7058352151
1403715956.7340581417 0.0667627838 1.5784834375 2.0654089224 -0.6991066534 -0.1354028522 0.0807270561 0.6974231837
1403715956.7840580940 0.0646355268 1.5353709263 2.0720323310 -0.7094164549 -0.1383808845 0.0865505782 0.6856296535
1403715956.8340580463 0.0623806851 1.4881215785 2.0796441969 -0.7221870402 -0.1396332287 0.0913112535 0.6712754245
1403715956.8840582371 0.0599039207 1.4400495674 2.0931024293 -0.7379470324 -0.1404365720 0.0942329641 0.6533237292
1403715956.9340581894 0.0603178826 1.3829596177 2.1014208636 -0.7537706683 -0.1417107797 0.0946094292 0.6346628163
1403715956.9840581417 0.0622472290 1.3251512970 2.1088111207 -0.7713683300 -0.1428518581 0.0936473991 0.6130370386
1403715957.0340580940 0.0664212191 1.2664011053 2.1142134344 -0.7882481614 -0.1447477312 0.0907390167 0.5911677945
1403715957.0840582848 0.0701455329 1.2069023609 2.1178402739 -0.8033601079 -0.1455453864 0.0876776747 0.5707378583
1403715957.1340579987 0.0697598419 1.1422401922 2.1120482864 -0.8167102964 -0.1452030881 0.0849043098 0.5519887799
1403715957.1840581894 0.0716366111 1.0819095751 2.1097693028 -0.8300422085 -0.1447103077 0.0832114654 0.5321322308
1403715957.2340581417 0.0733468510 1.0259184746 2.1071118405 -0.8430169193 -0.1437875284 0.0816641074 0.5118384452
1403715957.2840580940 0.0715878157 0.9681673566 2.0961973549 -0.8553033250 -0.1416580662 0.0810015610 0.4917600651
1403715957.3340580463 0.0741489752 0.9183691415 2.0806572260 -0.8674647015 -0.1401828344 0.0807773484 0.4704559327
1403715957.3840582371 0.0712500531 0.8693900701 2.0663441181 -0.8785433351 -0.1392464797 0.0784448985 0.4501315632
1403715957.4340581894 0.0684432501 0.8278218579 2.0506593131 -0.8874661370 -0.1390489947 0.0756542072 0.4328344646
1403715957.4840581417 0.0654555078 0.7940413881 2.0352817759 -0.8957277497 -0.1385795352 0.0736522590 0.4159842011
1403715957.5340580940 0.0578330266 0.7651334212 2.0176144418 -0.9020015167 -0.1382365014 0.0711833188 0.4027615530
1403715957.5840582848 0.0483521233 0.7459857133 1.9992041390 -0.9071028470 -0.1397202147 0.0679613014 0.3911827554
1403715957.6340579987 0.0364162444 0.7363122409 1.9805491835 -0.9109973274 -0.1403887462 0.0656835110 0.3821786831
1403715957.6840581894 0.0219958572 0.7363121222 1.9630141117 -0.9121242268 -0.1431234274 0.0625428942 0.3789900602
1403715957.7340581417 0.0041460905 0.7467392448 1.9439360165 -0.9093112727 -0.1452072960 0.0611851953 0.3851288386
1403715957.7840580940 -0.0164249245 0.7674760840 1.9299440712 -0.9026856639 -0.1457138103 0.0626160300 0.4000066380
1403715957.8340580463 -0.0403117568 0.8001762358 1.9209079201 -0.8905499485 -0.1457677076 0.0664329279 0.4257454999
1403715957.8840582371 -0.0673126317 0.8390500514 1.9120918424 -0.8740054285 -0.1463412761 0.0721515405 0.4577039404
1403715957.9340581894 -0.0951966589 0.8814357099 1.9037404991 -0.8557409282 -0.1484376924 0.0788173540 0.4893480765
1403715957.9840581417 -0.1241662710 0.9250225416 1.8932483370 -0.8356997996 -0.1513256365 0.0857798427 0.5209109475
1403715958.0340580940 -0.1550355743 0.9703204610 1.8832650146 -0.8150898857 -0.1545703547 0.0944757548 0.5502824869
1403715958.0840582848 -0.1858839687 1.0211640215 1.8806983465 -0.7941296947 -0.1599970905 0.1021366656 0.5773448368
1403715958.1340579987 -0.2212420671 1.0629668044 1.8720282547 -0.7746821057 -0.1639579605 0.1114665068 0.6004670184
1403715958.1840581894 -0.2502806765 1.1083481186 1.8679091685 -0.7561017091 -0.1685576852 0.1219682029 0.6205016275
1403715958.2340581417 -0.2759454020 1.1541795855 1.8669686646 -0.7394713648 -0.1748121561 0.1312043668 0.6367167540
1403715958.2840580940 -0.3024170047 1.1900045383 1.8580118561 -0.7250687589 -0.1815586450 0.1393013543 0.6495435982
1403715958.3340580463 -0.3288488563 1.2187629343 1.8493028711 -0.7118403237 -0.1877420547 0.1479967984 0.6604038326
1403715958.3840582371 -0.3536258034 1.2391624732 1.8373409194 -0.6988810563 -0.1938043784 0.1557338433 0.6706355956
1403715958.4340581894 -0.3723183505 1.2589145568 1.8261459287 -0.6845022692 -0.1980999768 0.1677723430 0.6812235196
1403715958.4840581417 -0.3920940587 1.2669082851 1.8158525397 -0.6709763707 -0.2027051451 0.1779788923 0.6906698546
1403715958.5340580940 -0.4104358427 1.2672830137 1.8043307876 -0.6615446111 -0.2069124377 0.1890154946 0.6955710701
1403715958.5840582848 -0.4205504075 1.2594318245 1.7940014104 -0.6584110830 -0.2127169050 0.1992494057 0.6939351831
1403715958.6340579987 -0.4296079505 1.2452939989 1.7764804399 -0.6582436773 -0.2185458479 0.2093890661 0.6892816498
1403715958.6840581894 -0.4350844152 1.2229339717 1.7696527051 -0.6631204838 -0.2245035109 0.2206474080 0.6791053813
1403715958.7340581417 -0.4335040416 1.1958189930 1.7568380284 -0.6703114596 -0.2327732994 0.2303518163 0.6659107890
1403715958.7840580940 -0.4231549509 1.1639046421 1.7363779170 -0.6808815355 -0.2414183897 0.2409259203 0.6481297684
1403715958.8340580463 -0.4088323059 1.1260518489 1.7222971623 -0.6945551994 -0.2498651885 0.2526434494 0.6255651445
1403715958.8840582371 -0.3888916094 1.0897282423 1.7121987202 -0.7097952778 -0.2585950710 0.2640955893 0.5996438715
1403715958.9340581894 -0.3670568429 1.0471363212 1.7034824780 -0.7237254267 -0.2672183326 0.2734698810 0.5744824572
1403715958.9840581417 -0.3488133867 0.9975492195 1.6828832478 -0.7356385187 -0.2757356216 0.2803628833 0.5515455471
1403715959.0340580940 -0.3191801444 0.9560390585 1.6723317461 -0.7480217275 -0.2899121004 0.2810647560 0.5267039702
1403715959.0840582848 -0.2899164402 0.9136757746 1.6550450010 -0.7570687380 -0.3043104930 0.2798190080 0.5059084625
1403715959.1340579987 -0.2593190293 0.8759429502 1.6435365025 -0.7624870085 -0.3215440861 0.2741797672 0.4899473624
1403715959.1840581894 -0.2270880195 0.8397768361 1.6313707110 -0.7648429730 -0.3414777851 0.2650880329 0.4776363509
1403715959.2340581417 -0.1940222677 0.8030628644 1.6176064340 -0.7655015475 -0.3608819497 0.2554785905 0.4674422841
1403715959.2840580940 -0.1624822024 0.7727494831 1.6048697113 -0.7668479467 -0.3792549991 0.2470345546 0.4550646121
1403715959.3340580463 -0.1328341858 0.7435476970 1.5921422264 -0.7703949668 -0.3971368090 0.2375794233 0.4385544068
1403715959.3840582371 -0.1057086911 0.7177621943 1.5792129410 -0.7755746165 -0.4121312685 0.2285371748 0.4200030850
1403715959.4340581894 -0.0829409548 0.6957361337 1.5668843299 -0.7799127474 -0.4240108518 0.2210096201 0.4038634074
1403715959.4840581417 -0.0658052414 0.6789875847 1.5558052130 -0.7841712872 -0.4337687765 0.2140836447 0.3887006997
1403715959.5340580940 -0.0552129549 0.6661561481 1.5466657493 -0.7870232933 -0.4419669092 0.2089420580 0.3763014793
1403715959.5840582848 -0.0524928351 0.6589436963 1.5398094796 -0.7862707150 -0.4514082787 0.2043844917 0.3691014878
1403715959.6340579987 -0.0580364724 0.6560355984 1.5377846647 -0.7835592516 -0.4586182116 0.2038757469 0.3662497987
1403715959.6840581894 -0.0736626428 0.6597217500 1.5399863166 -0.7767039638 -0.4647279262 0.2077580352 0.3709386823
1403715959.7340581417 -0.0984964456 0.6668064479 1.5501252491 -0.7665944152 -0.4658666582 0.2196330514 0.3834873949
1403715959.7840580940 -0.1312935695 0.6771064628 1.5633124775 -0.7515071553 -0.4641914502 0.2370970657 0.4044110217
1403715959.8340580463 -0.1711611552 0.6916674874 1.5780266683 -0.7344933606 -0.4609569049 0.2566097525 0.4268368189
1403715959.8840582371 -0.2122782501 0.7079176874 1.5931865765 -0.7149062597 -0.4559262700 0.2771314626 0.4519274595
1403715959.9340581894 -0.2544689025 0.7255672828 1.6065775378 -0.6940904802 -0.4491580695 0.2976420818 0.4773935746
1403715959.9840581417 -0.2948155920 0.7401713289 1.6202004005 -0.6732051594 -0.4405271024 0.3173886087 0.5019911916
1403715960.0340580940 -0.3361829802 0.7550557086 1.6265273460 -0.6533272301 -0.4325655450 0.3337007696 0.5241129421
1403715960.0840582848 -0.3743043002 0.7679188047 1.6388557355 -0.6361109094 -0.4243191057 0.3485004793 0.5420918957
1403715960.1340579987 -0.4090608737 0.7801026816 1.6515009166 -0.6224212503 -0.4182944873 0.3588269261 0.5557560132
1403715960.1840581894 -0.4378800619 0.7914349381 1.6619600477 -0.6094222329 -0.4127056684 0.3676125135 0.5684537037
1403715960.2340581417 -0.4614332848 0.7997795347 1.6735224943 -0.5981782789 -0.4081945524 0.3738720571 0.5794649593
1403715960.2840580940 -0.4747858108 0.8071133101 1.6825911544 -0.5889871068 -0.4047565174 0.3792806500 0.5877180771
1403715960.3340580463 -0.4909618295 0.8065208287 1.6925884470 -0.5808285867 -0.4005618829 0.3826184348 0.5964825766
1403715960.3840582371 -0.4944904809 0.8032072620 1.7053151264 -0.5729748507 -0.3963537440 0.3872179782 0.6038756225
1403715960.4340581894 -0.4936632701 0.7941589558 1.7127999037 -0.5666671683 -0.3923605097 0.3907066243 0.6101556232
1403715960.4840581417 -0.4853220589 0.7855972310 1.7169151881 -0.5651757304 -0.3912299073 0.3913116008 0.6118748111
1403715960.5340580940 -0.4667798967 0.7729783251 1.7224613905 -0.5698282962 -0.3941789724 0.3876741976 0.6079698735
1403715960.5840582848 -0.4393281716 0.7565652592 1.7294624900 -0.5820142300 -0.4024423499 0.3780505507 0.5969735105
1403715960.6340579987 -0.4066556664 0.7343533281 1.7346603961 -0.5998463240 -0.4138235311 0.3643230532 0.5798303076
1403715960.6840581894 -0.3708698013 0.7118666877 1.7416866864 -0.6179701802 -0.4243975255 0.3508819410 0.5611429944
1403715960.7340581417 -0.3321419759 0.6844681861 1.7421765629 -0.6339644938 -0.4348637358 0.3358954818 0.5442028824
1403715960.7840580940 -0.2906519048 0.6539554942 1.7483161513 -0.6516873741 -0.4457711841 0.3191346502 0.5241609418
1403715960.8340580463 -0.2462400824 0.6256436452 1.7538909252 -0.6727101273 -0.4583917977 0.2990650683 0.4978936928
1403715960.8840582371 -0.1997477420 0.5951425286 1.7578235349 -0.6902354940 -0.4699799560 0.2791163108 0.4741180115
1403715960.9340581894 -0.1546542910 0.5644267704 1.7607097053 -0.7068042089 -0.4788444087 0.2615216171 0.4502691266
1403715960.9840581417 -0.1147721051 0.5347296650 1.7668315512 -0.7191166203 -0.4858510229 0.2462133233 0.4315079019
1403715961.0340580940 -0.0784675854 0.5043505251 1.7739142271 -0.7299892037 -0.4914888519 0.2323250639 0.4142216021
1403715961.0840582848 -0.0476207612 0.4760019929 1.7801818759 -0.7394788362 -0.4961971471 0.2198917901 0.3982549971
1403715961.1340579987 -0.0243367122 0.4488550711 1.7881983431 -0.7490524865 -0.4994733766 0.2087994402 0.3819024905
1403715961.1840581894 -0.0089491734 0.4246235055 1.7962561770 -0.7580829974 -0.5009312311 0.2000738196 0.3665358610
1403715961.2340581417 -0.0029366660 0.4035191561 1.8071319256 -0.7656464778 -0.4993736607 0.1962634677 0.3548127243
1403715961.2840580940 -0.0071240757 0.3851564386 1.8216280828 -0.7710034533 -0.4944682902 0.1987549013 0.3486420430
1403715961.3340580463 -0.0203200450 0.3718605661 1.8375282346 -0.7715723807 -0.4876321456 0.2091452101 0.3509262501
1403715961.3840582371 -0.0429077147 0.3615628133 1.8550368199 -0.7678498649 -0.4804345427 0.2241953608 0.3596187917
1403715961.4340581894 -0.0742332709 0.3573030527 1.8748809492 -0.7605119039 -0.4737894463 0.2419150223 0.3723201935
1403715961.4840581417 -0.1096981960 0.3548563788 1.8968812272 -0.7496476399 -0.4693943185 0.2605424269 0.3870594704
1403715961.5340580940 -0.1502791877 0.3564121593 1.9185655421 -0.7356939536 -0.4666706672 0.2796602790 0.4034389959
1403715961.5840582848 -0.1955591702 0.3594700924 1.9400896288 -0.7188489715 -0.4658754025 0.2979432690 0.4212434855
1403715961.6340579987 -0.2428042748 0.3640948076 1.9631443624 -0.7002624527 -0.4666258231 0.3156703027 0.4384576361
1403715961.6840581894 -0.2910548779 0.3694384493 1.9861377171 -0.6803271086 -0.4672865554 0.3335877014 0.4555409377
1403715961.7340581417 -0.3352924711 0.3776754851 2.0072065348 -0.6588148057 -0.4689777182 0.3498199150 0.4729154033
1403715961.7840580940 -0.3824117731 0.3866433730 2.0285787379 -0.6367898095 -0.4709617665 0.3637021083 0.4903208433
1403715961.8340580463 -0.4232057938 0.3958876042 2.0445057230 -0.6164426978 -0.4716113736 0.3780759934 0.5046183269
1403715961.8840582371 -0.4675441927 0.3994951630 2.0570731240 -0.5985169766 -0.4720517051 0.3891603865 0.5172028712
1403715961.9340581894 -0.5089737400 0.4064867338 2.0680263005 -0.5822960795 -0.4730165279 0.3986438378 0.5275127778
1403715961.9840581417 -0.5407665249 0.4119808996 2.0750744639 -0.5646166791 -0.4695251283 0.4127789634 0.5388577613
1403715962.0340580940 -0.5674172229 0.4144650428 2.0830558858 -0.5461844334 -0.4639257565 0.4297323763 0.5493501088
1403715962.0840582848 -0.5855096035 0.4165209313 2.0919593848 -0.5283850626 -0.4586936051 0.4469874466 0.5573254209
1403715962.1340579987 -0.5969964930 0.4141952749 2.1047320573 -0.5143406931 -0.4564469160 0.4602344710 0.5615105485
1403715962.1840581894 -0.5992781676 0.4096053697 2.1055928852 -0.5034609710 -0.4556854817 0.4719264508 0.5622839296
1403715962.2340581417 -0.5956560476 0.4066352391 2.1053318327 -0.4966988431 -0.4588662145 0.4811953634 0.5578378606
1403715962.2840580940 -0.5756994823 0.4045143165 2.0901576415 -0.4935660283 -0.4641550343 0.4891337291 0.5492730422
1403715962.3340580463 -0.5544743065 0.3989642146 2.0870915682 -0.4960620929 -0.4714769771 0.4950029692 0.5353540142
1403715962.3840582371 -0.5225665724 0.3916920552 2.0719879151 -0.5003405089 -0.4784364104 0.4995724989 0.5207545436
1403715962.4340581894 -0.4820504810 0.3734396981 2.0506743951 -0.5080715698 -0.4850700754 0.5030102138 0.5035385057
1403715962.4840581417 -0.4307346498 0.3614061424 2.0334315712 -0.5172987511 -0.4938226719 0.5055622688 0.4826468307
1403715962.5340580940 -0.3764745216 0.3499644587 2.0131467362 -0.5290097597 -0.5041772854 0.5055750963 0.4586368509
1403715962.5840582848 -0.3205102843 0.3441297828 2.0021910552 -0.5437277686 -0.5178914705 0.5016927755 0.4294797986
1403715962.6340579987 -0.2565000515 0.3392525889 1.9838107253 -0.5558834803 -0.5301093386 0.4974076688 0.4031913398
1403715962.6840581894 -0.1910038945 0.3413199488 1.9631446612 -0.5655423546 -0.5408236754 0.4939627919 0.3790413665
1403715962.7340581417 -0.1204747599 0.3425244696 1.9401092962 -0.5731684174 -0.5511064141 0.4894401404 0.3580614957
1403715962.7840580940 -0.0552142064 0.3507100498 1.9155348524 -0.5793674264 -0.5636102868 0.4820126573 0.3381429106
1403715962.8340580463 0.0152737425 0.3588301977 1.8826602583 -0.5818884937 -0.5773714280 0.4721725361 0.3241930153
1403715962.8840582371 0.0835224777 0.3728610661 1.8512262349 -0.5819564678 -0.5920844215 0.4612391845 0.3130832510
1403715962.9340581894 0.1496145068 0.3917835471 1.8148389120 -0.5790623330 -0.6111981945 0.4450012856 0.3051187268
1403715962.9840581417 0.2148527792 0.4111557847 1.7786939290 -0.5723890732 -0.6337995531 0.4238155571 0.3017436809
1403715963.0340580940 0.2758747253 0.4324780788 1.7371126668 -0.5664284355 -0.6555421600 0.4024681111 0.2957071584
1403715963.0840582848 0.3318075548 0.4586021456 1.6951805261 -0.5604862967 -0.6758022578 0.3828014652 0.2874186106
1403715963.1340579987 0.3832790367 0.4826430717 1.6517485831 -0.5555198349 -0.6941903784 0.3647262518 0.2765360606
1403715963.1840581894 0.4303676168 0.5074843499 1.6026585452 -0.5507074761 -0.7098105579 0.3502430989 0.2649906023
1403715963.2340581417 0.4699693790 0.5306030678 1.5538962219 -0.5450477214 -0.7239348295 0.3384757821 0.2535261109
1403715963.2840580940 0.5017408815 0.5507008941 1.5041181217 -0.5403792713 -0.7362432408 0.3283865116 0.2410361646
1403715963.3340580463 0.5225618323 0.5711069862 1.4545795415 -0.5326298066 -0.7463711351 0.3247419092 0.2319015097
1403715963.3840582371 0.5363849479 0.5846872468 1.4061401610 -0.5215207173 -0.7503445302 0.3339100801 0.2313077730
1403715963.4340581894 0.5419220379 0.5922728218 1.3590759774 -0.5034433362 -0.7486968697 0.3563887404 0.2428680101
1403715963.4840581417 0.5384254748 0.5974400671 1.3165700451 -0.4835629051 -0.7428327107 0.3853419967 0.2566671509
1403715963.5340580940 0.5290822296 0.6017553634 1.2750002095 -0.4609801383 -0.7335380943 0.4185274006 0.2724958555
1403715963.5840582848 0.5168571160 0.6042450855 1.2334633577 -0.4401324778 -0.7232763884 0.4494059418 0.2849367781
1403715963.6340579987 0.5035385551 0.6050369221 1.1947194412 -0.4201054970 -0.7146783779 0.4749824312 0.2951912561
1403715963.6840581894 0.4896840197 0.6050859811 1.1580287720 -0.4023515817 -0.7076299659 0.4956652102 0.3028019741
1403715963.7340581417 0.4777069611 0.6032921483 1.1235712178 -0.3877848489 -0.7028819894 0.5109790204 0.3073764151
1403715963.7840580940 0.4660431804 0.6053042668 1.0939524035 -0.3782795942 -0.7005496277 0.5218739432 0.3062390491
1403715963.8340580463 0.4565737359 0.6058193506 1.0669971886 -0.3706577307 -0.6993726228 0.5300351443 0.3042261117
1403715963.8840582371 0.4503809581 0.6068040439 1.0425597003 -0.3658096860 -0.7001077835 0.5341400617 0.3012088304
1403715963.9340581894 0.4467297669 0.6091704727 1.0203337819 -0.3637553797 -0.7034427547 0.5340805892 0.2959868896
1403715963.9840581417 0.4449136810 0.6118369598 1.0011418229 -0.3644205177 -0.7075985907 0.5323285944 0.2883195940
1403715964.0340580940 0.4442549492 0.6145247079 0.9849839865 -0.3634104540 -0.7148651954 0.5255092707 0.2841489058
1403715964.0840582848 0.4457586484 0.6171358641 0.9706349693 -0.3644188296 -0.7276235719 0.5103218155 0.2780908105
1403715964.1340579987 0.4481105501 0.6208328712 0.9602464299 -0.3612536413 -0.7429225475 0.4904768751 0.2774785218
1403715964.1840581894 0.4500785764 0.6234583248 0.9575603310 -0.3614232801 -0.7540912788 0.4758044650 0.2726346767
1403715964.2340581417 0.4518397719 0.6221050435 0.9607550785 -0.3610254989 -0.7594436924 0.4687762600 0.2704712283
1403715964.2840580940 0.4523938536 0.6177629719 0.9724181215 -0.3633998784 -0.7568652122 0.4735147319 0.2662318118
1403715964.3340580463 0.4508008427 0.6118780426 0.9870016410 -0.3640852622 -0.7533455342 0.4796156980 0.2643505444
1403715964.3840582371 0.4488312877 0.6042617721 1.0038831904 -0.3646057483 -0.7481303559 0.4880640186 0.2629774376
1403715964.4340581894 0.4470059873 0.5948014362 1.0179769960 -0.3655689882 -0.7450110774 0.4927838741 0.2616903949
1403715964.4840581417 0.4446950581 0.5851956090 1.0322948068 -0.3650517391 -0.7435340789 0.4953761135 0.2617189477
1403715964.5340580940 0.4408763742 0.5743368317 1.0455933872 -0.3630830545 -0.7427449426 0.4968843039 0.2638306926
1403715964.5840582848 0.4376378735 0.5631040054 1.0564719892 -0.3629038549 -0.7428787252 0.4967482128 0.2639568238
1403715964.6340579987 0.4333036783 0.5506574281 1.0709474742 -0.3643147875 -0.7407652684 0.5000282237 0.2617505076
1403715964.6840581894 0.4293260105 0.5375108439 1.0858899300 -0.3671965848 -0.7369988317 0.5055626221 0.2576932777
1403715964.7340581417 0.4252395803 0.5232103065 1.1060911723 -0.3700022761 -0.7330619163 0.5111184333 0.2539222118
1403715964.7840580940 0.4201148086 0.5091358388 1.1283320985 -0.3734783340 -0.7270462222 0.5198126930 0.2484199851
1403715964.8340580463 0.4151554167 0.4970122593 1.1520323403 -0.3758621625 -0.7206170285 0.5294651671 0.2431159597
1403715964.8840582371 0.4098364400 0.4842110002 1.1792040024 -0.3756941294 -0.7144862919 0.5386507322 0.2412854087
1403715964.9340581894 0.4031303784 0.4744168521 1.2041857815 -0.3728965786 -0.7099281566 0.5460502280 0.2424444320
1403715964.9840581417 0.3964795518 0.4659341679 1.2255936078 -0.3693447340 -0.7051030047 0.5541022865 0.2436901237
1403715965.0340580940 0.3918616518 0.4588888560 1.2439998408 -0.3632465707 -0.7004029995 0.5619485002 0.2483977663
1403715965.0840582848 0.3862947296 0.4557961945 1.2584094965 -0.3564470682 -0.6950029755 0.5707173382 0.2533733835
1403715965.1340579987 0.3832907293 0.4498695364 1.2703046853 -0.3507461139 -0.6896375400 0.5783871686 0.2585449868
1403715965.1840581894 0.3811648609 0.4498739551 1.2773687920 -0.3474397623 -0.6946817468 0.5734453304 0.2605059219
1403715965.2340581417 0.3795450886 0.4520892934 1.2813031971 -0.3472752034 -0.7079333830 0.5579116297 0.2587757171
1403715965.2840580940 0.3805364254 0.4558266155 1.2833809207 -0.3488728114 -0.7253810754 0.5354167295 0.2558104429
1403715965.3340580463 0.3829965398 0.4610491518 1.2843283204 -0.3539804276 -0.7446072324 0.5083497934 0.2486733074
1403715965.3840582371 0.3850139519 0.4679236717 1.2883734845 -0.3611569855 -0.7623464082 0.4810838549 0.2386459937
1403715965.4340581894 0.3855985447 0.4706808970 1.2935828969 -0.3682307771 -0.7769033277 0.4560431007 0.2298956384
1403715965.4840581417 0.3822500286 0.4731010719 1.2996559642 -0.3739904714 -0.7883629671 0.4347171177 0.2227913529
1403715965.5340580940 0.3755500052 0.4729948665 1.3065965034 -0.3781268863 -0.7964384032 0.4184295531 0.2182261139
1403715965.5840582848 0.3645415994 0.4684660084 1.3148667431 -0.3808817104 -0.8008316399 0.4085797617 0.2160101517
1403715965.6340579987 0.3487940874 0.4597660091 1.3253448093 -0.3804020500 -0.7999019917 0.4094606807 0.2186161821
1403715965.6840581894 0.3278785632 0.4460718481 1.3400509129 -0.3760586093 -0.7921566263 0.4234293428 0.2275420695
1403715965.7340581417 0.3026861236 0.4278401417 1.3558486862 -0.3686965002 -0.7789172215 0.4468168937 0.2402197251
1403715965.7840580940 0.2747054741 0.4066605361 1.3721105327 -0.3604477605 -0.7623221905 0.4742662969 0.2530094257
1403715965.8340580463 0.2466798710 0.3860498340 1.3925546732 -0.3522097108 -0.7430031505 0.5037931451 0.2647396926
1403715965.8840582371 0.2198293221 0.3647084123 1.4114023506 -0.3439770133 -0.7242863275 0.5303966182 0.2752608899
1403715965.9340581894 0.1939811286 0.3416947873 1.4285349910 -0.3360232597 -0.7073670300 0.5529308936 0.2845833458
1403715965.9840581417 0.1719960343 0.3210603603 1.4434080893 -0.3280208800 -0.6933424026 0.5704369799 0.2937350286
1403715966.0340580940 0.1518171958 0.3024207835 1.4582470621 -0.3222284573 -0.6830700648 0.5834000941 0.2987112955
1403715966.0840582848 0.1386926846 0.2871432435 1.4735952441 -0.3145937257 -0.6704176378 0.5985538302 0.3054575110
1403715966.1340579987 0.1292774841 0.2750746350 1.4879097522 -0.3072195593 -0.6563562300 0.6149823144 0.3108205183
1403715966.1840581894 0.1257777807 0.2685893373 1.5010053420 -0.3022764243 -0.6480421865 0.6247093512 0.3137013139
1403715966.2340581417 0.1279126398 0.2632861196 1.5169939702 -0.3015839023 -0.6480894004 0.6249971839 0.3136969860
1403715966.2840580940 0.1342031973 0.2629370230 1.5318613644 -0.3052228068 -0.6574798922 0.6151075688 0.3101643247
1403715966.3340580463 0.1467122191 0.2661772062 1.5434971045 -0.3141477347 -0.6745300171 0.5961431855 0.3015522495
1403715966.3840582371 0.1638052200 0.2725950393 1.5535836781 -0.3237657577 -0.6920900886 0.5747730295 0.2929556417
1403715966.4340581894 0.1839861767 0.2824409675 1.5646371543 -0.3334030667 -0.7103892899 0.5506860211 0.2844896451
1403715966.4840581417 0.2076853076 0.2949855388 1.5734677334 -0.3454978355 -0.7297141441 0.5230214587 0.2731246368
1403715966.5340580940 0.2311859806 0.3052529447 1.5854679559 -0.3582894404 -0.7498797720 0.4914430991 0.2603702839
1403715966.5840582848 0.2551118868 0.3175634135 1.5938308101 -0.3692030091 -0.7650200843 0.4650259591 0.2493677325
1403715966.6340579987 0.2776808619 0.3222729663 1.6065827458 -0.3791725190 -0.7772445754 0.4407279830 0.2405782948
1403715966.6840581894 0.2975418956 0.3282970607 1.6176936377 -0.3871517013 -0.7853164928 0.4229122088 0.2335312183
1403715966.7340581417 0.3116903800 0.3300059126 1.6303897754 -0.3937975309 -0.7908591908 0.4092687358 0.2279568969
1403715966.7840580940 0.3253173580 0.3261507804 1.6417917478 -0.3996415929 -0.7956270571 0.3965524490 0.2236299139
1403715966.8340580463 0.3311938468 0.3201142739 1.6558006128 -0.4025637113 -0.7983896082 0.3889100471 0.2219582555
1403715966.8840582371 0.3315109643 0.3098465948 1.6692314236 -0.4018211248 -0.7968461817 0.3905195352 0.2259876967
1403715966.9340581894 0.3252824400 0.2946912017 1.6862764043 -0.3982315794 -0.7885356978 0.4054216665 0.2350666603
1403715966.9840581417 0.3134612359 0.2757352186 1.7060247982 -0.3927797813 -0.7770783089 0.4257489525 0.2461933685
1403715967.0340580940 0.3017190315 0.2549464825 1.7220551439 -0.3837822827 -0.7630073888 0.4496902409 0.2613609983
1403715967.0840582848 0.2883153728 0.2309161746 1.7380603643 -0.3756715264 -0.7449291096 0.4779315102 0.2748326718
1403715967.1340579987 0.2737225125 0.2054484770 1.7559008100 -0.3661647518 -0.7271050032 0.5039011052 0.2886613327
1403715967.1840581894 0.2590701103 0.1786001867 1.7746130382 -0.3570322414 -0.7097905724 0.5272155501 0.3012790827
1403715967.2340581417 0.2484450606 0.1543173978 1.7926549471 -0.3475151083 -0.6908140727 0.5508168631 0.3140222124
1403715967.2840580940 0.2407976736 0.1299484309 1.8098466501 -0.3380699962 -0.6713404982 0.5737710101 0.3252651858
1403715967.3340580463 0.2377988985 0.1097128509 1.8287312678 -0.3291305234 -0.6530224694 0.5937326407 0.3357324894
1403715967.3840582371 0.2405079160 0.0927810322 1.8473552103 -0.3250553337 -0.6403577251 0.6073065883 0.3397936457
1403715967.4340581894 0.2488091053 0.0786869637 1.8601216673 -0.3232287324 -0.6341918904 0.6131577229 0.3425805593
1403715967.4840581417 0.2640598623 0.0660661808 1.8772896412 -0.3258780527 -0.6347390910 0.6128497522 0.3395952920
1403715967.5340580940 0.2867892439 0.0617804881 1.8905172296 -0.3302972198 -0.6391210120 0.6108453698 0.3305994748
1403715967.5840582848 0.3155211067 0.0602924104 1.9042952142 -0.3359274948 -0.6479790307 0.6054499448 0.3173424938
1403715967.6340579987 0.3482863904 0.0610164554 1.9193136608 -0.3428956249 -0.6614405800 0.5955782181 0.3003423641
1403715967.6840581894 0.3848881883 0.0624821419 1.9255662496 -0.3491679077 -0.6767851138 0.5840001915 0.2810470750
1403715967.7340581417 0.4257858137 0.0698302703 1.9386543647 -0.3557298297 -0.6916841055 0.5728744507 0.2585425499
1403715967.7840580940 0.4684216412 0.0799765293 1.9496863031 -0.3614860931 -0.7082300735 0.5588139727 0.2355098965
1403715967.8340580463 0.5110235343 0.0958859291 1.9602995965 -0.3665438069 -0.7251008085 0.5434779199 0.2109649395
1403715967.8840582371 0.5510520912 0.1103600788 1.9719629471 -0.3686537659 -0.7391821678 0.5304981843 0.1904620702
1403715967.9340581894 0.5876920672 0.1285773097 1.9776953275 -0.3682509049 -0.7522746439 0.5178768542 0.1740048710
1403715967.9840581417 0.6247090573 0.1479134448 1.9826126272 -0.3644135237 -0.7665194233 0.5026220923 0.1643830579
1403715968.0340580940 0.6556545439 0.1658951471 1.9847514750 -0.3581254658 -0.7823158828 0.4839396825 0.1597823333
1403715968.0840582848 0.6828686550 0.1854333451 1.9824016510 -0.3501746552 -0.7970354168 0.4657407923 0.1587380532
1403715968.1340579987 0.7049540713 0.2030907521 1.9789398293 -0.3423600988 -0.8094751931 0.4497306808 0.1590024817
1403715968.1840581894 0.7219849925 0.2178851415 1.9740930492 -0.3355469574 -0.8171179766 0.4404084090 0.1605206683
1403715968.2340581417 0.7336835293 0.2299130912 1.9693782647 -0.3287111425 -0.8182821933 0.4418410810 0.1647413001
1403715968.2840580940 0.7432380652 0.2383332828 1.9630451615 -0.3210485406 -0.8124530829 0.4548543145 0.1730762122
1403715968.3340580463 0.7460773008 0.2435784298 1.9580117183 -0.3144057394 -0.8033480992 0.4722483507 0.1810037507
1403715968.3840582371 0.7468240427 0.2480082302 1.9494047570 -0.3075478110 -0.7926514590 0.4909259328 0.1900256218
1403715968.4340581894 0.7462309029 0.2498510447 1.9405388993 -0.3022692926 -0.7798826612 0.5113637930 0.1972900929
1403715968.4840581417 0.7433987970 0.2516047649 1.9313345701 -0.2966541326 -0.7673758395 0.5301830402 0.2050282674
1403715968.5340580940 0.7412089282 0.2534291433 1.9160075006 -0.2920591009 -0.7541191249 0.5488417211 0.2116095277
1403715968.5840582848 0.7397128003 0.2572086874 1.8952923408 -0.2861846694 -0.7410512561 0.5663648775 0.2194816536
1403715968.6340579987 0.7383830261 0.2615181699 1.8765796708 -0.2809361757 -0.7285995277 0.5821799939 0.2264598158
1403715968.6840581894 0.7376976742 0.2682616336 1.8553695356 -0.2753686242 -0.7168566399 0.5965489880 0.2332766246
1403715968.7340581417 0.7405176506 0.2768404825 1.8366080097 -0.2702451917 -0.7066190335 0.6083493241 0.2399336943
1403715968.7840580940 0.7468309948 0.2901709943 1.8156033756 -0.2658973271 -0.6972318735 0.6191434030 0.2445971638
1403715968.8340580463 0.7560412552 0.3075729978 1.7930897629 -0.2617168946 -0.6889760429 0.6282705105 0.2491835571
1403715968.8840582371 0.7703713384 0.3283139359 1.7737519353 -0.2595328439 -0.6837218742 0.6339536279 0.2515350858
1403715968.9340581894 0.7872664746 0.3547170368 1.7539569659 -0.2585356667 -0.6819035853 0.6361594408 0.2519285122
1403715968.9840581417 0.8073605876 0.3870667835 1.7354724765 -0.2600436499 -0.6868457972 0.6313700692 0.2489819004
1403715969.0340580940 0.8329738905 0.4235199965 1.7106826361 -0.2644339894 -0.6993319665 0.6180963233 0.2428299839
1403715969.0840582848 0.8627764027 0.4643743676 1.6795228906 -0.2711723892 -0.7174841376 0.5972670876 0.2344228522
1403715969.1340579987 0.8945812673 0.5087442053 1.6502097564 -0.2797792462 -0.7412922092 0.5674863809 0.2239835742
1403715969.1840581894 0.9261385415 0.5524934254 1.6257657517 -0.2897215668 -0.7678287121 0.5311535332 0.2106570833
1403715969.2340581417 0.9546206106 0.5964230563 1.6080211969 -0.2980041822 -0.7906523067 0.4965332652 0.1987892196
1403715969.2840580940 0.9845387462 0.6364016575 1.5878540159 -0.3057712271 -0.8090159933 0.4652490431 0.1885216361
1403715969.3340580463 1.0139502987 0.6731003758 1.5678453442 -0.3115740156 -0.8222005887 0.4405908353 0.1810733019
1403715969.3840582371 1.0368460737 0.7069841024 1.5494516647 -0.3158198171 -0.8334842558 0.4181314017 0.1752939515
1403715969.4340581894 1.0569946641 0.7350217825 1.5322647601 -0.3194903249 -0.8424525051 0.3988079611 0.1707393310
1403715969.4840581417 1.0709254191 0.7577769224 1.5149388928 -0.3198797564 -0.8496336283 0.3831028138 0.1703874209
1403715969.5340580940 1.0783148104 0.7747346495 1.4994434771 -0.3155513686 -0.8552688703 0.3716909294 0.1754660830
1403715969.5840582848 1.0797490162 0.7823214363 1.4856003470 -0.3053265006 -0.8585028284 0.3667881967 0.1876567091
1403715969.6340579987 1.0755493186 0.7817241103 1.4739337371 -0.2926328544 -0.8588710545 0.3683241127 0.2025928731
1403715969.6840581894 1.0666421056 0.7726658331 1.4624251197 -0.2799779138 -0.8568603789 0.3741341501 0.2177757944
1403715969.7340581417 1.0555561137 0.7562928850 1.4523708547 -0.2665515629 -0.8522007780 0.3845447768 0.2341568126
1403715969.7840580940 1.0420768560 0.7314493466 1.4460250983 -0.2556949820 -0.8442637929 0.4008596533 0.2472857912
1403715969.8340580463 1.0272199921 0.6966393719 1.4431090123 -0.2475453731 -0.8327580773 0.4230273543 0.2574551039
1403715969.8840582371 1.0127414769 0.6565025170 1.4399740617 -0.2456422753 -0.8188058419 0.4490426800 0.2599567993
1403715969.9340581894 1.0014099252 0.6117241325 1.4385765762 -0.2488590263 -0.8016243591 0.4792750708 0.2564429342
1403715969.9840581417 0.9904411015 0.5637242677 1.4391852068 -0.2515876171 -0.7823477504 0.5110537121 0.2519122303
1403715970.0340580940 0.9820135607 0.5120961340 1.4423948820 -0.2530123587 -0.7656509822 0.5366951002 0.2484385020
1403715970.0840582848 0.9766027544 0.4625130369 1.4419818291 -0.2530026841 -0.7496039447 0.5599331435 0.2460862507
1403715970.1340579987 0.9743044556 0.4146267153 1.4428285793 -0.2513047738 -0.7354175859 0.5793934413 0.2455811988
1403715970.1840581894 0.9722311069 0.3697290023 1.4427018247 -0.2485708332 -0.7209917394 0.5983174279 0.2457635207
1403715970.2340581417 0.9753632724 0.3278512904 1.4433860694 -0.2458935850 -0.7049395612 0.6182910193 0.2455865945
1403715970.2840580940 0.9819747381 0.2910830460 1.4423761940 -0.2431474366 -0.6896597298 0.6365160399 0.2451450837
1403715970.3340580463 0.9919548823 0.2574854864 1.4434439686 -0.2414766266 -0.6768420659 0.6512185707 0.2439020906
1403715970.3840582371 1.0082771620 0.2300701341 1.4461436603 -0.2395175129 -0.6676977554 0.6611065984 0.2444363599
1403715970.4340581894 1.0273043406 0.2093867201 1.4472220723 -0.2401984499 -0.6619488961 0.6681928075 0.2400973462
1403715970.4840581417 1.0528508305 0.1952028051 1.4484354749 -0.2435064305 -0.6624467777 0.6688841327 0.2333728819
1403715970.5340580940 1.0817924504 0.1879667223 1.4521258161 -0.2505639815 -0.6698377343 0.6630621555 0.2210965375
1403715970.5840582848 1.1165368084 0.1867990506 1.4555470900 -0.2610315891 -0.6832867338 0.6503299272 0.2050676341
1403715970.6340579987 1.1510795457 0.1930867902 1.4583791145 -0.2709333079 -0.7012421798 0.6311329286 0.1911171746
1403715970.6840581894 1.1864626244 0.2049201064 1.4595844287 -0.2814579659 -0.7204486513 0.6084452415 0.1775656003
1403715970.7340581417 1.2223019697 0.2204740068 1.4637989715 -0.2928326232 -0.7415293917 0.5811249833 0.1633308602
1403715970.7840580940 1.2567293710 0.2411034525 1.4647333740 -0.3057387672 -0.7625486624 0.5507453031 0.1473870919
1403715970.8340580463 1.2897189216 0.2623115126 1.4681458038 -0.3181999018 -0.7822867951 0.5188678511 0.1324852663
1403715970.8840582371 1.3148098906 0.2844331791 1.4718299201 -0.3298606332 -0.7990550022 0.4885842903 0.1182728090
1403715970.9340581894 1.3406625930 0.3077111480 1.4709281943 -0.3389045845 -0.8121829502 0.4626340934 0.1071085137
1403715970.9840581417 1.3569654644 0.3261594262 1.4769383473 -0.3441765640 -0.8241401816 0.4388229717 0.0988425685
1403715971.0340580940 1.3667243280 0.3420497698 1.4830850468 -0.3441164353 -0.8349817557 0.4184552337 0.0963564421
1403715971.0840582848 1.3690348319 0.3546580842 1.4902172989 -0.3383986011 -0.8454082029 0.4012142524 0.0989872762
1403715971.1340579987 1.3586704159 0.3636379185 1.5006135202 -0.3268784233 -0.8539084968 0.3908058906 0.1061203628
1403715971.1840581894 1.3413334826 0.3646473892 1.5148506587 -0.3125911434 -0.8591283697 0.3881643204 0.1162483631
1403715971.2340581417 1.3157988708 0.3576632151 1.5317656927 -0.2918866979 -0.8616806310 0.3937084215 0.1315383009
1403715971.2840580940 1.2857174113 0.3426341266 1.5500893099 -0.2692317481 -0.8598565250 0.4079934978 0.1473171001
1403715971.3340580463 1.2527742147 0.3219229999 1.5688673411 -0.2440440341 -0.8547452809 0.4277625284 0.1639275252
1403715971.3840582371 1.2152772502 0.2946121677 1.5921558077 -0.2181359561 -0.8474481656 0.4501031472 0.1779198365
1403715971.4340581894 1.1783864888 0.2614730709 1.6160615600 -0.1937508784 -0.8378635298 0.4742319285 0.1885454338
1403715971.4840581417 1.1436987062 0.2254155097 1.6380208188 -0.1693308386 -0.8267805899 0.4989222627 0.1970723192
1403715971.5340580940 1.1089449142 0.1868930246 1.6607142039 -0.1462451137 -0.8153999325 0.5225742774 0.2016220262
1403715971.5840582848 1.0787764633 0.1449459478 1.6825851754 -0.1256197485 -0.8047662182 0.5437633400 0.2022187995
1403715971.6340579987 1.0515621533 0.1039443616 1.7038116503 -0.1074382145 -0.7948886252 0.5630304926 0.1990119796
1403715971.6840581894 1.0286113407 0.0610505783 1.7281165263 -0.0924889366 -0.7869395202 0.5791403630 0.1917509534
1403715971.7340581417 1.0116912448 0.0187060188 1.7459485110 -0.0809731447 -0.7786424359 0.5957373011 0.1796005984
1403715971.7840580940 0.9992461342 -0.0226964476 1.7685718871 -0.0719484852 -0.7719930150 0.6096043686 0.1650233746
1403715971.8340580463 0.9907665664 -0.0590009158 1.7875531298 -0.0663000431 -0.7671330756 0.6212273748 0.1455599443
1403715971.8840582371 0.9898765172 -0.0956669576 1.8019968100 -0.0619753409 -0.7641567175 0.6294587282 0.1265119670
1403715971.9340581894 0.9894347444 -0.1275998189 1.8173022367 -0.0567693100 -0.7630812648 0.6344829574 0.1091586256
1403715971.9840581417 0.9958460629 -0.1555401820 1.8346646782 -0.0517715468 -0.7637764111 0.6364895403 0.0940551214
1403715972.0340580940 1.0028849191 -0.1806540534 1.8492041465 -0.0456021819 -0.7647164698 0.6374914184 0.0820600593
1403715972.0840582848 1.0156280712 -0.2035305418 1.8692353679 -0.0401912972 -0.7637795007 0.6401681419 0.0721822974
1403715972.1340579987 1.0127558252 -0.2185329864 1.8811227817 -0.0327644328 -0.7589262116 0.6472449124 0.0634942566
1403715972.1840581894 1.0220900525 -0.2318874493 1.9015370015 -0.0272652954 -0.7517693893 0.6563029988 0.0580151944
1403715972.2340581417 1.0301021833 -0.2389711701 1.9183445930 -0.0225724582 -0.7421346756 0.6677395383 0.0533902287
1403715972.2840580940 1.0411025158 -0.2401151291 1.9356887105 -0.0189339964 -0.7334431107 0.6775987078 0.0506231005
1403715972.3340580463 1.0470313209 -0.2368045371 1.9585818623 -0.0152487325 -0.7268609292 0.6849316201 0.0480556083
1403715972.3840582371 1.0640129884 -0.2268403131 1.9701566692 -0.0147339737 -0.7220467302 0.6901596555 0.0459464832
1403715972.4340581894 1.0720815191 -0.2085718679 1.9861623194 -0.0134245874 -0.7218027948 0.6905723387 0.0439357580
1403715972.4840581417 1.0871806146 -0.1838484586 1.9973623299 -0.0134743022 -0.7247919787 0.6874679520 0.0433917711
1403715972.5340580940 1.0951683743 -0.1532276856 2.0054903048 -0.0134536224 -0.7335352432 0.6782169317 0.0420338016
1403715972.5840582848 1.1091104384 -0.1154690010 2.0112298167 -0.0160841551 -0.7484478758 0.6618563350 0.0389007586
1403715972.6340579987 1.1237242122 -0.0720624418 2.0124682729 -0.0195599885 -0.7638197826 0.6441290328 0.0359796573
1403715972.6840581894 1.1352674037 -0.0295836265 2.0257298309 -0.0237193833 -0.7819434783 0.6221132635 0.0312550005
1403715972.7340581417 1.1415487714 0.0252156215 2.0238113474 -0.0277231692 -0.7981508347 0.6012661615 0.0258006588
1403715972.7840580940 1.1540512669 0.0775330857 2.0201272002 -0.0324229699 -0.8132089267 0.5806436931 0.0222012227
1403715972.8340580463 1.1662974255 0.1264646298 2.0216734575 -0.0369776496 -0.8250583375 0.5635072662 0.0192601682
1403715972.8840582371 1.1821114862 0.1740415780 2.0204006501 -0.0410958669 -0.8310149130 0.5544296644 0.0182507900
1403715972.9340581894 1.1893964406 0.2229392275 2.0143075495 -0.0444269097 -0.8296941329 0.5561791513 0.0172814097
1403715972.9840581417 1.1989073961 0.2686612920 2.0084274055 -0.0482017458 -0.8261399550 0.5611612015 0.0163545825
1403715973.0340580940 1.2050423926 0.3127039625 2.0079762537 -0.0544678254 -0.8211104971 0.5680392512 0.0119254602
1403715973.0840582848 1.2146979048 0.3549740407 2.0046767363 -0.0604104063 -0.8165031882 0.5740998006 0.0090854539
1403715973.1340579987 1.2193369210 0.3992076922 2.0037157739 -0.0627615636 -0.8134358175 0.5781747354 0.0098555737
1403715973.1840581894 1.2230622748 0.4431279497 1.9981247889 -0.0630398156 -0.8115851636 0.5806750512 0.0131144475
1403715973.2340581417 1.2304641138 0.4863385027 1.9998334081 -0.0650739507 -0.8112533534 0.5808725998 0.0148458838
1403715973.2840580940 1.2299707055 0.5302362024 1.9975546357 -0.0665511998 -0.8114124515 0.5804699551 0.0153428365
1403715973.3340580463 1.2293870085 0.5742469634 1.9961281277 -0.0683894007 -0.8139526557 0.5766949540 0.0150630080
1403715973.3840582371 1.2294137640 0.6194516668 1.9926197877 -0.0695600237 -0.8180829303 0.5706611370 0.0157349599
1403715973.4340581894 1.2278604906 0.6647412666 1.9899367625 -0.0697124275 -0.8236589564 0.5625040989 0.0177549888
1403715973.4840581417 1.2227340262 0.7087032325 1.9889415898 -0.0699261399 -0.8293078011 0.5540694108 0.0191309691
1403715973.5340580940 1.2171412543 0.7531551769 1.9842405814 -0.0706580537 -0.8347603656 0.5457184491 0.0193376793
1403715973.5840582848 1.2076857563 0.7961806069 1.9798662607 -0.0724244279 -0.8394042547 0.5383874845 0.0171498065
1403715973.6340579987 1.1989827292 0.8359255828 1.9797368269 -0.0747023434 -0.8437306000 0.5313547393 0.0141554065
1403715973.6840581894 1.1885902372 0.8718090875 1.9795814964 -0.0780262255 -0.8479222066 0.5242610514 0.0094968209
1403715973.7340581417 1.1749520474 0.9071368801 1.9790873390 -0.0807215843 -0.8514916714 0.5180932010 0.0050392847
1403715973.7840580940 1.1598568916 0.9394068660 1.9756467047 -0.0827573554 -0.8539704000 0.5136964287 0.0013248048
1403715973.8340580463 1.1430420099 0.9672202435 1.9754494005 0.0837607602 0.8557470804 -0.5105690501 0.0005607833
1403715973.8840582371 1.1229793695 0.9921627285 1.9760649030 0.0833514117 0.8577089830 -0.5073328883 0.0010877060
1403715973.9340581894 1.1010143338 1.0136552078 1.9750451561 0.0825847066 0.8590007444 -0.5052681430 0.0012613448
1403715973.9840581417 1.0727687730 1.0309228187 1.9750600099 -0.0784496639 -0.8584386707 0.5068759728 0.0023338864
1403715974.0340580940 1.0472677472 1.0461821343 1.9768303507 -0.0730418564 -0.8558620407 0.5119503318 0.0084801081
1403715974.0840582848 1.0160565641 1.0566740515 1.9764488804 -0.0677163626 -0.8522897124 0.5184803465 0.0139596081
1403715974.1340579987 0.9825302236 1.0645903104 1.9795370928 -0.0627192216 -0.8477566889 0.5263299784 0.0187523192
1403715974.1840581894 0.9482836383 1.0719710592 1.9768287724 -0.0591069217 -0.8428793532 0.5344065168 0.0216896884
1403715974.2340581417 0.9168333101 1.0737050871 1.9880457972 -0.0564391172 -0.8398216424 0.5393856955 0.0240272018
1403715974.2840580940 0.8828894185 1.0765625170 1.9879113186 -0.0534290617 -0.8378376557 0.5426535079 0.0264682523
1403715974.3340580463 0.8488376830 1.0773494536 1.9847500892 -0.0508986405 -0.8373989725 0.5434841976 0.0282350172
1403715974.3840582371 0.8153488434 1.0769234856 1.9820411374 -0.0493762807 -0.8378633396 0.5428785143 0.0288084315
1403715974.4340581894 0.7806098962 1.0759989110 1.9741788691 -0.0479948567 -0.8383937030 0.5421522333 0.0293844910
1403715974.4840581417 0.7439604150 1.0729901247 1.9708682180 -0.0468122668 -0.8384524211 0.5421634577 0.0294097667
1403715974.5340580940 0.7093791378 1.0685407424 1.9652759888 -0.0455976618 -0.8368285017 0.5447293492 0.0301471076
1403715974.5840582848 0.6742391127 1.0633550817 1.9591397847 -0.0448747126 -0.8345307295 0.5482882547 0.0304090691
1403715974.6340579987 0.6377496739 1.0569341886 1.9517375566 -0.0435785509 -0.8319201155 0.5522987809 0.0312392069
1403715974.6840581894 0.6040437611 1.0484260247 1.9444070241 -0.0435743177 -0.8296515471 0.5557131014 0.0310247971
1403715974.7340581417 0.5675622377 1.0392750057 1.9393456448 -0.0426663884 -0.8280763779 0.5580988163 0.0315404968
1403715974.7840580940 0.5305451227 1.0304036251 1.9320505682 -0.0418426629 -0.8267377780 0.5601295278 0.0317608263
1403715974.8340580463 0.4947542501 1.0202264665 1.9244159391 -0.0415049585 -0.8266349200 0.5603516213 0.0309533202
1403715974.8840582371 0.4599376997 1.0106707143 1.9154647801 -0.0406818838 -0.8258309786 0.5615853292 0.0311463828
1403715974.9340581894 0.4238539581 0.9999157233 1.9070144789 -0.0397418043 -0.8252102709 0.5625878301 0.0307169544
1403715974.9840581417 0.3889748130 0.9890679286 1.8997966728 -0.0385568813 -0.8246413133 0.5635218608 0.0303839388
1403715975.0340580940 0.3546716797 0.9774164842 1.8874683292 -0.0362398667 -0.8237840172 0.5648665524 0.0315014764
1403715975.0840582848 0.3194395133 0.9662009894 1.8814378040 -0.0339481045 -0.8234397207 0.5654999766 0.0316911509
1403715975.1340579987 0.2823117611 0.9536171397 1.8735960370 -0.0307889725 -0.8232574564 0.5658734235 0.0329616176
1403715975.1840581894 0.2504739050 0.9419914192 1.8672604716 -0.0285403750 -0.8230745001 0.5661878794 0.0341335528
1403715975.2340581417 0.2181032360 0.9297189185 1.8613425851 -0.0256051841 -0.8234143118 0.5657325312 0.0357763728
1403715975.2840580940 0.1832137282 0.9162991243 1.8553211547 -0.0230405822 -0.8230747283 0.5663072898 0.0362377803
1403715975.3340580463 0.1516143794 0.9038776644 1.8526743029 -0.0204121796 -0.8215741644 0.5685467219 0.0367948413
1403715975.3840582371 0.1213844513 0.8907314181 1.8492540123 -0.0180723735 -0.8195857376 0.5714339114 0.0376283538
1403715975.4340581894 0.0912188949 0.8770072873 1.8478473101 -0.0152895567 -0.8170175411 0.5750930689 0.0389426385
1403715975.4840581417 0.0608965583 0.8635844632 1.8479496357 -0.0118610246 -0.8145609819 0.5784941518 0.0411611372
1403715975.5340580940 0.0338400709 0.8511375659 1.8470548328 -0.0103387870 -0.8135291578 0.5799653042 0.0412754743
1403715975.5840582848 0.0081566793 0.8389330831 1.8495430064 -0.0097418568 -0.8146318902 0.5784838948 0.0404519864
1403715975.6340579987 -0.0170527525 0.8267182540 1.8525352145 -0.0099651579 -0.8162154193 0.5763727548 0.0385685433
1403715975.6840581894 -0.0418356116 0.8145937675 1.8549924142 -0.0103458822 -0.8173583689 0.5748702054 0.0366402306
1403715975.7340581417 -0.0646075967 0.8026960416 1.8596101433 -0.0102244163 -0.8184551760 0.5733285657 0.0363447648
1403715975.7840580940 -0.0856405238 0.7916091150 1.8649782910 -0.0108576891 -0.8192906667 0.5721904109 0.0352568827
1403715975.8340580463 -0.1059035828 0.7794092218 1.8700789075 -0.0111300528 -0.8196033727 0.5717509423 0.0350327460
1403715975.8840582371 -0.1250763427 0.7674529935 1.8744794778 -0.0111995011 -0.8207902417 0.5700311848 0.0352476768
1403715975.9340581894 -0.1426680306 0.7549833582 1.8804334042 -0.0115020805 -0.8216373912 0.5687964459 0.0353596196
1403715975.9840581417 -0.1593253823 0.7432674728 1.8845832854 -0.0117874963 -0.8223444238 0.5677540513 0.0355814676
1403715976.0340580940 -0.1750911960 0.7301523772 1.8894946631 -0.0115715661 -0.8235054475 0.5659886910 0.0369009268
1403715976.0840582848 -0.1921066421 0.7161339684 1.8958585451 -0.0120464772 -0.8240560887 0.5651809304 0.0368369528
1403715976.1340579987 -0.2066030778 0.7021721149 1.9010409677 -0.0125974492 -0.8237118267 0.5656192100 0.0376170181
1403715976.1840581894 -0.2215369267 0.6879299149 1.9048812474 -0.0126337552 -0.8227655239 0.5668829335 0.0392558367
1403715976.2340581417 -0.2341121234 0.6737649327 1.9103031475 -0.0127024037 -0.8217455344 0.5682309050 0.0410678016
1403715976.2840580940 -0.2448251382 0.6587785857 1.9149422810 -0.0136849916 -0.8211918149 0.5689403432 0.0419953563
1403715976.3340580463 -0.2545231523 0.6438107883 1.9185897405 -0.0130469157 -0.8204188739 0.5698260495 0.0451765716
1403715976.3840582371 -0.2641917268 0.6275335553 1.9239821824 -0.0119143202 -0.8192503498 0.5712964324 0.0480343584
1403715976.4340581894 -0.2725850684 0.6117971873 1.9282563735 -0.0088850240 -0.8192073337 0.5712073090 0.0504243097
1403715976.4840581417 -0.2784354323 0.5963339111 1.9310060558 -0.0044272261 -0.8190903813 0.5713198013 0.0516239427
1403715976.5340580940 -0.2829687493 0.5802615760 1.9342411842 0.0003327773 -0.8187129364 0.5719130871 0.0512292674
1403715976.5840582848 -0.2838011965 0.5651242744 1.9372812527 0.0068231892 -0.8184566056 0.5723393350 0.0500990473
1403715976.6340579987 -0.2855312107 0.5500907745 1.9374451404 0.0130496907 -0.8186649400 0.5723240120 0.0454163712
1403715976.6840581894 -0.2842978524 0.5332731352 1.9407633809 0.0182377829 -0.8186544845 0.5727237704 0.0382060349
1403715976.7340581417 -0.2815710759 0.5176719455 1.9421930602 0.0227652557 -0.8193669966 0.5719915554 0.0307429441
1403715976.7840580940 -0.2770392772 0.5011496491 1.9435372747 0.0269382902 -0.8194669957 0.5719631120 0.0246245808
1403715976.8340580463 -0.2688644612 0.4848013828 1.9439008246 0.0309817220 -0.8195854041 0.5717662545 0.0200810503
1403715976.8840582371 -0.2627785455 0.4690181003 1.9429363423 0.0344677365 -0.8190648363 0.5724467640 0.0157946659
1403715976.9340581894 -0.2548687067 0.4527305251 1.9421431926 0.0377720611 -0.8191912835 0.5721330478 0.0127549240
1403715976.9840581417 -0.2478003225 0.4362051917 1.9427599341 0.0416939823 -0.8190287014 0.5721669902 0.0088619163
1403715977.0340580940 -0.2358105586 0.4204864066 1.9425301288 0.0466547543 -0.8186224815 0.5724015821 0.0060823996
1403715977.0840582848 -0.2241450647 0.4042719893 1.9413990525 0.0520663099 -0.8181421231 0.5726510542 0.0018264409
1403715977.1340579987 -0.2115804974 0.3883839971 1.9399960680 -0.0591151642 0.8179295902 -0.5722674146 0.0025669019
1403715977.1840581894 -0.1987815103 0.3715171962 1.9400297992 -0.0679172211 0.8173207526 -0.5721132352 0.0077771845
1403715977.2340581417 -0.1827953105 0.3554680391 1.9382922916 -0.0773190653 0.8165177154 -0.5719377838 0.0144136745
1403715977.2840580940 -0.1662875315 0.3402607195 1.9364814550 -0.0882753915 0.8157820864 -0.5711716100 0.0216802853
1403715977.3340580463 -0.1472745079 0.3252930428 1.9340117681 -0.1009469253 0.8139736458 -0.5713141973 0.0292696126
1403715977.3840582371 -0.1264406101 0.3110568736 1.9329998270 -0.1141524394 0.8122854322 -0.5706928943 0.0383564554
1403715977.4340581894 -0.1043412510 0.2977061077 1.9319399814 -0.1271648377 0.8105780560 -0.5695351365 0.0492143008
1403715977.4840581417 -0.0830809483 0.2837390313 1.9300737305 -0.1426803290 0.8079479632 -0.5686890848 0.0587804153
1403715977.5340580940 -0.0632618957 0.2694186737 1.9291356094 -0.1585890462 0.8055347002 -0.5666071947 0.0701402032
1403715977.5840582848 -0.0381326237 0.2575059085 1.9271273152 -0.1743637584 0.8017510144 -0.5658113630 0.0815480975
1403715977.6340579987 -0.0129810695 0.2459252452 1.9269510641 -0.1902146741 0.7979517030 -0.5641067193 0.0942075720
1403715977.6840581894 0.0116902957 0.2345774129 1.9248181037 -0.2061318800 0.7938514788 -0.5619993777 0.1070802370
1403715977.7340581417 0.0369667419 0.2241301196 1.9246916876 -0.2226250736 0.7900360336 -0.5583627021 0.1204667385
1403715977.7840580940 0.0650018783 0.2151865337 1.9231679787 -0.2398638555 0.7848976000 -0.5557952307 0.1322601599
1403715977.8340580463 0.0936332258 0.2063225084 1.9188201702 -0.2568822847 0.7786595244 -0.5538742655 0.1446517710
1403715977.8840582371 0.1213029329 0.1975676365 1.9186713827 -0.2756014433 0.7711451100 -0.5524962710 0.1553284721
1403715977.9340581894 0.1522948826 0.1918062831 1.9181091469 -0.2941265580 0.7627544937 -0.5517863431 0.1650060052
1403715977.9840581417 0.1823912461 0.1854847689 1.9164309673 -0.3144142118 0.7528312275 -0.5514941205 0.1739053806
1403715978.0340580940 0.2123759034 0.1821513899 1.9127478772 -0.3342237541 0.7425752001 -0.5506038754 0.1836080795
1403715978.0840582848 0.2415761187 0.1765542460 1.9112161770 -0.3546240587 0.7306644826 -0.5501767467 0.1941049671
1403715978.1340579987 0.2735818411 0.1772978279 1.9072308920 -0.3752348932 0.7185912966 -0.5492258177 0.2029195024
1403715978.1840581894 0.3084254401 0.1805048733 1.9059686862 -0.3953457004 0.7068151458 -0.5476185613 0.2103046319
1403715978.2340581417 0.3388787165 0.1839138876 1.9020163161 -0.4145011220 0.6951104855 -0.5450623938 0.2189000223
1403715978.2840580940 0.3729658289 0.1925898325 1.8970535526 -0.4320470874 0.6829907890 -0.5428934431 0.2283103280
1403715978.3340580463 0.4062479132 0.2022562292 1.8958810624 -0.4470626843 0.6728455810 -0.5379910883 0.2407890557
1403715978.3840582371 0.4382542889 0.2151479421 1.8917902020 -0.4593458580 0.6627271356 -0.5331026439 0.2561165703
1403715978.4340581894 0.4748182399 0.2326946831 1.8891404225 -0.4708606909 0.6550666658 -0.5251976615 0.2708233548
1403715978.4840581417 0.5092691961 0.2515912873 1.8851604561 -0.4807960558 0.6484036677 -0.5154018390 0.2876956391
1403715978.5340580940 0.5459708101 0.2742846989 1.8828042660 -0.4899797292 0.6416784919 -0.5046309916 0.3058040881
1403715978.5840582848 0.5805260998 0.2993740340 1.8804368955 -0.4986123647 0.6336189307 -0.4944163119 0.3247541699
1403715978.6340579987 0.6125451671 0.3262435887 1.8771697543 -0.5085897730 0.6241099091 -0.4845947342 0.3420397752
1403715978.6840581894 0.6444290831 0.3526167345 1.8728326643 -0.5198007228 0.6150184509 -0.4731107655 0.3573873490
1403715978.7340581417 0.6744773104 0.3832824126 1.8657760608 -0.5323368885 0.6043034459 -0.4634699813 0.3696354404
1403715978.7840580940 0.7044314808 0.4123855373 1.8610316364 -0.5462376150 0.5923948099 -0.4543357036 0.3798314437
1403715978.8340580463 0.7329338715 0.4415216440 1.8569915649 -0.5612954833 0.5808239468 -0.4437331645 0.3881904198
1403715978.8840582371 0.7594373170 0.4710896890 1.8525334068 -0.5771683692 0.5681152254 -0.4333727795 0.3953603398
1403715978.9340581894 0.7853265164 0.5008163161 1.8482163787 -0.5925938598 0.5546232285 -0.4227376725 0.4031357736
1403715978.9840581417 0.8114437893 0.5307738918 1.8460954280 -0.6087185747 0.5400829467 -0.4121145393 0.4097971620
1403715979.0340580940 0.8331940445 0.5662876283 1.8432622655 -0.6228538660 0.5244102091 -0.4031551295 0.4177474544
1403715979.0840582848 0.8558973515 0.6003359632 1.8424827243 -0.6350475328 0.5077595447 -0.3937292034 0.4288032070
1403715979.1340579987 0.8768359732 0.6358104711 1.8454574434 -0.6450968689 0.4916765082 -0.3827061676 0.4423123674
1403715979.1840581894 0.8971625409 0.6757882868 1.8482903224 -0.6536638082 0.4733696816 -0.3741360091 0.4568008506
1403715979.2340581417 0.9182638855 0.7126740151 1.8567461590 -0.6603428065 0.4540987098 -0.3645818034 0.4741538234
1403715979.2840580940 0.9355994665 0.7485418428 1.8629915103 -0.6664275595 0.4328239569 -0.3563645669 0.4914692521
1403715979.3340580463 0.9483615240 0.7847865953 1.8658752223 -0.6751636599 0.4094787577 -0.3510732295 0.5032184087
1403715979.3840582371 0.9586837943 0.8197665207 1.8674413939 -0.6847808471 0.3866891375 -0.3445881085 0.5126458211
1403715979.4340581894 0.9688384628 0.8515445640 1.8707593251 -0.6966641651 0.3652508997 -0.3369391848 0.5174193726
1403715979.4840581417 0.9719906257 0.8908814358 1.8735395972 -0.7070089791 0.3462048497 -0.3293810278 0.5213335247
1403715979.5340580940 0.9756074706 0.9254961724 1.8785774879 -0.7168422864 0.3281250704 -0.3198026863 0.5255447806
1403715979.5840582848 0.9744767952 0.9583722714 1.8840329468 -0.7261723436 0.3118134536 -0.3078043783 0.5298137052
1403715979.6340579987 0.9644018424 0.9967576562 1.8852604959 -0.7342052274 0.2957692114 -0.2976653272 0.5337214729
1403715979.6840581894 0.9605215053 1.0303919688 1.8910129847 -0.7422654853 0.2795351888 -0.2840701982 0.5387078522
1403715979.7340581417 0.9481729611 1.0675430323 1.8966959653 -0.7485687068 0.2617893815 -0.2726527754 0.5447675422
1403715979.7840580940 0.9325796856 1.1036715270 1.9015447073 -0.7536813915 0.2438420407 -0.2603259956 0.5520287994
1403715979.8340580463 0.9176443534 1.1396525255 1.9087150232 -0.7579420001 0.2258125143 -0.2473813743 0.5597634220
1403715979.8840582371 0.8906195727 1.1774590737 1.9139161691 -0.7605673453 0.2091445945 -0.2353080272 0.5678256636
1403715979.9340581894 0.8654118605 1.2148206710 1.9161189230 -0.7629464155 0.1893247207 -0.2223102504 0.5767556412
1403715979.9840581417 0.8434635299 1.2467252023 1.9220402223 -0.7646466292 0.1696848662 -0.2078983580 0.5859188095
1403715980.0340580940 0.8151389098 1.2809066092 1.9297659309 -0.7659203491 0.1506067875 -0.1937997937 0.5942434302
1403715980.0840582848 0.7809418495 1.3103352152 1.9316650112 -0.7670081062 0.1307955875 -0.1803553296 0.6017167393
1403715980.1340579987 0.7456475792 1.3396539385 1.9358816923 -0.7685399719 0.1116089421 -0.1663906990 0.6076215030
1403715980.1840581894 0.7010329571 1.3676574197 1.9441814938 -0.7708815774 0.0930504399 -0.1509189787 0.6118060731
1403715980.2340581417 0.6590004616 1.3932438130 1.9511970983 -0.7731264668 0.0767621317 -0.1336441091 0.6152416547
1403715980.2840580940 0.6168757435 1.4119761087 1.9533978705 -0.7759353365 0.0600924224 -0.1146827810 0.6173824699
1403715980.3340580463 0.5670266810 1.4318665632 1.9564546597 -0.7784947098 0.0425476690 -0.0965761165 0.6187153921
1403715980.3840582371 0.5209786218 1.4480520313 1.9596930265 -0.7800704838 0.0254752989 -0.0786015161 0.6202119405
1403715980.4340581894 0.4660296617 1.4639657186 1.9649446448 -0.7802325546 0.0082911768 -0.0600654487 0.6225436202
1403715980.4840581417 0.4142911288 1.4773414099 1.9697480313 -0.7789341621 -0.0095129603 -0.0412869951 0.6256728049
1403715980.5340580940 0.3598589440 1.4881825534 1.9758632024 -0.7770043249 -0.0262234882 -0.0197909859 0.6286373554
1403715980.5840582848 0.3109442632 1.4948252665 1.9798933892 -0.7755246845 -0.0442874085 0.0020140496 0.6297587100
1403715980.6340579987 0.2550944740 1.4982878296 1.9822878300 -0.7740969792 -0.0623593820 0.0216799040 0.6296150856
1403715980.6840581894 0.2004134631 1.4999407092 1.9846351950 -0.7725379350 -0.0811417140 0.0405025070 0.6284589949
1403715980.7340581417 0.1453125480 1.4978129624 1.9843939255 -0.7703451159 -0.1000508878 0.0588668278 0.6269712265
1403715980.7840580940 0.0928870854 1.4909017288 1.9833338640 -0.7686469445 -0.1188534461 0.0784054070 0.6236251480
1403715980.8340580463 0.0415656239 1.4830308257 1.9838665419 -0.7671938782 -0.1384206510 0.0966499530 0.6187988876
1403715980.8840582371 -0.0083225842 1.4729584431 1.9836157405 -0.7642876946 -0.1576672437 0.1158361327 0.6144813671
1403715980.9340581894 -0.0574751713 1.4614963521 1.9834599058 -0.7604680560 -0.1777540388 0.1342358490 0.6099775195
1403715980.9840581417 -0.1110769358 1.4453880858 1.9880509568 -0.7555964274 -0.1970785858 0.1527176207 0.6057321176
1403715981.0340580940 -0.1584212322 1.4277140389 1.9859229828 -0.7486079410 -0.2164477423 0.1722620039 0.6025465356
1403715981.0840582848 -0.2054289965 1.4069910493 1.9869955038 -0.7409231386 -0.2359316010 0.1909723976 0.5990815684
1403715981.1340579987 -0.2480282788 1.3828842601 1.9899463029 -0.7332698189 -0.2558563830 0.2096115107 0.5940672508
1403715981.1840581894 -0.2858515138 1.3602196782 1.9872015993 -0.7234379589 -0.2775976535 0.2257651813 0.5904296278
1403715981.2340581417 -0.3231002282 1.3359012808 1.9921978291 -0.7144335926 -0.2988444320 0.2437182742 0.5838476257
1403715981.2840580940 -0.3500800202 1.3129577799 1.9894744736 -0.7038839765 -0.3202023024 0.2633985707 0.5767486681
1403715981.3340580463 -0.3804670965 1.2838064231 1.9914545378 -0.6928758776 -0.3411721863 0.2815683750 0.5694241018
1403715981.3840582371 -0.4026292296 1.2590878243 1.9917909507 -0.6811216653 -0.3621536582 0.3014172067 0.5604156247
1403715981.4340581894 -0.4236393628 1.2302116884 1.9978379723 -0.6686642844 -0.3829093821 0.3204299014 0.5509928840
1403715981.4840581417 -0.4415564382 1.1964386186 1.9983047250 -0.6544532471 -0.4019405687 0.3410225984 0.5420685510
1403715981.5340580940 -0.4584217983 1.1608190763 2.0033742882 -0.6385992680 -0.4204180808 0.3604321270 0.5343484762
1403715981.5840582848 -0.4678066781 1.1310371863 2.0124401834 -0.6217123132 -0.4390743966 0.3792216985 0.5261923386
1403715981.6340579987 -0.4746980898 1.0959629439 2.0178981893 -0.6045002117 -0.4580170828 0.3961432564 0.5175619445
1403715981.6840581894 -0.4766730497 1.0632373318 2.0222804088 -0.5874260684 -0.4770552254 0.4114129188 0.5080239525
1403715981.7340581417 -0.4745188188 1.0285913483 2.0281204642 -0.5716112484 -0.4981513492 0.4225033837 0.4965850428
1403715981.7840580940 -0.4681162627 0.9972982186 2.0238441735 -0.5579667883 -0.5192765738 0.4322567456 0.4818495709
1403715981.8340580463 -0.4569065536 0.9647849563 2.0253746711 -0.5469913534 -0.5433075685 0.4371277528 0.4631810370
1403715981.8840582371 -0.4450973927 0.9295888585 2.0223918100 -0.5353893783 -0.5652553807 0.4418482051 0.4456621275
1403715981.9340581894 -0.4297683868 0.8936326538 2.0220624646 -0.5231526287 -0.5852344777 0.4472417170 0.4287036037
1403715981.9840581417 -0.4104446695 0.8654643412 2.0246918201 -0.5083295740 -0.6033442787 0.4540150324 0.4140616812
1403715982.0340580940 -0.3910396060 0.8332393827 2.0250304112 -0.4937724186 -0.6190308586 0.4611544596 0.4004074914
1403715982.0840582848 -0.3699136711 0.8043289807 2.0272847933 -0.4783239855 -0.6328738839 0.4694739607 0.3876480520
1403715982.1340579987 -0.3468489813 0.7747148431 2.0286722801 -0.4627582540 -0.6457405129 0.4772856410 0.3755960667
1403715982.1840581894 -0.3196477514 0.7429497133 2.0294229600 -0.4468388264 -0.6573002269 0.4851545613 0.3645771888
1403715982.2340581417 -0.2928912851 0.7087498891 2.0327120094 -0.4314705492 -0.6680393916 0.4926833270 0.3532982815
1403715982.2840580940 -0.2618060923 0.6783018916 2.0367488370 -0.4167599558 -0.6786864886 0.4999448835 0.3402218437
1403715982.3340580463 -0.2322311682 0.6489618321 2.0392376578 -0.4011428427 -0.6885989313 0.5069538970 0.3285021733
1403715982.3840582371 -0.1977716827 0.6108781913 2.0377391034 -0.3866363475 -0.6971391447 0.5136392778 0.3173074850
1403715982.4340581894 -0.1646850373 0.5829130366 2.0392956737 -0.3700634880 -0.7064348658 0.5204332814 0.3052081172
1403715982.4840581417 -0.1263915989 0.5481605322 2.0414421052 -0.3540491056 -0.7152376669 0.5263788558 0.2932739519
1403715982.5340580940 -0.0893318396 0.5206115417 2.0418286918 -0.3356601186 -0.7234650017 0.5331617992 0.2822572795
1403715982.5840582848 -0.0501712589 0.4927044986 2.0445218672 -0.3176890529 -0.7316275404 0.5395796701 0.2695340191
1403715982.6340579987 -0.0099272024 0.4667033864 2.0441106247 -0.2985241569 -0.7389042512 0.5469241889 0.2564717664
1403715982.6840581894 0.0310135680 0.4416852703 2.0451958431 -0.2799932000 -0.7464917525 0.5531175163 0.2416917140
1403715982.7340581417 0.0740978461 0.4160286686 2.0462318506 -0.2608474417 -0.7536591764 0.5589812800 0.2269281529
1403715982.7840580940 0.1180371393 0.3931751223 2.0466106598 -0.2406685697 -0.7604494758 0.5646539029 0.2120405723
1403715982.8340580463 0.1639348114 0.3712693605 2.0478064317 -0.2211383169 -0.7668892001 0.5696509414 0.1961545425
1403715982.8840582371 0.2104381189 0.3494743765 2.0478279294 -0.2004912351 -0.7731221820 0.5736999474 0.1815316133
1403715982.9340581894 0.2580626038 0.3301275778 2.0501717298 -0.1798574568 -0.7792399981 0.5764601023 0.1677202166
1403715982.9840581417 0.3070913411 0.3103198902 2.0513472497 -0.1607882188 -0.7834896951 0.5806136882 0.1522458260
1403715983.0340580940 0.3535817247 0.2930822767 2.0503103326 -0.1412481501 -0.7872552819 0.5845114947 0.1364712195
1403715983.0840582848 0.4023420111 0.2765942734 2.0518045678 -0.1214546570 -0.7908390490 0.5874498199 0.1213469156
1403715983.1340579987 0.4508803736 0.2622682859 2.0509174326 -0.1018585281 -0.7937129714 0.5904222701 0.1051004390
1403715983.1840581894 0.4992114742 0.2489232721 2.0515138458 -0.0815825061 -0.7957629789 0.5935182934 0.0885528735
1403715983.2340581417 0.5476253972 0.2377634854 2.0503793907 -0.0614014146 -0.7971085613 0.5965254008 0.0707478196
1403715983.2840580940 0.6033927752 0.2264660385 2.0511499035 -0.0410488495 -0.7984951475 0.5981095286 0.0546395759
1403715983.3340580463 0.6610853690 0.2167986583 2.0539123473 -0.0192712383 -0.7987348351 0.6000265411 0.0402421734
1403715983.3840582371 0.7144682738 0.2110488721 2.0536629318 0.0025334997 -0.7992394824 0.6005488737 0.0234708617
1403715983.4340581894 0.7694302263 0.2086763542 2.0503106567 0.0243679134 -0.7974898777 0.6028102970 0.0059871183
1403715983.4840581417 0.8239878315 0.2046214992 2.0559913018 -0.0450900591 0.7939248457 -0.6061910602 0.0135138592
1403715983.5340580940 0.8694706434 0.2058397142 2.0563969123 -0.0662077770 0.7881423710 -0.6109093138 0.0351844224
1403715983.5840582848 0.9235227341 0.2083906269 2.0604826463 -0.0854832519 0.7814203620 -0.6156229436 0.0555267758
1403715983.6340579987 0.9658619339 0.2121678511 2.0621529688 -0.1053833747 0.7739109000 -0.6196175708 0.0776551943
1403715983.6840581894 1.0140866208 0.2183346867 2.0650072224 -0.1238431440 0.7673958752 -0.6213996100 0.0981273208
1403715983.7340581417 1.0520763109 0.2266812837 2.0659769534 -0.1423929663 0.7597052728 -0.6232136014 0.1190669923
1403715983.7840580940 1.0906940049 0.2390537511 2.0684204757 -0.1606181582 0.7537006318 -0.6221182836 0.1382244769
1403715983.8340580463 1.1242868521 0.2536044909 2.0702481793 -0.1792768002 0.7475020653 -0.6201545763 0.1565528433
1403715983.8840582371 1.1625841978 0.2724676687 2.0719109772 -0.1962807274 0.7415309027 -0.6176398088 0.1735709161
1403715983.9340581894 1.1976505139 0.2954009706 2.0702909257 -0.2138228036 0.7355429842 -0.6144886526 0.1888386160
1403715983.9840581417 1.2234268676 0.3154705616 2.0746468430 -0.2304168456 0.7302593975 -0.6093042556 0.2058582370
1403715984.0340580940 1.2523376286 0.3415903302 2.0757785929 -0.2467912034 0.7260820105 -0.6029156587 0.2199811914
1403715984.0840582848 1.2758053669 0.3698379018 2.0776898217 -0.2628225089 0.7225860848 -0.5949222098 0.2342247705
1403715984.1340579987 1.2944409349 0.3988948440 2.0799228084 -0.2792061411 0.7194480305 -0.5860734683 0.2468934021
1403715984.1840581894 1.3128221693 0.4293021442 2.0820218079 -0.2944474351 0.7163359763 -0.5767123579 0.2599352482
1403715984.2340581417 1.3255270717 0.4608424510 2.0859462489 -0.3098983619 0.7126294971 -0.5674385393 0.2722787347
1403715984.2840580940 1.3381170872 0.4944756499 2.0877066941 -0.3245869676 0.7073382230 -0.5603322635 0.2834496309
1403715984.3340580463 1.3450073466 0.5280194138 2.0916053054 -0.3382191393 0.7009759332 -0.5535124352 0.2964195321
1403715984.3840582371 1.3510308199 0.5624812629 2.0942602603 -0.3518665476 0.6940023303 -0.5474895596 0.3079056355
1403715984.4340581894 1.3518722121 0.5963601169 2.0982583195 -0.3671860886 0.6855641409 -0.5424678939 0.3176551103
1403715984.4840581417 1.3517081720 0.6319102616 2.1019047515 -0.3825992733 0.6781237446 -0.5362187393 0.3259377958
1403715984.5340580940 1.3483167221 0.6676208525 2.1049377598 -0.3989093861 0.6717382198 -0.5275847306 0.3336066812
1403715984.5840582848 1.3399083774 0.7022050552 2.1073674826 -0.4179328472 0.6660800260 -0.5165170868 0.3389389816
1403715984.6340579987 1.3299074286 0.7384681625 2.1095704883 -0.4376393610 0.6599401324 -0.5055498096 0.3425933469
1403715984.6840581894 1.3197208173 0.7746046678 2.1124954263 -0.4570222515 0.6533200132 -0.4932012701 0.3479312132
1403715984.7340581417 1.3064975117 0.8122745918 2.1152997928 -0.4748651630 0.6454733703 -0.4806769237 0.3561136057
1403715984.7840580940 1.2913477662 0.8436666490 2.1176775604 -0.4907912483 0.6359271565 -0.4666811660 0.3700395810
1403715984.8340580463 1.2739719062 0.8808317480 2.1201828078 -0.5039526509 0.6255083284 -0.4545486725 0.3849111079
1403715984.8840582371 1.2568409154 0.9135207784 2.1221862870 -0.5175873760 0.6138319653 -0.4424481228 0.3994412162
1403715984.9340581894 1.2402097317 0.9485093127 2.1272286159 -0.5305843740 0.6021111088 -0.4318371115 0.4116541556
1403715984.9840581417 1.2212495553 0.9826737023 2.1310467724 -0.5426943622 0.5896497706 -0.4234381684 0.4224879818
1403715985.0340580940 1.1989085844 1.0186541063 2.1325234315 -0.5549953083 0.5757856316 -0.4187804247 0.4302023594
1403715985.0840582848 1.1780289263 1.0482084953 2.1374388881 -0.5665774954 0.5639879333 -0.4134630345 0.4358392731
1403715985.1340579987 1.1587355552 1.0792860141 2.1412725421 -0.5764863004 0.5550859837 -0.4090253080 0.4384534109
1403715985.1840581894 1.1363214947 1.1082344088 2.1457171766 -0.5840934235 0.5469035944 -0.4065781800 0.4409370868
1403715985.2340581417 1.1098395740 1.1362641625 2.1466687850 -0.5902782699 0.5392229843 -0.4070833646 0.4416936398
1403715985.2840580940 1.0856853732 1.1621364541 2.1520013388 -0.5980235924 0.5315267382 -0.4103958790 0.4375183790
1403715985.3340580463 1.0561950292 1.1887090020 2.1509249052 -0.6025817916 0.5252785602 -0.4148032898 0.4346445092
1403715985.3840582371 1.0273979028 1.2163763353 2.1545413680 -0.6052115579 0.5222487315 -0.4183142116 0.4312637860
1403715985.4340581894 1.0045495820 1.2433891927 2.1629254038 -0.6039943293 0.5255886669 -0.4170211272 0.4301636697
1403715985.4840581417 0.9744265748 1.2740766789 2.1677379099 -0.6010031956 0.5325411279 -0.4149276684 0.4278202146
1403715985.5340580940 0.9422812571 1.3006585375 2.1698041334 -0.5979462128 0.5419359614 -0.4108831006 0.4241943164
1403715985.5840582848 0.9096648087 1.3312758690 2.1692355976 -0.5952002037 0.5530311873 -0.4069088975 0.4175145179
1403715985.6340579987 0.8730519086 1.3583895845 2.1671768669 -0.5931942489 0.5658763581 -0.4008139550 0.4089654067
1403715985.6840581894 0.8447906221 1.3917364597 2.1686976836 -0.5918286303 0.5792783739 -0.3944849245 0.3981922679
1403715985.7340581417 0.8118932263 1.4216175780 2.1641942570 -0.5904973036 0.5917397633 -0.3867827547 0.3893020519
1403715985.7840580940 0.7792143704 1.4516819401 2.1590988108 -0.5868875237 0.6042511544 -0.3779785128 0.3841559851
1403715985.8340580463 0.7498022323 1.4801127549 2.1517803277 -0.5820439958 0.6148708562 -0.3711240963 0.3813469842
1403715985.8840582371 0.7228164881 1.5093781225 2.1445483569 -0.5760436549 0.6228428381 -0.3681449529 0.3804074135
1403715985.9340581894 0.6969406989 1.5342101338 2.1328824022 -0.5694139254 0.6272357097 -0.3683689338 0.3829457854
1403715985.9840581417 0.6754980661 1.5632563057 2.1257392315 -0.5631249674 0.6303659944 -0.3710290743 0.3845340169
1403715986.0340580940 0.6545189909 1.5862958746 2.1140700375 -0.5575166345 0.6319334752 -0.3736150059 0.3876172244
1403715986.0840582848 0.6367621823 1.6145773270 2.0989059353 -0.5516707442 0.6325574431 -0.3783150464 0.3903949242
1403715986.1340579987 0.6185278770 1.6374483532 2.0815157902 -0.5464899458 0.6335496688 -0.3804611368 0.3939706584
1403715986.1840581894 0.6030956606 1.6565421473 2.0660325790 -0.5426656184 0.6337056347 -0.3820567263 0.3974466670
1403715986.2340581417 0.5859789782 1.6754665565 2.0456602505 -0.5401558494 0.6329006315 -0.3847885676 0.3995074558
1403715986.2840580940 0.5713089942 1.6940312600 2.0268740238 -0.5397020717 0.6311374509 -0.3886594648 0.3991628896
1403715986.3340580463 0.5576433762 1.7087457118 2.0100764348 -0.5407488427 0.6261883780 -0.3964843280 0.3978429112
1403715986.3840582371 0.5445904392 1.7237496379 1.9932610143 -0.5407915097 0.6197765894 -0.4062115827 0.3980121509
1403715986.4340581894 0.5314689966 1.7367731171 1.9762050591 -0.5413498694 0.6144802942 -0.4137037936 0.3977479833
1403715986.4840581417 0.5185337610 1.7498556529 1.9583851895 -0.5437712427 0.6122656761 -0.4159825483 0.3954770499
1403715986.5340580940 0.5053222167 1.7633570941 1.9351305839 -0.5485535037 0.6125040429 -0.4144449438 0.3900810679
1403715986.5840582848 0.4929694347 1.7760561862 1.9143335583 -0.5545215749 0.6155156274 -0.4091411638 0.3824262589
1403715986.6340579987 0.4789293746 1.7906734221 1.8904056337 -0.5610315708 0.6193939776 -0.4020292361 0.3741218657
1403715986.6840581894 0.4679123677 1.8008330200 1.8685260344 -0.5670061373 0.6232884497 -0.3941847739 0.3669249416
1403715986.7340581417 0.4599293914 1.8116191610 1.8511448246 -0.5715692433 0.6264376091 -0.3877111420 0.3613372280
1403715986.7840580940 0.4528404368 1.8250676356 1.8291373784 -0.5738777701 0.6268384474 -0.3861057622 0.3586923560
1403715986.8340580463 0.4482479250 1.8355076677 1.8087973200 -0.5738206412 0.6259038012 -0.3869650309 0.3594890378
1403715986.8840582371 0.4488271902 1.8458928145 1.7965879070 -0.5731178749 0.6240973456 -0.3893620404 0.3611586994
1403715986.9340581894 0.4463865260 1.8556887459 1.7741109683 -0.5691818788 0.6215693250 -0.3941712746 0.3664867929
1403715986.9840581417 0.4511979507 1.8645208188 1.7611052490 -0.5635547876 0.6191840061 -0.4008939788 0.3718886739
1403715987.0340580940 0.4544962797 1.8725535489 1.7471372962 -0.5532281078 0.6185739093 -0.4072293219 0.3814043246
1403715987.0840582848 0.4588851874 1.8806838053 1.7284843180 -0.5427068169 0.6177777608 -0.4152727595 0.3890610292
1403715987.1340579987 0.4651919293 1.8876742484 1.7178695127 -0.5305000871 0.6217134470 -0.4175917795 0.3970631600
1403715987.1840581894 0.4711655524 1.8951144494 1.7033395919 -0.5185010856 0.6250593441 -0.4216611962 0.4033103969
1403715987.2340581417 0.4766988203 1.8979178529 1.6909852922 -0.5084067599 0.6281949856 -0.4253257087 0.4074207507
1403715987.2840580940 0.4790005090 1.9062715328 1.6720069875 -0.4973358692 0.6316063202 -0.4305036199 0.4103621849
1403715987.3340580463 0.4804647423 1.9097467318 1.6566955140 -0.4915912306 0.6345264926 -0.4342708341 0.4088068430
1403715987.3840582371 0.4806246858 1.9090709311 1.6391104730 -0.4901273411 0.6350920232 -0.4398796699 0.4036572649
1403715987.4340581894 0.4815126088 1.9066151315 1.6279519120 -0.4917017570 0.6354538606 -0.4440747113 0.3965166126
1403715987.4840581417 0.4809715797 1.9075777883 1.6154141499 -0.4944751018 0.6356718833 -0.4483944026 0.3877603516
1403715987.5340580940 0.4749847844 1.9063758389 1.5979854045 -0.4977816183 0.6360560936 -0.4499943622 0.3809871129
1403715987.5840582848 0.4709093464 1.9050051502 1.5841007510 -0.5010459857 0.6368808495 -0.4501521566 0.3750983067
1403715987.6340579987 0.4676524755 1.9044636451 1.5723736142 -0.5034931340 0.6377542953 -0.4499466698 0.3705564966
1403715987.6840581894 0.4629297016 1.9037347059 1.5594877557 -0.5053513711 0.6372976350 -0.4506992096 0.3678884866
1403715987.7340581417 0.4574899515 1.8995985357 1.5475988942 -0.5079607894 0.6368718443 -0.4501484540 0.3656999586
1403715987.7840580940 0.4519166340 1.8970844230 1.5363343767 -0.5115191928 0.6373121312 -0.4485262827 0.3619468698
1403715987.8340580463 0.4454242315 1.8942280395 1.5232500758 -0.5161281016 0.6394162621 -0.4438051719 0.3574850988
1403715987.8840582371 0.4402301112 1.8928031092 1.5104945584 -0.5207579796 0.6415786093 -0.4390652907 0.3527175715
1403715987.9340581894 0.4363790425 1.8915313011 1.4985476222 -0.5243270256 0.6439728604 -0.4338450931 0.3495118890
1403715987.9840581417 0.4338528823 1.8916336603 1.4899313329 -0.5282686384 0.6453905602 -0.4299457035 0.3457599783
1403715988.0340580940 0.4309256348 1.8903197942 1.4792381935 -0.5298948240 0.6451378452 -0.4285710445 0.3454497012
1403715988.0840582848 0.4303872135 1.8893166331 1.4701942032 -0.5297290887 0.6432232633 -0.4296429952 0.3479336471
1403715988.1340579987 0.4309932207 1.8882194628 1.4617384222 -0.5287056228 0.6396115959 -0.4333980087 0.3514733801
1403715988.1840581894 0.4326872412 1.8870032376 1.4542625792 -0.5274754674 0.6357943028 -0.4374825606 0.3551679109
1403715988.2340581417 0.4350545479 1.8853728685 1.4455580154 -0.5261943563 0.6317814397 -0.4418520360 0.3588014635
1403715988.2840580940 0.4379113831 1.8843681610 1.4378849868 -0.5244705102 0.6276224541 -0.4467816342 0.3625009109
1403715988.3340580463 0.4402583251 1.8840676456 1.4309003240 -0.5234137612 0.6240465399 -0.4508660721 0.3651352293
1403715988.3840582371 0.4428624956 1.8839295131 1.4254764805 -0.5210210011 0.6218492905 -0.4530658074 0.3695564240
1403715988.4340581894 0.4450833540 1.8845571540 1.4189230105 -0.5187826680 0.6212755379 -0.4535157482 0.3731014815
1403715988.4840581417 0.4465918267 1.8856864720 1.4138602759 -0.5160594793 0.6215133576 -0.4529373220 0.3771624882
1403715988.5340580940 0.4473944954 1.8869208166 1.4098432752 -0.5127820785 0.6237731591 -0.4498676512 0.3815503666
1403715988.5840582848 0.4474893959 1.8883366915 1.4045482213 -0.5100411835 0.6258058880 -0.4474682227 0.3847040047
1403715988.6340579987 0.4467695527 1.8887675697 1.4011246737 -0.5073322081 0.6288478848 -0.4431871476 0.3882647559
1403715988.6840581894 0.4456438923 1.8894353823 1.3978424618 -0.5046734504 0.6327736418 -0.4380580820 0.3911615313
1403715988.7340581417 0.4428609352 1.8889812784 1.3941164957 -0.5036369844 0.6359065829 -0.4340814477 0.3918493366
1403715988.7840580940 0.4398936158 1.8876601068 1.3903303717 -0.5046879227 0.6388510016 -0.4302328059 0.3899477286
1403715988.8340580463 0.4365072134 1.8850263389 1.3868624779 -0.5074884689 0.6404996028 -0.4284766612 0.3855171378
1403715988.8840582371 0.4329652573 1.8811220171 1.3837053419 -0.5108006685 0.6412657161 -0.4281244884 0.3802241192
1403715988.9340581894 0.4293348712 1.8754949724 1.3810188010 -0.5136293078 0.6414604416 -0.4284229156 0.3757222930
1403715988.9840581417 0.4257992616 1.8698154752 1.3789009226 -0.5154839392 0.6409334934 -0.4298392586 0.3724496977
1403715989.0340580940 0.4229227166 1.8637840547 1.3773076410 -0.5175004027 0.6399180384 -0.4319707737 0.3689166410
1403715989.0840582848 0.4204534644 1.8570437989 1.3758371617 -0.5181791160 0.6402956454 -0.4323026018 0.3669146368
1403715989.1340579987 0.4181280743 1.8498510334 1.3746613198 -0.5185242060 0.6394666944 -0.4342043737 0.3656248848
1403715989.1840581894 0.4167963061 1.8423698496 1.3738469103 -0.5188524551 0.6395373179 -0.4345488602 0.3646250635
1403715989.2340581417 0.4159562605 1.8359308492 1.3750625831 -0.5192859325 0.6397734420 -0.4349485222 0.3631140953
1403715989.2840580940 0.4152279925 1.8283898060 1.3746055308 -0.5186383480 0.6398323236 -0.4355801941 0.3631786835
1403715989.3340580463 0.4149017018 1.8204569957 1.3742665914 -0.5184315993 0.6395502982 -0.4364706820 0.3629014145
1403715989.3840582371 0.4148586873 1.8131729494 1.3745284768 -0.5179102951 0.6390963618 -0.4375755196 0.3631149009
1403715989.4340581894 0.4149674880 1.8055582097 1.3735120525 -0.5183348515 0.6392314181 -0.4376288135 0.3622060152
1403715989.4840581417 0.4157909104 1.7977326705 1.3730931552 -0.5178414136 0.6396918950 -0.4372880336 0.3625103110
1403715989.5340580940 0.4170613619 1.7901991278 1.3729728270 -0.5180794491 0.6401669271 -0.4367836030 0.3619393235
1403715989.5840582848 0.4184891895 1.7819585293 1.3731390484 -0.5176189839 0.6391065146 -0.4385064688 0.3623886413
1403715989.6340579987 0.4204223023 1.7735539557 1.3733234027 -0.5163314711 0.6368253874 -0.4420472982 0.3639360165
1403715989.6840581894 0.4228035829 1.7654618558 1.3731520514 -0.5149383442 0.6342387871 -0.4458842836 0.3657415321
1403715989.7340581417 0.4253926894 1.7572327537 1.3718096464 -0.5135841162 0.6317221130 -0.4491452157 0.3680042157
1403715989.7840580940 0.4269306877 1.7495702039 1.3705481457 -0.5132306105 0.6293602040 -0.4520184052 0.3690249794
1403715989.8340580463 0.4289020359 1.7422819851 1.3683991322 -0.5134477927 0.6275411267 -0.4541628710 0.3691877369
1403715989.8840582371 0.4317758832 1.7359829765 1.3657440370 -0.5138404288 0.6260511201 -0.4558501510 0.3690916532
1403715989.9340581894 0.4329881063 1.7290778769 1.3625387794 -0.5152809337 0.6240472625 -0.4580265098 0.3677802196
1403715989.9840581417 0.4340408961 1.7230851848 1.3588311777 -0.5163636276 0.6233405457 -0.4582366847 0.3671979151
1403715990.0340580940 0.4345055427 1.7176394119 1.3550184730 -0.5176194218 0.6226384140 -0.4583846463 0.3664356091
1403715990.0840582848 0.4346893841 1.7128609865 1.3509508940 -0.5184079328 0.6223496548 -0.4580126810 0.3662765436
1403715990.1340579987 0.4346284352 1.7083098684 1.3469726969 -0.5196465549 0.6222890458 -0.4572863043 0.3655311715
1403715990.1840581894 0.4343021089 1.7045605079 1.3421988963 -0.5205061073 0.6224467648 -0.4561437384 0.3654672452
1403715990.2340581417 0.4337011814 1.7016030980 1.3365643985 -0.5219839734 0.6223202217 -0.4557883654 0.3640154381
1403715990.2840580940 0.4332489719 1.6987308360 1.3306373659 -0.5227586819 0.6221237645 -0.4553283839 0.3638151248
1403715990.3340580463 0.4325640393 1.6968072045 1.3245845014 -0.5238032401 0.6215548744 -0.4554944638 0.3630764344
1403715990.3840582371 0.4318473322 1.6955913638 1.3174506562 -0.5247208730 0.6210802170 -0.4556737473 0.3623379714
1403715990.4340581894 0.4312646443 1.6951219523 1.3087717040 -0.5258233858 0.6211606032 -0.4551098529 0.3613091387
1403715990.4840581417 0.4309023252 1.6954480840 1.2993245117 -0.5272866421 0.6209434695 -0.4549461644 0.3597526821
1403715990.5340580940 0.4305641959 1.6968117413 1.2889324143 -0.5276614889 0.6213216814 -0.4541852402 0.3595114587
1403715990.5840582848 0.4297790817 1.6977474514 1.2756855119 -0.5287989617 0.6214961840 -0.4533585718 0.3585807533
1403715990.6340579987 0.4297576333 1.7001835708 1.2622967277 -0.5302615588 0.6223280564 -0.4519245719 0.3567837592
1403715990.6840581894 0.4298925631 1.7034859230 1.2486568686 -0.5318405655 0.6231657222 -0.4506590317 0.3545652729
1403715990.7340581417 0.4306859968 1.7074918895 1.2345019539 -0.5327953511 0.6244129091 -0.4487415949 0.3533675336
1403715990.7840580940 0.4318852435 1.7120153447 1.2205370425 -0.5334079504 0.6247769954 -0.4480498495 0.3526769015
1403715990.8340580463 0.4337098094 1.7178706192 1.2069823617 -0.5348650314 0.6258377819 -0.4462367401 0.3508835144
1403715990.8840582371 0.4363301101 1.7243212359 1.1940836111 -0.5359132781 0.6264010047 -0.4454430931 0.3492838250
1403715990.9340581894 0.4399951373 1.7315396765 1.1822342795 -0.5364792274 0.6270129864 -0.4444089436 0.3486336820
1403715990.9840581417 0.4445658937 1.7397573783 1.1716784453 -0.5371448678 0.6262399372 -0.4451003133 0.3481158473
1403715991.0340580940 0.4501679047 1.7490460510 1.1628901806 -0.5363659229 0.6247314623 -0.4470828551 0.3494840732
1403715991.0840582848 0.4566420344 1.7591547015 1.1556143868 -0.5348880940 0.6228678901 -0.4496374392 0.3517904087
1403715991.1340579987 0.4626528540 1.7677724181 1.1538045549 -0.5278954763 0.6227945673 -0.4506384755 0.3610792951
1403715991.1840581894 0.4650415125 1.7722326714 1.1542861449 -0.5301026766 0.6208435984 -0.4526730018 0.3586523832
1403715991.2340581417 0.4661644887 1.7743854526 1.1550916557 -0.5341095006 0.6177270804 -0.4561707778 0.3536219971
1403715991.2840580940 0.4663381693 1.7755693215 1.1552180198 -0.5345069751 0.6156123039 -0.4594063323 0.3525189451
1403715991.3340580463 0.4657092792 1.7742779471 1.1544528269 -0.5307135143 0.6170062148 -0.4582498413 0.3572864111
1403715991.3840582371 0.4653348629 1.7723686662 1.1527892339 -0.5261360694 0.6221159058 -0.4511918471 0.3641133798
1403715991.4340581894 0.4654078217 1.7727723428 1.1529256017 -0.5275642487 0.6206054119 -0.4531806407 0.3621494070
1403715991.4840581417 0.4656269308 1.7734217189 1.1531595900 -0.5265102490 0.6212049425 -0.4525548230 0.3634357017
1403715991.5340580940 0.4654557336 1.7726466533 1.1525589060 -0.5270443135 0.6212545041 -0.4522957910 0.3628989530
1403715991.5840582848 0.4653879969 1.7730338189 1.1527005267 -0.5260377319 0.6210118104 -0.4526984800 0.3642701226
1403715991.6340579987 0.4654661131 1.7729098755 1.1527130341 -0.5265083687 0.6213562449 -0.4521741515 0.3636535320
1403715991.6840581894 0.4655290403 1.7728493034 1.1523977460 -0.5267813142 0.6214090014 -0.4520517933 0.3633200739
1403715991.7340581417 0.4653872190 1.7730007239 1.1526223230 -0.5259407522 0.6213435603 -0.4522130899 0.3644472892
1403715991.7840580940 0.4654895978 1.7728341892 1.1525177328 -0.5265976468 0.6213080826 -0.4522965685 0.3634542599
1403715991.8340580463 0.4654701418 1.7729421034 1.1524960818 -0.5260796818 0.6217118626 -0.4517118225 0.3642402471
1403715991.8840582371 0.4654016235 1.7728849498 1.1524803137 -0.5262987883 0.6212454125 -0.4524132421 0.3638488439
1403715991.9340581894 0.4654788424 1.7729101214 1.1524366475 -0.5262106344 0.6216293638 -0.4519090923 0.3639470767
1403715991.9840581417 0.4653988666 1.7728787767 1.1523887714 -0.5262438731 0.6213066849 -0.4522785989 0.3639910140
1403715992.0340580940 0.4654610972 1.7729701324 1.1524371671 -0.5260856782 0.6215536901 -0.4520625403 0.3640663802
1403715992.0840582848 0.4654863247 1.7729263026 1.1523741388 -0.5262819903 0.6215164555 -0.4520770755 0.3638280914
1403715992.1340579987 0.4653992761 1.7728994159 1.1523515320 -0.5261142616 0.6212059844 -0.4524303664 0.3641616017
1403715992.1840581894 0.4654587066 1.7729570757 1.1523193933 -0.5261364086 0.6215076901 -0.4520756544 0.3640553164
1403715992.2340581417 0.4654580634 1.7728958561 1.1522840961 -0.5262014978 0.6213795535 -0.4522497544 0.3639637260
1403715992.2840580940 0.4654281840 1.7728938540 1.1523286085 -0.5260241267 0.6213753661 -0.4522320247 0.3642491844
1403715992.3340580463 0.4654586911 1.7729219222 1.1523060040 -0.5261317083 0.6214542600 -0.4521358382 0.3640785795
1403715992.3840582371 0.4654233090 1.7729184308 1.1523326434 -0.5260379688 0.6213844522 -0.4522403612 0.3642033410
1403715992.4340581894 0.4654181630 1.7728951424 1.1523257212 -0.5260680853 0.6213915020 -0.4521422022 0.3642696801
1403715992.4840581417 0.4654066855 1.7729171149 1.1523240478 -0.5260739520 0.6213714148 -0.4522257632 0.3641917365
1403715992.5340580940 0.4654383765 1.7729119960 1.1522841972 -0.5260489273 0.6213169026 -0.4523115767 0.3642143192
1403715992.5840582848 0.4654352156 1.7728869415 1.1523054108 -0.5260939488 0.6213755240 -0.4521606369 0.3642367000
1403715992.6340579987 0.4654210309 1.7729049352 1.1522737841 -0.5259843295 0.6213529724 -0.4523093733 0.3642488156
1403715992.6840581894 0.4654140134 1.7728867339 1.1522946175 -0.5260593656 0.6213865342 -0.4521710856 0.3642548949
1403715992.7340581417 0.4654126461 1.7728984013 1.1522714887 -0.5259580139 0.6214292889 -0.4521286280 0.3643809960
1403715992.7840580940 0.4653976450 1.7729270854 1.1522847518 -0.5260128494 0.6213509340 -0.4522410106 0.3642959887
1403715992.8340580463 0.4654099567 1.7728753732 1.1522255318 -0.5260673851 0.6212820903 -0.4522564282 0.3643155139
1403715992.8840582371 0.4654094980 1.7728889313 1.1522311640 -0.5260566696 0.6213322861 -0.4522959773 0.3641962651
1403715992.9340581894 0.4653872129 1.7728962590 1.1522198096 -0.5258926786 0.6213360886 -0.4523576578 0.3643499760
1403715992.9840581417 0.4654199824 1.7729075467 1.1522235210 -0.5259075358 0.6213644492 -0.4523975501 0.3642306161
1403715993.0340580940 0.4654251577 1.7728882895 1.1521722996 -0.5259711410 0.6213363005 -0.4523697010 0.3642213806
