1403715524.9121432304 0.5013472116 2.0682445075 0.9942014560 -0.4211788798 0.7073570023 -0.5007899851 0.2673271655
1403715524.9621429443 0.5013472116 2.0682445075 0.9942014560 -0.4211788798 0.7073570023 -0.5007899851 0.2673271655
1403715525.0121431351 0.5013472116 2.0682445075 0.9942014560 -0.4211788798 0.7073570023 -0.5007899851 0.2673271655
1403715525.0621430874 0.5013472116 2.0682445075 0.9942014560 -0.4211788798 0.7073570023 -0.5007899851 0.2673271655
1403715525.1121432781 0.5013472116 2.0682445075 0.9942014560 -0.4211788798 0.7073570023 -0.5007899851 0.2673271655
1403715525.1621429920 0.5013472116 2.0682445075 0.9942014560 -0.4211788798 0.7073570023 -0.5007899851 0.2673271655
1403715525.2121431828 0.5013472116 2.0682445075 0.9942014560 -0.4211788798 0.7073570023 -0.5007899851 0.2673271655
1403715525.2621431351 0.5013472116 2.0682445075 0.9942014560 -0.4211788798 0.7073570023 -0.5007899851 0.2673271655
1403715525.3121430874 0.5013472116 2.0682445075 0.9942014560 -0.4211788798 0.7073570023 -0.5007899851 0.2673271655
1403715525.3621430397 0.5013472116 2.0682445075 0.9942014560 -0.4211788798 0.7073570023 -0.5007899851 0.2673271655
1403715525.4121432304 0.5013472116 2.0682445075 0.9942014560 -0.4211788798 0.7073570023 -0.5007899851 0.2673271655
1403715525.4621429443 0.5013472116 2.0682445075 0.9942014560 -0.4211788798 0.7073570023 -0.5007899851 0.2673271655
1403715525.5121431351 0.5013472116 2.0682445075 0.9942014560 -0.4211788798 0.7073570023 -0.5007899851 0.2673271655
1403715525.5621430874 0.5013472116 2.0682445075 0.9942014560 -0.4211788798 0.7073570023 -0.5007899851 0.2673271655
1403715525.6121432781 0.5013472116 2.0682445075 0.9942014560 -0.4211788798 0.7073570023 -0.5007899851 0.2673271655
1403715525.6621429920 0.5013472116 2.0682445075 0.9942014560 -0.4211788798 0.7073570023 -0.5007899851 0.2673271655
1403715525.7121431828 0.5013472116 2.0682445075 0.9942014560 -0.4211788798 0.7073570023 -0.5007899851 0.2673271655
1403715525.7621431351 0.5013472116 2.0682445075 0.9942014560 -0.4211788798 0.7073570023 -0.5007899851 0.2673271655
1403715525.8121430874 0.5013472116 2.0682445075 0.9942014560 -0.4211788798 0.7073570023 -0.5007899851 0.2673271655
1403715525.8621430397 0.5013472116 2.0682445075 0.9942014560 -0.4211788798 0.7073570023 -0.5007899851 0.2673271655
1403715525.9121432304 0.5013472116 2.0682445075 0.9942014560 -0.4211788798 0.7073570023 -0.5007899851 0.2673271655
1403715525.9621429443 0.5013472116 2.0682445075 0.9942014560 -0.4211788798 0.7073570023 -0.5007899851 0.2673271655
1403715526.0121431351 0.5013472116 2.0682445075 0.9942014560 -0.4211788798 0.7073570023 -0.5007899851 0.2673271655
1403715526.0621430874 0.5013472116 2.0682445075 0.9942014560 -0.4211788798 0.7073570023 -0.5007899851 0.2673271655
1403715526.1121432781 0.5013472116 2.0682445075 0.9942014560 -0.4211788798 0.7073570023 -0.5007899851 0.2673271655
1403715526.1621429920 0.5013472116 2.0682445075 0.9942014560 -0.4211788798 0.7073570023 -0.5007899851 0.2673271655
1403715526.2121431828 0.5013472116 2.0682445075 0.9942014560 -0.4211788798 0.7073570023 -0.5007899851 0.2673271655
1403715526.2621431351 0.5013472116 2.0682445075 0.9942014560 -0.4211788798 0.7073570023 -0.5007899851 0.2673271655
1403715526.3121430874 0.5013472116 2.0682445075 0.9942014560 -0.4211788798 0.7073570023 -0.5007899851 0.2673271655
1403715526.3621430397 0.5013472116 2.0682445075 0.9942014560 -0.4211788798 0.7073570023 -0.5007899851 0.2673271655
1403715526.4121432304 0.5013472116 2.0682445075 0.9942014560 -0.4211788798 0.7073570023 -0.5007899851 0.2673271655
1403715526.4621429443 0.5013472116 2.0682445075 0.9942014560 -0.4211788798 0.7073570023 -0.5007899851 0.2673271655
1403715526.5121431351 0.5013472116 2.0682445075 0.9942014560 -0.4211788798 0.7073570023 -0.5007899851 0.2673271655
1403715526.5621430874 0.5013472116 2.0682445075 0.9942014560 -0.4211788798 0.7073570023 -0.5007899851 0.2673271655
1403715526.6121432781 0.5013472116 2.0682445075 0.9942014560 -0.4211788798 0.7073570023 -0.5007899851 0.2673271655
1403715526.6621429920 0.5013472116 2.0682445075 0.9942014560 -0.4211788798 0.7073570023 -0.5007899851 0.2673271655
1403715526.7121431828 0.5013472116 2.0682445075 0.9942014560 -0.4211788798 0.7073570023 -0.5007899851 0.2673271655
1403715526.7621431351 0.5013472116 2.0682445075 0.9942014560 -0.4211788798 0.7073570023 -0.5007899851 0.2673271655
1403715526.8121430874 0.5013472116 2.0682445075 0.9942014560 -0.4211788798 0.7073570023 -0.5007899851 0.2673271655
1403715526.8621430397 0.5013472116 2.0682445075 0.9942014560 -0.4211788798 0.7073570023 -0.5007899851 0.2673271655
1403715526.9121432304 0.5013472116 2.0682445075 0.9942014560 -0.4211788798 0.7073570023 -0.5007899851 0.2673271655
1403715526.9621429443 0.5013472116 2.0682445075 0.9942014560 -0.4211788798 0.7073570023 -0.5007899851 0.2673271655
1403715527.0121431351 0.5013472116 2.0682445075 0.9942014560 -0.4211788798 0.7073570023 -0.5007899851 0.2673271655
1403715527.0621430874 0.5013472116 2.0682445075 0.9942014560 -0.4211788798 0.7073570023 -0.5007899851 0.2673271655
1403715527.1121432781 0.5013472116 2.0682445075 0.9942014560 -0.4211788798 0.7073570023 -0.5007899851 0.2673271655
1403715527.1621429920 0.5013472116 2.0682445075 0.9942014560 -0.4211788798 0.7073570023 -0.5007899851 0.2673271655
1403715527.2121431828 0.5013472116 2.0682445075 0.9942014560 -0.4211788798 0.7073570023 -0.5007899851 0.2673271655
1403715527.2621431351 0.5013472116 2.0682445075 0.9942014560 -0.4211788798 0.7073570023 -0.5007899851 0.2673271655
1403715527.3121430874 0.5013472116 2.0682445075 0.9942014560 -0.4211788798 0.7073570023 -0.5007899851 0.2673271655
1403715527.3621430397 0.5013472116 2.0682445075 0.9942014560 -0.4211788798 0.7073570023 -0.5007899851 0.2673271655
1403715527.4121432304 0.5013472116 2.0682445075 0.9942014560 -0.4211788798 0.7073570023 -0.5007899851 0.2673271655
1403715527.4621429443 0.5013472116 2.0682445075 0.9942014560 -0.4211788798 0.7073570023 -0.5007899851 0.2673271655
1403715527.5121431351 0.5013472116 2.0682445075 0.9942014560 -0.4211788798 0.7073570023 -0.5007899851 0.2673271655
1403715527.5621430874 0.5013472116 2.0682445075 0.9942014560 -0.4211788798 0.7073570023 -0.5007899851 0.2673271655
1403715527.6121432781 0.5013472116 2.0682445075 0.9942014560 -0.4211788798 0.7073570023 -0.5007899851 0.2673271655
1403715527.6621429920 0.5013472116 2.0682445075 0.9942014560 -0.4211788798 0.7073570023 -0.5007899851 0.2673271655
1403715527.7121431828 0.5013472116 2.0682445075 0.9942014560 -0.4211788798 0.7073570023 -0.5007899851 0.2673271655
1403715527.7621431351 0.5013472116 2.0682445075 0.9942014560 -0.4211788798 0.7073570023 -0.5007899851 0.2673271655
1403715527.8121430874 0.5013472116 2.0682445075 0.9942014560 -0.4211788798 0.7073570023 -0.5007899851 0.2673271655
1403715527.8621430397 0.5013472116 2.0682445075 0.9942014560 -0.4211788798 0.7073570023 -0.5007899851 0.2673271655
1403715527.9121432304 0.5013472116 2.0682445075 0.9942014560 -0.4211788798 0.7073570023 -0.5007899851 0.2673271655
1403715527.9621429443 0.5013472116 2.0682445075 0.9942014560 -0.4211788798 0.7073570023 -0.5007899851 0.2673271655
1403715528.0121431351 0.5013472116 2.0682445075 0.9942014560 -0.4211788798 0.7073570023 -0.5007899851 0.2673271655
1403715528.0621430874 0.5013472116 2.0682445075 0.9942014560 -0.4211788798 0.7073570023 -0.5007899851 0.2673271655
1403715528.1121432781 0.5013472116 2.0682445075 0.9942014560 -0.4211788798 0.7073570023 -0.5007899851 0.2673271655
1403715528.1621429920 0.5013472116 2.0682445075 0.9942014560 -0.4211788798 0.7073570023 -0.5007899851 0.2673271655
1403715528.2121431828 0.5013472116 2.0682445075 0.9942014560 -0.4211788798 0.7073570023 -0.5007899851 0.2673271655
1403715528.2621431351 0.5015528203 2.0682837311 0.9959420383 -0.4217824191 0.7078789525 -0.4999643160 0.2665382943
1403715528.3121430874 0.5015528203 2.0682837311 0.9959420383 -0.4217824191 0.7078789525 -0.4999643160 0.2665382943
1403715528.3621430397 0.5015528203 2.0682837311 0.9959420383 -0.4217824191 0.7078789525 -0.4999643160 0.2665382943
1403715528.4121432304 0.5015528203 2.0682837311 0.9959420383 -0.4217824191 0.7078789525 -0.4999643160 0.2665382943
1403715528.4621429443 0.5015528203 2.0682837311 0.9959420383 -0.4217824191 0.7078789525 -0.4999643160 0.2665382943
1403715528.5121431351 0.5037312298 2.0684368079 0.9993159326 -0.4231713922 0.7161604355 -0.4892791106 0.2620041133
1403715528.5621430874 0.5058242654 2.0690208977 1.0033694214 -0.4220361507 0.7175113646 -0.4879730673 0.2625742080
1403715528.6121432781 0.5087479714 2.0696356571 1.0091393472 -0.4205081453 0.7174121127 -0.4888322599 0.2636963823
1403715528.6621429920 0.5122646933 2.0703134880 1.0161670920 -0.4181524581 0.7171026144 -0.4902453312 0.2656536794
1403715528.7121431828 0.5162416154 2.0711992846 1.0242200664 -0.4164013266 0.7165717428 -0.4918151092 0.2669321469
1403715528.7621431351 0.5206520536 2.0723674345 1.0331840204 -0.4150496636 0.7162257967 -0.4931370000 0.2675262307
1403715528.8121430874 0.5252945078 2.0734351109 1.0427548940 -0.4139247274 0.7157578014 -0.4946215495 0.2677809040
1403715528.8621430397 0.5301398488 2.0747373141 1.0531226501 -0.4130967091 0.7144295582 -0.4969340214 0.2683246052
1403715528.9121432304 0.5350234119 2.0763446690 1.0638029241 -0.4121886677 0.7141553437 -0.4979398098 0.2685862860
1403715528.9621429443 0.5400554523 2.0783562459 1.0743862185 -0.4125212431 0.7137618123 -0.4987898781 0.2675424393
1403715529.0121431351 0.5449790119 2.0810541760 1.0848404581 -0.4142225108 0.7134572497 -0.4983869937 0.2664748935
1403715529.0621430874 0.5503504529 2.0844694867 1.0953917355 -0.4158101136 0.7135822654 -0.4960554138 0.2680136684
1403715529.1121432781 0.5560949444 2.0883978499 1.1083342251 -0.4181575293 0.7121735343 -0.4940362858 0.2718111221
1403715529.1621429920 0.5621275554 2.0929491283 1.1231153902 -0.4223310930 0.7099362744 -0.4916313307 0.2755459469
1403715529.2121431828 0.5679085336 2.0979507428 1.1396717888 -0.4279003889 0.7076911729 -0.4878638865 0.2793980838
1403715529.2621431351 0.5738217402 2.1030984775 1.1572625836 -0.4348056406 0.7051735349 -0.4833363250 0.2829493551
1403715529.3121430874 0.5801670310 2.1081125707 1.1741234292 -0.4426238051 0.7021971850 -0.4785423057 0.2863573680
1403715529.3621430397 0.5870748407 2.1132509086 1.1904949617 -0.4511528420 0.6988880882 -0.4736421720 0.2892743442
1403715529.4121432304 0.5943296451 2.1183636283 1.2044887473 -0.4592508917 0.6941498318 -0.4703529068 0.2932793421
1403715529.4621429443 0.6024165448 2.1232515693 1.2168527468 -0.4658971637 0.6892464313 -0.4682818157 0.2976429588
1403715529.5121431351 0.6111846018 2.1278700215 1.2275568832 -0.4714907492 0.6847438410 -0.4669284812 0.3013306144
1403715529.5621430874 0.6213912684 2.1312299263 1.2355415811 -0.4761268876 0.6810257701 -0.4653811549 0.3048400698
1403715529.6121432781 0.6314251953 2.1353843952 1.2418927219 -0.4799494015 0.6773402606 -0.4649199425 0.3077469584
1403715529.6621429920 0.6426348989 2.1395352004 1.2474902819 -0.4828389063 0.6738288422 -0.4649648219 0.3108520490
1403715529.7121431828 0.6554677954 2.1430260111 1.2536413394 -0.4860337440 0.6703440563 -0.4653154824 0.3128762498
1403715529.7621431351 0.6669848527 2.1473225611 1.2590861047 -0.4891105334 0.6677054130 -0.4649039713 0.3143320935
1403715529.8121430874 0.6794794039 2.1528299476 1.2669599099 -0.4906376061 0.6657828402 -0.4643951561 0.3167729285
1403715529.8621430397 0.6926354042 2.1579284638 1.2749424337 -0.4921273101 0.6641712177 -0.4639956842 0.3184263011
1403715529.9121432304 0.7062575829 2.1633989641 1.2831578327 -0.4920097358 0.6625127903 -0.4642263948 0.3217096158
1403715529.9621429443 0.7223836082 2.1720491312 1.2933883796 -0.4914414603 0.6609446981 -0.4653434998 0.3241802343
1403715530.0121431351 0.7376684871 2.1786769301 1.3057192411 -0.4916271150 0.6581530146 -0.4680499629 0.3256787089
1403715530.0621430874 0.7531660491 2.1864467017 1.3157827605 -0.4916417221 0.6538771787 -0.4731246756 0.3269343872
1403715530.1121432781 0.7671279719 2.1929145363 1.3301089027 -0.4923852716 0.6495062590 -0.4782919722 0.3270094083
1403715530.1621429920 0.7814425443 2.2011610500 1.3427336527 -0.4936262024 0.6474130176 -0.4811022544 0.3251617716
1403715530.2121431828 0.7955732062 2.2119530882 1.3584389965 -0.4960443191 0.6467094623 -0.4818467163 0.3217617859
1403715530.2621431351 0.8165399061 2.2276952692 1.3885037708 -0.4987760295 0.6487583547 -0.4802600423 0.3157298868
1403715530.3121430874 0.8291053815 2.2402734538 1.4096351428 -0.5006296236 0.6490908589 -0.4797440128 0.3128845140
1403715530.3621430397 0.8438899513 2.2562766487 1.4355479093 -0.5000126489 0.6511303768 -0.4776625965 0.3128178819
1403715530.4121432304 0.8568924252 2.2719725793 1.4632332307 -0.4986844426 0.6530224232 -0.4749106321 0.3151752417
1403715530.4621429443 0.8701865147 2.2886920624 1.4947319143 -0.4983047593 0.6540050633 -0.4715480356 0.3187666767
1403715530.5121431351 0.8853340658 2.3069043601 1.5283190847 -0.4996296388 0.6533915621 -0.4688189728 0.3219603413
1403715530.5621430874 0.9008121934 2.3270787225 1.5606184388 -0.5016056935 0.6524600974 -0.4658279218 0.3251029019
1403715530.6121432781 0.9190011356 2.3492223865 1.5937838255 -0.5032993579 0.6517814849 -0.4634041443 0.3273029962
1403715530.6621429920 0.9338929166 2.3708989410 1.6164011849 -0.5043049011 0.6499753435 -0.4623428789 0.3308287803
1403715530.7121431828 0.9500453505 2.3921820127 1.6404413371 -0.5060162057 0.6485590499 -0.4602070804 0.3339583829
1403715530.7621431351 0.9633228879 2.4125238275 1.6578570398 -0.5087083201 0.6462216291 -0.4576761569 0.3378549786
1403715530.8121430874 0.9801011493 2.4385903887 1.6785446034 -0.5129328287 0.6432303719 -0.4542460277 0.3417823112
1403715530.8621430397 0.9974974344 2.4634083751 1.7021668154 -0.5175947069 0.6399064076 -0.4503698783 0.3460960584
1403715530.9121432304 1.0127227381 2.4866022327 1.7232741038 -0.5223461032 0.6364372672 -0.4466343591 0.3501712476
1403715530.9621429443 1.0277129766 2.5098204366 1.7421182417 -0.5275338283 0.6330292674 -0.4441063527 0.3517833908
1403715531.0121431351 1.0428361958 2.5322533713 1.7616951653 -0.5331164942 0.6325282525 -0.4376681148 0.3523371037
1403715531.0621430874 1.0565970409 2.5559094113 1.7743653761 -0.5390473160 0.6334433529 -0.4303251979 0.3507103276
1403715531.1121432781 1.0733414296 2.5774687144 1.7925247104 -0.5456043280 0.6367752369 -0.4200459470 0.3469792752
1403715531.1621429920 1.0906465124 2.6020788028 1.8042665015 -0.5504012202 0.6394876974 -0.4119846426 0.3440677780
1403715531.2121431828 1.1096829170 2.6268000560 1.8199781258 -0.5512203688 0.6441099348 -0.4017272652 0.3462566985
1403715531.2621431351 1.1314603376 2.6481102221 1.8359020537 -0.5478818816 0.6453823726 -0.3972427207 0.3542672124
1403715531.3121430874 1.1551064471 2.6681182003 1.8530314564 -0.5428976810 0.6443045476 -0.3968941101 0.3641549441
1403715531.3621430397 1.1806271041 2.6873595237 1.8695497524 -0.5382640616 0.6418329854 -0.3993578212 0.3726064270
1403715531.4121432304 1.2075304502 2.7068867957 1.8852763165 -0.5347284187 0.6387696573 -0.4028369241 0.3791586155
1403715531.4621429443 1.2332766712 2.7215471466 1.8985555744 -0.5332648354 0.6352361258 -0.4068089389 0.3828970710
1403715531.5121431351 1.2582830933 2.7320943102 1.9094221909 -0.5325652263 0.6322872007 -0.4092992056 0.3860846227
1403715531.5621430874 1.2849445660 2.7461812841 1.9165502324 -0.5318838003 0.6308886377 -0.4108823376 0.3876272105
1403715531.6121432781 1.3090457479 2.7564838702 1.9179158412 -0.5312374366 0.6307072905 -0.4101021884 0.3896296893
1403715531.6621429920 1.3345847044 2.7661658170 1.9191253902 -0.5312067799 0.6316242613 -0.4080487855 0.3903413100
1403715531.7121431828 1.3602399080 2.7742898738 1.9189684240 -0.5326183629 0.6303243625 -0.4097577703 0.3887254137
1403715531.7621431351 1.3835662860 2.7806105794 1.9147252081 -0.5346482861 0.6273474172 -0.4143483966 0.3858780047
1403715531.8121430874 1.4084224383 2.7861607554 1.9142197109 -0.5353987489 0.6230662711 -0.4211589340 0.3843979108
1403715531.8621430397 1.4333294473 2.7911234447 1.9142098375 -0.5353107861 0.6187232092 -0.4282208463 0.3837327970
1403715531.9121432304 1.4552418646 2.7954858471 1.9133170537 -0.5341548891 0.6151162383 -0.4341918764 0.3844320255
1403715531.9621429443 1.4780042112 2.7988971438 1.9142178040 -0.5333246277 0.6119959738 -0.4394676686 0.3845698088
1403715532.0121431351 1.4986956891 2.8048609103 1.9108641986 -0.5322202195 0.6104084410 -0.4428321184 0.3847634183
1403715532.0621430874 1.5193529474 2.8087773448 1.9116071371 -0.5323016337 0.6088844894 -0.4456321322 0.3838315413
1403715532.1121432781 1.5375678494 2.8151591142 1.9081391493 -0.5324374791 0.6074216607 -0.4485979823 0.3825037350
1403715532.1621429920 1.5560147773 2.8210363804 1.9086225054 -0.5323256454 0.6068463324 -0.4498729950 0.3820748938
1403715532.2121431828 1.5710821607 2.8256609365 1.9064181042 -0.5319111334 0.6062775437 -0.4504216293 0.3829078767
1403715532.2621431351 1.5875768244 2.8320216245 1.9083450898 -0.5324858940 0.6055460874 -0.4495245621 0.3843180673
1403715532.3121430874 1.6009690951 2.8378977044 1.9075271597 -0.5332857369 0.6055692009 -0.4465046692 0.3866857200
1403715532.3621430397 1.6122235145 2.8447798004 1.9056013127 -0.5341388627 0.6071457088 -0.4415689818 0.3886985954
1403715532.4121432304 1.6217154035 2.8519248507 1.9017942219 -0.5331890942 0.6087929374 -0.4371517627 0.3924014342
1403715532.4621429443 1.6296173079 2.8583551050 1.8972775006 -0.5332855688 0.6097519415 -0.4333619371 0.3949765859
1403715532.5121431351 1.6385440472 2.8641012033 1.8989018257 -0.5331121985 0.6117888009 -0.4285577313 0.3972960078
1403715532.5621430874 1.6462681612 2.8684847355 1.8963061128 -0.5309829273 0.6137909569 -0.4236806915 0.4022591997
1403715532.6121432781 1.6529325691 2.8734857058 1.8951140333 -0.5276192423 0.6158884791 -0.4192402038 0.4080894117
1403715532.6621429920 1.6582088299 2.8752793328 1.8920304809 -0.5235740970 0.6173050739 -0.4153886781 0.4150383800
1403715532.7121431828 1.6622119191 2.8750091590 1.8918748968 -0.5199499217 0.6182560540 -0.4122245369 0.4212866740
1403715532.7621431351 1.6644916131 2.8730613488 1.8877954203 -0.5168494260 0.6186243734 -0.4100627735 0.4266369384
1403715532.8121430874 1.6628428349 2.8685356003 1.8817823394 -0.5142100570 0.6188025969 -0.4092612563 0.4303214931
1403715532.8621430397 1.6616248453 2.8604772200 1.8771245283 -0.5114271394 0.6199569027 -0.4090477166 0.4321755262
1403715532.9121432304 1.6608652999 2.8513920334 1.8744607104 -0.5086849753 0.6231116120 -0.4087913169 0.4311161957
1403715532.9621429443 1.6578972461 2.8381436248 1.8689710296 -0.5044383983 0.6279852074 -0.4087352176 0.4290827466
1403715533.0121431351 1.6550445754 2.8228266735 1.8589001589 -0.4986541208 0.6338923052 -0.4101984345 0.4257485849
1403715533.0621430874 1.6497655109 2.8068200520 1.8454274781 -0.4919639723 0.6409745199 -0.4124433909 0.4207297995
1403715533.1121432781 1.6435642089 2.7865325748 1.8296462402 -0.4844708706 0.6479586106 -0.4163691997 0.4148183988
1403715533.1621429920 1.6339610707 2.7622777051 1.8156023045 -0.4762236925 0.6533420493 -0.4238876075 0.4082578323
1403715533.2121431828 1.6222780417 2.7349258409 1.7983380654 -0.4668817358 0.6551448097 -0.4369867532 0.4023049846
1403715533.2621431351 1.6099870715 2.7045722607 1.7887558534 -0.4579288012 0.6580283803 -0.4479446272 0.3957846317
1403715533.3121430874 1.5943169801 2.6738281554 1.7786884132 -0.4503708252 0.6606302725 -0.4584062119 0.3880689470
1403715533.3621430397 1.5753778825 2.6399497615 1.7741556252 -0.4455285184 0.6645108142 -0.4643440850 0.3798872041
1403715533.4121432304 1.5540949510 2.6066006017 1.7697154902 -0.4415530561 0.6684664592 -0.4689915611 0.3717935007
1403715533.4621429443 1.5309301439 2.5707683850 1.7714332944 -0.4388558008 0.6738379226 -0.4696981634 0.3643235863
1403715533.5121431351 1.5047216756 2.5339051941 1.7781752144 -0.4348942160 0.6803502019 -0.4672715941 0.3600664952
1403715533.5621430874 1.4744104326 2.4986754281 1.7842881425 -0.4285444835 0.6872880534 -0.4633063643 0.3596275435
1403715533.6121432781 1.4447434550 2.4597361436 1.7970633275 -0.4236932451 0.6936960685 -0.4585278143 0.3591963837
1403715533.6621429920 1.4104416054 2.4178425762 1.8129021326 -0.4189494531 0.7001757246 -0.4523035095 0.3600789436
1403715533.7121431828 1.3754750354 2.3749933389 1.8301208696 -0.4148186891 0.7051672756 -0.4480967170 0.3603802171
1403715533.7621431351 1.3392271314 2.3268150062 1.8508888289 -0.4111273988 0.7088921891 -0.4449386784 0.3612142005
1403715533.8121430874 1.3020079797 2.2767304747 1.8744232485 -0.4112845295 0.7107441174 -0.4444924320 0.3579305984
1403715533.8621430397 1.2615926091 2.2211173798 1.8968990195 -0.4129392981 0.7107680344 -0.4461661063 0.3538724953
1403715533.9121432304 1.2213199123 2.1621819398 1.9202967795 -0.4174109491 0.7097775926 -0.4490836763 0.3468540331
1403715533.9621429443 1.1806687252 2.1014782927 1.9397737295 -0.4208501578 0.7081065796 -0.4523441115 0.3418406374
1403715534.0121431351 1.1386105740 2.0422584945 1.9535979574 -0.4242803935 0.7064218244 -0.4556780735 0.3366182513
1403715534.0621430874 1.0990274425 1.9812695265 1.9691421938 -0.4278672413 0.7048459576 -0.4586300275 0.3313310998
1403715534.1121432781 1.0594917246 1.9193201342 1.9813572115 -0.4320927614 0.7022058417 -0.4627818353 0.3256313474
1403715534.1621429920 1.0157355743 1.8518415160 1.9871191976 -0.4369664180 0.6991422020 -0.4659074320 0.3212332420
1403715534.2121431828 0.9735005559 1.7878040098 1.9909441410 -0.4415888726 0.6964988534 -0.4694225380 0.3154854919
1403715534.2621431351 0.9345320764 1.7271910675 1.9905782214 -0.4455104049 0.6940155722 -0.4726640589 0.3105665019
1403715534.3121430874 0.8929106217 1.6622816640 1.9884089020 -0.4484476615 0.6921765374 -0.4741290215 0.3082012443
1403715534.3621430397 0.8526178489 1.5980545845 1.9854597260 -0.4505904938 0.6910108765 -0.4755098512 0.3055528709
1403715534.4121432304 0.8143155300 1.5361287922 1.9805591388 -0.4508654614 0.6914431877 -0.4765005075 0.3026118309
1403715534.4621429443 0.7755950965 1.4729877009 1.9707210369 -0.4495677539 0.6925837751 -0.4776887701 0.3000499759
1403715534.5121431351 0.7380991980 1.4101521198 1.9569376042 -0.4470653567 0.6941923878 -0.4798017592 0.2966812557
1403715534.5621430874 0.7017327696 1.3514500015 1.9424493982 -0.4426848090 0.6968001262 -0.4824330091 0.2928449005
1403715534.6121432781 0.6658202189 1.2890117802 1.9295846991 -0.4370243347 0.7008831998 -0.4837733621 0.2893713967
1403715534.6621429920 0.6305065867 1.2279669537 1.9151047870 -0.4308617616 0.7052828178 -0.4860296669 0.2840940903
1403715534.7121431828 0.5946438808 1.1676269682 1.9017309937 -0.4238629350 0.7105531112 -0.4878625697 0.2782887020
1403715534.7621431351 0.5608281861 1.1075910477 1.8849773190 -0.4162201622 0.7176172631 -0.4885759710 0.2703326854
1403715534.8121430874 0.5249364527 1.0444052324 1.8682120432 -0.4083699150 0.7251536451 -0.4893621247 0.2605972265
1403715534.8621430397 0.4939598788 0.9848566287 1.8519032178 -0.3996603007 0.7331829273 -0.4900505945 0.2501296744
1403715534.9121432304 0.4644857454 0.9240645041 1.8365293754 -0.3904345104 0.7413235254 -0.4906447021 0.2393075427
1403715534.9621429443 0.4347555646 0.8634173278 1.8193136001 -0.3809735565 0.7483260337 -0.4923920250 0.2289484445
1403715535.0121431351 0.4095670067 0.8047594906 1.8043450507 -0.3718938281 0.7543052450 -0.4945207257 0.2194717065
1403715535.0621430874 0.3852088678 0.7444269963 1.7942175482 -0.3642957229 0.7604771447 -0.4945294924 0.2107219018
1403715535.1121432781 0.3626565236 0.6855279415 1.7779006703 -0.3574681985 0.7665341950 -0.4936407132 0.2023874037
1403715535.1621429920 0.3428652438 0.6271594448 1.7609168561 -0.3513013404 0.7723788915 -0.4915472685 0.1959579009
1403715535.2121431828 0.3240919891 0.5677389399 1.7483139529 -0.3466019574 0.7783426540 -0.4877561842 0.1901149675
1403715535.2621431351 0.3083793567 0.5070037756 1.7333413510 -0.3420984484 0.7831878111 -0.4848564001 0.1857411515
1403715535.3121430874 0.2961421298 0.4472692919 1.7194825471 -0.3381983506 0.7871042450 -0.4824555445 0.1825525425
1403715535.3621430397 0.2884773134 0.3865634284 1.7070652641 -0.3336369620 0.7904552606 -0.4806704829 0.1811704872
1403715535.4121432304 0.2822376013 0.3236970443 1.6960917023 -0.3257505453 0.7939849951 -0.4783708224 0.1861068675
1403715535.4621429443 0.2755817745 0.2589139619 1.6834247021 -0.3173153030 0.7948598579 -0.4796642522 0.1934709538
1403715535.5121431351 0.2735285739 0.1925924619 1.6733873251 -0.3100507771 0.7937614903 -0.4832034905 0.2008123477
1403715535.5621430874 0.2719312414 0.1254089116 1.6617316892 -0.3056476449 0.7903514036 -0.4893611867 0.2060335043
1403715535.6121432781 0.2718036823 0.0547828227 1.6520410278 -0.3030181123 0.7850857172 -0.4974970702 0.2105162830
1403715535.6621429920 0.2710496881 -0.0153731001 1.6425757612 -0.3033708469 0.7806205456 -0.5031302621 0.2132079557
1403715535.7121431828 0.2706958301 -0.0855035341 1.6319007447 -0.3068342863 0.7761993056 -0.5071777009 0.2147979016
1403715535.7621431351 0.2704463571 -0.1589567398 1.6198516280 -0.3125516356 0.7718112821 -0.5093917923 0.2171147664
1403715535.8121430874 0.2716550270 -0.2295995992 1.6070759901 -0.3211880640 0.7661374941 -0.5124822163 0.2173327995
1403715535.8621430397 0.2719568145 -0.3028506871 1.5952788992 -0.3329663076 0.7603190483 -0.5140763612 0.2162726930
1403715535.9121432304 0.2728651986 -0.3721057215 1.5825116755 -0.3445537503 0.7565233225 -0.5121695993 0.2159571189
1403715535.9621429443 0.2740677841 -0.4434454861 1.5699669487 -0.3565194916 0.7530189712 -0.5088529104 0.2166217825
1403715536.0121431351 0.2761977801 -0.5138827929 1.5591022165 -0.3665307797 0.7514581225 -0.5033170806 0.2182608395
1403715536.0621430874 0.2818658714 -0.5825192923 1.5470223895 -0.3759015719 0.7504416223 -0.4977755636 0.2185288725
1403715536.1121432781 0.2874363330 -0.6524387050 1.5353670719 -0.3837298101 0.7496631121 -0.4922324988 0.2201449937
1403715536.1621429920 0.2952665720 -0.7215183239 1.5247691709 -0.3909746632 0.7486895512 -0.4876019700 0.2210137720
1403715536.2121431828 0.3050496378 -0.7915168746 1.5146336499 -0.3987963221 0.7470439623 -0.4841842627 0.2201190851
1403715536.2621431351 0.3173201150 -0.8601437070 1.5041539395 -0.4058260954 0.7448453451 -0.4822696186 0.2189214636
1403715536.3121430874 0.3320602142 -0.9299703833 1.4956781258 -0.4123510594 0.7417605016 -0.4817075266 0.2184395129
1403715536.3621430397 0.3500282411 -0.9983774604 1.4879534252 -0.4183208815 0.7371241676 -0.4838652932 0.2180137144
1403715536.4121432304 0.3729091629 -1.0625366614 1.4797117007 -0.4240713753 0.7310346675 -0.4890725748 0.2157772002
1403715536.4621429443 0.3960749821 -1.1303712280 1.4735259080 -0.4296618242 0.7243540654 -0.4949163895 0.2139151051
1403715536.5121431351 0.4241861848 -1.1926118080 1.4680924566 -0.4337569546 0.7184178902 -0.5008163213 0.2119284120
1403715536.5621430874 0.4519848280 -1.2595562594 1.4660214165 -0.4371997151 0.7127521099 -0.5058742781 0.2119718229
1403715536.6121432781 0.4853140976 -1.3183050290 1.4611871464 -0.4386935890 0.7078962174 -0.5111984546 0.2123841342
1403715536.6621429920 0.5210520121 -1.3743025787 1.4585098561 -0.4393303257 0.7026762481 -0.5173760425 0.2134408250
1403715536.7121431828 0.5585159136 -1.4268101829 1.4550750204 -0.4381028309 0.6973607943 -0.5241523672 0.2168366391
1403715536.7621431351 0.6001089561 -1.4759041369 1.4561297425 -0.4357807558 0.6909483610 -0.5320790051 0.2226598923
1403715536.8121430874 0.6397376622 -1.5232494194 1.4569899031 -0.4348083403 0.6839141664 -0.5393261218 0.2287585071
1403715536.8621430397 0.6814508998 -1.5651182647 1.4569140867 -0.4351111826 0.6762584895 -0.5470212543 0.2326380485
1403715536.9121432304 0.7238469912 -1.6016277205 1.4578814981 -0.4357927386 0.6683542407 -0.5554736093 0.2341716620
1403715536.9621429443 0.7660988655 -1.6358126777 1.4591701944 -0.4375794615 0.6595357258 -0.5648755859 0.2333504099
1403715537.0121431351 0.8068926924 -1.6637340858 1.4608973214 -0.4385813942 0.6510630330 -0.5740622583 0.2328428898
1403715537.0621430874 0.8476042935 -1.6849342419 1.4641402755 -0.4372467233 0.6425967220 -0.5838788650 0.2344573026
1403715537.1121432781 0.8883836400 -1.7000054309 1.4678296573 -0.4350466624 0.6327957496 -0.5950854235 0.2370174667
1403715537.1621429920 0.9271340794 -1.7086997974 1.4739488486 -0.4315107385 0.6231926233 -0.6060619230 0.2410775441
1403715537.2121431828 0.9643765474 -1.7092798204 1.4809901726 -0.4269661381 0.6150007545 -0.6154978601 0.2462445393
1403715537.2621431351 0.9958619300 -1.7049445034 1.4888546807 -0.4218335102 0.6083322112 -0.6225952736 0.2536996962
1403715537.3121430874 1.0270410049 -1.6885670002 1.4980381134 -0.4135140200 0.6086898563 -0.6226094343 0.2661959924
1403715537.3621430397 1.0524979254 -1.6666346060 1.5082537472 -0.4063402690 0.6148023707 -0.6156867444 0.2789900778
1403715537.4121432304 1.0742176921 -1.6380555758 1.5179657992 -0.4014064473 0.6269244157 -0.6023926827 0.2880307222
1403715537.4621429443 1.0922244099 -1.6017971166 1.5262710437 -0.3975643676 0.6423497930 -0.5851482900 0.2948402886
1403715537.5121431351 1.1062649597 -1.5626076259 1.5414841150 -0.3963246658 0.6606144877 -0.5640933156 0.2971766969
1403715537.5621430874 1.1172659116 -1.5181176985 1.5509471867 -0.3962558202 0.6771124305 -0.5445739718 0.2965455626
1403715537.6121432781 1.1271255051 -1.4686436745 1.5597372162 -0.3953996117 0.6913751760 -0.5279581722 0.2948214401
1403715537.6621429920 1.1322293891 -1.4251496429 1.5690888373 -0.3951056028 0.7010842432 -0.5158695177 0.2936853542
1403715537.7121431828 1.1346058629 -1.3804675484 1.5803981363 -0.3916529991 0.7046491747 -0.5123111683 0.2959978644
1403715537.7621431351 1.1377460203 -1.3359964816 1.5936812740 -0.3877114666 0.7039550144 -0.5146623460 0.2987470938
1403715537.8121430874 1.1383154924 -1.2920299455 1.6092712572 -0.3826513638 0.7008329779 -0.5197827175 0.3037054453
1403715537.8621430397 1.1367219046 -1.2478402046 1.6206615756 -0.3795558058 0.6968420598 -0.5261566871 0.3057902460
1403715537.9121432304 1.1335790672 -1.2030561741 1.6323414026 -0.3770261207 0.6947384662 -0.5294729777 0.3079742420
1403715537.9621429443 1.1278072291 -1.1590144355 1.6451197025 -0.3778711643 0.6955785385 -0.5289005197 0.3060198038
1403715538.0121431351 1.1222170747 -1.1127341601 1.6609682997 -0.3782541583 0.7000225058 -0.5234628526 0.3047604387
1403715538.0621430874 1.1092788718 -1.0702488756 1.6730052961 -0.3784307354 0.7037402102 -0.5190986595 0.3034410598
1403715538.1121432781 1.0982081498 -1.0242650306 1.6847275394 -0.3765154194 0.7092772183 -0.5136177075 0.3022562108
1403715538.1621429920 1.0811491575 -0.9815503578 1.6936179081 -0.3739214949 0.7147898404 -0.5087688016 0.3006867244
1403715538.2121431828 1.0615178536 -0.9405534230 1.7006759720 -0.3704624058 0.7200662931 -0.5055933711 0.2977204773
1403715538.2621431351 1.0463782243 -0.8957419958 1.7043262372 -0.3657290307 0.7247944999 -0.5052341517 0.2926664671
1403715538.3121430874 1.0258172401 -0.8566654295 1.7057984486 -0.3598028111 0.7280039680 -0.5069906493 0.2889855380
1403715538.3621430397 1.0055696317 -0.8169293858 1.7040842522 -0.3529524461 0.7303139383 -0.5110907356 0.2843455333
1403715538.4121432304 0.9826950397 -0.7750902540 1.6981331866 -0.3447007231 0.7289718246 -0.5211717434 0.2795737903
1403715538.4621429443 0.9568870317 -0.7399564359 1.6930449655 -0.3383548679 0.7258828877 -0.5333269226 0.2723461222
1403715538.5121431351 0.9282751848 -0.7036710898 1.6889948855 -0.3309769645 0.7225292897 -0.5459487680 0.2652274820
1403715538.5621430874 0.9014976193 -0.6660687596 1.6847449703 -0.3237759843 0.7206150218 -0.5573151678 0.2555051978
1403715538.6121432781 0.8708552131 -0.6283385812 1.6818031337 -0.3155593536 0.7208506992 -0.5654906716 0.2470159189
1403715538.6621429920 0.8392382098 -0.5869523896 1.6794574970 -0.3068608698 0.7238259199 -0.5704760180 0.2376332410
1403715538.7121431828 0.8023683441 -0.5462287377 1.6750626034 -0.2973782880 0.7288360927 -0.5730901543 0.2278854514
1403715538.7621431351 0.7663801781 -0.5050272799 1.6711703544 -0.2879120484 0.7370650446 -0.5719116504 0.2162379166
1403715538.8121430874 0.7282888714 -0.4611750233 1.6659093945 -0.2776879407 0.7473616335 -0.5683329202 0.2033167189
1403715538.8621430397 0.6888728383 -0.4174254204 1.6621153372 -0.2665598542 0.7569761090 -0.5658055584 0.1892011749
1403715538.9121432304 0.6472987016 -0.3732741606 1.6559919866 -0.2541855212 0.7659187763 -0.5638582566 0.1755619986
1403715538.9621429443 0.6073701082 -0.3278104560 1.6464263191 -0.2396929971 0.7735971162 -0.5639149118 0.1615386681
1403715539.0121431351 0.5624745030 -0.2832944970 1.6363250557 -0.2240932245 0.7800167586 -0.5652423098 0.1478418555
1403715539.0621430874 0.5214834995 -0.2377363541 1.6243062754 -0.2071043828 0.7863430048 -0.5663522054 0.1342297766
1403715539.1121432781 0.4796263586 -0.1921428003 1.6083164383 -0.1893985651 0.7919904748 -0.5677920273 0.1203805843
1403715539.1621429920 0.4364758248 -0.1451011874 1.5866887367 -0.1705407563 0.7964336169 -0.5701940569 0.1071824699
1403715539.2121431828 0.3955754309 -0.0989420940 1.5645286829 -0.1516618219 0.8010387961 -0.5713317120 0.0944225273
1403715539.2621431351 0.3530064220 -0.0516668961 1.5357545046 -0.1339617321 0.8056023584 -0.5713745016 0.0811804984
1403715539.3121430874 0.3126671036 -0.0040104868 1.5080104353 -0.1171255917 0.8109845895 -0.5692423461 0.0674443675
1403715539.3621430397 0.2696282194 0.0417680050 1.4779556262 -0.1014357158 0.8160364247 -0.5663382005 0.0552846427
1403715539.4121432304 0.2294888982 0.0891693540 1.4465198013 -0.0870341350 0.8199725353 -0.5640965850 0.0431873069
1403715539.4621429443 0.1889085507 0.1377610297 1.4169692132 -0.0738278182 0.8214771255 -0.5644905544 0.0327902372
1403715539.5121431351 0.1495962166 0.1823419878 1.3927580323 -0.0623866666 0.8238016271 -0.5628427684 0.0258224907
1403715539.5621430874 0.1138393981 0.2273029698 1.3715945319 -0.0494773166 0.8263298852 -0.5605123414 0.0235972706
1403715539.6121432781 0.0786924907 0.2715046540 1.3562578700 -0.0376865209 0.8275084594 -0.5597054132 0.0232233961
1403715539.6621429920 0.0419400784 0.3142099344 1.3457423223 -0.0280540271 0.8276312407 -0.5600658084 0.0237863668
1403715539.7121431828 0.0078696807 0.3558726095 1.3379484694 -0.0200540971 0.8260478677 -0.5627404289 0.0237899797
1403715539.7621431351 -0.0258418038 0.3971673100 1.3341405814 -0.0152213980 0.8248580539 -0.5646904966 0.0224085466
1403715539.8121430874 -0.0627332949 0.4365385467 1.3373714433 -0.0129381559 0.8236603315 -0.5665338363 0.0213465396
1403715539.8621430397 -0.0983366716 0.4759014716 1.3417019971 -0.0133503063 0.8244195354 -0.5654821771 0.0195986310
1403715539.9121432304 -0.1325835375 0.5141771515 1.3494406568 -0.0147426457 0.8278482853 -0.5604204189 0.0194634265
1403715539.9621429443 -0.1678688398 0.5512360059 1.3593575660 -0.0145552071 0.8310291636 -0.5555623849 0.0230024267
1403715540.0121431351 -0.2063341801 0.5858379188 1.3744556588 -0.0161603767 0.8364421621 -0.5472394040 0.0251472957
1403715540.0621430874 -0.2441011044 0.6193837047 1.3916581242 -0.0152506254 0.8421693801 -0.5381548724 0.0301245238
1403715540.1121432781 -0.2815741018 0.6499758460 1.4086744884 -0.0143834315 0.8482450060 -0.5282272779 0.0353478371
1403715540.1621429920 -0.3194372591 0.6766208943 1.4271803401 -0.0128429577 0.8519118915 -0.5218546582 0.0418198901
1403715540.2121431828 -0.3596874027 0.6998124962 1.4458029757 -0.0120927537 0.8545642194 -0.5171664563 0.0459632109
1403715540.2621431351 -0.4016637448 0.7180598414 1.4642049971 -0.0123966810 0.8539063708 -0.5180409047 0.0482063602
1403715540.3121430874 -0.4439193081 0.7338271753 1.4828904934 -0.0155459748 0.8527260335 -0.5200584035 0.0464315770
1403715540.3621430397 -0.4881392683 0.7451959309 1.4994426902 -0.0212539487 0.8513420250 -0.5225479526 0.0413359813
1403715540.4121432304 -0.5328261289 0.7541500741 1.5178990639 -0.0270957438 0.8510620948 -0.5231259570 0.0360328268
1403715540.4621429443 -0.5778718834 0.7595062109 1.5342750519 -0.0329694229 0.8509451601 -0.5233552595 0.0300769692
1403715540.5121431351 -0.6236124824 0.7635241671 1.5499326945 -0.0389826259 0.8535056205 -0.5191237767 0.0227819022
1403715540.5621430874 -0.6657865842 0.7650851907 1.5674256880 -0.0414831284 0.8567209825 -0.5138037407 0.0177207277
1403715540.6121432781 -0.7105463483 0.7621505739 1.5807794848 -0.0436383479 0.8597699127 -0.5086442649 0.0131302543
1403715540.6621429920 -0.7549251490 0.7552731824 1.5929295939 -0.0419472236 0.8628474957 -0.5035458360 0.0132748086
1403715540.7121431828 -0.7990331352 0.7436021812 1.6053348494 -0.0358460305 0.8650878238 -0.5000083336 0.0181600003
1403715540.7621431351 -0.8422298914 0.7291303161 1.6179305725 -0.0296881780 0.8664164873 -0.4979218912 0.0226908092
1403715540.8121430874 -0.8847969410 0.7095935957 1.6301439398 -0.0243539930 0.8646688548 -0.5010739115 0.0260689419
1403715540.8621430397 -0.9279742309 0.6862810490 1.6418904856 -0.0211844644 0.8621275802 -0.5055057530 0.0274078020
1403715540.9121432304 -0.9714119662 0.6595823214 1.6525419436 -0.0182024128 0.8590292301 -0.5107935862 0.0287639739
1403715540.9621429443 -1.0166088059 0.6292834036 1.6616563888 -0.0177901956 0.8553461633 -0.5170102864 0.0276913982
1403715541.0121431351 -1.0606459694 0.5956194775 1.6731257057 -0.0187093236 0.8523313570 -0.5220626538 0.0251357230
1403715541.0621430874 -1.1054190316 0.5596793368 1.6808249338 -0.0200919199 0.8497281311 -0.5263361166 0.0229937029
1403715541.1121432781 -1.1501606997 0.5222544851 1.6890513868 -0.0221376723 0.8487233470 -0.5279893533 0.0201456317
1403715541.1621429920 -1.1961650957 0.4819492831 1.6980705438 -0.0211656305 0.8477497789 -0.5295182954 0.0219705084
1403715541.2121431828 -1.2406870024 0.4386884566 1.7074503798 -0.0161509727 0.8452640307 -0.5333020961 0.0292700989
1403715541.2621431351 -1.2867341264 0.3955425422 1.7140346404 -0.0104057410 0.8410273682 -0.5396305180 0.0369268270
1403715541.3121430874 -1.3350833030 0.3474170800 1.7243460158 -0.0063227972 0.8367797134 -0.5460268815 0.0401793250
1403715541.3621430397 -1.3847290937 0.2997606983 1.7310835278 -0.0068349264 0.8333098345 -0.5515398558 0.0367667114
1403715541.4121432304 -1.4311283238 0.2534550334 1.7374839788 -0.0084255865 0.8314492653 -0.5546287994 0.0317493883
1403715541.4621429443 -1.4836165956 0.2024328303 1.7399136175 -0.0118307964 0.8335521232 -0.5517506530 0.0249420736
1403715541.5121431351 -1.5363876367 0.1529053712 1.7435578098 -0.0147802581 0.8373735302 -0.5460763084 0.0196921373
1403715541.5621430874 -1.5896402392 0.0998133702 1.7471906454 -0.0177986829 0.8420154094 -0.5389713104 0.0142542559
1403715541.6121432781 -1.6383688119 0.0503578116 1.7497850718 -0.0190933726 0.8458325224 -0.5329801269 0.0116177220
1403715541.6621429920 -1.6903381807 -0.0033206207 1.7523474119 -0.0229150467 0.8482936058 -0.5289935502 0.0062195496
1403715541.7121431828 -1.7405581331 -0.0598832539 1.7543243613 0.0279824346 -0.8492783257 0.5272026882 0.0007964727
1403715541.7621431351 -1.7885351664 -0.1172214320 1.7563294687 0.0358186030 -0.8468945923 0.5304355678 0.0111662753
1403715541.8121430874 -1.8361361600 -0.1774609564 1.7552749115 0.0442589151 -0.8434152885 0.5349706043 0.0223215603
1403715541.8621430397 -1.8817718429 -0.2396255861 1.7578811028 0.0525320656 -0.8381895595 0.5418703351 0.0324836026
1403715541.9121432304 -1.9244075638 -0.3026145578 1.7601547316 0.0609505361 -0.8338782687 0.5470352200 0.0410430660
1403715541.9621429443 -1.9628342085 -0.3657920703 1.7629574287 0.0694208178 -0.8302996366 0.5509282073 0.0475539057
1403715542.0121431351 -1.9951789878 -0.4309382254 1.7634188544 0.0783212461 -0.8275628851 0.5533892757 0.0525905228
1403715542.0621430874 -2.0231282584 -0.4941903445 1.7657369799 0.0879797557 -0.8228258723 0.5587466991 0.0549479090
1403715542.1121432781 -2.0478905654 -0.5574742819 1.7684450306 0.0959380359 -0.8175213917 0.5654573404 0.0520832365
1403715542.1621429920 -2.0665357794 -0.6184575689 1.7746717000 0.1046212480 -0.8118085866 0.5724024045 0.0487514153
1403715542.2121431828 -2.0815577294 -0.6838781225 1.7825234013 0.1126647247 -0.8051014233 0.5809235027 0.0405739082
1403715542.2621431351 -2.0893158474 -0.7430237982 1.7885940166 0.1198711282 -0.7986408177 0.5889410137 0.0308583757
1403715542.3121430874 -2.0952734522 -0.8009118143 1.7927600826 0.1249129352 -0.7932349443 0.5957643499 0.0154893851
1403715542.3621430397 -2.0978255450 -0.8564611151 1.8017624249 0.1310536314 -0.7882065754 0.6012946337 0.0003220737
1403715542.4121432304 -2.0956727903 -0.9076883361 1.8104363357 -0.1347529190 0.7832727460 -0.6065740892 0.0198325612
1403715542.4621429443 -2.0909888613 -0.9566360624 1.8178151813 -0.1376517495 0.7769855004 -0.6129444730 0.0405536813
1403715542.5121431351 -2.0858026406 -1.0028146739 1.8276797779 -0.1409256562 0.7719506402 -0.6170293695 0.0592193022
1403715542.5621430874 -2.0773826653 -1.0439717564 1.8334699614 -0.1449039151 0.7683526789 -0.6191619216 0.0726328504
1403715542.6121432781 -2.0706136488 -1.0824100433 1.8386604733 -0.1501241574 0.7693721667 -0.6154548633 0.0821250129
1403715542.6621429920 -2.0635085474 -1.1167211729 1.8427955727 -0.1558305956 0.7719387594 -0.6099201014 0.0884581661
1403715542.7121431828 -2.0569369771 -1.1488669785 1.8461899105 -0.1596088949 0.7733542445 -0.6061080646 0.0952954725
1403715542.7621431351 -2.0495342449 -1.1774598953 1.8500636692 -0.1643507589 0.7752701553 -0.6019002041 0.0982911930
1403715542.8121430874 -2.0446688774 -1.2047664549 1.8500461973 -0.1689133430 0.7776928023 -0.5971682335 0.1002611028
1403715542.8621430397 -2.0382227297 -1.2280615972 1.8498233803 -0.1716360316 0.7808904614 -0.5918356893 0.1023800609
1403715542.9121432304 -2.0328626276 -1.2503601468 1.8479454391 -0.1731196727 0.7832685926 -0.5876611841 0.1057081999
1403715542.9621429443 -2.0274079265 -1.2716786191 1.8439394931 -0.1720623373 0.7851599683 -0.5844685048 0.1109727132
1403715543.0121431351 -2.0220949833 -1.2914185645 1.8384688159 -0.1703088403 0.7860360279 -0.5827190205 0.1165367101
1403715543.0621430874 -2.0174012626 -1.3104794927 1.8333577931 -0.1683084338 0.7861857114 -0.5821605546 0.1211337565
1403715543.1121432781 -2.0125490680 -1.3276704050 1.8259444485 -0.1662198702 0.7863542575 -0.5818100730 0.1245591241
1403715543.1621429920 -2.0098808684 -1.3441153832 1.8179028269 -0.1647421804 0.7856482250 -0.5828822909 0.1259568001
1403715543.2121431828 -2.0091751546 -1.3593860879 1.8078827827 -0.1628064642 0.7841379079 -0.5851227143 0.1274880614
1403715543.2621431351 -2.0083857092 -1.3723998275 1.8002632941 -0.1598702523 0.7825757046 -0.5875670217 0.1295444478
1403715543.3121430874 -2.0093445065 -1.3856876463 1.7905043288 -0.1572662542 0.7816991711 -0.5890669660 0.1312015271
1403715543.3621430397 -2.0120483471 -1.3982688460 1.7838340270 -0.1568957691 0.7816871991 -0.5894091913 0.1301754415
1403715543.4121432304 -2.0146193764 -1.4073938531 1.7771911054 -0.1559596832 0.7811231845 -0.5907076313 0.1287930211
1403715543.4621429443 -2.0208173420 -1.4163217887 1.7705684157 -0.1577442917 0.7808205319 -0.5914799628 0.1248498659
1403715543.5121431351 -2.0267105946 -1.4225878335 1.7631906790 -0.1591692809 0.7802515797 -0.5927785243 0.1203587700
1403715543.5621430874 -2.0346167515 -1.4267497965 1.7547173843 -0.1598155616 0.7779578597 -0.5961889598 0.1174703321
1403715543.6121432781 -2.0416137791 -1.4290549134 1.7458287212 -0.1603077358 0.7745045868 -0.6010631330 0.1147483548
1403715543.6621429920 -2.0518896817 -1.4300023928 1.7383343442 -0.1622064179 0.7698698928 -0.6071930111 0.1109327423
1403715543.7121431828 -2.0616482709 -1.4278693982 1.7302597681 -0.1632091806 0.7660970045 -0.6127375242 0.1049326903
1403715543.7621431351 -2.0716375019 -1.4230845942 1.7213650303 -0.1640240063 0.7625197693 -0.6185643796 0.0950675292
1403715543.8121430874 -2.0839480384 -1.4166806244 1.7113238010 -0.1643094372 0.7599055809 -0.6233553892 0.0835103323
1403715543.8621430397 -2.0935774679 -1.4059176999 1.7012377181 -0.1623480160 0.7592097025 -0.6263030742 0.0706272506
1403715543.9121432304 -2.1057186524 -1.3926633074 1.6896850113 -0.1587676217 0.7595509475 -0.6281165430 0.0578343217
1403715543.9621429443 -2.1148116718 -1.3737628386 1.6735080098 -0.1527260507 0.7616131018 -0.6282366487 0.0440335091
1403715544.0121431351 -2.1227556884 -1.3516338806 1.6611101353 -0.1453793749 0.7648666106 -0.6268829106 0.0293550970
1403715544.0621430874 -2.1313620585 -1.3270029549 1.6477748039 -0.1354331860 0.7690085474 -0.6245270864 0.0157995088
1403715544.1121432781 -2.1356250317 -1.2986999349 1.6319187229 -0.1183473710 0.7753495022 -0.6202955461 0.0077771915
1403715544.1621429920 -2.1377037581 -1.2676262745 1.6139220860 -0.0982452325 0.7821438797 -0.6153036301 0.0005182191
1403715544.2121431828 -2.1416919248 -1.2357039277 1.5923676185 0.0765174486 -0.7881137731 0.6107204215 0.0065059586
1403715544.2621431351 -2.1428127323 -1.2022822948 1.5664607644 0.0532318837 -0.7929964151 0.6066999789 0.0154333356
1403715544.3121430874 -2.1410252302 -1.1665088514 1.5391241525 0.0282695008 -0.7974880850 0.6021593145 0.0248545681
1403715544.3621430397 -2.1393964589 -1.1303754330 1.5085070644 0.0028265560 -0.8012196904 0.5974027729 0.0338960957
1403715544.4121432304 -2.1414635993 -1.0926785629 1.4756404095 -0.0219596135 -0.8038229131 0.5930101682 0.0415384193
1403715544.4621429443 -2.1394472369 -1.0536151552 1.4387720068 -0.0455403166 -0.8041273082 0.5905093789 0.0510296501
1403715544.5121431351 -2.1383073664 -1.0133339570 1.4010545249 -0.0662545556 -0.8037927576 0.5880452736 0.0610761240
1403715544.5621430874 -2.1352015332 -0.9713185737 1.3682635788 -0.0849793104 -0.8031138146 0.5855095271 0.0704649644
1403715544.6121432781 -2.1306017982 -0.9280332477 1.3379227934 -0.1001344231 -0.8016854074 0.5839804927 0.0789961337
1403715544.6621429920 -2.1256630419 -0.8832641886 1.3096599472 -0.1116380947 -0.8001894287 0.5828772242 0.0865329737
1403715544.7121431828 -2.1201666298 -0.8411526329 1.2948913688 -0.1192230759 -0.7972307247 0.5841954977 0.0944703675
1403715544.7621431351 -2.1116305801 -0.7955884591 1.2824811589 -0.1242647809 -0.7931815327 0.5875560665 0.1009910346
1403715544.8121430874 -2.1045113258 -0.7481478117 1.2758330365 -0.1270992727 -0.7897256628 0.5907567695 0.1057619576
1403715544.8621430397 -2.0956254949 -0.6998492381 1.2765419730 -0.1283747026 -0.7872476711 0.5931101668 0.1094594453
1403715544.9121432304 -2.0834019907 -0.6487486634 1.2820498577 -0.1290190894 -0.7868485313 0.5931325649 0.1114325975
1403715544.9621429443 -2.0717942333 -0.5965486530 1.2918513060 -0.1299065135 -0.7887598391 0.5902659689 0.1121084291
1403715545.0121431351 -2.0592338629 -0.5423994810 1.3011531737 -0.1305211139 -0.7917889831 0.5858453790 0.1132238360
1403715545.0621430874 -2.0434618520 -0.4879150616 1.3126471533 -0.1328968646 -0.7939128917 0.5821029110 0.1148779559
1403715545.1121432781 -2.0299831412 -0.4338033604 1.3226676050 -0.1358943340 -0.7957932753 0.5783293624 0.1173922549
1403715545.1621429920 -2.0162555034 -0.3792581511 1.3300954473 -0.1400024620 -0.7971235517 0.5747331799 0.1211409340
1403715545.2121431828 -2.0023193854 -0.3241180077 1.3367168705 -0.1458386028 -0.7978006372 0.5715718380 0.1247031645
1403715545.2621431351 -1.9903260522 -0.2691108541 1.3375681571 -0.1518156459 -0.7985079412 0.5680511346 0.1290541981
1403715545.3121430874 -1.9751192124 -0.2144019554 1.3375306812 -0.1596231935 -0.7985976102 0.5648037617 0.1332629124
1403715545.3621430397 -1.9591534063 -0.1593549058 1.3352001669 -0.1681160581 -0.7977822663 0.5629459161 0.1355446132
1403715545.4121432304 -1.9434505374 -0.1048921758 1.3328385095 -0.1780762771 -0.7959103295 0.5629756241 0.1336938056
1403715545.4621429443 -1.9262419909 -0.0501686448 1.3297834550 -0.1883564507 -0.7939562638 0.5632668200 0.1299453279
1403715545.5121431351 -1.9108689254 0.0039433910 1.3292555855 -0.1981942820 -0.7919407625 0.5639295784 0.1246285918
1403715545.5621430874 -1.8954115628 0.0591584533 1.3301748704 -0.2070404161 -0.7900102593 0.5644448595 0.1200835411
1403715545.6121432781 -1.8818010371 0.1137835322 1.3339664624 -0.2147587955 -0.7882498881 0.5649994876 0.1153965019
1403715545.6621429920 -1.8695979298 0.1697269402 1.3382105941 -0.2199420443 -0.7869382098 0.5655387608 0.1118912916
1403715545.7121431828 -1.8569864145 0.2274610572 1.3415042839 -0.2221514376 -0.7862705177 0.5660604482 0.1095581154
1403715545.7621431351 -1.8485847675 0.2848861386 1.3443653336 -0.2213419875 -0.7869505083 0.5656373507 0.1084942835
1403715545.8121430874 -1.8426383962 0.3430529430 1.3465334444 -0.2172951165 -0.7884713433 0.5649942266 0.1089830127
1403715545.8621430397 -1.8373293913 0.4023418806 1.3488703645 -0.2109725765 -0.7898454383 0.5654594449 0.1090429815
1403715545.9121432304 -1.8335615992 0.4617334870 1.3501430335 -0.2010489076 -0.7924337138 0.5652394608 0.1101476193
1403715545.9621429443 -1.8318594907 0.5218054283 1.3524214769 -0.1880375529 -0.7951084812 0.5658319006 0.1108090342
1403715546.0121431351 -1.8270427034 0.5836257696 1.3542407936 -0.1732780012 -0.7984186823 0.5659852408 0.1102862149
1403715546.0621430874 -1.8268578113 0.6450631547 1.3583425502 -0.1566389604 -0.8014824958 0.5670845477 0.1072621126
1403715546.1121432781 -1.8249583485 0.7074122322 1.3607874240 -0.1389936662 -0.8045098054 0.5684280487 0.1016576963
1403715546.1621429920 -1.8230894462 0.7673562440 1.3655784864 -0.1213836421 -0.8074604180 0.5699253662 0.0919715270
1403715546.2121431828 -1.8218045217 0.8295622168 1.3699429100 -0.1019379056 -0.8100625526 0.5716403730 0.0814531044
1403715546.2621431351 -1.8193543746 0.8906071880 1.3754360095 -0.0828023956 -0.8127597117 0.5726102976 0.0684314356
1403715546.3121430874 -1.8160908098 0.9513679172 1.3809865377 -0.0634116517 -0.8150491227 0.5733349712 0.0544141607
1403715546.3621430397 -1.8137269026 1.0127383295 1.3877906301 -0.0432510001 -0.8165528910 0.5742383846 0.0402617041
1403715546.4121432304 -1.8125177011 1.0746927159 1.3942786944 -0.0233220350 -0.8185419658 0.5734287261 0.0249925804
1403715546.4621429443 -1.8105036230 1.1366050482 1.4019699780 -0.0029574288 -0.8194359335 0.5730788066 0.0098328977
1403715546.5121431351 -1.8073278815 1.1984702020 1.4105513970 -0.0176722027 0.8204545890 -0.5714176144 0.0048857482
1403715546.5621430874 -1.8056234903 1.2583112742 1.4202993377 -0.0384605248 0.8202713490 -0.5703269885 0.0200705808
1403715546.6121432781 -1.8025795781 1.3194191657 1.4283883140 -0.0608104458 0.8202487600 -0.5678114141 0.0329280929
1403715546.6621429920 -1.7996612518 1.3808511318 1.4370550202 -0.0836034760 0.8209465127 -0.5630335338 0.0452826891
1403715546.7121431828 -1.7973581123 1.4392172315 1.4427556329 -0.1069239927 0.8220129649 -0.5563832716 0.0574421477
1403715546.7621431351 -1.7943358023 1.4996905464 1.4488343372 -0.1303199866 0.8248036116 -0.5458556780 0.0689730534
1403715546.8121430874 -1.7912925662 1.5583617728 1.4539420505 -0.1520238260 0.8275797996 -0.5340949166 0.0821160871
1403715546.8621430397 -1.7874136743 1.6138401996 1.4600434884 -0.1719083462 0.8285080430 -0.5242311347 0.0959357105
1403715546.9121432304 -1.7827671124 1.6678363026 1.4672360835 -0.1907990871 0.8271598129 -0.5169160936 0.1104540828
1403715546.9621429443 -1.7783942956 1.7192567197 1.4736930495 -0.2137541275 0.8235681087 -0.5116113699 0.1195765426
1403715547.0121431351 -1.7718619237 1.7664208310 1.4782863521 -0.2366252128 0.8180959267 -0.5085329669 0.1269715914
1403715547.0621430874 -1.7647164454 1.8118735854 1.4843908524 -0.2585496047 0.8124880270 -0.5046470500 0.1354498539
1403715547.1121432781 -1.7565740975 1.8545008865 1.4894328806 -0.2788337415 0.8061564979 -0.5012101019 0.1454368565
1403715547.1621429920 -1.7463740670 1.8948962489 1.4951137483 -0.2992785836 0.7989605012 -0.4979454372 0.1553859340
1403715547.2121431828 -1.7333574225 1.9339075163 1.5010482426 -0.3189694162 0.7912714168 -0.4947071905 0.1655682702
1403715547.2621431351 -1.7189953743 1.9712331979 1.5067525173 -0.3382482543 0.7830252574 -0.4918923050 0.1746468583
1403715547.3121430874 -1.7013964361 2.0079134995 1.5131317348 -0.3568327536 0.7750798547 -0.4882645486 0.1830828648
1403715547.3621430397 -1.6812951231 2.0417358930 1.5182306816 -0.3733747117 0.7680081910 -0.4836719585 0.1918754277
1403715547.4121432304 -1.6586878355 2.0744615507 1.5229343098 -0.3883548522 0.7623317308 -0.4773395361 0.2004440278
1403715547.4621429443 -1.6332556575 2.1068803546 1.5276648741 -0.4030253713 0.7576003048 -0.4692463513 0.2083751187
1403715547.5121431351 -1.6045576422 2.1372158958 1.5309656284 -0.4169909422 0.7525759353 -0.4612773198 0.2167285169
1403715547.5621430874 -1.5728544653 2.1659406169 1.5330642603 -0.4320661365 0.7461843114 -0.4539575082 0.2246116822
1403715547.6121432781 -1.5379139921 2.1947739235 1.5357815192 -0.4473282307 0.7384812033 -0.4473957733 0.2331951725
1403715547.6621429920 -1.4989447660 2.2219143355 1.5379214785 -0.4628826223 0.7301788004 -0.4409759444 0.2410784393
1403715547.7121431828 -1.4583568396 2.2482689206 1.5408130002 -0.4784543173 0.7211897582 -0.4350082957 0.2484644472
1403715547.7621431351 -1.4128493351 2.2740110949 1.5437107643 -0.4933022267 0.7118436266 -0.4291627921 0.2564193095
1403715547.8121430874 -1.3635785643 2.2984165985 1.5462926918 -0.5072031835 0.7024758028 -0.4232554197 0.2648160246
1403715547.8621430397 -1.3100836277 2.3231620631 1.5497899813 -0.5199969623 0.6930927287 -0.4173012748 0.2740169242
1403715547.9121432304 -1.2531641328 2.3465992631 1.5526583222 -0.5313271037 0.6820022146 -0.4145217865 0.2841411212
1403715547.9621429443 -1.1918452568 2.3704746273 1.5561873716 -0.5400197523 0.6711399086 -0.4128084780 0.2958699896
1403715548.0121431351 -1.1275613222 2.3925762139 1.5599418557 -0.5447003877 0.6613680104 -0.4125307544 0.3093739146
1403715548.0621430874 -1.0601843347 2.4140377937 1.5637934307 -0.5482239798 0.6508375938 -0.4158151621 0.3208716961
1403715548.1121432781 -0.9907516357 2.4355747844 1.5660156297 -0.5502896862 0.6402951565 -0.4214068433 0.3310885776
1403715548.1621429920 -0.9195729457 2.4575346060 1.5681004780 -0.5516388212 0.6317755113 -0.4263195619 0.3388302605
1403715548.2121431828 -0.8468769633 2.4778961322 1.5702708813 -0.5526911979 0.6243853183 -0.4312923808 0.3444739414
1403715548.2621431351 -0.7754772316 2.4990846356 1.5705026412 -0.5532767986 0.6180672525 -0.4365120419 0.3483315846
1403715548.3121430874 -0.7030929483 2.5215932153 1.5706525565 -0.5532141638 0.6138803952 -0.4401790932 0.3512083645
1403715548.3621430397 -0.6305960498 2.5450972909 1.5674134153 -0.5532477003 0.6121062619 -0.4419986390 0.3519660629
1403715548.4121432304 -0.5575673643 2.5693917899 1.5604310445 -0.5533755175 0.6106539018 -0.4443301393 0.3513517840
1403715548.4621429443 -0.4855284116 2.5937413977 1.5504509278 -0.5526236429 0.6114480092 -0.4443345971 0.3511484119
1403715548.5121431351 -0.4143984839 2.6188771617 1.5381244450 -0.5513888935 0.6126302759 -0.4441792915 0.3512252700
1403715548.5621430874 -0.3426644682 2.6460359264 1.5274441962 -0.5486177250 0.6155508489 -0.4425554654 0.3525058925
1403715548.6121432781 -0.2703716729 2.6742166679 1.5158212985 -0.5460533448 0.6184615763 -0.4409545202 0.3533979832
1403715548.6621429920 -0.1985527896 2.7019255618 1.5045726734 -0.5434935907 0.6211479758 -0.4399446923 0.3538906282
1403715548.7121431828 -0.1272172458 2.7291130860 1.4921930964 -0.5406790152 0.6233092861 -0.4395657312 0.3548713913
1403715548.7621431351 -0.0571644299 2.7563904974 1.4784614152 -0.5379948590 0.6247539099 -0.4399479978 0.3559351669
1403715548.8121430874 0.0138372996 2.7856419394 1.4684118090 -0.5359571439 0.6270938113 -0.4394507221 0.3555085858
1403715548.8621430397 0.0843572070 2.8140456876 1.4571259601 -0.5338822343 0.6282560528 -0.4404006709 0.3554030683
1403715548.9121432304 0.1545803064 2.8424899858 1.4472307284 -0.5315132203 0.6295800744 -0.4408568964 0.3560446931
1403715548.9621429443 0.2254438151 2.8744577888 1.4352167538 -0.5306654565 0.6293789916 -0.4414233494 0.3569617413
1403715549.0121431351 0.2967322800 2.9041577623 1.4276893120 -0.5313817728 0.6281307194 -0.4410082862 0.3586041026
1403715549.0621430874 0.3661104993 2.9349244908 1.4175151723 -0.5329759385 0.6249236959 -0.4410160699 0.3618174255
1403715549.1121432781 0.4349547693 2.9663498535 1.4086787382 -0.5338276360 0.6202500759 -0.4417483906 0.3676632395
1403715549.1621429920 0.5032589698 2.9973287109 1.4011567589 -0.5344344314 0.6139861965 -0.4445739999 0.3738378629
1403715549.2121431828 0.5680016970 3.0244930341 1.3935709621 -0.5346736386 0.6075614452 -0.4475368607 0.3803997224
1403715549.2621431351 0.6356778868 3.0576466592 1.3861410656 -0.5338414690 0.6013321250 -0.4508292907 0.3875124670
1403715549.3121430874 0.6991508718 3.0885458291 1.3784993473 -0.5338663884 0.5958852591 -0.4535192417 0.3927183912
1403715549.3621430397 0.7620421429 3.1207929222 1.3725574068 -0.5316660540 0.5938738072 -0.4515337713 0.4009518194
1403715549.4121432304 0.8198267625 3.1506972060 1.3660404112 -0.5302734471 0.5942752686 -0.4466203091 0.4076484710
1403715549.4621429443 0.8783029520 3.1837820629 1.3619090704 -0.5292005561 0.5970408691 -0.4393285313 0.4128915277
1403715549.5121431351 0.9323293158 3.2128036461 1.3544866668 -0.5292032287 0.5996626101 -0.4321183476 0.4166802497
1403715549.5621430874 0.9838149786 3.2405067661 1.3480359011 -0.5308690304 0.6040972345 -0.4227331440 0.4177813936
1403715549.6121432781 1.0328700319 3.2678728269 1.3419705398 -0.5308616523 0.6096515234 -0.4140063192 0.4184611018
1403715549.6621429920 1.0822620051 3.2932909461 1.3341583523 -0.5295979741 0.6166080104 -0.4060962939 0.4176198600
1403715549.7121431828 1.1292880111 3.3163972067 1.3281277829 -0.5250079149 0.6232878931 -0.4019415997 0.4175186727
1403715549.7621431351 1.1766181578 3.3326820827 1.3236599282 -0.5190356199 0.6294246777 -0.4004144332 0.4172467880
1403715549.8121430874 1.2224051004 3.3471320772 1.3191682534 -0.5106778764 0.6352896078 -0.4025827017 0.4165841921
1403715549.8621430397 1.2651854096 3.3563271193 1.3127907884 -0.5012190975 0.6413542885 -0.4056579826 0.4157952550
1403715549.9121432304 1.3071968963 3.3632124646 1.3083816603 -0.4897469316 0.6500948528 -0.4068973029 0.4146796477
1403715549.9621429443 1.3476699548 3.3670545595 1.3060554204 -0.4765792317 0.6598604068 -0.4079774521 0.4135346153
1403715550.0121431351 1.3893012296 3.3667522146 1.3043511764 -0.4620849471 0.6716172477 -0.4087480291 0.4102838321
1403715550.0621430874 1.4284496131 3.3624644826 1.3028846346 -0.4488464494 0.6837876844 -0.4103263087 0.4032413518
1403715550.1121432781 1.4638706539 3.3524356801 1.2975070736 -0.4369853665 0.6939875092 -0.4160429715 0.3928528635
1403715550.1621429920 1.4985140089 3.3378348263 1.2977678263 -0.4275968040 0.7031580075 -0.4233284420 0.3788440575
1403715550.2121431828 1.5302055677 3.3170352081 1.2990788574 -0.4177848244 0.7110662647 -0.4317695284 0.3652611149
1403715550.2621431351 1.5586686599 3.2931774263 1.3027294817 -0.4086826142 0.7185553491 -0.4393610245 0.3515943988
1403715550.3121430874 1.5901092836 3.2637700113 1.3150663313 -0.3992162767 0.7266599272 -0.4461828326 0.3369163018
1403715550.3621430397 1.6186815348 3.2321030169 1.3278643832 -0.3885818092 0.7329148001 -0.4547462912 0.3241078278
1403715550.4121432304 1.6439989512 3.1944966706 1.3454519456 -0.3785367721 0.7381391828 -0.4640274659 0.3107072093
1403715550.4621429443 1.6681029723 3.1568686552 1.3603027713 -0.3674823987 0.7426725420 -0.4744921892 0.2970712783
1403715550.5121431351 1.6915760514 3.1148668472 1.3776388231 -0.3557530152 0.7475209001 -0.4836924560 0.2840667247
1403715550.5621430874 1.7141683155 3.0735646354 1.3931431573 -0.3433413420 0.7531020619 -0.4910884180 0.2716361040
1403715550.6121432781 1.7373144439 3.0297342105 1.4072738001 -0.3282249702 0.7596357805 -0.4970681177 0.2610462339
1403715550.6621429920 1.7595837024 2.9851449834 1.4186436831 -0.3116073194 0.7663922840 -0.5017323671 0.2526032014
1403715550.7121431828 1.7799391325 2.9383658397 1.4268443709 -0.2938643381 0.7732511751 -0.5058134451 0.2447021248
1403715550.7621431351 1.7990767288 2.8923820729 1.4305340087 -0.2754186452 0.7799727284 -0.5084402685 0.2393232254
1403715550.8121430874 1.8166818968 2.8444194343 1.4315118161 -0.2557601510 0.7867708667 -0.5103559445 0.2347661781
1403715550.8621430397 1.8347738114 2.7941636267 1.4306810688 -0.2360666766 0.7934702163 -0.5120698082 0.2290459595
1403715550.9121432304 1.8479222550 2.7447115580 1.4259730075 -0.2171584851 0.7993637658 -0.5134545194 0.2241076054
1403715550.9621429443 1.8594988907 2.6907319517 1.4194581284 -0.1987418185 0.8044033868 -0.5158849217 0.2174847776
1403715551.0121431351 1.8693024098 2.6340736317 1.4118413072 -0.1816277375 0.8089599901 -0.5188255463 0.2083630293
1403715551.0621430874 1.8747747193 2.5773669684 1.4068324614 -0.1678467147 0.8118025696 -0.5239449993 0.1956673351
1403715551.1121432781 1.8774730199 2.5171090446 1.4044193645 -0.1537233106 0.8140818263 -0.5294372246 0.1825818971
1403715551.1621429920 1.8766088955 2.4517321776 1.4074055929 -0.1392131969 0.8163385172 -0.5344516483 0.1690341587
1403715551.2121431828 1.8725303174 2.3907728921 1.4126260367 -0.1237133047 0.8185244186 -0.5379409842 0.1591612135
1403715551.2621431351 1.8652183585 2.3256004331 1.4208983869 -0.1060625710 0.8198008811 -0.5423053844 0.1502734723
1403715551.3121430874 1.8528461614 2.2570110737 1.4315776702 -0.0870547973 0.8219549012 -0.5443588002 0.1431261652
1403715551.3621430397 1.8380520902 2.1883601159 1.4423462170 -0.0681264491 0.8238187573 -0.5462827103 0.1351171436
1403715551.4121432304 1.8200706262 2.1180077685 1.4551816440 -0.0491399647 0.8251598575 -0.5483081148 0.1267070821
1403715551.4621429443 1.7972847091 2.0473547281 1.4651352359 -0.0309037890 0.8250797949 -0.5518954504 0.1170457164
1403715551.5121431351 1.7715250912 1.9753101548 1.4785898135 -0.0140674923 0.8251391850 -0.5547889082 0.1056252734
1403715551.5621430874 1.7413693903 1.9032330483 1.4889267978 0.0013331335 0.8235567746 -0.5597954305 0.0915507388
1403715551.6121432781 1.7098778972 1.8347287588 1.4997269327 0.0139969457 0.8220014847 -0.5642966908 0.0754114674
1403715551.6621429920 1.6703378116 1.7594315280 1.5098577479 0.0266514415 0.8178573884 -0.5720261623 0.0564363586
1403715551.7121431828 1.6290497598 1.6890343525 1.5203696053 0.0391927141 0.8126989554 -0.5800787287 0.0386394553
1403715551.7621431351 1.5825101974 1.6174508434 1.5307309725 0.0526324131 0.8078728669 -0.5865959465 0.0218278618
1403715551.8121430874 1.5358411416 1.5519392461 1.5396465506 0.0670212710 0.8017675513 -0.5938086919 0.0082571412
1403715551.8621430397 1.4888887017 1.4873902295 1.5487597172 -0.0826271283 -0.7949382206 0.6010182120 0.0048054070
1403715551.9121432304 1.4379452079 1.4283151896 1.5594005482 -0.0981430428 -0.7868242105 0.6091247678 0.0155763340
1403715551.9621429443 1.3834736749 1.3677273591 1.5692173813 -0.1126471903 -0.7795786336 0.6153397702 0.0304094024
1403715552.0121431351 1.3292066799 1.3129332101 1.5778759180 -0.1244814616 -0.7742772483 0.6186542328 0.0476030320
1403715552.0621430874 1.2736491323 1.2629712093 1.5856454674 -0.1344988887 -0.7721674121 0.6173743734 0.0672043131
1403715552.1121432781 1.2216181433 1.2180542762 1.5946641406 -0.1466930751 -0.7703572885 0.6150629517 0.0820265514
1403715552.1621429920 1.1688041588 1.1762121497 1.6014243731 -0.1586411205 -0.7690838259 0.6114018215 0.0976262072
1403715552.2121431828 1.1160469257 1.1365218293 1.6081991801 -0.1709220195 -0.7647969073 0.6108628103 0.1127740251
1403715552.2621431351 1.0625700076 1.1017045730 1.6164221402 -0.1820554108 -0.7590748543 0.6113982724 0.1298204357
1403715552.3121430874 1.0092420844 1.0712204252 1.6224947103 -0.1944467017 -0.7515050917 0.6134570577 0.1452618868
1403715552.3621430397 0.9597379262 1.0445907225 1.6298577489 -0.2077252290 -0.7450597101 0.6131058560 0.1607403715
1403715552.4121432304 0.9091664855 1.0216968115 1.6358123333 -0.2220246922 -0.7394693900 0.6106936143 0.1759072675
1403715552.4621429443 0.8608333942 1.0037538880 1.6421181912 -0.2371766956 -0.7334463041 0.6078909939 0.1904528120
1403715552.5121431351 0.8143880421 0.9887997809 1.6493428476 -0.2540105164 -0.7262566604 0.6055317068 0.2033747104
1403715552.5621430874 0.7712319718 0.9775163527 1.6557896088 -0.2721227465 -0.7181792125 0.6032066457 0.2151965893
1403715552.6121432781 0.7315366210 0.9701993221 1.6600089111 -0.2910682221 -0.7082539764 0.6018296263 0.2268406843
1403715552.6621429920 0.6902754033 0.9680222348 1.6676556188 -0.3112717685 -0.6987021593 0.5993319202 0.2360644575
1403715552.7121431828 0.6555759617 0.9688066458 1.6745657510 -0.3324988203 -0.6894123657 0.5947135759 0.2459082903
1403715552.7621431351 0.6232667300 0.9707758362 1.6768891290 -0.3544404398 -0.6801826602 0.5884516405 0.2558284389
1403715552.8121430874 0.5938522517 0.9793682735 1.6817596441 -0.3759388753 -0.6707922266 0.5813393306 0.2659931079
1403715552.8621430397 0.5658056963 0.9932290180 1.6833408085 -0.3978545839 -0.6614540092 0.5727845888 0.2758770354
1403715552.9121432304 0.5398356418 1.0120341890 1.6871952738 -0.4205431756 -0.6518277369 0.5641122220 0.2829159590
1403715552.9621429443 0.5127205481 1.0353567721 1.6859334942 -0.4437161435 -0.6421940435 0.5550151710 0.2875081816
1403715553.0121431351 0.4890738147 1.0646635788 1.6850651837 -0.4666636591 -0.6312078460 0.5467113070 0.2913905133
1403715553.0621430874 0.4656476497 1.0966751761 1.6846569635 -0.4885032652 -0.6196096798 0.5384590084 0.2958214003
1403715553.1121432781 0.4431442665 1.1335529541 1.6801793729 -0.5078800359 -0.6079742588 0.5299187933 0.3026734911
1403715553.1621429920 0.4233390420 1.1762983449 1.6769806456 -0.5238715265 -0.5961193505 0.5213441764 0.3136886886
1403715553.2121431828 0.4058610093 1.2237260795 1.6764804511 -0.5379408963 -0.5832920447 0.5138327219 0.3261378798
1403715553.2621431351 0.3879095552 1.2745400556 1.6737682610 -0.5513715733 -0.5685382468 0.5088378338 0.3373984424
1403715553.3121430874 0.3720841941 1.3325154117 1.6706078604 -0.5622309326 -0.5535489557 0.5034960170 0.3520961416
1403715553.3621430397 0.3598938838 1.3910553859 1.6676661963 -0.5701615255 -0.5375470765 0.4983485523 0.3709551130
1403715553.4121432304 0.3500414291 1.4558513388 1.6635673922 -0.5765600077 -0.5226804579 0.4914988119 0.3909125405
1403715553.4621429443 0.3421534701 1.5272143995 1.6592438476 -0.5795469210 -0.5086142280 0.4828730184 0.4150549138
1403715553.5121431351 0.3384250598 1.5991255850 1.6535998316 -0.5833443569 -0.4942478728 0.4739604654 0.4367950077
1403715553.5621430874 0.3410665250 1.6718484794 1.6442863682 -0.5871114071 -0.4814553663 0.4634593920 0.4568438660
1403715553.6121432781 0.3463576130 1.7487067509 1.6326888595 -0.5918079377 -0.4710285143 0.4521740222 0.4726882240
1403715553.6621429920 0.3567230495 1.8207418880 1.6226074516 -0.5959685595 -0.4634396924 0.4398385090 0.4864023165
1403715553.7121431828 0.3738031533 1.8974257725 1.6126224563 -0.6020216974 -0.4593839350 0.4278795387 0.4934119745
1403715553.7621431351 0.3954252441 1.9739233776 1.6025559342 -0.6103736731 -0.4617085705 0.4114922548 0.4949174672
1403715553.8121430874 0.4230069092 2.0488951135 1.5924134114 -0.6200504418 -0.4670762323 0.3936761831 0.4923375933
1403715553.8621430397 0.4531538017 2.1234049020 1.5785680127 -0.6281478001 -0.4732304264 0.3772331598 0.4890587366
1403715553.9121432304 0.4830980521 2.1934338502 1.5688118373 -0.6347882428 -0.4795801858 0.3620090479 0.4857943818
1403715553.9621429443 0.5177102817 2.2652025288 1.5594567128 -0.6418747440 -0.4859737507 0.3493769582 0.4793350267
1403715554.0121431351 0.5517949584 2.3329011693 1.5510233852 -0.6504633704 -0.4917084054 0.3380535347 0.4699362249
1403715554.0621430874 0.5870350016 2.4044087486 1.5470913296 -0.6599093783 -0.4978064088 0.3286173900 0.4568577489
1403715554.1121432781 0.6217603823 2.4712099529 1.5393110182 -0.6689291823 -0.5037899886 0.3191293453 0.4437182183
1403715554.1621429920 0.6538143001 2.5376670022 1.5303209713 -0.6765967028 -0.5105224774 0.3088905565 0.4314745948
1403715554.2121431828 0.6807722670 2.6053900076 1.5225507023 -0.6826457264 -0.5153934082 0.3019414265 0.4209463410
1403715554.2621431351 0.7065530728 2.6733944911 1.5148641548 -0.6858155228 -0.5208801809 0.2951256326 0.4138136862
1403715554.3121430874 0.7271431459 2.7404856655 1.5070028702 -0.6866187993 -0.5270574001 0.2872488781 0.4101867910
1403715554.3621430397 0.7448207056 2.8074737233 1.4985370972 -0.6822508814 -0.5355734402 0.2780031115 0.4128063650
1403715554.4121432304 0.7573969417 2.8730618973 1.4870423219 -0.6707736095 -0.5465246724 0.2685676229 0.4233733331
1403715554.4621429443 0.7654634911 2.9380396113 1.4716250941 -0.6471426108 -0.5613117520 0.2577281683 0.4468912055
1403715554.5121431351 0.7702995657 3.0054364025 1.4556214571 -0.6187818085 -0.5767509131 0.2475506225 0.4724258112
1403715554.5621430874 0.7686037784 3.0643687893 1.4350436461 -0.5884023265 -0.5910610307 0.2347485055 0.4993222399
1403715554.6121432781 0.7646393469 3.1153786883 1.4147196764 -0.5590563014 -0.6019580395 0.2237361927 0.5244470294
1403715554.6621429920 0.7584971049 3.1605192026 1.3910695385 -0.5340583306 -0.6103185316 0.2136982501 0.5446338655
1403715554.7121431828 0.7501026206 3.1924438122 1.3667128039 -0.5145526596 -0.6155957205 0.2062933425 0.5601076025
1403715554.7621431351 0.7387301513 3.2132806250 1.3414109356 -0.4990996206 -0.6185701323 0.2012246302 0.5725200506
1403715554.8121430874 0.7267863876 3.2184600138 1.3187421985 -0.4856041996 -0.6194414863 0.1987973286 0.5839181693
1403715554.8621430397 0.7152808155 3.2039913265 1.2996859206 -0.4782070036 -0.6167540026 0.2030205767 0.5913672357
1403715554.9121432304 0.7017988177 3.1736201328 1.2851165581 -0.4767856439 -0.6117940820 0.2107031844 0.5949685867
1403715554.9621429443 0.6894542068 3.1227013175 1.2786082102 -0.4775640189 -0.6033135124 0.2235690988 0.5982994833
1403715555.0121431351 0.6786802346 3.0510716657 1.2801017465 -0.4918915781 -0.5913393849 0.2428096314 0.5911039588
1403715555.0621430874 0.6698435516 2.9662763910 1.2892762003 -0.5162863058 -0.5773620393 0.2663390471 0.5737290632
1403715555.1121432781 0.6644930973 2.8686355549 1.3038798099 -0.5460269567 -0.5611166420 0.2929863467 0.5487819943
1403715555.1621429920 0.6576694167 2.7649372152 1.3194962211 -0.5777080279 -0.5446928252 0.3179280563 0.5181552969
1403715555.2121431828 0.6535851764 2.6571828970 1.3419738489 -0.6070214299 -0.5284971230 0.3414220618 0.4854345994
1403715555.2621431351 0.6490330229 2.5496459112 1.3566365825 -0.6375508297 -0.5098486323 0.3666488726 0.4462644013
1403715555.3121430874 0.6435956048 2.4388029447 1.3647564397 -0.6626009198 -0.4908798014 0.3888238806 0.4108686305
1403715555.3621430397 0.6388272089 2.3344879596 1.3674480908 -0.6764434869 -0.4783890007 0.4021595304 0.3896612442
1403715555.4121432304 0.6361277885 2.2379053738 1.3717322593 -0.6834679955 -0.4700184715 0.4109482147 0.3782534869
1403715555.4621429443 0.6308039171 2.1479599519 1.3745758744 -0.6819755313 -0.4671377685 0.4136057506 0.3816044588
1403715555.5121431351 0.6272473811 2.0665237505 1.3802964156 -0.6775127583 -0.4675365886 0.4132608240 0.3893603628
1403715555.5621430874 0.6254915672 1.9923920716 1.3895014140 -0.6702697203 -0.4715503392 0.4095561599 0.4008023596
1403715555.6121432781 0.6233255666 1.9245282856 1.4012673844 -0.6636806604 -0.4758344526 0.4059533452 0.4102577681
1403715555.6621429920 0.6222818075 1.8618549859 1.4161635338 -0.6582082852 -0.4818105203 0.4003963965 0.4174963491
1403715555.7121431828 0.6220371760 1.8034841262 1.4329761537 -0.6548920210 -0.4877403153 0.3953242870 0.4206477549
1403715555.7621431351 0.6247922349 1.7483083533 1.4557003692 -0.6557852114 -0.4907332954 0.3950374137 0.4160192676
1403715555.8121430874 0.6258582216 1.6977881424 1.4802695744 -0.6585821437 -0.4920753596 0.3967216017 0.4083422230
1403715555.8621430397 0.6275174537 1.6525117554 1.5084091964 -0.6623671714 -0.4915945979 0.4002166334 0.3992882767
1403715555.9121432304 0.6297688482 1.6118687412 1.5405649472 -0.6639751714 -0.4920521185 0.4023077927 0.3939163927
1403715555.9621429443 0.6324607106 1.5757183048 1.5750297574 -0.6659832058 -0.4929167361 0.4036103189 0.3880698021
1403715556.0121431351 0.6352704905 1.5444825431 1.6087701905 -0.6697081836 -0.4919868282 0.4066421317 0.3795814621
1403715556.0621430874 0.6363518153 1.5187434962 1.6387708996 -0.6756109237 -0.4889274352 0.4114498006 0.3677076345
1403715556.1121432781 0.6375197880 1.4982185844 1.6657367431 -0.6787272364 -0.4865720678 0.4153165411 0.3606787103
1403715556.1621429920 0.6379596514 1.4836458018 1.6915139895 -0.6780410770 -0.4843205258 0.4188719981 0.3608880372
1403715556.2121431828 0.6379394202 1.4756595894 1.7163171879 -0.6757833118 -0.4818964786 0.4228885439 0.3636729009
1403715556.2621431351 0.6383139902 1.4736666626 1.7413353289 -0.6718005334 -0.4810110267 0.4254052290 0.3692462954
1403715556.3121430874 0.6389175934 1.4780474369 1.7656962285 -0.6673790604 -0.4819832913 0.4263994017 0.3748077464
1403715556.3621430397 0.6389865075 1.4881707432 1.7878375832 -0.6634926736 -0.4840942173 0.4265465143 0.3787985374
1403715556.4121432304 0.6409319774 1.5031369936 1.8106293578 -0.6594891334 -0.4871647563 0.4255128948 0.3829926364
1403715556.4621429443 0.6425786829 1.5229797032 1.8280715561 -0.6544104945 -0.4933899404 0.4207114195 0.3889925100
1403715556.5121431351 0.6444560484 1.5470006530 1.8418559436 -0.6476691516 -0.5039350611 0.4102968526 0.3977821227
1403715556.5621430874 0.6467008361 1.5750221673 1.8512168114 -0.6407957482 -0.5145107576 0.3995896152 0.4061866922
1403715556.6121432781 0.6495789355 1.6040235111 1.8574601092 -0.6349913629 -0.5234927036 0.3902617366 0.4128403266
1403715556.6621429920 0.6516494623 1.6356756303 1.8601978647 -0.6318367175 -0.5318425698 0.3815127357 0.4151793297
1403715556.7121431828 0.6532907826 1.6688566381 1.8606618962 -0.6306123835 -0.5393583045 0.3735419477 0.4145926367
1403715556.7621431351 0.6548914776 1.7017821232 1.8579898290 -0.6287881919 -0.5461250048 0.3662612543 0.4150007019
1403715556.8121430874 0.6546037921 1.7359794048 1.8509755184 -0.6237505583 -0.5515957098 0.3609021030 0.4200322441
1403715556.8621430397 0.6525885743 1.7699470629 1.8435176604 -0.6194750078 -0.5555381734 0.3570241268 0.4244547389
1403715556.9121432304 0.6496447610 1.8035441974 1.8358360776 -0.6144973136 -0.5594483423 0.3532979962 0.4296406984
1403715556.9621429443 0.6450301353 1.8366055435 1.8273996674 -0.6112297774 -0.5621799289 0.3504635673 0.4330440795
1403715557.0121431351 0.6405199190 1.8687682807 1.8213715630 -0.6129921965 -0.5642865681 0.3479790116 0.4298044249
1403715557.0621430874 0.6330714262 1.8988890547 1.8132045842 -0.6175289491 -0.5659253580 0.3455975204 0.4230234510
1403715557.1121432781 0.6252089100 1.9282799742 1.8073384584 -0.6235088905 -0.5673404975 0.3433730850 0.4140728774
1403715557.1621429920 0.6131584025 1.9571345099 1.8001433403 -0.6305360330 -0.5681227659 0.3410072724 0.4041965785
1403715557.2121431828 0.5989486047 1.9859518455 1.7946079786 -0.6365568387 -0.5688105640 0.3388694714 0.3954964155
1403715557.2621431351 0.5815871776 2.0146888544 1.7884762939 -0.6419105051 -0.5694584379 0.3363065798 0.3880281887
1403715557.3121430874 0.5602585873 2.0448014765 1.7826982386 -0.6451402486 -0.5698295671 0.3341829762 0.3839401809
1403715557.3621430397 0.5354009325 2.0738656497 1.7766371518 -0.6479536140 -0.5700430556 0.3321319155 0.3806513096
1403715557.4121432304 0.5065618799 2.1048749478 1.7711380352 -0.6485419311 -0.5685412567 0.3328681862 0.3812518506
1403715557.4621429443 0.4730561024 2.1360925629 1.7660866805 -0.6465744898 -0.5666791418 0.3346573866 0.3857727478
1403715557.5121431351 0.4367284241 2.1692074512 1.7613916657 -0.6415154490 -0.5640526594 0.3382836641 0.3947995550
1403715557.5621430874 0.3968590582 2.2024674306 1.7558217465 -0.6357020058 -0.5612995319 0.3416879736 0.4050618767
1403715557.6121432781 0.3555327106 2.2356313454 1.7496807131 -0.6297944615 -0.5596717136 0.3433540993 0.4150114116
1403715557.6621429920 0.3107699674 2.2681389187 1.7435468167 -0.6238797234 -0.5579028525 0.3450687472 0.4247894273
1403715557.7121431828 0.2650514214 2.3003868061 1.7371312182 -0.6186802076 -0.5564213647 0.3455373886 0.4338593996
1403715557.7621431351 0.2170332837 2.3298078103 1.7303166659 -0.6163661226 -0.5542132315 0.3467369564 0.4389920045
1403715557.8121430874 0.1687531889 2.3578063946 1.7267765458 -0.6173463322 -0.5511825678 0.3482648661 0.4402191115
1403715557.8621430397 0.1207896455 2.3863186591 1.7234287568 -0.6196122087 -0.5481774307 0.3492816790 0.4399824133
1403715557.9121432304 0.0717568977 2.4168315253 1.7259068320 -0.6225210374 -0.5456101500 0.3496357400 0.4387846529
1403715557.9621429443 0.0212447419 2.4421290521 1.7308816793 -0.6252092518 -0.5425913384 0.3498091469 0.4385676592
1403715558.0121431351 -0.0306711160 2.4666063120 1.7369822995 -0.6273889655 -0.5395289759 0.3503029800 0.4388386859
1403715558.0621430874 -0.0817088328 2.4922580091 1.7490031241 -0.6288351413 -0.5378999802 0.3494674485 0.4394342713
1403715558.1121432781 -0.1330256376 2.5162769357 1.7604644521 -0.6310710467 -0.5365400847 0.3482852262 0.4388296625
1403715558.1621429920 -0.1857156394 2.5402684341 1.7735526906 -0.6327673450 -0.5358739743 0.3466617943 0.4384862269
1403715558.2121431828 -0.2387282670 2.5634724375 1.7880354351 -0.6329867295 -0.5374581158 0.3421693455 0.4397575618
1403715558.2621431351 -0.2923690233 2.5836911696 1.8016603369 -0.6321691998 -0.5386106280 0.3384265526 0.4424117570
1403715558.3121430874 -0.3469941166 2.6069212209 1.8182046478 -0.6287429219 -0.5410902659 0.3335518690 0.4479361707
1403715558.3621430397 -0.4030310658 2.6275163060 1.8309450265 -0.6242242521 -0.5411118061 0.3322028851 0.4551739662
1403715558.4121432304 -0.4589188888 2.6473012097 1.8445704100 -0.6190278825 -0.5403275775 0.3331191899 0.4624739940
1403715558.4621429443 -0.5161533623 2.6684498518 1.8576783153 -0.6155361034 -0.5353499348 0.3408619310 0.4672567782
1403715558.5121431351 -0.5732513140 2.6840412133 1.8664294515 -0.6110865614 -0.5284749899 0.3507056851 0.4735957368
1403715558.5621430874 -0.6303158972 2.6965995495 1.8740851085 -0.6073860127 -0.5213440731 0.3605544713 0.4788351096
1403715558.6121432781 -0.6858944180 2.7098996988 1.8798715542 -0.6040285198 -0.5153187953 0.3686812059 0.4833945126
1403715558.6621429920 -0.7362632188 2.7250297051 1.8813550903 -0.6031266433 -0.5115183164 0.3743724217 0.4841823562
1403715558.7121431828 -0.7863068150 2.7366087196 1.8798620196 -0.6016906131 -0.5091439490 0.3785651464 0.4852105473
1403715558.7621431351 -0.8325460729 2.7488114455 1.8751751361 -0.5997736849 -0.5105926743 0.3805007988 0.4845469946
1403715558.8121430874 -0.8770245684 2.7586025360 1.8730843129 -0.5962464171 -0.5140963103 0.3817038762 0.4842492589
1403715558.8621430397 -0.9196939896 2.7672189876 1.8674105633 -0.5913682474 -0.5195650983 0.3826171322 0.4836732728
1403715558.9121432304 -0.9585727274 2.7713356101 1.8630540572 -0.5849682570 -0.5267197151 0.3822837029 0.4839810435
1403715558.9621429443 -0.9958677701 2.7768251779 1.8624244998 -0.5777122783 -0.5340955700 0.3837444530 0.4834569685
1403715559.0121431351 -1.0265351849 2.7763878855 1.8584111968 -0.5693952255 -0.5420864286 0.3843495056 0.4839492109
1403715559.0621430874 -1.0540249168 2.7799440418 1.8564237143 -0.5618370293 -0.5501909979 0.3874929822 0.4811218215
1403715559.1121432781 -1.0827986129 2.7772721961 1.8595007981 -0.5547181225 -0.5572244822 0.3926625856 0.4770794221
1403715559.1621429920 -1.1052819274 2.7745090105 1.8563265511 -0.5469122009 -0.5641550050 0.3988319562 0.4728099465
1403715559.2121431828 -1.1270031412 2.7711957843 1.8590117003 -0.5382808792 -0.5719603834 0.4046217048 0.4683975779
1403715559.2621431351 -1.1451246508 2.7650526889 1.8604995687 -0.5291546640 -0.5798893244 0.4099912986 0.4643606874
1403715559.3121430874 -1.1606537689 2.7530077925 1.8619078271 -0.5196248753 -0.5883808789 0.4144945672 0.4604260897
1403715559.3621430397 -1.1734699718 2.7382898322 1.8605496110 -0.5104376368 -0.5973238478 0.4177491755 0.4562272088
1403715559.4121432304 -1.1830799168 2.7250967666 1.8606873465 -0.5028860079 -0.6071801614 0.4202004987 0.4492988488
1403715559.4621429443 -1.1889103696 2.7110124845 1.8574535285 -0.4967196064 -0.6187483450 0.4189515427 0.4414744875
1403715559.5121431351 -1.1944762874 2.6965467986 1.8562624017 -0.4961445332 -0.6287725192 0.4182402810 0.4284399474
1403715559.5621430874 -1.1966880933 2.6784211619 1.8493769079 -0.4974983454 -0.6360308905 0.4197432574 0.4144583218
1403715559.6121432781 -1.2003650172 2.6594676765 1.8399456725 -0.4993184480 -0.6410757260 0.4224309758 0.4015657752
1403715559.6621429920 -1.2021228241 2.6392578269 1.8284655613 -0.4987736612 -0.6459741625 0.4238634844 0.3927874271
1403715559.7121431828 -1.2038433301 2.6183089053 1.8125788012 -0.4953502680 -0.6514735675 0.4240579386 0.3877952649
1403715559.7621431351 -1.2048376826 2.5979715011 1.7963022506 -0.4895609830 -0.6570221306 0.4248041234 0.3849589855
1403715559.8121430874 -1.2067173348 2.5738853855 1.7768101758 -0.4835141398 -0.6623540270 0.4261418464 0.3819742744
1403715559.8621430397 -1.2072306129 2.5450197422 1.7577018038 -0.4772735891 -0.6677137753 0.4277754427 0.3786507705
1403715559.9121432304 -1.2074774262 2.5193837129 1.7388987272 -0.4685621727 -0.6744613455 0.4290851643 0.3760815145
1403715559.9621429443 -1.2074580367 2.4882362159 1.7225546117 -0.4593010945 -0.6818294809 0.4296304819 0.3735889621
1403715560.0121431351 -1.2068982980 2.4577380883 1.7047367787 -0.4492403548 -0.6893092793 0.4306881216 0.3708686600
1403715560.0621430874 -1.2070953647 2.4235036361 1.6894244299 -0.4402748765 -0.6958755201 0.4334830988 0.3660706171
1403715560.1121432781 -1.2055831897 2.3905539864 1.6779828716 -0.4309262341 -0.7034981218 0.4350736321 0.3606991934
1403715560.1621429920 -1.2033556827 2.3515690264 1.6695240361 -0.4232057471 -0.7093638811 0.4394986398 0.3529032806
1403715560.2121431828 -1.1991931391 2.3071143498 1.6601003225 -0.4182937760 -0.7135319561 0.4457159503 0.3424029150
1403715560.2621431351 -1.1948395655 2.2621688605 1.6573446766 -0.4134249643 -0.7168764441 0.4534540857 0.3309793875
1403715560.3121430874 -1.1910887418 2.2161017612 1.6573681892 -0.4085475898 -0.7213229764 0.4590792410 0.3194186611
1403715560.3621430397 -1.1870000111 2.1670458563 1.6584266766 -0.4027439940 -0.7251083408 0.4652419206 0.3091360943
1403715560.4121432304 -1.1834843590 2.1173304918 1.6611422381 -0.3954805261 -0.7289744440 0.4711538092 0.3003423072
1403715560.4621429443 -1.1804550328 2.0681786180 1.6615675638 -0.3872616743 -0.7341634287 0.4747319612 0.2926807486
1403715560.5121431351 -1.1768568545 2.0171986817 1.6631881322 -0.3792852802 -0.7381961095 0.4792461672 0.2855385987
1403715560.5621430874 -1.1747184099 1.9644402566 1.6641576547 -0.3713743164 -0.7421055250 0.4838205194 0.2779895895
1403715560.6121432781 -1.1726710684 1.9120449847 1.6641020247 -0.3617401055 -0.7469355129 0.4873914016 0.2714425488
1403715560.6621429920 -1.1715475459 1.8610141219 1.6657198286 -0.3517535424 -0.7513271743 0.4918127130 0.2643807443
1403715560.7121431828 -1.1707331047 1.8084057781 1.6641379978 -0.3412628464 -0.7559568943 0.4958857230 0.2572279015
1403715560.7621431351 -1.1687097355 1.7545543699 1.6657851012 -0.3295153954 -0.7606392753 0.4995421195 0.2516051825
1403715560.8121430874 -1.1669368976 1.6995074047 1.6671958672 -0.3172730264 -0.7655147078 0.5027716939 0.2460603232
1403715560.8621430397 -1.1672048856 1.6462736262 1.6684569206 -0.3028307144 -0.7710972209 0.5050017194 0.2422310832
1403715560.9121432304 -1.1657269925 1.5915160887 1.6698265772 -0.2893101025 -0.7767777773 0.5069067990 0.2365617179
1403715560.9621429443 -1.1613628030 1.5330363740 1.6729013465 -0.2756537431 -0.7819453895 0.5092399900 0.2307618999
1403715561.0121431351 -1.1588964526 1.4744742166 1.6747956744 -0.2622498815 -0.7867453321 0.5124939810 0.2227256194
1403715561.0621430874 -1.1559605890 1.4145933407 1.6773381815 -0.2493937357 -0.7913700917 0.5157345809 0.2134337946
1403715561.1121432781 -1.1520904157 1.3548837607 1.6781174483 -0.2374981745 -0.7953718682 0.5196035037 0.2024608786
1403715561.1621429920 -1.1468625711 1.2926711486 1.6808099062 -0.2270326150 -0.7988807343 0.5234771742 0.1903087286
1403715561.2121431828 -1.1423371328 1.2296948671 1.6827219929 -0.2172768427 -0.8021014575 0.5267734364 0.1787002302
1403715561.2621431351 -1.1365620527 1.1679705156 1.6848112583 -0.2121695082 -0.8030318776 0.5319510589 0.1647785614
1403715561.3121430874 -1.1311673763 1.1046998729 1.6866012849 -0.2096156350 -0.8035604112 0.5365864381 0.1497562874
1403715561.3621430397 -1.1281481015 1.0403852309 1.6889956773 -0.2073794206 -0.8040925822 0.5404510614 0.1354309615
1403715561.4121432304 -1.1270618687 0.9790325376 1.6906467725 -0.2034343220 -0.8044484822 0.5443644491 0.1230628409
1403715561.4621429443 -1.1239424297 0.9161076389 1.6915423072 -0.1963907313 -0.8053823399 0.5471371413 0.1158918284
1403715561.5121431351 -1.1254564382 0.8536147058 1.6922682088 -0.1855914337 -0.8063515652 0.5500518416 0.1131191610
1403715561.5621430874 -1.1257581247 0.7919731650 1.6922479250 -0.1743848954 -0.8069345516 0.5531677666 0.1115883493
1403715561.6121432781 -1.1275960984 0.7309052928 1.6929987914 -0.1617968356 -0.8078283501 0.5556097917 0.1119504363
1403715561.6621429920 -1.1296474278 0.6706932152 1.6934151246 -0.1482253729 -0.8088342375 0.5576402179 0.1133746108
1403715561.7121431828 -1.1326105599 0.6105767225 1.6947288059 -0.1361813701 -0.8072367191 0.5632887631 0.1119342806
1403715561.7621431351 -1.1334574263 0.5502551781 1.6957854894 -0.1229946566 -0.8062044869 0.5679567967 0.1110482641
1403715561.8121430874 -1.1325956348 0.4909453911 1.6966929469 -0.1113965249 -0.8041283533 0.5740646092 0.1068561189
1403715561.8621430397 -1.1324883172 0.4333561754 1.6991495233 -0.0987961957 -0.8027827836 0.5790536067 0.1023525018
1403715561.9121432304 -1.1309389641 0.3776738337 1.7022118051 -0.0866111253 -0.8007024617 0.5850563586 0.0953054983
1403715561.9621429443 -1.1270707776 0.3213863826 1.7054139814 -0.0739900113 -0.7970865263 0.5925370462 0.0898799016
1403715562.0121431351 -1.1218117865 0.2678473112 1.7094834930 -0.0622571128 -0.7928303445 0.6004570232 0.0836388671
1403715562.0621430874 -1.1144492930 0.2172415646 1.7127635683 -0.0522724139 -0.7881139980 0.6083929021 0.0774725599
1403715562.1121432781 -1.1067481655 0.1688146725 1.7177429672 -0.0427351258 -0.7833153267 0.6157019843 0.0741746215
1403715562.1621429920 -1.0969629878 0.1238624623 1.7226743898 -0.0345160847 -0.7788974695 0.6220338337 0.0721199108
1403715562.2121431828 -1.0859439365 0.0813025447 1.7286320236 -0.0269813585 -0.7759533413 0.6261095065 0.0718004476
1403715562.2621431351 -1.0738385806 0.0428876208 1.7322655363 -0.0193318260 -0.7760040278 0.6260609126 0.0741064299
1403715562.3121430874 -1.0588756319 0.0079518414 1.7351505862 -0.0131271378 -0.7779055452 0.6234773684 0.0772438485
1403715562.3621430397 -1.0426158934 -0.0219664891 1.7379365042 -0.0074879325 -0.7825345070 0.6172483911 0.0811671107
1403715562.4121432304 -1.0227504833 -0.0496586410 1.7400276658 -0.0027547448 -0.7895360596 0.6077619903 0.0851503678
1403715562.4621429443 -0.9997542263 -0.0737456984 1.7414811541 0.0023839218 -0.7964030478 0.5981286060 0.0893234180
1403715562.5121431351 -0.9742963255 -0.0975396738 1.7447076989 0.0085144612 -0.8024219465 0.5895555913 0.0920365604
1403715562.5621430874 -0.9444310717 -0.1197046329 1.7477576556 0.0173025179 -0.8045944391 0.5859012060 0.0951219653
1403715562.6121432781 -0.9100091307 -0.1408453296 1.7509896183 0.0254558636 -0.8051565993 0.5849764288 0.0942201006
1403715562.6621429920 -0.8709835953 -0.1609168219 1.7549214201 0.0279172379 -0.8081627540 0.5821549869 0.0847889266
1403715562.7121431828 -0.8285811812 -0.1798780874 1.7606635663 0.0249691479 -0.8120535367 0.5789950630 0.0686317143
1403715562.7621431351 -0.7828627085 -0.1980535712 1.7651766119 0.0209392912 -0.8150897840 0.5765279538 0.0529689399
1403715562.8121430874 -0.7346772876 -0.2168849009 1.7707335786 0.0179069904 -0.8172799099 0.5746551773 0.0387855104
1403715562.8621430397 -0.6865215382 -0.2338630187 1.7726804421 0.0165386657 -0.8191809844 0.5727873762 0.0241580008
1403715562.9121432304 -0.6372844781 -0.2512167057 1.7765132615 0.0174126028 -0.8202922332 0.5715784489 0.0107484964
1403715562.9621429443 -0.5873097557 -0.2686568857 1.7793236279 -0.0211554284 0.8206691801 -0.5710115102 0.0006323466
1403715563.0121431351 -0.5364408617 -0.2844355983 1.7810801003 -0.0265544376 0.8204732107 -0.5709594754 0.0111287795
1403715563.0621430874 -0.4866514344 -0.3014523079 1.7840325589 -0.0346112452 0.8185298883 -0.5730619655 0.0202698633
1403715563.1121432781 -0.4360271900 -0.3158050439 1.7857870517 -0.0466865270 0.8149303884 -0.5770968859 0.0258459754
1403715563.1621429920 -0.3863184469 -0.3300913666 1.7882106642 -0.0589215132 0.8106363209 -0.5816691033 0.0325279077
1403715563.2121431828 -0.3349175022 -0.3456154162 1.7888993880 -0.0748196857 0.8044601538 -0.5878711371 0.0406620426
1403715563.2621431351 -0.2832913213 -0.3575655052 1.7908714693 -0.0903898286 0.7977946577 -0.5938927665 0.0514270846
1403715563.3121430874 -0.2304501212 -0.3675025888 1.7925146618 -0.1084374073 0.7914317791 -0.5982942849 0.0626180203
1403715563.3621430397 -0.1804758443 -0.3756322138 1.7957393659 -0.1269115900 0.7858445112 -0.6005444246 0.0754204655
1403715563.4121432304 -0.1287742538 -0.3803088684 1.7970239116 -0.1463376981 0.7803173555 -0.6014771762 0.0889680241
1403715563.4621429443 -0.0809108752 -0.3832334497 1.7966113313 -0.1669392574 0.7751476591 -0.6010994005 0.0997842756
1403715563.5121431351 -0.0312696040 -0.3837572448 1.7939050922 -0.1883765918 0.7695316035 -0.5999192572 0.1115000258
1403715563.5621430874 0.0187222373 -0.3806721693 1.7895071223 -0.2082752039 0.7632311383 -0.5993250355 0.1221031152
1403715563.6121432781 0.0655064044 -0.3769466310 1.7831283165 -0.2284268772 0.7567009346 -0.5981930953 0.1318706874
1403715563.6621429920 0.1096112838 -0.3723426955 1.7734316589 -0.2462819930 0.7496754779 -0.5976293033 0.1420249051
1403715563.7121431828 0.1547083030 -0.3643661965 1.7598106490 -0.2642051199 0.7417670952 -0.5976179655 0.1510959906
1403715563.7621431351 0.2001991781 -0.3518727456 1.7458427169 -0.2802971305 0.7337275528 -0.5975926842 0.1611222535
1403715563.8121430874 0.2443980250 -0.3380758715 1.7294951336 -0.2946509098 0.7262706587 -0.5960739361 0.1743778495
1403715563.8621430397 0.2911712234 -0.3194755608 1.7131435815 -0.3054132125 0.7201386844 -0.5923461753 0.1930001385
1403715563.9121432304 0.3337041088 -0.2987947937 1.6911780646 -0.3174562643 0.7145581442 -0.5868194941 0.2104068919
1403715563.9621429443 0.3763646564 -0.2732680683 1.6674640741 -0.3282841511 0.7095374887 -0.5796526732 0.2297582352
1403715564.0121431351 0.4187223791 -0.2443507000 1.6436906873 -0.3388298103 0.7065088167 -0.5690361263 0.2494745251
1403715564.0621430874 0.4544450274 -0.2150879014 1.6167681052 -0.3502985976 0.7028578182 -0.5571865958 0.2698608483
1403715564.1121432781 0.4905917444 -0.1834625360 1.5916307479 -0.3620814782 0.6982557665 -0.5460166977 0.2884469683
1403715564.1621429920 0.5231637385 -0.1484300775 1.5667921093 -0.3737657596 0.6919802854 -0.5365055648 0.3059807519
1403715564.2121431828 0.5524233132 -0.1137721269 1.5423837705 -0.3873234303 0.6860098668 -0.5252755058 0.3216468032
1403715564.2621431351 0.5792221784 -0.0792191495 1.5191407228 -0.4022330500 0.6782970393 -0.5154303485 0.3353405072
1403715564.3121430874 0.6011579294 -0.0458803512 1.4980571484 -0.4199678966 0.6682226238 -0.5070921643 0.3463567926
1403715564.3621430397 0.6199762379 -0.0114410851 1.4808735768 -0.4381078500 0.6573930468 -0.4978583139 0.3578169826
1403715564.4121432304 0.6354339772 0.0230864722 1.4648728025 -0.4591827305 0.6483915075 -0.4847777835 0.3656913640
1403715564.4621429443 0.6472904771 0.0559958470 1.4545575822 -0.4823569795 0.6392729426 -0.4699188098 0.3712656211
1403715564.5121431351 0.6567194941 0.0893970945 1.4470817588 -0.5042037146 0.6287377991 -0.4554497313 0.3781969546
1403715564.5621430874 0.6647550201 0.1205722502 1.4455412798 -0.5252419448 0.6172499951 -0.4426446310 0.3836522822
1403715564.6121432781 0.6715481694 0.1509132205 1.4485166293 -0.5453267453 0.6036921260 -0.4308262064 0.3905935710
1403715564.6621429920 0.6774301246 0.1828290537 1.4517961142 -0.5640830213 0.5885444337 -0.4210367896 0.3976855749
1403715564.7121431828 0.6833792007 0.2107124799 1.4611310056 -0.5820249301 0.5724229961 -0.4126043065 0.4041492057
1403715564.7621431351 0.6886346530 0.2414917706 1.4741901825 -0.5987176042 0.5560751174 -0.4038547730 0.4113623908
1403715564.8121430874 0.6934916810 0.2698782860 1.4902153766 -0.6143600014 0.5384327336 -0.3963344103 0.4190119512
1403715564.8621430397 0.6979767749 0.3015539088 1.5096714901 -0.6284793137 0.5216820640 -0.3883345182 0.4266824093
1403715564.9121432304 0.7025401448 0.3293881803 1.5325877633 -0.6406454304 0.5036816633 -0.3816751725 0.4361218607
1403715564.9621429443 0.7061321294 0.3628905262 1.5586089682 -0.6511303864 0.4860912531 -0.3767220720 0.4447752175
1403715565.0121431351 0.7077259316 0.3963240003 1.5886645371 -0.6620110770 0.4679335586 -0.3693990500 0.4542288636
1403715565.0621430874 0.7087922028 0.4308731203 1.6197860958 -0.6727410592 0.4506979072 -0.3611971730 0.4624148201
1403715565.1121432781 0.7079364845 0.4655289404 1.6523246837 -0.6824191849 0.4348041914 -0.3497726041 0.4721318636
1403715565.1621429920 0.7061895386 0.5011193560 1.6855070745 -0.6915483835 0.4202460403 -0.3359260272 0.4819831980
1403715565.2121431828 0.7038442076 0.5344760891 1.7153113324 -0.7004750522 0.4058769780 -0.3212949733 0.4912922960
1403715565.2621431351 0.6998415631 0.5696873713 1.7433675347 -0.7079143928 0.3920746524 -0.3074372294 0.5006166492
1403715565.3121430874 0.6924978889 0.6079508254 1.7655360606 -0.7126794509 0.3781404090 -0.2957425789 0.5115018655
1403715565.3621430397 0.6875685086 0.6417349938 1.7879472677 -0.7167827276 0.3629712895 -0.2853473009 0.5225430912
1403715565.4121432304 0.6805057912 0.6769765605 1.8084160800 -0.7197954522 0.3481578900 -0.2750722835 0.5338687381
1403715565.4621429443 0.6687111873 0.7114364095 1.8190325998 -0.7218806887 0.3333908876 -0.2645269178 0.5456778327
1403715565.5121431351 0.6576891567 0.7424114563 1.8309595387 -0.7253269970 0.3174479694 -0.2538660151 0.5555893992
1403715565.5621430874 0.6463210171 0.7727229645 1.8406788840 -0.7298608781 0.3004782488 -0.2432152716 0.5637927387
1403715565.6121432781 0.6350761564 0.8006730087 1.8529065985 -0.7352151291 0.2829376699 -0.2304993768 0.5712048899
1403715565.6621429920 0.6241182539 0.8255706766 1.8677632158 -0.7409918106 0.2649088698 -0.2159711898 0.5780232456
1403715565.7121431828 0.6072814884 0.8484048240 1.8794087050 -0.7472259043 0.2457892107 -0.2014074139 0.5836747087
1403715565.7621431351 0.5840731043 0.8713541829 1.8890667947 -0.7543304053 0.2252840038 -0.1869572660 0.5876050868
1403715565.8121430874 0.5655010118 0.8891530015 1.9015528338 -0.7628225661 0.2033605849 -0.1712826679 0.5894136517
1403715565.8621430397 0.5411200999 0.9066615138 1.9194100217 -0.7708723856 0.1822576338 -0.1523313122 0.5910440689
1403715565.9121432304 0.5144849987 0.9211426044 1.9333748696 -0.7774399404 0.1576788061 -0.1352200321 0.5936666371
1403715565.9621429443 0.4853197572 0.9350596577 1.9524935498 -0.7830306602 0.1331495471 -0.1171278778 0.5961671272
1403715566.0121431351 0.4599507888 0.9449513015 1.9674362445 -0.7867200461 0.1074115994 -0.0983159814 0.5998902277
1403715566.0621430874 0.4352620254 0.9498437804 1.9796106048 -0.7899529195 0.0826537199 -0.0788871409 0.6024280593
1403715566.1121432781 0.4088215811 0.9548110643 1.9958905934 -0.7930311117 0.0569542499 -0.0615359087 0.6033831297
1403715566.1621429920 0.3789675922 0.9577216332 2.0122520979 -0.7944058564 0.0315264516 -0.0441109308 0.6049625145
1403715566.2121431828 0.3515079293 0.9586975789 2.0270727234 -0.7953944529 0.0073863175 -0.0273725754 0.6054286487
1403715566.2621431351 0.3273583546 0.9555245912 2.0400729703 -0.7949581731 -0.0171355027 -0.0093401526 0.6063502611
1403715566.3121430874 0.2976369258 0.9517721210 2.0521064286 -0.7939164545 -0.0412218567 0.0082765270 0.6065714475
1403715566.3621430397 0.2697267825 0.9474005118 2.0656005278 -0.7927519159 -0.0647356884 0.0248413038 0.6055878137
1403715566.4121432304 0.2460071340 0.9393293650 2.0708316208 -0.7904617931 -0.0884992491 0.0408434510 0.6047064156
1403715566.4621429443 0.2172257798 0.9304230717 2.0821615017 -0.7875559410 -0.1104509375 0.0570312272 0.6035757362
1403715566.5121431351 0.1889125992 0.9190151194 2.0898885413 -0.7831772197 -0.1317152648 0.0723856982 0.6033612866
1403715566.5621430874 0.1641983887 0.9058855624 2.0905089361 -0.7783710558 -0.1517444257 0.0881388517 0.6027799528
1403715566.6121432781 0.1369943396 0.8904208675 2.0920969682 -0.7732767520 -0.1714515049 0.1026076787 0.6017633344
1403715566.6621429920 0.1135643668 0.8739834964 2.0879950639 -0.7676132380 -0.1917152935 0.1165649664 0.6003563705
1403715566.7121431828 0.0928698377 0.8571399962 2.0825952740 -0.7616126860 -0.2132894335 0.1310337596 0.5977322879
1403715566.7621431351 0.0720107127 0.8368885302 2.0754623527 -0.7550772309 -0.2348540868 0.1464141267 0.5943608641
1403715566.8121430874 0.0428059782 0.8097416774 2.0731260751 -0.7495058095 -0.2558091017 0.1622572090 0.5886215620
1403715566.8621430397 0.0211868528 0.7832559847 2.0673515628 -0.7417876414 -0.2769527415 0.1802192929 0.5835831394
1403715566.9121432304 0.0007059105 0.7563843194 2.0672822023 -0.7329305499 -0.2989490143 0.1988837052 0.5778300508
1403715566.9621429443 -0.0206168674 0.7239819179 2.0642279144 -0.7231216402 -0.3213038888 0.2171745496 0.5715716223
1403715567.0121431351 -0.0334978983 0.6929383908 2.0611962413 -0.7136478659 -0.3448894532 0.2360754303 0.5621622361
1403715567.0621430874 -0.0489142196 0.6584346678 2.0573815379 -0.7041045049 -0.3680904016 0.2559717535 0.5506584821
1403715567.1121432781 -0.0613552449 0.6239104445 2.0568862720 -0.6939443763 -0.3906867213 0.2781159260 0.5370815767
1403715567.1621429920 -0.0751202233 0.5882390225 2.0518913893 -0.6814812641 -0.4141837573 0.2983206829 0.5244424391
1403715567.2121431828 -0.0851746548 0.5519160151 2.0492914791 -0.6685218326 -0.4378674791 0.3180886821 0.5100688388
1403715567.2621431351 -0.0959836999 0.5095979612 2.0466147368 -0.6556928559 -0.4640010332 0.3337475989 0.4933380789
1403715567.3121430874 -0.1054335237 0.4665275606 2.0386987296 -0.6408089296 -0.4887210938 0.3499901802 0.4775169966
1403715567.3621430397 -0.1114562569 0.4270397264 2.0331514336 -0.6236118691 -0.5151881521 0.3635411685 0.4620900599
1403715567.4121432304 -0.1181829128 0.3878097774 2.0282877817 -0.6051680512 -0.5418033918 0.3755834760 0.4462709570
1403715567.4621429443 -0.1222770634 0.3477298892 2.0184713127 -0.5856648891 -0.5668971883 0.3873855580 0.4307628639
1403715567.5121431351 -0.1259938881 0.3079990745 2.0064961040 -0.5655411615 -0.5907850371 0.3977778333 0.4158233159
1403715567.5621430874 -0.1291171236 0.2715747434 1.9920649078 -0.5445838659 -0.6122546794 0.4094703719 0.4011316929
1403715567.6121432781 -0.1317790774 0.2289513914 1.9757625170 -0.5241027859 -0.6313386103 0.4209302331 0.3867112202
1403715567.6621429920 -0.1342464956 0.1925605177 1.9553419878 -0.5017553854 -0.6486470740 0.4340726029 0.3729336161
1403715567.7121431828 -0.1352833130 0.1508745335 1.9361583106 -0.4793440075 -0.6645270353 0.4465841837 0.3594380457
1403715567.7621431351 -0.1362791453 0.1115575112 1.9153595464 -0.4555109436 -0.6779406994 0.4614263803 0.3463984468
1403715567.8121430874 -0.1363318963 0.0693600633 1.8935395568 -0.4320520621 -0.6904786536 0.4751694550 0.3328426559
1403715567.8621430397 -0.1369129262 0.0283835758 1.8729188924 -0.4081014543 -0.7029117021 0.4872822208 0.3192559779
1403715567.9121432304 -0.1355492022 -0.0082082174 1.8552579195 -0.3839403675 -0.7155401485 0.4980023585 0.3042790511
1403715567.9621429443 -0.1332079479 -0.0476819417 1.8356857619 -0.3587839525 -0.7277104146 0.5074318125 0.2902147198
1403715568.0121431351 -0.1307432527 -0.0840244808 1.8179928028 -0.3336328899 -0.7379197776 0.5169537407 0.2773487453
1403715568.0621430874 -0.1261491834 -0.1219332901 1.8007745088 -0.3092737689 -0.7459195990 0.5276960752 0.2636105839
1403715568.1121432781 -0.1201907828 -0.1605881935 1.7846776010 -0.2852255295 -0.7527740517 0.5381441711 0.2497568327
1403715568.1621429920 -0.1126646305 -0.1982846341 1.7697740601 -0.2614377631 -0.7590858056 0.5479205224 0.2349939083
1403715568.2121431828 -0.1028643395 -0.2343577399 1.7534220146 -0.2374179558 -0.7651892156 0.5562905947 0.2205877440
1403715568.2621431351 -0.0907972810 -0.2707602340 1.7381313977 -0.2156395548 -0.7711095645 0.5637218794 0.2027492656
1403715568.3121430874 -0.0761567203 -0.3056913107 1.7240018597 -0.1942623575 -0.7765572813 0.5697890025 0.1859070143
1403715568.3621430397 -0.0613890320 -0.3403955384 1.7093842915 -0.1725741133 -0.7810863234 0.5758728470 0.1687980891
1403715568.4121432304 -0.0442135196 -0.3736235747 1.6943894421 -0.1508738409 -0.7854728096 0.5807086369 0.1518124783
1403715568.4621429443 -0.0254286914 -0.4048582595 1.6813384345 -0.1287806062 -0.7887212455 0.5855571960 0.1358569929
1403715568.5121431351 -0.0052365170 -0.4351908325 1.6680572396 -0.1061903160 -0.7919263626 0.5891602258 0.1202766866
1403715568.5621430874 0.0160898756 -0.4635487433 1.6566617922 -0.0841497717 -0.7945946454 0.5923571040 0.1032047809
1403715568.6121432781 0.0359074662 -0.4898613763 1.6459398242 -0.0608893463 -0.7968933718 0.5946090310 0.0877128367
1403715568.6621429920 0.0597519637 -0.5146005189 1.6364372486 -0.0379502225 -0.7988014814 0.5960435021 0.0721672892
1403715568.7121431828 0.0873236668 -0.5384065105 1.6295010843 -0.0159488888 -0.8000883471 0.5971056453 0.0553996227
1403715568.7621431351 0.1142923733 -0.5589651606 1.6223187265 0.0060129273 -0.8006861802 0.5977683865 0.0392229735
1403715568.8121430874 0.1433595932 -0.5790558527 1.6169926368 0.0275555703 -0.8015515029 0.5968525339 0.0228676957
1403715568.8621430397 0.1730607525 -0.5968305188 1.6124631584 0.0491122912 -0.8018685540 0.5954223107 0.0081900426
1403715568.9121432304 0.2037297385 -0.6125115232 1.6072427272 -0.0698375911 0.8016250786 -0.5936927029 0.0069941899
1403715568.9621429443 0.2333342674 -0.6277406128 1.6019740796 -0.0888183681 0.8030248753 -0.5888517538 0.0227147337
1403715569.0121431351 0.2629596721 -0.6419506560 1.5980633158 -0.1074782382 0.8037633536 -0.5840190813 0.0365323465
1403715569.0621430874 0.2966196407 -0.6534140245 1.5913873787 -0.1252074044 0.8028856896 -0.5807584817 0.0491656513
1403715569.1121432781 0.3283424948 -0.6659513461 1.5871601744 -0.1429499888 0.8020194601 -0.5765528996 0.0625846652
1403715569.1621429920 0.3617228627 -0.6766222770 1.5809738617 -0.1588863931 0.8003466267 -0.5729878108 0.0767160999
1403715569.2121431828 0.3966721948 -0.6860312833 1.5744710149 -0.1731368286 0.7981234075 -0.5699279642 0.0905802441
1403715569.2621431351 0.4300018209 -0.6958351824 1.5704190084 -0.1858401522 0.7939672168 -0.5693840001 0.1043137426
1403715569.3121430874 0.4639564974 -0.7050067006 1.5663698529 -0.1972256550 0.7870114401 -0.5728847185 0.1162675082
1403715569.3621430397 0.4983635499 -0.7129025604 1.5620090297 -0.2077907813 0.7791945621 -0.5774255476 0.1275090690
1403715569.4121432304 0.5309141682 -0.7222631355 1.5609641361 -0.2176054526 0.7719364515 -0.5810300742 0.1384414487
1403715569.4621429443 0.5626225790 -0.7262211811 1.5565325340 -0.2272787026 0.7651674431 -0.5840947982 0.1472971217
1403715569.5121431351 0.5965537037 -0.7312559904 1.5557589510 -0.2393665359 0.7590128320 -0.5855217543 0.1541669792
1403715569.5621430874 0.6278370039 -0.7329021690 1.5511648902 -0.2515889400 0.7535546538 -0.5856001773 0.1610304984
1403715569.6121432781 0.6588826391 -0.7332064538 1.5497958602 -0.2643209145 0.7488690237 -0.5842404998 0.1673101251
1403715569.6621429920 0.6882114511 -0.7330058944 1.5485483232 -0.2778223231 0.7452762471 -0.5804935029 0.1743713432
1403715569.7121431828 0.7196332322 -0.7273605376 1.5446703346 -0.2911872036 0.7419360678 -0.5760581807 0.1813776618
1403715569.7621431351 0.7503027271 -0.7186310460 1.5422374562 -0.3044091605 0.7383191959 -0.5708578178 0.1906336274
1403715569.8121430874 0.7798773096 -0.7098904640 1.5403077483 -0.3186637438 0.7340713337 -0.5649383165 0.2010905116
1403715569.8621430397 0.8112616316 -0.6975721708 1.5405329342 -0.3321065826 0.7296762027 -0.5581685202 0.2138358251
1403715569.9121432304 0.8404305080 -0.6843055761 1.5418255092 -0.3467963055 0.7218703960 -0.5547908643 0.2254829279
1403715569.9621429443 0.8691026567 -0.6700188307 1.5407262662 -0.3611135670 0.7131718140 -0.5516185593 0.2381174511
1403715570.0121431351 0.8988089557 -0.6526262445 1.5401775304 -0.3753363070 0.7045273284 -0.5477602186 0.2504448905
1403715570.0621430874 0.9215411467 -0.6370329463 1.5420737061 -0.3906169435 0.6951718832 -0.5430178201 0.2632225357
1403715570.1121432781 0.9437465317 -0.6188636443 1.5418866470 -0.4059231130 0.6854017163 -0.5377736499 0.2761347771
1403715570.1621429920 0.9674642792 -0.5975677068 1.5406708568 -0.4209158269 0.6755963403 -0.5321594123 0.2884541758
1403715570.2121431828 0.9883099404 -0.5752736453 1.5388639886 -0.4362684442 0.6650524973 -0.5258939440 0.3013479388
1403715570.2621431351 1.0088058329 -0.5512546955 1.5377640231 -0.4517591293 0.6544945835 -0.5187189216 0.3138171596
1403715570.3121430874 1.0274077754 -0.5260053827 1.5365326375 -0.4669695310 0.6424231039 -0.5121487525 0.3270101956
1403715570.3621430397 1.0454794950 -0.4982311036 1.5351299914 -0.4826608041 0.6293321218 -0.5052248384 0.3401874354
1403715570.4121432304 1.0604826154 -0.4702301198 1.5331124141 -0.4982357086 0.6156985284 -0.4977877861 0.3533890502
1403715570.4621429443 1.0734907642 -0.4397357215 1.5304463199 -0.5123933728 0.6020641191 -0.4893494993 0.3681153291
1403715570.5121431351 1.0856635517 -0.4082961291 1.5282681508 -0.5278401888 0.5871523757 -0.4803579449 0.3819595103
1403715570.5621430874 1.0942833793 -0.3762631928 1.5247787364 -0.5428288854 0.5713288506 -0.4723916671 0.3946723432
1403715570.6121432781 1.1005997068 -0.3423168774 1.5208225181 -0.5584644643 0.5555549893 -0.4627935861 0.4065688042
1403715570.6621429920 1.1046948496 -0.3071583664 1.5155074108 -0.5749603762 0.5418699369 -0.4490979692 0.4172631679
1403715570.7121431828 1.1057524410 -0.2721123161 1.5101547572 -0.5912214257 0.5287680505 -0.4343935754 0.4268065090
1403715570.7621431351 1.1053281571 -0.2360062411 1.5043744949 -0.6073089062 0.5136102078 -0.4207272291 0.4363130134
1403715570.8121430874 1.1030350260 -0.1969449610 1.4995204160 -0.6231232234 0.4975582896 -0.4063349824 0.4461446840
1403715570.8621430397 1.0989142504 -0.1608844212 1.4942497451 -0.6376620065 0.4822006747 -0.3922491201 0.4549838487
1403715570.9121432304 1.0924720761 -0.1234785046 1.4880484510 -0.6513426744 0.4659677028 -0.3780310255 0.4644559875
1403715570.9621429443 1.0853923262 -0.0868276789 1.4819993799 -0.6656055655 0.4512035112 -0.3630299410 0.4707375964
1403715571.0121431351 1.0761222029 -0.0489471207 1.4754254714 -0.6774252741 0.4377387786 -0.3486600710 0.4774053985
1403715571.0621430874 1.0663101716 -0.0121200979 1.4694736731 -0.6866762240 0.4263231557 -0.3355290695 0.4838848766
1403715571.1121432781 1.0556873859 0.0251414810 1.4632621233 -0.6931912508 0.4172910781 -0.3235117478 0.4906059468
1403715571.1621429920 1.0450175055 0.0623899226 1.4569045708 -0.6965442446 0.4095484035 -0.3142052493 0.4983686205
1403715571.2121431828 1.0345047723 0.0989334275 1.4529272946 -0.6969472844 0.4016131851 -0.3088188696 0.5075453064
1403715571.2621431351 1.0229925025 0.1330659877 1.4497117797 -0.6960104427 0.3930506965 -0.3077663076 0.5161012629
1403715571.3121430874 1.0106711844 0.1686349851 1.4459958329 -0.6946713393 0.3855296374 -0.3089479697 0.5228286345
1403715571.3621430397 0.9979013041 0.2004977807 1.4422156393 -0.6929801168 0.3797698564 -0.3098086348 0.5287457081
1403715571.4121432304 0.9820329399 0.2323691851 1.4380835340 -0.6941160993 0.3770419111 -0.3090879943 0.5296289736
1403715571.4621429443 0.9645710387 0.2623503825 1.4327043940 -0.6980191931 0.3767784635 -0.3066088099 0.5261161783
1403715571.5121431351 0.9472058504 0.2901772376 1.4318510923 -0.7026860381 0.3788179921 -0.3016403706 0.5212891208
1403715571.5621430874 0.9265574362 0.3194189536 1.4261336852 -0.7060436847 0.3845958156 -0.2929323915 0.5174736592
1403715571.6121432781 0.9044194182 0.3485978706 1.4180212098 -0.7091396147 0.3936253532 -0.2797349980 0.5137396413
1403715571.6621429920 0.8825965759 0.3767688589 1.4101888963 -0.7101522607 0.4062866289 -0.2618438487 0.5119108719
1403715571.7121431828 0.8614472675 0.4018816637 1.4035525243 -0.7115848116 0.4212123774 -0.2397557489 0.5086692146
1403715571.7621431351 0.8423747099 0.4262981321 1.3917609308 -0.7123978219 0.4357492865 -0.2193758144 0.5044662077
1403715571.8121430874 0.8267598952 0.4493249699 1.3768599454 -0.7147066553 0.4487144335 -0.2002154006 0.4977585233
1403715571.8621430397 0.8125947090 0.4702072810 1.3606204238 -0.7165646631 0.4597210773 -0.1846916566 0.4909995995
1403715571.9121432304 0.8039061232 0.4878455638 1.3469463812 -0.7191602271 0.4690660018 -0.1714887155 0.4830913725
1403715571.9621429443 0.8008874676 0.5035423812 1.3319751574 -0.7230988113 0.4766112794 -0.1614084897 0.4731987921
1403715572.0121431351 0.8040415578 0.5172463676 1.3176048592 -0.7283139221 0.4809763592 -0.1558062864 0.4625418617
1403715572.0621430874 0.8126909577 0.5280339709 1.3018410480 -0.7348945021 0.4813020243 -0.1557657287 0.4516807168
1403715572.1121432781 0.8288913351 0.5379339755 1.2870693189 -0.7438048329 0.4758325631 -0.1636519195 0.4399497605
1403715572.1621429920 0.8527960776 0.5460511770 1.2736827902 -0.7529384308 0.4643264622 -0.1772716032 0.4313460729
1403715572.2121431828 0.8812915456 0.5552795508 1.2611569744 -0.7595671300 0.4493591103 -0.1940356408 0.4283507152
1403715572.2621431351 0.9164845502 0.5651594312 1.2501225685 -0.7642431027 0.4271662924 -0.2163443719 0.4320376735
1403715572.3121430874 0.9556237512 0.5779095286 1.2404681596 -0.7666950238 0.4011173249 -0.2400336802 0.4400766575
1403715572.3621430397 0.9965014699 0.5933467612 1.2296868431 -0.7657379261 0.3762916308 -0.2591121393 0.4526708918
1403715572.4121432304 1.0382076730 0.6109001094 1.2199822191 -0.7632758804 0.3516956520 -0.2750281092 0.4669899762
1403715572.4621429443 1.0787052953 0.6305375054 1.2094398953 -0.7605857783 0.3310065840 -0.2840752763 0.4808795613
1403715572.5121431351 1.1175417770 0.6528512208 1.1989121629 -0.7587774982 0.3147626086 -0.2858738049 0.4934140008
1403715572.5621430874 1.1552528502 0.6759173580 1.1889512481 -0.7585117287 0.3011305440 -0.2825669003 0.5041193309
1403715572.6121432781 1.1900857957 0.7011796086 1.1784827040 -0.7598316855 0.2882513938 -0.2773959670 0.5124630924
1403715572.6621429920 1.2223334196 0.7274408382 1.1690053162 -0.7618149658 0.2749501717 -0.2708305482 0.5202799007
1403715572.7121431828 1.2515806398 0.7550864762 1.1591536021 -0.7659655213 0.2621588378 -0.2624653944 0.5250537884
1403715572.7621431351 1.2791736702 0.7833611554 1.1505190250 -0.7715343694 0.2494882595 -0.2533131325 0.5275630598
1403715572.8121430874 1.3023151182 0.8136489550 1.1429314090 -0.7768867702 0.2395469629 -0.2407385778 0.5301972614
1403715572.8621430397 1.3233266955 0.8447003896 1.1393167188 -0.7815224740 0.2297388267 -0.2272498805 0.5336667368
1403715572.9121432304 1.3417013022 0.8736079812 1.1391595732 -0.7847043925 0.2209188824 -0.2131047117 0.5385352779
1403715572.9621429443 1.3595756751 0.9072228335 1.1410252610 -0.7872023585 0.2099594711 -0.1995915358 0.5444195864
1403715573.0121431351 1.3736198707 0.9408405452 1.1443119661 -0.7887726599 0.1985507218 -0.1879138854 0.5505485205
1403715573.0621430874 1.3859620626 0.9734463664 1.1497289441 -0.7904141281 0.1872468156 -0.1752317612 0.5563074383
1403715573.1121432781 1.3964869556 1.0060436273 1.1581854502 -0.7921812853 0.1756898654 -0.1623810939 0.5614394560
1403715573.1621429920 1.4055515130 1.0387638229 1.1696999365 -0.7942894484 0.1653493463 -0.1479024147 0.5655870769
1403715573.2121431828 1.4142084221 1.0687800225 1.1802835241 -0.7967200820 0.1530504234 -0.1363080533 0.5685356571
1403715573.2621431351 1.4209472342 1.1011863185 1.1925535277 -0.7996003142 0.1413913885 -0.1218899743 0.5707807346
1403715573.3121430874 1.4282323465 1.1313323522 1.2035552862 -0.8028857029 0.1294928353 -0.1082763030 0.5717362992
1403715573.3621430397 1.4326728655 1.1608661109 1.2146676438 -0.8062563971 0.1174335684 -0.0950717140 0.5719452320
1403715573.4121432304 1.4382707122 1.1894323412 1.2239111176 -0.8092519246 0.1057865776 -0.0813054188 0.5721100868
1403715573.4621429443 1.4440434997 1.2171617785 1.2334707373 -0.8120667998 0.0963892528 -0.0642206454 0.5719548351
1403715573.5121431351 1.4486408615 1.2460386464 1.2443565207 -0.8147599319 0.0861157849 -0.0482708179 0.5713319990
1403715573.5621430874 1.4562286373 1.2722235120 1.2524700924 -0.8168568405 0.0760404453 -0.0333108873 0.5708354733
1403715573.6121432781 1.4630686120 1.2994513812 1.2611867279 -0.8189455147 0.0630451252 -0.0225959602 0.5699499791
1403715573.6621429920 1.4716155512 1.3272186983 1.2689769362 -0.8213777598 0.0476155930 -0.0149944169 0.5681958275
1403715573.7121431828 1.4796688480 1.3530349708 1.2763179602 -0.8244117974 0.0304151919 -0.0110645889 0.5650643143
1403715573.7621431351 1.4897910894 1.3799036437 1.2837603653 -0.8281037182 0.0134912061 -0.0058981265 0.5603815052
1403715573.8121430874 1.4999316121 1.4071649252 1.2893614786 -0.8313710589 -0.0054229895 -0.0021346392 0.5556871394
1403715573.8621430397 1.5095434513 1.4350104956 1.2961202688 -0.8346041535 -0.0230671769 0.0035672960 0.5503554185
1403715573.9121432304 1.5185460226 1.4632655587 1.3045657239 -0.8374532541 -0.0404581403 0.0114715747 0.5448886024
1403715573.9621429443 1.5271433652 1.4928220368 1.3117735809 -0.8388897216 -0.0576643517 0.0216262657 0.5408060300
1403715574.0121431351 1.5348233031 1.5230098257 1.3214463759 -0.8404665337 -0.0745942815 0.0334270515 0.5356625161
1403715574.0621430874 1.5413604396 1.5553427508 1.3295341394 -0.8414851959 -0.0923878752 0.0458732713 0.5303421429
1403715574.1121432781 1.5477541396 1.5880041684 1.3371237703 -0.8404707567 -0.1100440627 0.0594634933 0.5272222532
1403715574.1621429920 1.5533080520 1.6246213756 1.3490361944 -0.8378995465 -0.1278437705 0.0734436388 0.5255343492
1403715574.2121431828 1.5574586954 1.6622428318 1.3589926798 -0.8329840774 -0.1469784630 0.0855581371 0.5265117884
1403715574.2621431351 1.5629724528 1.7014593210 1.3685782248 -0.8245434573 -0.1669713619 0.0965055423 0.5319166585
1403715574.3121430874 1.5657075361 1.7417437024 1.3776342386 -0.8146949860 -0.1885290537 0.1028870231 0.5386493630
1403715574.3621430397 1.5698406007 1.7822268986 1.3867635117 -0.8043924346 -0.2098592562 0.1071605944 0.5453700678
1403715574.4121432304 1.5727942501 1.8243181810 1.3945024340 -0.7952615039 -0.2290895646 0.1092198404 0.5505889013
1403715574.4621429443 1.5734808873 1.8673926944 1.4014779783 -0.7877135525 -0.2464947795 0.1095927809 0.5538385190
1403715574.5121431351 1.5717317878 1.9074316871 1.4063493419 -0.7812119061 -0.2600766424 0.1098830779 0.5567708748
1403715574.5621430874 1.5686213116 1.9480663694 1.4106823379 -0.7769131151 -0.2713559998 0.1119791949 0.5569852717
1403715574.6121432781 1.5629476701 1.9860599060 1.4159330443 -0.7745921603 -0.2820757238 0.1128344149 0.5547149413
1403715574.6621429920 1.5547880541 2.0232506506 1.4207409529 -0.7725277924 -0.2916802022 0.1147154380 0.5522353103
1403715574.7121431828 1.5443602524 2.0588360412 1.4256282809 -0.7708875478 -0.2998546883 0.1185565012 0.5493304203
1403715574.7621431351 1.5322025180 2.0947907715 1.4304649800 -0.7701159083 -0.3063752685 0.1248931152 0.5453965460
1403715574.8121430874 1.5162402660 2.1276552045 1.4356421953 -0.7705972313 -0.3087189825 0.1339926643 0.5412194221
1403715574.8621430397 1.4975835681 2.1592158922 1.4394503898 -0.7719246146 -0.3074037090 0.1456585218 0.5370465009
1403715574.9121432304 1.4771507801 2.1910756718 1.4460598202 -0.7724436608 -0.3052218185 0.1563314105 0.5345380458
1403715574.9621429443 1.4547105407 2.2203395122 1.4517581833 -0.7705565993 -0.3024336896 0.1649765305 0.5362454056
1403715575.0121431351 1.4309670803 2.2523909752 1.4602099446 -0.7691977812 -0.2999331893 0.1721637118 0.5373402197
1403715575.0621430874 1.4065949182 2.2821617447 1.4671561128 -0.7655332186 -0.2980740910 0.1761992892 0.5422771782
1403715575.1121432781 1.3793857979 2.3112753564 1.4740784602 -0.7617745352 -0.2964447243 0.1777871346 0.5479158856
1403715575.1621429920 1.3532565569 2.3404511891 1.4821966339 -0.7551234593 -0.2934553596 0.1807093224 0.5576886712
1403715575.2121431828 1.3265176831 2.3677720031 1.4902378588 -0.7469224399 -0.2900365248 0.1825033176 0.5698054248
1403715575.2621431351 1.3005613645 2.3938922575 1.4998671002 -0.7403316807 -0.2879703885 0.1813246671 0.5797442737
1403715575.3121430874 1.2752146073 2.4166116127 1.5063625737 -0.7372859793 -0.2868595717 0.1776363334 0.5852916400
1403715575.3621430397 1.2493316579 2.4368776912 1.5128659922 -0.7414487818 -0.2851319710 0.1740233892 0.5819530248
1403715575.4121432304 1.2240111484 2.4553643161 1.5198279747 -0.7475863505 -0.2830598817 0.1709518266 0.5759923827
1403715575.4621429443 1.1985173878 2.4720561615 1.5260113733 -0.7528776351 -0.2824039932 0.1658336744 0.5708961758
1403715575.5121431351 1.1734375242 2.4867884804 1.5339546732 -0.7563148896 -0.2820546167 0.1591564180 0.5684208085
1403715575.5621430874 1.1458685355 2.5025223225 1.5425272923 -0.7552522306 -0.2838906280 0.1494909779 0.5715353244
1403715575.6121432781 1.1182824749 2.5140775726 1.5505025530 -0.7511434894 -0.2860839225 0.1390964887 0.5784389462
1403715575.6621429920 1.0893771663 2.5235701505 1.5604679231 -0.7479869197 -0.2879464435 0.1297817671 0.5837457551
1403715575.7121431828 1.0593133584 2.5300450522 1.5695343427 -0.7444573562 -0.2899494692 0.1204582175 0.5892388039
1403715575.7621431351 1.0278429303 2.5335127406 1.5785578897 -0.7429954408 -0.2906821141 0.1139552108 0.5920100450
1403715575.8121430874 0.9934590699 2.5333621231 1.5880390270 -0.7445352903 -0.2897548691 0.1099623042 0.5912847106
1403715575.8621430397 0.9571422588 2.5294100713 1.5972401266 -0.7465441577 -0.2876805686 0.1085603554 0.5900223388
1403715575.9121432304 0.9208325781 2.5241455088 1.6071349235 -0.7490000412 -0.2841294539 0.1113922500 0.5880996160
1403715575.9621429443 0.8802794431 2.5146617096 1.6163705357 -0.7537656753 -0.2775761821 0.1187089206 0.5836925235
1403715576.0121431351 0.8381959868 2.5023785821 1.6253372744 -0.7583974492 -0.2705709729 0.1272262470 0.5791702165
1403715576.0621430874 0.7947477825 2.4879444355 1.6326660036 -0.7618717685 -0.2647467755 0.1344697152 0.5756548002
1403715576.1121432781 0.7524988641 2.4737463539 1.6427212732 -0.7642448269 -0.2604352137 0.1404366394 0.5730452812
1403715576.1621429920 0.7077592121 2.4577377859 1.6507465026 -0.7658805140 -0.2559386381 0.1466155636 0.5713373156
1403715576.2121431828 0.6626110596 2.4400058649 1.6571757802 -0.7672512463 -0.2522653688 0.1522568890 0.5696538848
1403715576.2621431351 0.6181315119 2.4206882878 1.6655926002 -0.7677290748 -0.2503719533 0.1553245821 0.5690168951
1403715576.3121430874 0.5726111280 2.4014676207 1.6733381015 -0.7658511218 -0.2490530719 0.1577996315 0.5714402006
1403715576.3621430397 0.5278704247 2.3817585608 1.6824805549 -0.7620318483 -0.2489126056 0.1592065743 0.5761972264
1403715576.4121432304 0.4828034920 2.3595163547 1.6910818533 -0.7559648471 -0.2474976636 0.1626450782 0.5837881765
1403715576.4621429443 0.4386492848 2.3375935831 1.7018593818 -0.7501385810 -0.2463353283 0.1656218792 0.5909148910
1403715576.5121431351 0.3947982253 2.3117739253 1.7116759437 -0.7444931244 -0.2449889815 0.1673525801 0.5980831888
1403715576.5621430874 0.3537177775 2.2854190898 1.7205624660 -0.7391153018 -0.2430411135 0.1680115620 0.6053195047
1403715576.6121432781 0.3135142644 2.2572277992 1.7307603910 -0.7338987290 -0.2411907021 0.1674347697 0.6125237128
1403715576.6621429920 0.2741493123 2.2243733601 1.7404483769 -0.7327885783 -0.2395795785 0.1649760204 0.6151466799
1403715576.7121431828 0.2366135593 2.1900955967 1.7518238560 -0.7333822315 -0.2378770791 0.1609907480 0.6161549942
1403715576.7621431351 0.2000330685 2.1533220673 1.7604528807 -0.7366114331 -0.2351878685 0.1570610123 0.6143468903
1403715576.8121430874 0.1643252274 2.1122833166 1.7703717235 -0.7429622349 -0.2321591102 0.1518118563 0.6091489352
1403715576.8621430397 0.1297239502 2.0673280071 1.7773038709 -0.7503534646 -0.2294749521 0.1462056227 0.6024407360
1403715576.9121432304 0.0958642251 2.0214544221 1.7887100095 -0.7582900150 -0.2268071889 0.1407013911 0.5947754792
1403715576.9621429443 0.0626067765 1.9753700401 1.7975388872 -0.7649224448 -0.2237293008 0.1363909546 0.5884185254
1403715577.0121431351 0.0281232955 1.9253098541 1.8073859517 -0.7700798057 -0.2176569197 0.1350790557 0.5842569699
1403715577.0621430874 -0.0063098901 1.8752628269 1.8180294770 -0.7749739418 -0.2092602682 0.1365415316 0.5805014556
1403715577.1121432781 -0.0388105299 1.8253407494 1.8283226732 -0.7798640755 -0.1995559084 0.1385302468 0.5768871933
1403715577.1621429920 -0.0699897364 1.7760581348 1.8349986807 -0.7835950385 -0.1898016819 0.1402850679 0.5746949077
1403715577.2121431828 -0.1027496395 1.7245417837 1.8408837909 -0.7866833616 -0.1806373820 0.1412198038 0.5731983878
1403715577.2621431351 -0.1323189409 1.6746394814 1.8425781949 -0.7883997677 -0.1735409396 0.1413400429 0.5730029153
1403715577.3121430874 -0.1637763305 1.6226237160 1.8388778803 -0.7894286443 -0.1690976663 0.1386377092 0.5735747383
1403715577.3621430397 -0.1920969721 1.5732222621 1.8333038377 -0.7899570663 -0.1671853867 0.1344205943 0.5744109886
1403715577.4121432304 -0.2208904083 1.5224995885 1.8214384142 -0.7898208875 -0.1662603971 0.1299498954 0.5758936280
1403715577.4621429443 -0.2487541734 1.4716474437 1.8093688897 -0.7900582776 -0.1657121519 0.1260568591 0.5765909027
1403715577.5121431351 -0.2730931842 1.4212579748 1.7949372787 -0.7897197094 -0.1654192674 0.1236117495 0.5776671896
1403715577.5621430874 -0.2988716509 1.3706128986 1.7851244259 -0.7900388068 -0.1650142538 0.1214832697 0.5777982303
1403715577.6121432781 -0.3235935188 1.3195764829 1.7768912953 -0.7906017442 -0.1642345806 0.1205541589 0.5774448713
1403715577.6621429920 -0.3477341945 1.2685378241 1.7699920233 -0.7908990945 -0.1635575536 0.1202181811 0.5772998683
1403715577.7121431828 -0.3724526429 1.2166802097 1.7679788815 -0.7921766484 -0.1619336556 0.1215260592 0.5757300286
1403715577.7621431351 -0.3948612038 1.1646693899 1.7665393013 -0.7931748477 -0.1589639562 0.1251220904 0.5744115111
1403715577.8121430874 -0.4165579996 1.1142330804 1.7666695675 -0.7939798514 -0.1542249888 0.1290012665 0.5737327963
1403715577.8621430397 -0.4362375012 1.0641647479 1.7662575026 -0.7956764710 -0.1482966674 0.1325302558 0.5721387797
1403715577.9121432304 -0.4562670074 1.0131145557 1.7621109475 -0.7973393301 -0.1410160414 0.1341640425 0.5712831858
1403715577.9621429443 -0.4752193861 0.9626853515 1.7553303684 -0.8000904572 -0.1322751102 0.1349801792 0.5693319829
1403715578.0121431351 -0.4906417135 0.9137085748 1.7445272103 -0.8038152959 -0.1219556472 0.1356355575 0.5662250310
1403715578.0621430874 -0.5056297026 0.8639496091 1.7307484968 -0.8085031516 -0.1103024449 0.1357094079 0.5619065591
1403715578.1121432781 -0.5159827170 0.8163933691 1.7155025229 -0.8156286597 -0.0961135197 0.1377447102 0.5536591692
1403715578.1621429920 -0.5254784601 0.7697614168 1.6985589658 -0.8244781627 -0.0788197151 0.1407568203 0.5424119554
1403715578.2121431828 -0.5329637594 0.7254250819 1.6790125710 -0.8302023161 -0.0625497886 0.1388408379 0.5362600676
1403715578.2621431351 -0.5358229141 0.6855699780 1.6587807773 -0.8330208282 -0.0495927767 0.1299654929 0.5354678580
1403715578.3121430874 -0.5347096925 0.6472931639 1.6367780091 -0.8342861250 -0.0369367654 0.1187159255 0.5371302133
1403715578.3621430397 -0.5316597084 0.6116445208 1.6172258417 -0.8348219416 -0.0256813829 0.1042446368 0.5399498570
1403715578.4121432304 -0.5251331138 0.5782458423 1.5973364708 -0.8353814101 -0.0148438905 0.0885905410 0.5422815455
1403715578.4621429443 -0.5159529655 0.5449418311 1.5784288487 -0.8370652897 -0.0052009668 0.0709453913 0.5424586640
1403715578.5121431351 -0.5038242636 0.5148082349 1.5580945692 -0.8407509392 0.0031246866 0.0523033981 0.5388807373
1403715578.5621430874 -0.4896075467 0.4865831764 1.5341343724 -0.8464393612 0.0084446767 0.0317631365 0.5314698471
1403715578.6121432781 -0.4755110779 0.4594880789 1.5111184282 -0.8552607709 0.0132388480 0.0137568902 0.5178460144
1403715578.6621429920 -0.4594880703 0.4346699858 1.4878297853 -0.8640444926 0.0168180494 -0.0018762405 0.5031309450
1403715578.7121431828 -0.4442115988 0.4138525056 1.4655450962 -0.8720555392 0.0211403294 -0.0138206320 0.4887547576
1403715578.7621431351 -0.4295146316 0.3978787328 1.4445855390 -0.8780176297 0.0254102868 -0.0230953460 0.4773949772
1403715578.8121430874 -0.4148272280 0.3867721513 1.4242261755 -0.8816653444 0.0305341229 -0.0284653457 0.4700251183
1403715578.8621430397 -0.4009214635 0.3810557525 1.4052183833 -0.8830856334 0.0344205297 -0.0333941706 0.4667545614
1403715578.9121432304 -0.3872226197 0.3809207717 1.3869141831 -0.8815579149 0.0356302156 -0.0392845113 0.4690872602
1403715578.9621429443 -0.3736285075 0.3863220646 1.3702717322 -0.8768252587 0.0328511517 -0.0480809061 0.4772698335
1403715579.0121431351 -0.3608971864 0.3969545532 1.3554600242 -0.8698682911 0.0282784413 -0.0579407690 0.4890525056
1403715579.0621430874 -0.3498094265 0.4123699157 1.3418567060 -0.8627209677 0.0202890416 -0.0708135059 0.5002862522
1403715579.1121432781 -0.3400007409 0.4316735748 1.3308563995 -0.8543430452 0.0099896957 -0.0858374107 0.5124744931
1403715579.1621429920 -0.3336079405 0.4549830825 1.3233128795 -0.8451696043 -0.0004258246 -0.1000436513 0.5250518321
1403715579.2121431828 -0.3317702066 0.4807243256 1.3184474379 -0.8344846803 -0.0122649801 -0.1154469342 0.5386621334
1403715579.2621431351 -0.3343339151 0.5085284102 1.3162430967 -0.8261357550 -0.0179806482 -0.1231972373 0.5495442215
1403715579.3121430874 -0.3418401647 0.5369147842 1.3148418753 -0.8204052886 -0.0207026169 -0.1271039644 0.5570916858
1403715579.3621430397 -0.3542425481 0.5660294872 1.3124441388 -0.8179830260 -0.0215997550 -0.1290288753 0.5601685185
1403715579.4121432304 -0.3715861432 0.5952066720 1.3097526460 -0.8179432337 -0.0196140503 -0.1278234023 0.5605758944
1403715579.4621429443 -0.3934914135 0.6250772755 1.3073695240 -0.8188728069 -0.0164028972 -0.1241991288 0.5601364544
1403715579.5121431351 -0.4201906820 0.6552413955 1.3045730076 -0.8223524627 -0.0109011199 -0.1175233657 0.5566020582
1403715579.5621430874 -0.4510556025 0.6858920285 1.3025370431 -0.8262659084 -0.0027861932 -0.1068085709 0.5530540796
1403715579.6121432781 -0.4849924354 0.7177973176 1.3005504503 -0.8274564774 0.0008639554 -0.1009072706 0.5523882279
1403715579.6621429920 -0.5221972124 0.7508985037 1.2992027488 -0.8265392035 0.0030567953 -0.0954376258 0.5547208853
1403715579.7121431828 -0.5618670813 0.7845159751 1.2988887773 -0.8248776492 0.0057686460 -0.0891406545 0.5582092173
1403715579.7621431351 -0.6036570035 0.8184342039 1.3001300612 -0.8223414609 0.0073018776 -0.0835552792 0.5627785707
1403715579.8121430874 -0.6484102574 0.8535150026 1.3026449563 -0.8203686998 0.0058804880 -0.0824143480 0.5658343322
1403715579.8621430397 -0.6948885742 0.8873755111 1.3079217156 -0.8179723217 0.0040176158 -0.0840350012 0.5690722787
1403715579.9121432304 -0.7434326067 0.9217774260 1.3151081824 -0.8168873344 0.0044553149 -0.0844879106 0.5705585212
1403715579.9621429443 -0.7948166778 0.9571140366 1.3237366826 -0.8155184945 0.0099951390 -0.0819418018 0.5728134282
1403715580.0121431351 -0.8472723608 0.9914240741 1.3319713232 -0.8143474606 0.0183355798 -0.0798187422 0.5745702641
1403715580.0621430874 -0.9007889992 1.0262042386 1.3372821960 -0.8129074990 0.0287286391 -0.0795011007 0.5762253364
1403715580.1121432781 -0.9552016652 1.0604582299 1.3406885822 -0.8114414537 0.0407059215 -0.0805769853 0.5774193836
1403715580.1621429920 -1.0099490162 1.0942024660 1.3410289432 -0.8099951937 0.0535051943 -0.0831777717 0.5780367104
1403715580.2121431828 -1.0655267428 1.1272223727 1.3399729319 -0.8085192340 0.0671321243 -0.0870000002 0.5781184361
1403715580.2621431351 -1.1210905908 1.1598306882 1.3364876785 -0.8071121861 0.0811109990 -0.0918969163 0.5775343122
1403715580.3121430874 -1.1782466888 1.1926060104 1.3317965515 -0.8049077612 0.0968582618 -0.0956977180 0.5775672427
1403715580.3621430397 -1.2360969354 1.2244985460 1.3276523577 -0.8019463341 0.1148044547 -0.0979576767 0.5780192973
1403715580.4121432304 -1.2926303064 1.2545270616 1.3222476278 -0.7989906900 0.1324692518 -0.1010634932 0.5777992255
1403715580.4621429443 -1.3486994803 1.2841318523 1.3193688358 -0.7958434312 0.1506273228 -0.1027854738 0.5773904996
1403715580.5121431351 -1.4042559123 1.3125113776 1.3164746749 -0.7932583222 0.1672103388 -0.1045249186 0.5760698554
1403715580.5621430874 -1.4601596017 1.3401443462 1.3154089008 -0.7915311472 0.1822896697 -0.1049251707 0.5737940640
1403715580.6121432781 -1.5140915338 1.3658058863 1.3125622428 -0.7905496468 0.1965928165 -0.1024115688 0.5708716064
1403715580.6621429920 -1.5677948978 1.3906522146 1.3122345948 -0.7899705554 0.2106922080 -0.0983333397 0.5673498650
1403715580.7121431828 -1.6187762513 1.4143355404 1.3091546999 -0.7893913199 0.2238155159 -0.0929783111 0.5640239290
1403715580.7621431351 -1.6673872464 1.4363811366 1.3066522457 -0.7891269711 0.2349337684 -0.0880741953 0.5606493414
1403715580.8121430874 -1.7135381849 1.4576274912 1.3066546171 -0.7879337162 0.2463698072 -0.0813626877 0.5584285899
1403715580.8621430397 -1.7557773106 1.4769445498 1.3050014713 -0.7869609028 0.2576044839 -0.0728924808 0.5558949123
1403715580.9121432304 -1.7947258775 1.4962042724 1.3041528711 -0.7859231296 0.2694628902 -0.0618517976 0.5530722740
1403715580.9621429443 -1.8271079983 1.5135577760 1.3041581682 -0.7859010285 0.2794826668 -0.0517536297 0.5491544174
1403715581.0121431351 -1.8540524027 1.5288504887 1.3038885391 -0.7880174950 0.2831914486 -0.0495903579 0.5444004292
1403715581.0621430874 -1.8765337073 1.5431400862 1.3049018450 -0.7923678017 0.2843866782 -0.0496103936 0.5374163125
1403715581.1121432781 -1.8926566404 1.5561084804 1.3058016290 -0.7971251225 0.2834220989 -0.0530268999 0.5305201229
1403715581.1621429920 -1.9032937765 1.5692516375 1.3068180759 -0.8005542837 0.2805009995 -0.0598203812 0.5261687468
1403715581.2121431828 -1.9084352015 1.5819516590 1.3093860435 -0.8027595236 0.2749317925 -0.0705987128 0.5244096477
1403715581.2621431351 -1.9092594851 1.5944057749 1.3117007301 -0.8020173418 0.2702958616 -0.0784275168 0.5268372189
1403715581.3121430874 -1.9053854768 1.6072763517 1.3144809492 -0.8001734323 0.2661683999 -0.0819116014 0.5311942683
1403715581.3621430397 -1.8995306805 1.6203314520 1.3182585767 -0.7991576034 0.2603450029 -0.0836188847 0.5353274572
1403715581.4121432304 -1.8889177576 1.6326758409 1.3202808562 -0.7992380133 0.2520375682 -0.0844367829 0.5390418277
1403715581.4621429443 -1.8761537837 1.6446896141 1.3227839984 -0.8009949161 0.2398703531 -0.0871895825 0.5415416279
1403715581.5121431351 -1.8599310228 1.6565934589 1.3223585592 -0.8028437973 0.2225972839 -0.0937073124 0.5450791007
1403715581.5621430874 -1.8419305575 1.6681173987 1.3227667067 -0.8051602079 0.2025464710 -0.1005977257 0.5482445297
1403715581.6121432781 -1.8230250807 1.6783674211 1.3181189449 -0.8075369173 0.1818690154 -0.1056953837 0.5510320084
1403715581.6621429920 -1.8054080877 1.6911484108 1.3137740854 -0.8099968541 0.1612358918 -0.1088290822 0.5532307967
1403715581.7121431828 -1.7861752733 1.7038053356 1.3049947546 -0.8128622068 0.1397727826 -0.1105276997 0.5545288357
1403715581.7621431351 -1.7692736592 1.7167487665 1.2938208063 -0.8152946844 0.1171526915 -0.1117333361 0.5559545720
1403715581.8121430874 -1.7520912242 1.7309624711 1.2874375782 -0.8177193034 0.0939406986 -0.1119169474 0.5567628605
1403715581.8621430397 -1.7367117785 1.7445173445 1.2816107724 -0.8197436407 0.0724767396 -0.1089746696 0.5575769069
1403715581.9121432304 -1.7255714160 1.7603868808 1.2774585961 -0.8208207240 0.0554766600 -0.1006623918 0.5595022450
1403715581.9621429443 -1.7141170843 1.7753275871 1.2791442331 -0.8218731959 0.0427799786 -0.0863851070 0.5614551956
1403715582.0121431351 -1.7060067690 1.7927421111 1.2826698596 -0.8190459404 0.0310188190 -0.0728993940 0.5682316945
1403715582.0621430874 -1.6998203207 1.8099007199 1.2906465380 -0.8141541599 0.0211310141 -0.0581609396 0.5773420037
1403715582.1121432781 -1.6939708672 1.8256713750 1.2948066182 -0.8075165954 0.0103247376 -0.0468771154 0.5878884963
1403715582.1621429920 -1.6876509601 1.8419765567 1.3017313972 -0.8016998339 0.0008290655 -0.0364361186 0.5966146983
1403715582.2121431828 -1.6842514758 1.8570587966 1.3082459049 -0.7968461754 -0.0068226808 -0.0275632111 0.6035146172
1403715582.2621431351 -1.6812935154 1.8713935163 1.3100959401 -0.7958974354 -0.0135387369 -0.0221812900 0.6048735118
1403715582.3121430874 -1.6768618015 1.8833522845 1.3079795399 -0.7988913479 -0.0193912284 -0.0181580718 0.6008884081
1403715582.3621430397 -1.6738507257 1.8949050640 1.3027517436 -0.8032713346 -0.0237974733 -0.0158613257 0.5949262656
1403715582.4121432304 -1.6726699993 1.9051690206 1.2988178763 -0.8080800551 -0.0273400534 -0.0153000618 0.5882389431
1403715582.4621429443 -1.6710858819 1.9150106459 1.2942341305 -0.8138944415 -0.0296854027 -0.0146435975 0.5800691165
1403715582.5121431351 -1.6707621106 1.9245554703 1.2905384872 -0.8197479881 -0.0311813244 -0.0149786882 0.5716787559
1403715582.5621430874 -1.6726703088 1.9349944608 1.2897767798 -0.8242168257 -0.0311281991 -0.0149404990 0.5652207011
1403715582.6121432781 -1.6754638209 1.9446917860 1.2901908082 -0.8278935220 -0.0307219038 -0.0159676581 0.5598156078
1403715582.6621429920 -1.6766664200 1.9562658567 1.2941415746 -0.8309806855 -0.0294395363 -0.0163349713 0.5552815346
1403715582.7121431828 -1.6807167735 1.9680546802 1.2974615447 -0.8334288619 -0.0271880259 -0.0173944265 0.5516834032
1403715582.7621431351 -1.6854504781 1.9813577272 1.3030597301 -0.8355980280 -0.0246566571 -0.0190001197 0.5484587317
1403715582.8121430874 -1.6904980957 1.9954920885 1.3062094696 -0.8384877364 -0.0216608408 -0.0205764616 0.5441008483
1403715582.8621430397 -1.6971134069 2.0116691875 1.3076034504 -0.8422123658 -0.0183081214 -0.0221334658 0.5383802125
1403715582.9121432304 -1.7041535767 2.0286485764 1.3047293311 -0.8462428938 -0.0156380840 -0.0245082978 0.5320035323
1403715582.9621429443 -1.7123438705 2.0483300261 1.2998311210 -0.8502285422 -0.0126678547 -0.0263287931 0.5256022699
1403715583.0121431351 -1.7216096143 2.0702249661 1.2916287152 -0.8536598030 -0.0095210202 -0.0280056211 0.5199903616
1403715583.0621430874 -1.7309162855 2.0935954026 1.2816886331 -0.8556707586 -0.0070461463 -0.0296498603 0.5166224835
1403715583.1121432781 -1.7404226936 2.1206969647 1.2712796802 -0.8551577188 -0.0037057500 -0.0298037200 0.5174971321
1403715583.1621429920 -1.7510670124 2.1496211780 1.2604785141 -0.8488923008 -0.0010217318 -0.0302291144 0.5276997426
1403715583.2121431828 -1.7634217567 2.1817694149 1.2523041375 -0.8407629129 0.0025164762 -0.0295326632 0.5405915404
1403715583.2621431351 -1.7755885513 2.2148432719 1.2436198533 -0.8305021273 0.0068195911 -0.0263036295 0.5563522525
1403715583.3121430874 -1.7903342142 2.2491814987 1.2346337106 -0.8201849262 0.0112798545 -0.0231774726 0.5715175032
1403715583.3621430397 -1.8039772961 2.2830163599 1.2267640771 -0.8094551864 0.0154346355 -0.0189825139 0.5866717458
1403715583.4121432304 -1.8189727256 2.3168354838 1.2192830968 -0.7996209953 0.0194110071 -0.0149396824 0.6000052355
1403715583.4621429443 -1.8314231519 2.3477806084 1.2090503671 -0.7901429906 0.0218569715 -0.0111417733 0.6124313742
1403715583.5121431351 -1.8438112019 2.3769702823 1.1996434568 -0.7814198729 0.0228003605 -0.0090880011 0.6235226812
1403715583.5621430874 -1.8540542106 2.4027125523 1.1896500521 -0.7719598594 0.0233228903 -0.0063243230 0.6352117924
1403715583.6121432781 -1.8655740408 2.4254567555 1.1796096945 -0.7581689308 0.0233522366 -0.0045774834 0.6516238117
1403715583.6621429920 -1.8771881323 2.4429301869 1.1687926325 -0.7424213220 0.0219942548 -0.0055128967 0.6695494316
1403715583.7121431828 -1.8876837543 2.4554982831 1.1614405702 -0.7274430657 0.0202107639 -0.0061002944 0.6858432019
1403715583.7621431351 -1.8958878078 2.4623825967 1.1507898861 -0.7132341917 0.0176514584 -0.0067140673 0.7006713460
1403715583.8121430874 -1.9049481113 2.4601027107 1.1426926622 -0.7012497107 0.0153391613 -0.0075464340 0.7127107441
1403715583.8621430397 -1.9147454924 2.4509752480 1.1378073033 -0.6930722085 0.0145664976 -0.0065237230 0.7206914541
1403715583.9121432304 -1.9223126033 2.4306093495 1.1344406900 -0.6903047043 0.0148780360 -0.0035384423 0.7233571308
1403715583.9621429443 -1.9305340895 2.4004859153 1.1351435726 -0.6913820830 0.0169144443 0.0014692115 0.7222898022
1403715584.0121431351 -1.9386258372 2.3611822643 1.1401639451 -0.6962580014 0.0203669145 0.0085297504 0.7174518992
1403715584.0621430874 -1.9438907693 2.3140094017 1.1485235418 -0.7048189642 0.0239335944 0.0151811989 0.7088208109
1403715584.1121432781 -1.9482724658 2.2573601427 1.1641807127 -0.7179882418 0.0283159575 0.0225382164 0.6951137461
1403715584.1621429920 -1.9517129455 2.1937455189 1.1793470392 -0.7334100285 0.0317632154 0.0276833573 0.6784795207
1403715584.2121431828 -1.9497746852 2.1244426924 1.1958023438 -0.7499695670 0.0348893263 0.0341645586 0.6596674666
1403715584.2621431351 -1.9483028275 2.0494300483 1.2139368939 -0.7695065030 0.0365250220 0.0369300583 0.6365232403
1403715584.3121430874 -1.9422277878 1.9704402598 1.2323255141 -0.7875446091 0.0364272796 0.0390568684 0.6139390059
1403715584.3621430397 -1.9346389131 1.8928501061 1.2494192758 -0.8021395261 0.0367972404 0.0414385216 0.5945594946
1403715584.4121432304 -1.9254603339 1.8131793346 1.2585250609 -0.8138429548 0.0353409106 0.0405299777 0.5785913807
1403715584.4621429443 -1.9141277088 1.7339476279 1.2673339820 -0.8233337205 0.0331924833 0.0381525703 0.5653001195
1403715584.5121431351 -1.9020573852 1.6565895153 1.2698987938 -0.8290546003 0.0313983441 0.0361687759 0.5571125859
1403715584.5621430874 -1.8879399231 1.5810967074 1.2738267438 -0.8341219695 0.0298508259 0.0343283498 0.5497008574
1403715584.6121432781 -1.8721543039 1.5066466531 1.2783660198 -0.8376800450 0.0278743681 0.0308789412 0.5445747450
1403715584.6621429920 -1.8528874846 1.4350671139 1.2802049440 -0.8405878258 0.0229527286 0.0245758036 0.5406304738
1403715584.7121431828 -1.8321510439 1.3648832591 1.2842439430 -0.8437075287 0.0155443005 0.0146754530 0.5363773036
1403715584.7621431351 -1.8118663829 1.2979408959 1.2894870044 -0.8466302993 0.0092077225 0.0048811181 0.5320794385
1403715584.8121430874 -1.7882948557 1.2342793202 1.2950778014 -0.8482209521 0.0044370798 -0.0027393270 0.5296168661
1403715584.8621430397 -1.7659806690 1.1731228251 1.3010991476 -0.8495194219 0.0014261346 -0.0089781201 0.5274790150
1403715584.9121432304 -1.7448963513 1.1141395470 1.3075904945 -0.8520434899 -0.0021367875 -0.0156139340 0.5232337246
1403715584.9621429443 -1.7238546436 1.0586169770 1.3122979023 -0.8552633904 -0.0075463171 -0.0245826956 0.5175550958
1403715585.0121431351 -1.7051022543 1.0067353224 1.3177116569 -0.8601414078 -0.0102588063 -0.0302920262 0.5090519705
1403715585.0621430874 -1.6874766185 0.9583595717 1.3237712553 -0.8655241639 -0.0101592218 -0.0324736724 0.4997100884
1403715585.1121432781 -1.6697780213 0.9141691608 1.3303809537 -0.8705991242 -0.0081505656 -0.0321501360 0.4908738147
1403715585.1621429920 -1.6549019103 0.8739627574 1.3373528612 -0.8748736893 -0.0068299539 -0.0325307970 0.4832091956
1403715585.2121431828 -1.6406027696 0.8394233685 1.3431222300 -0.8768736793 -0.0047236052 -0.0308066136 0.4797094858
1403715585.2621431351 -1.6280848926 0.8101573328 1.3517912801 -0.8761372175 -0.0051463770 -0.0312340826 0.4810213332
1403715585.3121430874 -1.6171826548 0.7860364378 1.3604674272 -0.8724191933 -0.0045956752 -0.0300970679 0.4878091813
1403715585.3621430397 -1.6074383449 0.7670156884 1.3697896898 -0.8675704247 -0.0068516058 -0.0312838362 0.4962821126
1403715585.4121432304 -1.5990346497 0.7523297787 1.3796999693 -0.8626037586 -0.0084338242 -0.0317423823 0.5048128835
1403715585.4621429443 -1.5918887181 0.7407915310 1.3880646364 -0.8583676725 -0.0102637113 -0.0319452321 0.5119366144
1403715585.5121431351 -1.5866492921 0.7324487229 1.3967174570 -0.8534015102 -0.0128300386 -0.0331392244 0.5200413871
1403715585.5621430874 -1.5815036663 0.7272587414 1.4054093833 -0.8479359700 -0.0154317105 -0.0339567721 0.5287848245
1403715585.6121432781 -1.5782063029 0.7235439324 1.4135843591 -0.8439877997 -0.0177174484 -0.0346573384 0.5349481796
1403715585.6621429920 -1.5756570776 0.7219615475 1.4190175033 -0.8407859976 -0.0193874689 -0.0345743166 0.5399144830
1403715585.7121431828 -1.5765352612 0.7219810262 1.4228795514 -0.8398868531 -0.0205135944 -0.0347828986 0.5412572553
1403715585.7621431351 -1.5774847758 0.7222464233 1.4256687179 -0.8395756045 -0.0210272264 -0.0341347171 0.5417614615
1403715585.8121430874 -1.5795060644 0.7246785715 1.4244568378 -0.8396869967 -0.0192728001 -0.0305004947 0.5418708578
1403715585.8621430397 -1.5848649181 0.7275920061 1.4181651723 -0.8404206229 -0.0160037641 -0.0257388939 0.5410864676
1403715585.9121432304 -1.5898284500 0.7320373114 1.4075366007 -0.8412739048 -0.0095398992 -0.0165293828 0.5402721416
1403715585.9621429443 -1.5963043692 0.7388065400 1.3942936402 -0.8418885249 -0.0013171407 -0.0060351087 0.5396161175
1403715586.0121431351 -1.6010186804 0.7469655420 1.3837483988 -0.8420765613 0.0084573212 0.0067408800 0.5392495705
1403715586.0621430874 -1.6055703355 0.7566331691 1.3739313006 -0.8396384769 0.0182831852 0.0187037374 0.5425155514
1403715586.1121432781 -1.6081391790 0.7684207755 1.3671365691 -0.8323368864 0.0249222058 0.0259659892 0.5531003151
1403715586.1621429920 -1.6086266342 0.7812429163 1.3634783332 -0.8246979375 0.0271142572 0.0275359206 0.5642516300
1403715586.2121431828 -1.6078277787 0.7941194884 1.3609984358 -0.8175888345 0.0251589366 0.0236736663 0.5747652418
1403715586.2621431351 -1.6033219073 0.8058717333 1.3589421624 -0.8113995039 0.0194884842 0.0151390146 0.5839707649
1403715586.3121430874 -1.5978967869 0.8186761991 1.3583528679 -0.8068738623 0.0117996857 0.0040845192 0.5905917833
1403715586.3621430397 -1.5929889896 0.8295899538 1.3573818469 -0.8019963692 0.0032273410 -0.0082594083 0.5972630829
1403715586.4121432304 -1.5886923135 0.8397457829 1.3562409106 -0.7970852655 -0.0040059495 -0.0188216297 0.6035600866
1403715586.4621429443 -1.5839646226 0.8480496634 1.3541949033 -0.7922577585 -0.0093907306 -0.0257265799 0.6095716540
1403715586.5121431351 -1.5797982549 0.8547177726 1.3552666663 -0.7888802067 -0.0131761829 -0.0301615703 0.6136649634
1403715586.5621430874 -1.5793453642 0.8587009395 1.3559000058 -0.7864791843 -0.0145329391 -0.0320205385 0.6166149297
1403715586.6121432781 -1.5787316804 0.8604567293 1.3558358472 -0.7849881202 -0.0149465561 -0.0325534218 0.6184743538
1403715586.6621429920 -1.5787047614 0.8599996320 1.3549240152 -0.7858450438 -0.0146620670 -0.0324241985 0.6173987871
1403715586.7121431828 -1.5812505815 0.8573698432 1.3556333943 -0.7885220550 -0.0122548633 -0.0297370787 0.6141648746
1403715586.7621431351 -1.5834048924 0.8525304492 1.3564890799 -0.7935349305 -0.0082632181 -0.0247901138 0.6079633900
1403715586.8121430874 -1.5879022382 0.8459079010 1.3572235259 -0.8006358032 -0.0033367651 -0.0190673032 0.5988385547
1403715586.8621430397 -1.5938994789 0.8379644347 1.3585089279 -0.8085420723 0.0014710436 -0.0140094511 0.5882697415
1403715586.9121432304 -1.6002399945 0.8295717382 1.3594290697 -0.8153612270 0.0052324214 -0.0109144522 0.5788260240
1403715586.9621429443 -1.6041259535 0.8205583756 1.3616344104 -0.8204443675 0.0075844462 -0.0092633142 0.5716010034
1403715587.0121431351 -1.6096603152 0.8122478454 1.3626995129 -0.8231569711 0.0096388525 -0.0084561714 0.5676690820
1403715587.0621430874 -1.6140500834 0.8043481046 1.3652079062 -0.8245763528 0.0113252330 -0.0079485620 0.5655814688
1403715587.1121432781 -1.6192363120 0.7976574776 1.3681072252 -0.8239694844 0.0121842417 -0.0084681533 0.5664398674
1403715587.1621429920 -1.6235197288 0.7913899394 1.3712237430 -0.8207446603 0.0101612717 -0.0116804199 0.5710853868
1403715587.2121431828 -1.6280316417 0.7845254661 1.3761221087 -0.8159666585 0.0072055286 -0.0148786809 0.5778625419
1403715587.2621431351 -1.6315295749 0.7775216708 1.3815558449 -0.8120644652 0.0042554637 -0.0169954230 0.5833046811
1403715587.3121430874 -1.6362875022 0.7707120997 1.3885353257 -0.8090108734 0.0017932151 -0.0172911247 0.5875365589
1403715587.3621430397 -1.6419049879 0.7623943159 1.3950684616 -0.8072929097 0.0020790601 -0.0129875388 0.5900043722
1403715587.4121432304 -1.6477643581 0.7541455454 1.4021172716 -0.8055953995 0.0041917934 -0.0061733084 0.5924190843
1403715587.4621429443 -1.6534184864 0.7444690655 1.4097521872 -0.8053143282 0.0076697834 0.0011375990 0.5927973626
1403715587.5121431351 -1.6594268124 0.7347188064 1.4164699797 -0.8061279898 0.0128696662 0.0074816162 0.5915539376
1403715587.5621430874 -1.6627058373 0.7247710378 1.4238911446 -0.8070028454 0.0205493729 0.0140619376 0.5900223663
1403715587.6121432781 -1.6664633880 0.7136091523 1.4309241842 -0.8082275881 0.0303036302 0.0188982476 0.5877862810
1403715587.6621429920 -1.6667693055 0.7011783285 1.4392438232 -0.8099717487 0.0409075637 0.0216609833 0.5846393241
1403715587.7121431828 -1.6664546524 0.6899499560 1.4462912496 -0.8125402718 0.0514881020 0.0204810220 0.5802652926
1403715587.7621431351 -1.6608217336 0.6770590154 1.4531232784 -0.8142675862 0.0632075987 0.0169086937 0.5767904244
1403715587.8121430874 -1.6532997670 0.6654541623 1.4596231292 -0.8145584420 0.0762403425 0.0106750827 0.5749504303
1403715587.8621430397 -1.6433721333 0.6536582728 1.4661964147 -0.8136568952 0.0897916040 0.0012754671 0.5743677375
1403715587.9121432304 -1.6322377891 0.6426604752 1.4717574837 -0.8117782868 0.1030196007 -0.0125734644 0.5746693683
1403715587.9621429443 -1.6173466922 0.6302510506 1.4778216534 -0.8079938495 0.1155961863 -0.0292707107 0.5769979952
1403715588.0121431351 -1.6015819287 0.6165882687 1.4843100081 -0.8029582199 0.1281539415 -0.0472597604 0.5801734046
1403715588.0621430874 -1.5830948176 0.6023983154 1.4901641288 -0.7968245871 0.1406977011 -0.0652642529 0.5839651630
1403715588.1121432781 -1.5643979518 0.5875096855 1.4940613123 -0.7904482245 0.1533963899 -0.0832156123 0.5871424987
1403715588.1621429920 -1.5448828132 0.5711068044 1.4947122313 -0.7835416293 0.1665879780 -0.1005177633 0.5900907897
1403715588.2121431828 -1.5252667316 0.5533278725 1.4919027691 -0.7764854529 0.1803637176 -0.1167774729 0.5923700640
1403715588.2621431351 -1.5049733164 0.5342096782 1.4835631519 -0.7696961492 0.1956284127 -0.1308106985 0.5934525450
1403715588.3121430874 -1.4849616256 0.5129298996 1.4703270571 -0.7636533462 0.2117098226 -0.1428834649 0.5929560130
1403715588.3621430397 -1.4656605487 0.4909815891 1.4553698061 -0.7579752165 0.2275425821 -0.1542240534 0.5915343489
1403715588.4121432304 -1.4458105096 0.4659509371 1.4381274130 -0.7526365501 0.2422743371 -0.1661638953 0.5892630388
1403715588.4621429443 -1.4271830655 0.4392145071 1.4213447335 -0.7475619844 0.2561857599 -0.1776455591 0.5864827289
1403715588.5121431351 -1.4095754032 0.4119060764 1.4052655051 -0.7435732156 0.2704159632 -0.1878324841 0.5819733996
1403715588.5621430874 -1.3931321879 0.3805151480 1.3895782339 -0.7388707979 0.2843055178 -0.1977745205 0.5780359467
1403715588.6121432781 -1.3759581284 0.3481673433 1.3735055580 -0.7358429219 0.2983863705 -0.2063555806 0.5717675598
1403715588.6621429920 -1.3613862218 0.3144849021 1.3589893750 -0.7342464562 0.3130641926 -0.2132231890 0.5633904725
1403715588.7121431828 -1.3463506809 0.2781652397 1.3432332310 -0.7339421577 0.3268100467 -0.2206776731 0.5530148887
1403715588.7621431351 -1.3330014631 0.2413552117 1.3273949386 -0.7340617813 0.3406550298 -0.2279354609 0.5414359404
1403715588.8121430874 -1.3193543414 0.2028040776 1.3108876376 -0.7357925588 0.3539047426 -0.2355068804 0.5271596085
1403715588.8621430397 -1.3048378242 0.1640351394 1.2927341844 -0.7383916235 0.3672653575 -0.2428527261 0.5107998835
1403715588.9121432304 -1.2909702278 0.1248163151 1.2748369646 -0.7417126614 0.3803486383 -0.2495343955 0.4928791197
1403715588.9621429443 -1.2754904665 0.0847332099 1.2568730599 -0.7442213578 0.3940558526 -0.2555901498 0.4748981270
1403715589.0121431351 -1.2593569357 0.0498380019 1.2408678361 -0.7459274690 0.4065182872 -0.2614004582 0.4582629088
1403715589.0621430874 -1.2414983646 0.0140142324 1.2251592594 -0.7451244049 0.4197622180 -0.2661678723 0.4446841186
1403715589.1121432781 -1.2206235424 -0.0197730402 1.2129881109 -0.7426275585 0.4311917657 -0.2721333038 0.4341905520
1403715589.1621429920 -1.1981572499 -0.0491458537 1.2038335690 -0.7394222462 0.4419111798 -0.2770011781 0.4257224428
1403715589.2121431828 -1.1724914250 -0.0769430677 1.1978829608 -0.7353545194 0.4511368988 -0.2822495552 0.4196003074
1403715589.2621431351 -1.1442556724 -0.1027151474 1.1949830256 -0.7312020796 0.4600546733 -0.2876712343 0.4134470672
1403715589.3121430874 -1.1128167754 -0.1267314087 1.1952522345 -0.7276365411 0.4695805166 -0.2909134545 0.4067045174
1403715589.3621430397 -1.0787307229 -0.1468796732 1.1972057714 -0.7248788873 0.4793093584 -0.2940529313 0.3979271432
1403715589.4121432304 -1.0410833789 -0.1642503566 1.2027089723 -0.7211885366 0.4897363404 -0.2959087548 0.3904912552
1403715589.4621429443 -0.9991716188 -0.1823027303 1.2069671082 -0.7170757396 0.4999827620 -0.2972273185 0.3840254451
1403715589.5121431351 -0.9545666892 -0.1952950324 1.2122097280 -0.7136771233 0.5089612903 -0.2998389353 0.3764571443
1403715589.5621430874 -0.9068049114 -0.2063170702 1.2180089675 -0.7110261386 0.5156577799 -0.3028634319 0.3698819080
1403715589.6121432781 -0.8537020203 -0.2161626068 1.2260074590 -0.7088171571 0.5213824518 -0.3047324154 0.3645226081
1403715589.6621429920 -0.7963083231 -0.2219881164 1.2368202493 -0.7056680087 0.5254386505 -0.3072318048 0.3627058095
1403715589.7121431828 -0.7342623338 -0.2249737075 1.2520956104 -0.7022561540 0.5265160045 -0.3119238356 0.3637591401
1403715589.7621431351 -0.6672705088 -0.2259023982 1.2720666358 -0.6962930776 0.5240122545 -0.3206463477 0.3711778913
1403715589.8121430874 -0.5956729871 -0.2229763919 1.2953239256 -0.6875641746 0.5174382634 -0.3342042847 0.3844745057
1403715589.8621430397 -0.5253958550 -0.2186838873 1.3225099350 -0.6780235225 0.5099758781 -0.3467857076 0.3999354695
1403715589.9121432304 -0.4473837221 -0.2123071962 1.3515759916 -0.6686709497 0.5041110120 -0.3560376602 0.4147148816
1403715589.9621429443 -0.3704854658 -0.2032683735 1.3772117264 -0.6610059691 0.4995228852 -0.3627705643 0.4265507163
1403715590.0121431351 -0.2954785181 -0.1944454035 1.4007630626 -0.6553055758 0.4959281235 -0.3668970634 0.4359087560
1403715590.0621430874 -0.2221070490 -0.1864051088 1.4233394958 -0.6525048522 0.4925184934 -0.3697960132 0.4414904984
1403715590.1121432781 -0.1487355993 -0.1777694102 1.4456532157 -0.6520454280 0.4898320122 -0.3716605535 0.4435874127
1403715590.1621429920 -0.0794058046 -0.1696905272 1.4653621387 -0.6534795895 0.4877208176 -0.3721517093 0.4433914022
1403715590.2121431828 -0.0065300566 -0.1586946270 1.4863750542 -0.6574561695 0.4861731027 -0.3702721374 0.4407784518
1403715590.2621431351 0.0620991949 -0.1479898946 1.5054192804 -0.6623734233 0.4824236322 -0.3689273517 0.4386587472
1403715590.3121430874 0.1302913282 -0.1355065549 1.5239055451 -0.6687813869 0.4761271987 -0.3682118944 0.4364107561
1403715590.3621430397 0.1959449382 -0.1199724142 1.5420468277 -0.6763631756 0.4671022691 -0.3689605393 0.4338391928
1403715590.4121432304 0.2624203234 -0.1045508927 1.5604835066 -0.6849698140 0.4564869867 -0.3684032525 0.4321053441
1403715590.4621429443 0.3243044789 -0.0853937604 1.5767565378 -0.6930871867 0.4438087878 -0.3678134555 0.4328708508
1403715590.5121431351 0.3873219431 -0.0644770002 1.5935250750 -0.7022198040 0.4307230604 -0.3649097311 0.4338270167
1403715590.5621430874 0.4483884558 -0.0414111790 1.6102586088 -0.7118582061 0.4159190840 -0.3616180346 0.4353178230
1403715590.6121432781 0.5092995923 -0.0143917341 1.6281808083 -0.7223319844 0.4021580882 -0.3546233130 0.4367467027
1403715590.6621429920 0.5615500253 0.0154223492 1.6423904171 -0.7307863643 0.3922286188 -0.3432247596 0.4408001414
1403715590.7121431828 0.6185548089 0.0489958793 1.6581673033 -0.7387977964 0.3847032520 -0.3261419693 0.4470040714
1403715590.7621431351 0.6728149641 0.0845936514 1.6759577843 -0.7449156189 0.3764418331 -0.3090274105 0.4559543031
1403715590.8121430874 0.7250423853 0.1218524397 1.6904840690 -0.7490425798 0.3662275777 -0.2938688772 0.4673902631
1403715590.8621430397 0.7777275294 0.1612081330 1.7070031240 -0.7528123430 0.3536995515 -0.2803978809 0.4791108764
1403715590.9121432304 0.8290204676 0.1968933827 1.7239572316 -0.7564313918 0.3395534221 -0.2679263320 0.4906429492
1403715590.9621429443 0.8829119415 0.2386307353 1.7414834158 -0.7622541485 0.3228519026 -0.2550608772 0.4996791081
1403715591.0121431351 0.9311686356 0.2797850986 1.7553873483 -0.7688593998 0.3062797402 -0.2434812233 0.5057319823
1403715591.0621430874 0.9804005945 0.3217154478 1.7701526138 -0.7765136453 0.2888693718 -0.2304551752 0.5103640435
1403715591.1121432781 1.0273041920 0.3645692704 1.7839031682 -0.7840536721 0.2704060532 -0.2184200032 0.5142305979
1403715591.1621429920 1.0738786545 0.4088886084 1.7978507111 -0.7923028713 0.2492513931 -0.2081643643 0.5165244434
1403715591.2121431828 1.1189012826 0.4529752783 1.8100396267 -0.8001895034 0.2273302900 -0.1982994553 0.5183580075
1403715591.2621431351 1.1643115539 0.4987378280 1.8212533976 -0.8075573879 0.2034160725 -0.1901672040 0.5199128784
1403715591.3121430874 1.2072120832 0.5450370727 1.8322219214 -0.8139485184 0.1792555091 -0.1821845954 0.5216934397
1403715591.3621430397 1.2477158195 0.5937354909 1.8457302682 -0.8191325640 0.1574891759 -0.1718354337 0.5241102801
1403715591.4121432304 1.2868683459 0.6433348360 1.8561471609 -0.8234722958 0.1353867459 -0.1615210889 0.5267587160
1403715591.4621429443 1.3254050332 0.6937988549 1.8657008075 -0.8267398713 0.1144769536 -0.1497293711 0.5300729456
1403715591.5121431351 1.3563558972 0.7474956107 1.8790869894 -0.8307167350 0.0959039880 -0.1370168143 0.5309788356
1403715591.5621430874 1.3865832137 0.8016297061 1.8871342217 -0.8337120886 0.0774643859 -0.1229453335 0.5327362079
1403715591.6121432781 1.4173973746 0.8557492114 1.8929035629 -0.8364284912 0.0608526006 -0.1068481101 0.5341046914
1403715591.6621429920 1.4456891063 0.9113867121 1.8962416238 -0.8374594489 0.0442748391 -0.0915734151 0.5369503886
1403715591.7121431828 1.4688546523 0.9688735315 1.8965945973 -0.8370225816 0.0263427826 -0.0808302486 0.5405235671
1403715591.7621431351 1.4968201403 1.0262277673 1.8939912840 -0.8361761638 0.0086472744 -0.0699686253 0.5439108743
1403715591.8121430874 1.5179615882 1.0849031437 1.8854149315 -0.8350490777 -0.0086756755 -0.0602707923 0.5467953932
1403715591.8621430397 1.5340816350 1.1435554725 1.8785265079 -0.8343440200 -0.0246363944 -0.0512948652 0.5482991347
1403715591.9121432304 1.5533288018 1.2032069263 1.8674646632 -0.8332477539 -0.0417475977 -0.0423358370 0.5496935469
1403715591.9621429443 1.5645582147 1.2642411477 1.8533910531 -0.8313947209 -0.0600415685 -0.0360694734 0.5512502347
1403715592.0121431351 1.5770630316 1.3231548941 1.8376692165 -0.8294777727 -0.0794457305 -0.0315467025 0.5519599678
1403715592.0621430874 1.5904735956 1.3838236628 1.8192957890 -0.8271361190 -0.0994581852 -0.0253375542 0.5525503764
1403715592.1121432781 1.5987650540 1.4460228841 1.8002869860 -0.8239468991 -0.1194348371 -0.0185762104 0.5536260033
1403715592.1621429920 1.6011851492 1.5047774018 1.7815566494 -0.8186757370 -0.1381559028 -0.0103949644 0.5572924986
1403715592.2121431828 1.5992735094 1.5643393981 1.7662149431 -0.8111275003 -0.1568311190 -0.0003608649 0.5634501292
1403715592.2621431351 1.5902343795 1.6209497787 1.7483154799 -0.8036304827 -0.1750724871 0.0092579796 0.5687195807
1403715592.3121430874 1.5801522210 1.6778601856 1.7379776473 -0.7963284255 -0.1940365800 0.0195484535 0.5725632736
1403715592.3621430397 1.5653913315 1.7333784302 1.7294953559 -0.7900295428 -0.2126909553 0.0298001552 0.5742193221
1403715592.4121432304 1.5479057987 1.7858556911 1.7252764916 -0.7838315744 -0.2319954931 0.0395803458 0.5746473269
1403715592.4621429443 1.5271757595 1.8394121091 1.7236130109 -0.7783147986 -0.2511109746 0.0498229539 0.5733123284
1403715592.5121431351 1.5009440998 1.8882101217 1.7218581340 -0.7713657988 -0.2700726316 0.0593486821 0.5731782550
1403715592.5621430874 1.4719718877 1.9343001246 1.7227255916 -0.7639613802 -0.2885660105 0.0689884313 0.5730037203
1403715592.6121432781 1.4373636044 1.9774826759 1.7208164061 -0.7558682884 -0.3068452882 0.0783623356 0.5730344179
1403715592.6621429920 1.3994667098 2.0176214794 1.7209098908 -0.7474980446 -0.3258042333 0.0870341346 0.5722965440
1403715592.7121431828 1.3580957935 2.0540779586 1.7199453020 -0.7390722124 -0.3441530874 0.0969639256 0.5709018430
1403715592.7621431351 1.3130123473 2.0869389008 1.7191570879 -0.7318263039 -0.3611568196 0.1096992997 0.5674170215
1403715592.8121430874 1.2636351830 2.1145395417 1.7199129974 -0.7271614326 -0.3738662097 0.1279972292 0.5613172164
1403715592.8621430397 1.2106807063 2.1374067478 1.7195829940 -0.7256541048 -0.3822394904 0.1520699660 0.5515376846
1403715592.9121432304 1.1559876000 2.1561839837 1.7201980067 -0.7244496735 -0.3891484668 0.1773459164 0.5406334871
1403715592.9621429443 1.0976062795 2.1735302802 1.7220451024 -0.7232274009 -0.3954645461 0.2030043565 0.5285254493
1403715593.0121431351 1.0373577488 2.1900465638 1.7232636255 -0.7196996287 -0.4023494091 0.2285361697 0.5176085553
1403715593.0621430874 0.9790783107 2.2032180562 1.7248771873 -0.7144679862 -0.4103771094 0.2517812189 0.5076734606
1403715593.1121432781 0.9183772041 2.2182562416 1.7258289247 -0.7069320374 -0.4212704948 0.2719565929 0.4988164755
1403715593.1621429920 0.8594082096 2.2302209748 1.7251012384 -0.6974244774 -0.4343065121 0.2884974362 0.4916769073
1403715593.2121431828 0.7985589874 2.2450946749 1.7241837591 -0.6863365123 -0.4479097811 0.3034737398 0.4860274777
1403715593.2621431351 0.7388875842 2.2563937218 1.7240084147 -0.6754089209 -0.4621299621 0.3152387099 0.4805031149
1403715593.3121430874 0.6826882154 2.2675437597 1.7214607488 -0.6635046879 -0.4778792603 0.3232274459 0.4763580165
1403715593.3621430397 0.6246073930 2.2803060393 1.7191415319 -0.6492938131 -0.4956856328 0.3272229773 0.4750141270
1403715593.4121432304 0.5680427667 2.2921034502 1.7190123668 -0.6353888122 -0.5137906977 0.3296582684 0.4728906876
1403715593.4621429443 0.5102278642 2.3032757609 1.7152800289 -0.6203560149 -0.5313465524 0.3326701553 0.4713383326
1403715593.5121431351 0.4526771175 2.3112300004 1.7125666634 -0.6062111738 -0.5479396546 0.3357480842 0.4685545557
1403715593.5621430874 0.3946687860 2.3163931090 1.7113436601 -0.5927606488 -0.5612376552 0.3428010428 0.4649027346
1403715593.6121432781 0.3383969544 2.3209348660 1.7120983130 -0.5773440192 -0.5737222284 0.3514528497 0.4625987274
1403715593.6621429920 0.2813592039 2.3216337280 1.7112738167 -0.5629229739 -0.5827770190 0.3637979802 0.4594994028
1403715593.7121431828 0.2246331047 2.3207532577 1.7127313462 -0.5469811891 -0.5909051095 0.3767455328 0.4579361679
1403715593.7621431351 0.1713348354 2.3183637624 1.7091754365 -0.5320880343 -0.5987013959 0.3896918318 0.4545098882
1403715593.8121430874 0.1175301059 2.3152143799 1.7108511667 -0.5169055116 -0.6080911033 0.4017104903 0.4490685740
1403715593.8621430397 0.0660908982 2.3056034906 1.7085219508 -0.5018361408 -0.6192155588 0.4099765676 0.4434543873
1403715593.9121432304 0.0172567030 2.2957558231 1.7107850206 -0.4882283191 -0.6306784471 0.4191462725 0.4338135625
1403715593.9621429443 -0.0288270714 2.2818709620 1.7107314429 -0.4744618125 -0.6437993527 0.4261384655 0.4228645056
1403715594.0121431351 -0.0732366635 2.2670701081 1.7120217697 -0.4612848621 -0.6573572432 0.4317130182 0.4107573501
1403715594.0621430874 -0.1161909860 2.2467310330 1.7089454653 -0.4495616703 -0.6696057818 0.4381097567 0.3969662992
1403715594.1121432781 -0.1561199629 2.2270102548 1.7066930410 -0.4382862386 -0.6812839022 0.4440536092 0.3828495917
1403715594.1621429920 -0.1954194712 2.2034998097 1.7054635046 -0.4267754354 -0.6917360137 0.4502545202 0.3696415590
1403715594.2121431828 -0.2331325492 2.1808387917 1.7045550581 -0.4146726971 -0.7011891896 0.4568532248 0.3573029606
1403715594.2621431351 -0.2706148426 2.1565493022 1.7058469448 -0.4024425583 -0.7101950025 0.4627518019 0.3457221651
1403715594.3121430874 -0.3060829160 2.1294233239 1.7052416671 -0.3890951216 -0.7187088318 0.4684222840 0.3356235470
1403715594.3621430397 -0.3401852372 2.1015008422 1.7058895518 -0.3743707864 -0.7264363214 0.4743823431 0.3272585794
1403715594.4121432304 -0.3734946109 2.0721384962 1.7084828010 -0.3584492015 -0.7348506250 0.4791729371 0.3192209661
1403715594.4621429443 -0.4048811790 2.0397332510 1.7078657886 -0.3416024259 -0.7431653338 0.4836496290 0.3116024801
1403715594.5121431351 -0.4346456963 2.0074688707 1.7088238414 -0.3226187260 -0.7517492947 0.4875462123 0.3051046484
1403715594.5621430874 -0.4612279667 1.9706238044 1.7073615618 -0.3035657963 -0.7600441073 0.4913132781 0.2979799071
1403715594.6121432781 -0.4881236015 1.9352846260 1.7077369626 -0.2843793047 -0.7685349810 0.4949915233 0.2889044582
1403715594.6621429920 -0.5115343946 1.8964776821 1.7070506370 -0.2665264861 -0.7776946949 0.4967512601 0.2781955774
1403715594.7121431828 -0.5324890813 1.8549904483 1.7056178963 -0.2513208077 -0.7880422913 0.4965288307 0.2632229454
1403715594.7621431351 -0.5525923622 1.8137545490 1.7070660734 -0.2396524792 -0.7985207106 0.4962248170 0.2422649273
1403715594.8121430874 -0.5701506749 1.7675617814 1.7066565324 -0.2285190805 -0.8072317962 0.4973016140 0.2210134880
1403715594.8621430397 -0.5874470364 1.7210471646 1.7071921520 -0.2171957265 -0.8144132737 0.4995336431 0.2000579301
1403715594.9121432304 -0.6033817553 1.6709392714 1.7078018100 -0.2042638116 -0.8214186390 0.5008625164 0.1807884244
1403715594.9621429443 -0.6196459194 1.6185291772 1.7076967177 -0.1903772178 -0.8274029123 0.5025319345 0.1631643052
1403715595.0121431351 -0.6357641826 1.5646392062 1.7061907753 -0.1747293028 -0.8323690779 0.5045225647 0.1486215685
1403715595.0621430874 -0.6510479573 1.5088254360 1.7058310793 -0.1583123425 -0.8369558596 0.5060926975 0.1353228466
1403715595.1121432781 -0.6686644127 1.4502843343 1.7050860703 -0.1424000330 -0.8398900029 0.5096623658 0.1206287136
1403715595.1621429920 -0.6845421943 1.3913384814 1.7041201275 -0.1282208233 -0.8405437574 0.5158738480 0.1044977761
1403715595.2121431828 -0.7017863141 1.3286277002 1.7040044950 -0.1118778741 -0.8410900272 0.5213993917 0.0905184062
1403715595.2621431351 -0.7203063846 1.2651122345 1.7039187169 -0.0951281544 -0.8410728628 0.5270449343 0.0759651959
1403715595.3121430874 -0.7375887600 1.2011893295 1.7024306013 -0.0779031786 -0.8396657135 0.5338131535 0.0627383571
1403715595.3621430397 -0.7573933659 1.1368782809 1.7021345247 -0.0592738204 -0.8375258012 0.5408712822 0.0499540048
1403715595.4121432304 -0.7761243376 1.0705558291 1.7004193315 -0.0418774490 -0.8356095394 0.5465636646 0.0356530150
1403715595.4621429443 -0.7944697331 1.0039549912 1.6981850141 -0.0237107392 -0.8319084501 0.5539509588 0.0224603384
1403715595.5121431351 -0.8118296739 0.9367787832 1.6953707003 -0.0032113174 -0.8278375540 0.5608316486 0.0119387367
1403715595.5621430874 -0.8303750164 0.8708281144 1.6909174777 0.0182987863 -0.8233049408 0.5672950027 0.0032417270
1403715595.6121432781 -0.8502193377 0.8038912528 1.6894825793 -0.0442336691 0.8168112719 -0.5752066536 0.0001851641
1403715595.6621429920 -0.8679615172 0.7406599856 1.6851505851 -0.0711718015 0.8078181961 -0.5851153531 0.0020881361
1403715595.7121431828 -0.8842287872 0.6758868759 1.6809396068 -0.0991231216 0.7970549218 -0.5957146836 0.0014401962
1403715595.7621431351 -0.8997311951 0.6125919084 1.6792338257 -0.1263645792 0.7849038166 -0.6065915426 0.0021661356
1403715595.8121430874 -0.9129724639 0.5537701848 1.6771712667 -0.1531713090 0.7719575478 -0.6169414718 0.0018206706
1403715595.8621430397 -0.9230322601 0.4985868242 1.6761142180 -0.1738733720 0.7592785308 -0.6270787717 0.0060313478
1403715595.9121432304 -0.9304254447 0.4448750301 1.6767916454 -0.1940890848 0.7441746453 -0.6390895549 0.0099027898
1403715595.9621429443 -0.9326875828 0.3995095263 1.6792371718 -0.2086179985 0.7287024837 -0.6520364183 0.0178810023
1403715596.0121431351 -0.9336319853 0.3583550872 1.6836392471 -0.2182168406 0.7130330314 -0.6655820306 0.0310784023
1403715596.0621430874 -0.9291599706 0.3272513893 1.6896995372 -0.2230822216 0.6983877410 -0.6783905171 0.0476989722
1403715596.1121432781 -0.9253383023 0.3008342567 1.6978327092 -0.2252355884 0.6868729989 -0.6878701913 0.0656430728
1403715596.1621429920 -0.9219094887 0.2817322620 1.7075144443 -0.2284805254 0.6812964087 -0.6911172444 0.0773873857
1403715596.2121431828 -0.9160131713 0.2749835251 1.7172750878 -0.2325460821 0.6833121789 -0.6868638672 0.0849989047
1403715596.2621431351 -0.9104225523 0.2760671575 1.7290857049 -0.2380319633 0.6945893023 -0.6732011197 0.0876740439
1403715596.3121430874 -0.9024440911 0.2861528756 1.7420249204 -0.2444719359 0.7139561012 -0.6501856952 0.0880835959
1403715596.3621430397 -0.8956498781 0.2995702693 1.7545826854 -0.2515396992 0.7346976989 -0.6237803419 0.0885728851
1403715596.4121432304 -0.8869583008 0.3165189348 1.7674024835 -0.2568701708 0.7550634979 -0.5960951228 0.0925604342
1403715596.4621429443 -0.8761361681 0.3379857704 1.7797658112 -0.2621559324 0.7724303733 -0.5701638760 0.0976664734
1403715596.5121431351 -0.8636522360 0.3592558889 1.7931061149 -0.2674712964 0.7872413582 -0.5459915091 0.1029729160
1403715596.5621430874 -0.8484860371 0.3823238400 1.8069876137 -0.2732693727 0.7985484864 -0.5251721093 0.1088045060
1403715596.6121432781 -0.8311630401 0.4064343164 1.8210380062 -0.2801009077 0.8080758147 -0.5054159020 0.1145064418
1403715596.6621429920 -0.8120102256 0.4265661059 1.8341338114 -0.2872061834 0.8150920993 -0.4886602401 0.1197858409
1403715596.7121431828 -0.7894378696 0.4445330818 1.8460020856 -0.2952875264 0.8193339875 -0.4752219889 0.1251445362
1403715596.7621431351 -0.7636572626 0.4609425847 1.8602286780 -0.3045295016 0.8217919404 -0.4636740912 0.1301004477
1403715596.8121430874 -0.7358083017 0.4738262727 1.8711159937 -0.3127466251 0.8239819783 -0.4525432867 0.1358227578
1403715596.8621430397 -0.7043734009 0.4838956618 1.8828378624 -0.3196517116 0.8265177462 -0.4411988197 0.1415443389
1403715596.9121432304 -0.6691624500 0.4897544743 1.8937990350 -0.3266844344 0.8284267128 -0.4309792084 0.1457511022
1403715596.9621429443 -0.6300378366 0.4922145219 1.9041341199 -0.3330592415 0.8300909850 -0.4219187534 0.1483410388
1403715597.0121431351 -0.5868550031 0.4902676632 1.9134854673 -0.3388493299 0.8302463200 -0.4162473775 0.1503672192
1403715597.0621430874 -0.5425242439 0.4831314458 1.9229342761 -0.3431374682 0.8292941536 -0.4137031562 0.1528972967
1403715597.1121432781 -0.4924498604 0.4711343328 1.9312360352 -0.3451538198 0.8263409406 -0.4161945157 0.1575170327
1403715597.1621429920 -0.4382281423 0.4543692870 1.9414777552 -0.3455283257 0.8210599144 -0.4234061436 0.1649182547
1403715597.2121431828 -0.3796714810 0.4332026691 1.9524001208 -0.3437403351 0.8138631949 -0.4340504015 0.1762655128
1403715597.2621431351 -0.3190598809 0.4097819902 1.9625933173 -0.3421131867 0.8049952663 -0.4465237019 0.1885676865
1403715597.3121430874 -0.2588332709 0.3821295669 1.9714662243 -0.3400339727 0.7948263331 -0.4595757984 0.2035143312
1403715597.3621430397 -0.1976620812 0.3533441852 1.9818805146 -0.3396628027 0.7854807139 -0.4699371823 0.2163521971
1403715597.4121432304 -0.1303365839 0.3233682297 1.9913206011 -0.3391372932 0.7743252684 -0.4813466954 0.2317577052
1403715597.4621429443 -0.0668632224 0.2891125688 2.0019092323 -0.3421036252 0.7608414271 -0.4943942316 0.2442535083
1403715597.5121431351 -0.0014147030 0.2572895737 2.0107359000 -0.3470521491 0.7483533111 -0.5046374171 0.2546825569
1403715597.5621430874 0.0622225712 0.2237657838 2.0214066629 -0.3549237663 0.7372561889 -0.5108140235 0.2637261182
1403715597.6121432781 0.1232820734 0.1893058457 2.0284865504 -0.3645196187 0.7279828945 -0.5131550353 0.2717319683
1403715597.6621429920 0.1848924246 0.1570150671 2.0339734145 -0.3749142952 0.7200779007 -0.5131550224 0.2785659907
1403715597.7121431828 0.2426281308 0.1245161383 2.0382609115 -0.3868537809 0.7143645382 -0.5095001714 0.2836142348
1403715597.7621431351 0.3000587266 0.0933269308 2.0438121019 -0.3977305584 0.7093061550 -0.5057787574 0.2878941297
1403715597.8121430874 0.3554139859 0.0594722906 2.0489345481 -0.4064723209 0.7056057397 -0.5011907263 0.2927603940
1403715597.8621430397 0.4090418286 0.0256928674 2.0518127295 -0.4139878692 0.7005965908 -0.4995747633 0.2969907692
1403715597.9121432304 0.4639630738 -0.0063560036 2.0557319242 -0.4189110310 0.6947007829 -0.5009894846 0.3015193305
1403715597.9621429443 0.5146123282 -0.0411235792 2.0590262200 -0.4218879829 0.6879822084 -0.5042986265 0.3072033628
1403715598.0121431351 0.5672579183 -0.0726764047 2.0632819521 -0.4240569310 0.6832746356 -0.5066747107 0.3107929040
1403715598.0621430874 0.6185274143 -0.1038833738 2.0687573673 -0.4263911428 0.6795696180 -0.5090360814 0.3118621417
1403715598.1121432781 0.6657476408 -0.1363700794 2.0713336280 -0.4295461145 0.6758774296 -0.5117913131 0.3110457966
1403715598.1621429920 0.7135095860 -0.1668553821 2.0710404585 -0.4306831475 0.6718736801 -0.5157940109 0.3115354277
1403715598.2121431828 0.7588374986 -0.1980896519 2.0696732623 -0.4294968081 0.6675699350 -0.5204852525 0.3146076535
1403715598.2621431351 0.8014269634 -0.2268151526 2.0656602796 -0.4263800774 0.6623137501 -0.5270332739 0.3190242220
1403715598.3121430874 0.8419306707 -0.2557200680 2.0608515469 -0.4227627491 0.6567638161 -0.5340622787 0.3235899107
1403715598.3621430397 0.8803282926 -0.2831495350 2.0536520569 -0.4174477990 0.6507345539 -0.5417875378 0.3297698278
1403715598.4121432304 0.9144638621 -0.3069819037 2.0459662460 -0.4096460685 0.6432365942 -0.5514441986 0.3381509696
1403715598.4621429443 0.9457145579 -0.3298938722 2.0393307130 -0.4020221253 0.6365608130 -0.5597961703 0.3461167287
1403715598.5121431351 0.9732517200 -0.3514645753 2.0320766401 -0.3947764658 0.6311917347 -0.5662802466 0.3536597495
1403715598.5621430874 0.9933947046 -0.3717144792 2.0266913340 -0.3899017559 0.6282024618 -0.5698510570 0.3586196601
1403715598.6121432781 1.0100641015 -0.3884615930 2.0193479959 -0.3874189199 0.6274361880 -0.5716196728 0.3598351848
1403715598.6621429920 1.0209237432 -0.4038972743 2.0114088664 -0.3896910619 0.6316389408 -0.5682336100 0.3553641642
1403715598.7121431828 1.0285377787 -0.4179127729 2.0033577715 -0.3944952687 0.6387467530 -0.5617658691 0.3475560054
1403715598.7621431351 1.0314802347 -0.4258583144 1.9926133962 -0.4004584285 0.6481827443 -0.5527248742 0.3376201866
1403715598.8121430874 1.0292727367 -0.4337196353 1.9833302777 -0.4071736885 0.6580985837 -0.5420943409 0.3274897968
1403715598.8621430397 1.0239242668 -0.4398548277 1.9723139459 -0.4127349366 0.6658754800 -0.5334236878 0.3189339847
1403715598.9121432304 1.0184278272 -0.4460796240 1.9600974562 -0.4181452017 0.6720718791 -0.5262489063 0.3107025398
1403715598.9621429443 1.0088087754 -0.4509115048 1.9479691530 -0.4218095875 0.6764202585 -0.5211301797 0.3048862765
1403715599.0121431351 1.0000556676 -0.4542190396 1.9344080386 -0.4246698338 0.6794157524 -0.5176908643 0.3000765514
1403715599.0621430874 0.9888352375 -0.4580584714 1.9213733551 -0.4261216246 0.6806807316 -0.5159809725 0.2980901521
1403715599.1121432781 0.9782204646 -0.4604646114 1.9083082110 -0.4273606619 0.6806768559 -0.5160836783 0.2961410466
1403715599.1621429920 0.9659775526 -0.4620908640 1.8930774034 -0.4270096815 0.6812750361 -0.5153568549 0.2965372982
1403715599.2121431828 0.9530304784 -0.4633329170 1.8770193826 -0.4267873688 0.6846254965 -0.5107048971 0.2971884579
1403715599.2621431351 0.9395739210 -0.4623138789 1.8608236442 -0.4259977605 0.6887339415 -0.5052908037 0.2980816492
1403715599.3121430874 0.9253587628 -0.4624663672 1.8432068465 -0.4243989005 0.6930207346 -0.4993180149 0.3004818708
1403715599.3621430397 0.9105868102 -0.4631887572 1.8282081986 -0.4221938848 0.6972550458 -0.4931714039 0.3039238247
1403715599.4121432304 0.8953562784 -0.4628563146 1.8095999692 -0.4178823144 0.7005950160 -0.4884896758 0.3097076548
1403715599.4621429443 0.8804256883 -0.4633709503 1.7914882810 -0.4132986896 0.7035059852 -0.4840846120 0.3161101238
1403715599.5121431351 0.8632595779 -0.4655605510 1.7734654204 -0.4090922675 0.7050155757 -0.4816256088 0.3219213067
1403715599.5621430874 0.8464456427 -0.4677877059 1.7554354284 -0.4059224976 0.7064454166 -0.4793706058 0.3261374274
1403715599.6121432781 0.8270028526 -0.4725472177 1.7378883550 -0.4021105901 0.7058528401 -0.4797706438 0.3315101367
1403715599.6621429920 0.8074736087 -0.4779902622 1.7206895687 -0.3980630170 0.7051313819 -0.4805685689 0.3367334544
1403715599.7121431828 0.7873915525 -0.4857408893 1.7045771156 -0.3970989770 0.7023482562 -0.4845135481 0.3380324707
1403715599.7621431351 0.7660800960 -0.4938647068 1.6883086603 -0.3963688775 0.6991073570 -0.4898284716 0.3379477545
1403715599.8121430874 0.7410108908 -0.5044934925 1.6727682952 -0.3981165037 0.6957121382 -0.4953025047 0.3349078964
1403715599.8621430397 0.7145114633 -0.5163677929 1.6552870158 -0.4024797813 0.6921300682 -0.5011590790 0.3283375881
1403715599.9121432304 0.6875778472 -0.5278071205 1.6380447555 -0.4085884875 0.6913099194 -0.5033158294 0.3190912394
1403715599.9621429443 0.6593777134 -0.5388168918 1.6202063793 -0.4150581944 0.6922490376 -0.5029400374 0.3091428213
1403715600.0121431351 0.6284095692 -0.5517284369 1.6029299049 -0.4209970162 0.6931333033 -0.5020837820 0.3003990880
1403715600.0621430874 0.5974609430 -0.5632261998 1.5844264361 -0.4284304338 0.6919664805 -0.5026907022 0.2914306286
1403715600.1121432781 0.5656448776 -0.5734023425 1.5655096550 -0.4379165994 0.6878342736 -0.5053259988 0.2824158265
1403715600.1621429920 0.5354207612 -0.5825622570 1.5474729157 -0.4503493940 0.6812063154 -0.5086754876 0.2727501192
1403715600.2121431828 0.5045864115 -0.5906522484 1.5290323569 -0.4642782772 0.6728297289 -0.5115388529 0.2647146373
1403715600.2621431351 0.4750148028 -0.5962562271 1.5117838242 -0.4780293905 0.6641669206 -0.5123945031 0.2604267201
1403715600.3121430874 0.4481415894 -0.5977161002 1.4954880931 -0.4911745892 0.6559764789 -0.5108219993 0.2598139087
1403715600.3621430397 0.4206477450 -0.5962904161 1.4783061842 -0.5050039470 0.6466105144 -0.5082829577 0.2617523468
1403715600.4121432304 0.3954005173 -0.5913804893 1.4595218027 -0.5169039732 0.6395306011 -0.5014707110 0.2689572806
1403715600.4621429443 0.3709207828 -0.5836136790 1.4437824027 -0.5295287932 0.6339373955 -0.4909497917 0.2769312870
1403715600.5121431351 0.3478089939 -0.5716933879 1.4260965048 -0.5403243752 0.6322657497 -0.4741535188 0.2889083450
1403715600.5621430874 0.3267411554 -0.5569094790 1.4115559279 -0.5498243110 0.6311800871 -0.4557740429 0.3026135266
1403715600.6121432781 0.3073731448 -0.5407572925 1.3965138397 -0.5603074329 0.6279357482 -0.4383798808 0.3155556320
1403715600.6621429920 0.2883370140 -0.5230533574 1.3813754946 -0.5709619921 0.6220430447 -0.4237091465 0.3279259265
1403715600.7121431828 0.2748956448 -0.5053861580 1.3712652730 -0.5817998945 0.6136647905 -0.4120646994 0.3393038330
1403715600.7621431351 0.2617730326 -0.4868226506 1.3630274916 -0.5930414924 0.6022582460 -0.4031913720 0.3507470754
1403715600.8121430874 0.2513412097 -0.4671616683 1.3573809015 -0.6043349461 0.5906915412 -0.3943149463 0.3610796300
1403715600.8621430397 0.2429623221 -0.4479109825 1.3533903578 -0.6155726164 0.5764756652 -0.3889025861 0.3708111917
1403715600.9121432304 0.2360818638 -0.4278681551 1.3529797495 -0.6257312222 0.5640842492 -0.3819076039 0.3800210251
1403715600.9621429443 0.2310558330 -0.4071189648 1.3548336767 -0.6346434791 0.5516833288 -0.3769766957 0.3882804786
1403715601.0121431351 0.2273824046 -0.3851828294 1.3608732249 -0.6422605206 0.5405377471 -0.3726297503 0.3955596503
1403715601.0621430874 0.2262899804 -0.3629530554 1.3684185882 -0.6476108736 0.5302797461 -0.3700480772 0.4030731543
1403715601.1121432781 0.2255709909 -0.3410518186 1.3771604046 -0.6525289665 0.5218901285 -0.3679217353 0.4080076450
1403715601.1621429920 0.2260003891 -0.3180077609 1.3889374813 -0.6566498306 0.5146307506 -0.3672708777 0.4111913094
1403715601.2121431828 0.2274897260 -0.2948333114 1.4039280161 -0.6597311378 0.5083846112 -0.3679007509 0.4134597324
1403715601.2621431351 0.2298901166 -0.2698701705 1.4207325698 -0.6625354856 0.5032309675 -0.3694689869 0.4138816152
1403715601.3121430874 0.2331997459 -0.2438892676 1.4387445792 -0.6652618379 0.4981558661 -0.3716305924 0.4137126090
1403715601.3621430397 0.2378810120 -0.2162871081 1.4575105110 -0.6678218695 0.4939001640 -0.3728607462 0.4135836585
1403715601.4121432304 0.2411938316 -0.1877465369 1.4755190187 -0.6688693506 0.4917109778 -0.3723667560 0.4149422913
1403715601.4621429443 0.2452704488 -0.1587152193 1.4913985108 -0.6688986078 0.4908242388 -0.3711868477 0.4169970541
1403715601.5121431351 0.2493796657 -0.1280879886 1.5070874952 -0.6687395193 0.4911019345 -0.3693512613 0.4185522560
1403715601.5621430874 0.2535033348 -0.0960450487 1.5217058567 -0.6675238447 0.4915207113 -0.3681769096 0.4210285861
1403715601.6121432781 0.2585941985 -0.0623641696 1.5365332613 -0.6664818624 0.4928202585 -0.3663386715 0.4227600947
1403715601.6621429920 0.2633105858 -0.0288373541 1.5501470053 -0.6653831002 0.4945017291 -0.3643330975 0.4242578979
1403715601.7121431828 0.2679094803 0.0058956574 1.5620259134 -0.6631112753 0.4950156289 -0.3639127430 0.4275634213
1403715601.7621431351 0.2732384022 0.0416341112 1.5768837740 -0.6604810418 0.4941090882 -0.3651835614 0.4315807791
1403715601.8121430874 0.2779617275 0.0797588713 1.5898299598 -0.6586419128 0.4937610972 -0.3665297339 0.4336435907
1403715601.8621430397 0.2830171753 0.1157038879 1.6027181814 -0.6554483377 0.4937095167 -0.3689791891 0.4364547488
1403715601.9121432304 0.2889093567 0.1511366732 1.6168836285 -0.6509319352 0.4945823023 -0.3727754560 0.4389925072
1403715601.9621429443 0.2938392133 0.1887277076 1.6279170688 -0.6432994152 0.4952473260 -0.3801533233 0.4431471530
1403715602.0121431351 0.2994838154 0.2229155161 1.6414644813 -0.6333387347 0.4948888492 -0.3896549586 0.4495954708
1403715602.0621430874 0.3018347981 0.2617497224 1.6527946943 -0.6222669102 0.4955901760 -0.3999814610 0.4551802948
1403715602.1121432781 0.3024362872 0.2983743667 1.6646546097 -0.6116263788 0.4978137619 -0.4090933739 0.4590612624
1403715602.1621429920 0.3011152933 0.3376740753 1.6746208400 -0.6018964102 0.5035236910 -0.4155326330 0.4599100292
1403715602.2121431828 0.2983002773 0.3722345735 1.6849197309 -0.5941365088 0.5118742823 -0.4189472292 0.4576786506
1403715602.2621431351 0.2927086295 0.4093673755 1.6925451840 -0.5860362592 0.5215754313 -0.4217728755 0.4545637622
1403715602.3121430874 0.2847316789 0.4415575225 1.6984759058 -0.5807946503 0.5310779104 -0.4245118748 0.4476868273
1403715602.3621430397 0.2732260468 0.4778669058 1.7026517741 -0.5780368445 0.5436007163 -0.4249159747 0.4356811701
1403715602.4121432304 0.2605582660 0.5114556713 1.7067192712 -0.5758154448 0.5560249662 -0.4252424675 0.4224235485
1403715602.4621429443 0.2463232294 0.5449319242 1.7117327815 -0.5726210137 0.5693935670 -0.4241652425 0.4098536172
1403715602.5121431351 0.2311052008 0.5791551334 1.7164454188 -0.5689268158 0.5806670580 -0.4253092629 0.3978191511
1403715602.5621430874 0.2160116463 0.6106973906 1.7212619733 -0.5645164209 0.5910234435 -0.4268185064 0.3870897341
1403715602.6121432781 0.2005872019 0.6435185971 1.7252439628 -0.5589199504 0.5992059728 -0.4318922101 0.3768684253
1403715602.6621429920 0.1853589099 0.6748883341 1.7284802860 -0.5529368843 0.6050649364 -0.4402213438 0.3665547615
1403715602.7121431828 0.1699050726 0.7065160951 1.7271062649 -0.5453175716 0.6117541454 -0.4474168139 0.3580555911
1403715602.7621431351 0.1554636159 0.7387568842 1.7230054766 -0.5382759085 0.6193072297 -0.4533024714 0.3481874079
1403715602.8121430874 0.1405117572 0.7711430083 1.7154012055 -0.5309638260 0.6271600155 -0.4581636290 0.3388713909
1403715602.8621430397 0.1257367657 0.8046917527 1.7062516944 -0.5218993999 0.6355948234 -0.4618959179 0.3321029928
1403715602.9121432304 0.1117801245 0.8390007664 1.6939741202 -0.5136167764 0.6438017493 -0.4652414101 0.3244496030
1403715602.9621429443 0.0980006604 0.8714549471 1.6786832720 -0.5063392591 0.6516385926 -0.4678314303 0.3164197405
1403715603.0121431351 0.0849586907 0.9054307928 1.6613835196 -0.4977021804 0.6585341689 -0.4718613015 0.3097938025
1403715603.0621430874 0.0727845275 0.9395886860 1.6435227310 -0.4883657433 0.6645497696 -0.4769420007 0.3039717625
1403715603.1121432781 0.0615203403 0.9741412217 1.6249734470 -0.4781194113 0.6704748941 -0.4822331925 0.2988584832
1403715603.1621429920 0.0489627350 1.0118208233 1.6054500091 -0.4690965287 0.6770637680 -0.4865918044 0.2911383119
1403715603.2121431828 0.0384958579 1.0477762311 1.5876896380 -0.4601356638 0.6839976641 -0.4893637678 0.2845091723
1403715603.2621431351 0.0282803888 1.0840064966 1.5676809385 -0.4526625204 0.6918375880 -0.4899330788 0.2764470523
1403715603.3121430874 0.0188694219 1.1199661333 1.5496808807 -0.4465043732 0.6983672032 -0.4906873104 0.2685945971
1403715603.3621430397 0.0109194611 1.1582231710 1.5317196469 -0.4407027979 0.7047029669 -0.4903565693 0.2621549299
1403715603.4121432304 0.0036410306 1.1951628741 1.5161064400 -0.4341358340 0.7096674020 -0.4905882763 0.2592708994
1403715603.4621429443 -0.0026606103 1.2305464091 1.5034670127 -0.4272906619 0.7137648693 -0.4905475521 0.2594715798
1403715603.5121431351 -0.0073441750 1.2682369769 1.4888566007 -0.4197676278 0.7177064162 -0.4901739277 0.2615762975
1403715603.5621430874 -0.0105108783 1.3057611639 1.4751682832 -0.4125099227 0.7217198633 -0.4888433402 0.2645528139
1403715603.6121432781 -0.0138967748 1.3416006743 1.4624528910 -0.4059815235 0.7254332914 -0.4869684851 0.2679314031
1403715603.6621429920 -0.0167837275 1.3771936303 1.4502049001 -0.3979053278 0.7300522940 -0.4836178588 0.2735119098
1403715603.7121431828 -0.0191643395 1.4095861864 1.4404435080 -0.3911640009 0.7326177350 -0.4824097538 0.2784650934
1403715603.7621431351 -0.0218223385 1.4421074462 1.4309636645 -0.3842806762 0.7345042309 -0.4816983887 0.2842508733
1403715603.8121430874 -0.0241386737 1.4723004285 1.4234015710 -0.3786371961 0.7357802838 -0.4811207164 0.2894548393
1403715603.8621430397 -0.0270498669 1.5006915237 1.4183267626 -0.3748302725 0.7389872110 -0.4771259994 0.2928326306
1403715603.9121432304 -0.0309117715 1.5274809369 1.4156690733 -0.3749872322 0.7453365752 -0.4676823144 0.2917725454
1403715603.9621429443 -0.0346390380 1.5493797646 1.4133193046 -0.3763378678 0.7508703657 -0.4590059466 0.2896153384
1403715604.0121431351 -0.0389710571 1.5700426681 1.4124857904 -0.3801950100 0.7551021045 -0.4520180258 0.2845211250
1403715604.0621430874 -0.0427949593 1.5870883278 1.4122597782 -0.3865450020 0.7548806771 -0.4520858925 0.2763267460
1403715604.1121432781 -0.0456381004 1.6014090941 1.4115084365 -0.3928285999 0.7520840917 -0.4563086554 0.2680254115
1403715604.1621429920 -0.0474373566 1.6131523565 1.4099638557 -0.3976008178 0.7481640080 -0.4622506895 0.2617030892
1403715604.2121431828 -0.0480005330 1.6234809825 1.4090910146 -0.4008674874 0.7436372850 -0.4691802680 0.2572522537
1403715604.2621431351 -0.0472003484 1.6321971162 1.4071103216 -0.4024747013 0.7396317900 -0.4752956772 0.2550547965
1403715604.3121430874 -0.0454941188 1.6403068421 1.4051716757 -0.4036201351 0.7368681821 -0.4793819060 0.2535923048
1403715604.3621430397 -0.0424033858 1.6473745296 1.4012868962 -0.4044496597 0.7354679437 -0.4814835963 0.2523507937
1403715604.4121432304 -0.0386834724 1.6544331291 1.3983270956 -0.4050000658 0.7356309934 -0.4813868830 0.2511745553
1403715604.4621429443 -0.0332673990 1.6599299351 1.3938258788 -0.4054625557 0.7351986812 -0.4821194736 0.2502874912
1403715604.5121431351 -0.0268977836 1.6646497252 1.3903708356 -0.4041797895 0.7335149140 -0.4848643014 0.2519944005
1403715604.5621430874 -0.0194926463 1.6690632060 1.3874220779 -0.4027789240 0.7302612792 -0.4897919777 0.2541484231
1403715604.6121432781 -0.0114194470 1.6733320558 1.3841873033 -0.4009237453 0.7267786222 -0.4949807654 0.2569961609
1403715604.6621429920 -0.0025516197 1.6772435026 1.3800588870 -0.4000023353 0.7233856064 -0.5001415261 0.2580113372
1403715604.7121431828 0.0068196272 1.6811270304 1.3755924344 -0.3992769412 0.7213488550 -0.5033231337 0.2586495249
1403715604.7621431351 0.0157796752 1.6844993547 1.3718520970 -0.3996441820 0.7197157911 -0.5055665549 0.2582560094
1403715604.8121430874 0.0248430723 1.6883468403 1.3680206722 -0.3995494954 0.7198032643 -0.5055325528 0.2582252882
1403715604.8621430397 0.0346234177 1.6925391622 1.3644468284 -0.3994429623 0.7199150348 -0.5053281454 0.2584784865
1403715604.9121432304 0.0443947339 1.6972072117 1.3608635271 -0.4001307849 0.7194111789 -0.5058855357 0.2577260859
1403715604.9621429443 0.0546475053 1.7014838914 1.3575108320 -0.4014405341 0.7202938700 -0.5043223326 0.2562834823
1403715605.0121431351 0.0651785679 1.7060520383 1.3545699551 -0.4024379003 0.7215815021 -0.5020687980 0.2555206337
1403715605.0621430874 0.0762108457 1.7106870166 1.3526449144 -0.4028348437 0.7218919686 -0.5013398745 0.2554494169
1403715605.1121432781 0.0874958571 1.7155477052 1.3517718131 -0.4029343540 0.7214238648 -0.5016036207 0.2560963127
1403715605.1621429920 0.0998547551 1.7205223962 1.3508858353 -0.4033351362 0.7198597419 -0.5031372764 0.2568571606
1403715605.2121431828 0.1120695822 1.7249256962 1.3510532307 -0.4032169374 0.7188064868 -0.5039134515 0.2584657990
1403715605.2621431351 0.1250916393 1.7299138158 1.3515492619 -0.4026169768 0.7182647707 -0.5039609077 0.2608039354
1403715605.3121430874 0.1383140228 1.7349122475 1.3530388693 -0.4013110908 0.7178932305 -0.5036951768 0.2643291259
1403715605.3621430397 0.1508960959 1.7394104804 1.3541856431 -0.3992337226 0.7180466527 -0.5026619690 0.2689839849
1403715605.4121432304 0.1639837684 1.7441699521 1.3541710209 -0.3977032720 0.7179067806 -0.5019020992 0.2730132681
1403715605.4621429443 0.1768653014 1.7483986453 1.3519485876 -0.3975031114 0.7185773559 -0.4999435352 0.2751260103
1403715605.5121431351 0.1893793728 1.7525523800 1.3478489147 -0.3970484434 0.7197367201 -0.4974072648 0.2773402247
1403715605.5621430874 0.2014961064 1.7560799100 1.3413391107 -0.3972743690 0.7214235363 -0.4941001599 0.2785429750
1403715605.6121432781 0.2135540413 1.7586180066 1.3329949395 -0.3972187273 0.7226136270 -0.4916088754 0.2799420340
1403715605.6621429920 0.2257624002 1.7606510699 1.3236712801 -0.3981628089 0.7220958891 -0.4917082932 0.2797621471
1403715605.7121431828 0.2372204420 1.7615174050 1.3142856944 -0.4006960112 0.7202640091 -0.4937869993 0.2771946304
1403715605.7621431351 0.2488651926 1.7617361672 1.3055932292 -0.4031254344 0.7173828721 -0.4976358794 0.2742448368
1403715605.8121430874 0.2604643740 1.7617317187 1.2974384897 -0.4052295057 0.7157154800 -0.4996930199 0.2717485699
1403715605.8621430397 0.2720758305 1.7615666519 1.2904155868 -0.4065770184 0.7142757300 -0.5014241438 0.2703315328
1403715605.9121432304 0.2840469390 1.7613533823 1.2835280795 -0.4076564306 0.7128845691 -0.5029065365 0.2696235178
1403715605.9621429443 0.2957383557 1.7613337429 1.2769901346 -0.4084197964 0.7110483257 -0.5050252079 0.2693568041
1403715606.0121431351 0.3075657364 1.7614118928 1.2696881986 -0.4090484647 0.7100241215 -0.5059836677 0.2693058268
1403715606.0621430874 0.3187755168 1.7614209178 1.2611569484 -0.4097839781 0.7090887248 -0.5065875380 0.2695168601
1403715606.1121432781 0.3305034991 1.7622528007 1.2510566695 -0.4108575370 0.7079415794 -0.5073090864 0.2695408973
1403715606.1621429920 0.3422367916 1.7636839280 1.2401398830 -0.4111799388 0.7077883950 -0.5067611902 0.2704805759
1403715606.2121431828 0.3539790828 1.7652140094 1.2286245730 -0.4114316909 0.7079898136 -0.5058892077 0.2712019489
1403715606.2621431351 0.3661543486 1.7670328327 1.2179618892 -0.4099313229 0.7088482774 -0.5040262662 0.2746779081
1403715606.3121430874 0.3781596670 1.7690090544 1.2089411191 -0.4088922851 0.7097750964 -0.5016591021 0.2781448491
1403715606.3621430397 0.3900480731 1.7712890358 1.2019322500 -0.4080911383 0.7105567036 -0.4997832652 0.2806910787
1403715606.4121432304 0.4020701808 1.7733620500 1.1970242800 -0.4074368484 0.7113499313 -0.4978477727 0.2830619807
1403715606.4621429443 0.4142472924 1.7746522896 1.1941289833 -0.4069962008 0.7108875215 -0.4977322537 0.2850537280
1403715606.5121431351 0.4260962641 1.7757066242 1.1930268538 -0.4065005741 0.7101582866 -0.4978506388 0.2873625457
1403715606.5621430874 0.4371418940 1.7768895525 1.1921568622 -0.4060099694 0.7102192856 -0.4965039173 0.2902211762
1403715606.6121432781 0.4477676931 1.7780492308 1.1909669416 -0.4052441739 0.7099408247 -0.4956102751 0.2934819248
1403715606.6621429920 0.4578860714 1.7786593561 1.1890791178 -0.4047391042 0.7096283409 -0.4946275897 0.2965761670
1403715606.7121431828 0.4674103097 1.7786882718 1.1868830580 -0.4030934580 0.7099627995 -0.4928987043 0.3008643462
1403715606.7621431351 0.4761372249 1.7780281018 1.1836254122 -0.4016460702 0.7100797424 -0.4914537348 0.3048613133
1403715606.8121430874 0.4841804859 1.7767015411 1.1799761516 -0.4002100470 0.7089666522 -0.4918858839 0.3086202871
1403715606.8621430397 0.4912421486 1.7748538167 1.1755685308 -0.4005640193 0.7057972847 -0.4956799681 0.3093542120
1403715606.9121432304 0.4970668190 1.7719943317 1.1704934196 -0.4017958510 0.7018735985 -0.5005849980 0.3087850475
1403715606.9621429443 0.5019041911 1.7686505493 1.1646807010 -0.4047812338 0.6973742819 -0.5063853865 0.3056061256
1403715607.0121431351 0.5054287025 1.7655511403 1.1580073583 -0.4088759868 0.6957488185 -0.5083507770 0.3005553135
1403715607.0621430874 0.5079277274 1.7626129019 1.1508522593 -0.4133439336 0.6948681256 -0.5093597856 0.2947162863
1403715607.1121432781 0.5098571307 1.7605079852 1.1440071562 -0.4169933954 0.6946477463 -0.5091346675 0.2904529344
1403715607.1621429920 0.5112789712 1.7588241747 1.1374865490 -0.4194448087 0.6945977416 -0.5087002626 0.2877917172
1403715607.2121431828 0.5123917556 1.7577374389 1.1314362912 -0.4216390114 0.6951762900 -0.5074195675 0.2854397525
1403715607.2621431351 0.5133233173 1.7573251077 1.1259849054 -0.4227256939 0.6956459348 -0.5066682342 0.2840194034
1403715607.3121430874 0.5138993945 1.7576375553 1.1211993826 -0.4233719730 0.6961359541 -0.5057875084 0.2834253028
1403715607.3621430397 0.5145044352 1.7585836402 1.1171759551 -0.4229108220 0.6958942857 -0.5061574550 0.2840461414
1403715607.4121432304 0.5147163587 1.7599436506 1.1140331181 -0.4226271423 0.6955364037 -0.5067088891 0.2843615858
1403715607.4621429443 0.5146285443 1.7619264015 1.1109593705 -0.4226911338 0.6948889165 -0.5078849203 0.2837507830
1403715607.5121431351 0.5142621575 1.7645431074 1.1082317884 -0.4228949725 0.6955482135 -0.5073644273 0.2827611410
1403715607.5621430874 0.5136969791 1.7677721834 1.1060050757 -0.4231629919 0.6957650490 -0.5074389651 0.2816909221
1403715607.6121432781 0.5130449130 1.7716517107 1.1043833089 -0.4226440610 0.6965160738 -0.5071669980 0.2811031710
1403715607.6621429920 0.5123586959 1.7759176305 1.1030987814 -0.4225677029 0.6972640989 -0.5068841539 0.2798709835
1403715607.7121431828 0.5115871956 1.7807204728 1.1022060479 -0.4220985895 0.6972571907 -0.5074827459 0.2795110970
1403715607.7621431351 0.5105740556 1.7862503320 1.0999410608 -0.4218683973 0.6978364451 -0.5071635830 0.2789918483
1403715607.8121430874 0.5096172551 1.7923168513 1.0961072472 -0.4206650412 0.6991176475 -0.5061623934 0.2794191646
1403715607.8621430397 0.5085001000 1.7989376136 1.0903533039 -0.4185830740 0.7011008999 -0.5041466746 0.2812149867
1403715607.9121432304 0.5077998382 1.8054491091 1.0828634537 -0.4238032995 0.6989826455 -0.5046518742 0.2777418053
1403715607.9621429443 0.5084061107 1.8058647959 1.0842369919 -0.4250595985 0.6956275080 -0.5082139314 0.2777504414
1403715608.0121431351 0.5079631210 1.8056242106 1.0846195412 -0.4274873361 0.6964258688 -0.5062371174 0.2756257747
1403715608.0621430874 0.5080300204 1.8057793772 1.0836926536 -0.4276221034 0.6960052248 -0.5066507511 0.2757192052
1403715608.1121432781 0.5080040302 1.8051585885 1.0827180223 -0.4278532350 0.6977958274 -0.5041151034 0.2754824042
1403715608.1621429920 0.5084314229 1.8054978357 1.0827566188 -0.4278060801 0.6986324751 -0.5031372922 0.2752226150
1403715608.2121431828 0.5081019331 1.8055714399 1.0826908430 -0.4279538279 0.6974839188 -0.5045051756 0.2754019464
1403715608.2621431351 0.5077509590 1.8053589496 1.0824472012 -0.4268764970 0.6969905487 -0.5053877707 0.2767017031
1403715608.3121430874 0.5082112893 1.8055265824 1.0824040983 -0.4275217316 0.6978529234 -0.5041340517 0.2758175561
1403715608.3621430397 0.5082543301 1.8053988248 1.0823093502 -0.4273501793 0.6982054659 -0.5037002188 0.2759837697
1403715608.4121432304 0.5080121739 1.8052159729 1.0822050850 -0.4275486395 0.6975936577 -0.5045843667 0.2756081757
