1403636580.7635557652 4.6107689740 -1.7988996147 0.7320825363 -0.6952170618 -0.4847815159 0.3129011875 0.4286641642
1403636580.8635556698 4.6036227953 -1.7944310897 0.8040089462 -0.6884691636 -0.4804484006 0.3111108224 0.4454094761
1403636580.9635555744 4.5968263609 -1.7913844390 0.8789403198 -0.6810456343 -0.4751153105 0.3112615805 0.4621239166
1403636581.0635557175 4.5916685256 -1.7902759325 0.9471607912 -0.6737736115 -0.4709074864 0.3184055861 0.4721156029
1403636581.1635556221 4.5871407869 -1.7878935337 1.0064062240 -0.6688615352 -0.4624511748 0.3267790861 0.4816415540
1403636581.2635557652 4.5857822943 -1.7851845201 1.0531718570 -0.6627491424 -0.4530129572 0.3366610136 0.4921404238
1403636581.3635556698 4.5885716950 -1.7839574326 1.0782300430 -0.6561465297 -0.4486193191 0.3420933332 0.5011831895
1403636581.4635555744 4.5915453215 -1.7825966640 1.0695841099 -0.6554409970 -0.4510124560 0.3365092120 0.5037324828
1403636581.5635557175 4.5942889026 -1.7817961363 1.0302136435 -0.6612053823 -0.4553901665 0.3290662801 0.4971344104
1403636581.6635556221 4.5957337684 -1.7814162228 0.9743644039 -0.6682925839 -0.4583021836 0.3259457179 0.4869327673
1403636581.7635557652 4.5983104820 -1.7796904539 0.9110766183 -0.6706101243 -0.4613389041 0.3244708254 0.4818372756
1403636581.8635556698 4.6029850182 -1.7805872612 0.8453818843 -0.6717145701 -0.4645892445 0.3254355419 0.4764956226
1403636581.9635555744 4.6075937385 -1.7836188506 0.7822563070 -0.6791978026 -0.4664647972 0.3208643429 0.4670621066
1403636582.0635557175 4.6111044738 -1.7866765014 0.7272316018 -0.6888426898 -0.4698649925 0.3107019451 0.4562750692
1403636582.1635556221 4.6146131918 -1.7910694677 0.6911200691 -0.6952171916 -0.4764236387 0.3042743847 0.4439714764
1403636582.2635557652 4.6155505378 -1.7944662300 0.6838847234 -0.6980285080 -0.4812258656 0.3013341731 0.4363205066
1403636582.3635556698 4.6124452760 -1.7963054188 0.7117451778 -0.6968042664 -0.4813071372 0.3042138214 0.4361894139
1403636582.4635555744 4.6082933774 -1.7971219472 0.7628226598 -0.6903873522 -0.4763810973 0.3118520853 0.4462898508
1403636582.5635557175 4.6037640356 -1.7957888461 0.8243526631 -0.6847091340 -0.4723280988 0.3144686947 0.4573718497
1403636582.6635556221 4.6009010805 -1.7926232327 0.8883932523 -0.6825801258 -0.4689885773 0.3127096327 0.4651309191
1403636582.7635557652 4.5983003396 -1.7880646786 0.9526110277 -0.6817350605 -0.4635363522 0.3146927753 0.4704676553
1403636582.8635556698 4.5947354430 -1.7809184831 1.0154078505 -0.6808561604 -0.4521674956 0.3175169107 0.4807935691
1403636582.9635555744 4.5938298606 -1.7746492114 1.0696175251 -0.6755194363 -0.4417032324 0.3236909546 0.4937569357
1403636583.0635557175 4.5949722869 -1.7717554342 1.1021825912 -0.6688755357 -0.4364008029 0.3285456643 0.5041999638
1403636583.1635556221 4.5962165646 -1.7696565984 1.1043109400 -0.6671621709 -0.4362031301 0.3261327160 0.5081918128
1403636583.2635557652 4.5963067738 -1.7694479277 1.0766629141 -0.6674792017 -0.4394556880 0.3233387014 0.5067566455
1403636583.3635556698 4.5960093379 -1.7681999088 1.0286647455 -0.6691216406 -0.4426062642 0.3218540763 0.5027781603
1403636583.4635555744 4.5974988273 -1.7672916437 0.9672630932 -0.6703292183 -0.4477957638 0.3214355642 0.4968066737
1403636583.5635557175 4.6001371912 -1.7668448963 0.9002896766 -0.6726987730 -0.4534357956 0.3174774517 0.4909993969
1403636583.6635556221 4.6024104964 -1.7673551243 0.8317298743 -0.6795447665 -0.4588847980 0.3109116649 0.4806012787
1403636583.7635557652 4.6059465602 -1.7699617574 0.7708005004 -0.6923868443 -0.4632614584 0.3064662136 0.4605081312
1403636583.8635556698 4.6102757844 -1.7724331864 0.7201974543 -0.7019092396 -0.4674676542 0.2992834260 0.4463483422
1403636583.9635555744 4.6153982860 -1.7750546192 0.6826228647 -0.7025375799 -0.4749947469 0.2927173356 0.4417437048
1403636584.0635557175 4.6190725077 -1.7795861707 0.6676307992 -0.6999230091 -0.4802034455 0.2954034078 0.4384623803
1403636584.1635556221 4.6182605120 -1.7816993299 0.6802275286 -0.6981147789 -0.4827496598 0.2986942091 0.4363144403
1403636584.2635557652 4.6142600163 -1.7812870527 0.7188129556 -0.6964719188 -0.4829132976 0.3000663311 0.4378148127
1403636584.3635556698 4.6083877957 -1.7791498833 0.7733132353 -0.6940542446 -0.4820302515 0.3005444605 0.4422765757
1403636584.4635555744 4.6006771066 -1.7737226813 0.8382470688 -0.6907631524 -0.4806106328 0.2958815811 0.4520108149
1403636584.5635557175 4.5928763196 -1.7692715624 0.9089038376 -0.6861494741 -0.4747761610 0.2994072828 0.4627545518
1403636584.6635556221 4.5855050282 -1.7649364095 0.9795508156 -0.6800934248 -0.4635224858 0.3055861493 0.4787869506
1403636584.7635557652 4.5817231411 -1.7622841430 1.0423518159 -0.6725547195 -0.4519867684 0.3113891050 0.4964019900
1403636584.8635556698 4.5827930175 -1.7627209015 1.0942999450 -0.6670479276 -0.4433492373 0.3180334246 0.5072901112
1403636584.9635555744 4.5845051482 -1.7650360178 1.1244760074 -0.6658383403 -0.4371969441 0.3234906095 0.5107562649
1403636585.0635557175 4.5830105037 -1.7653793848 1.1242272847 -0.6690187862 -0.4345194618 0.3214279758 0.5101869828
1403636585.1635556221 4.5804670306 -1.7641058816 1.0989792421 -0.6730043837 -0.4345577719 0.3174946302 0.5073675218
1403636585.2635557652 4.5788424678 -1.7603714920 1.0553543838 -0.6765503201 -0.4366637281 0.3083489704 0.5064833319
1403636585.3635556698 4.5782200361 -1.7556568303 1.0022630410 -0.6774926533 -0.4420510490 0.2991871467 0.5060450830
1403636585.4635555744 4.5795691231 -1.7530461860 0.9493789295 -0.6790458411 -0.4492826808 0.2949328660 0.5000564197
1403636585.5635557175 4.5868161991 -1.7546704776 0.9010071960 -0.6809012547 -0.4590989929 0.2943025629 0.4888635777
1403636585.6635556221 4.5986892055 -1.7592716142 0.8640827094 -0.6840891769 -0.4684711416 0.2979769220 0.4730396827
1403636585.7635557652 4.6112326336 -1.7646198005 0.8427331712 -0.6904786945 -0.4746979697 0.3005449247 0.4556026319
1403636585.8635556698 4.6219476521 -1.7699862267 0.8344701429 -0.6989795299 -0.4789967624 0.3012548788 0.4373044894
1403636585.9635555744 4.6307420329 -1.7741203700 0.8344904167 -0.7092353104 -0.4827184119 0.2955755543 0.4202419554
1403636586.0635557175 4.6358298828 -1.7760689988 0.8361305648 -0.7236455937 -0.4835956605 0.2777738698 0.4065882058
1403636586.1635556221 4.6391324666 -1.7802718022 0.8405241992 -0.7372835881 -0.4811335849 0.2612808733 0.3957975360
1403636586.2635557652 4.6443744436 -1.7868966196 0.8454556137 -0.7468395199 -0.4822030238 0.2516865380 0.3825766094
1403636586.3635556698 4.6523719519 -1.7920078549 0.8492080718 -0.7569780033 -0.4836042848 0.2423373724 0.3665839551
1403636586.4635555744 4.6629205443 -1.7959287174 0.8515280169 -0.7655167893 -0.4864836023 0.2329691546 0.3507750319
1403636586.5635557175 4.6736301155 -1.7961384522 0.8546470416 -0.7694611493 -0.4920925260 0.2254175454 0.3390596051
1403636586.6635556221 4.6801023263 -1.7908247249 0.8593346244 -0.7705875903 -0.4935030312 0.2242373988 0.3352120416
1403636586.7635557652 4.6824535581 -1.7824438943 0.8630542166 -0.7679455201 -0.4927935718 0.2302497243 0.3382295644
1403636586.8635556698 4.6818673986 -1.7736528117 0.8643721104 -0.7640447477 -0.4926497489 0.2361436215 0.3431734814
1403636586.9635555744 4.6789042270 -1.7696670868 0.8634486793 -0.7595931366 -0.4954452058 0.2398252482 0.3464623574
1403636587.0635557175 4.6749194631 -1.7662528445 0.8631732753 -0.7563299754 -0.4998903974 0.2409066376 0.3464658004
1403636587.1635556221 4.6712605895 -1.7607748509 0.8630573385 -0.7558197633 -0.5043086748 0.2377103200 0.3433701352
1403636587.2635557652 4.6690719879 -1.7500984631 0.8619384501 -0.7564502144 -0.5049804829 0.2368642417 0.3415744663
1403636587.3635556698 4.6682088604 -1.7321393896 0.8609756045 -0.7584620255 -0.5030010918 0.2356935477 0.3408427923
1403636587.4635555744 4.6697040770 -1.7082863371 0.8603391638 -0.7612583450 -0.5003007294 0.2347556532 0.3392266139
1403636587.5635557175 4.6744905159 -1.6789253284 0.8603656552 -0.7642366450 -0.4971023607 0.2343952348 0.3374766175
1403636587.6635556221 4.6809009488 -1.6448149663 0.8613759745 -0.7663777083 -0.4918407932 0.2345715990 0.3401970127
1403636587.7635557652 4.6871667089 -1.6083141195 0.8635074469 -0.7682864636 -0.4833942662 0.2362637787 0.3467640699
1403636587.8635556698 4.6944441733 -1.5723499811 0.8639313526 -0.7710524408 -0.4760928356 0.2350724679 0.3515034570
1403636587.9635555744 4.7031401958 -1.5392414287 0.8608948436 -0.7760632135 -0.4719599518 0.2278526263 0.3508031829
1403636588.0635557175 4.7114962991 -1.5107697065 0.8563964347 -0.7832688184 -0.4684800987 0.2166304244 0.3465365990
1403636588.1635556221 4.7182083005 -1.4887854320 0.8514522630 -0.7859287052 -0.4682396418 0.2130265621 0.3430559604
1403636588.2635557652 4.7227463078 -1.4739586363 0.8475919273 -0.7855285225 -0.4685240157 0.2142170228 0.3428429002
1403636588.3635556698 4.7248118796 -1.4673858345 0.8451946774 -0.7841143290 -0.4681270784 0.2186677114 0.3438112702
1403636588.4635555744 4.7251784312 -1.4688939615 0.8440721410 -0.7840500299 -0.4665821211 0.2210863486 0.3445105243
1403636588.5635557175 4.7242575553 -1.4776066925 0.8456208927 -0.7842669004 -0.4665642372 0.2182323968 0.3458581535
1403636588.6635556221 4.7216437233 -1.4949865915 0.8495021029 -0.7834523572 -0.4671032981 0.2195168593 0.3461636338
1403636588.7635557652 4.7185499335 -1.5198551371 0.8512991637 -0.7822979504 -0.4704742731 0.2213822583 0.3430069545
1403636588.8635556698 4.7128603341 -1.5498166766 0.8518155361 -0.7813200696 -0.4739076667 0.2231663509 0.3393335411
1403636588.9635555744 4.7053887981 -1.5856009516 0.8538357006 -0.7788508349 -0.4772299415 0.2271688961 0.3376940222
1403636589.0635557175 4.6972849000 -1.6255586808 0.8580057941 -0.7743603029 -0.4809213714 0.2328561523 0.3389082001
1403636589.1635556221 4.6880552917 -1.6676001868 0.8636921111 -0.7694993408 -0.4845189555 0.2380482036 0.3412406761
1403636589.2635557652 4.6776322945 -1.7121636254 0.8687668092 -0.7667772640 -0.4877229806 0.2409099561 0.3407951211
1403636589.3635556698 4.6671586345 -1.7579872221 0.8712414140 -0.7646882677 -0.4935453455 0.2415378943 0.3366367342
1403636589.4635555744 4.6561634485 -1.8029630572 0.8720689911 -0.7623290042 -0.4988312941 0.2410592873 0.3345328825
1403636589.5635557175 4.6449403445 -1.8482700124 0.8722077270 -0.7601373195 -0.5005421049 0.2440653543 0.3347849452
1403636589.6635556221 4.6341790934 -1.8925145745 0.8716805510 -0.7572990415 -0.5028700439 0.2465641202 0.3358958399
1403636589.7635557652 4.6238259632 -1.9358425995 0.8703114059 -0.7551011627 -0.5058806532 0.2496678727 0.3340253764
1403636589.8635556698 4.6152547733 -1.9748430059 0.8668934000 -0.7533012816 -0.5122506967 0.2515192118 0.3269166391
1403636589.9635555744 4.6082370917 -2.0078624749 0.8631794252 -0.7515919281 -0.5180808093 0.2550495250 0.3188284625
1403636590.0635557175 4.6021907836 -2.0337123114 0.8611374091 -0.7476870767 -0.5210448117 0.2617844110 0.3177188406
1403636590.1635556221 4.5985920572 -2.0499929977 0.8620888774 -0.7432762415 -0.5220333711 0.2692725655 0.3201778782
1403636590.2635557652 4.5990559526 -2.0544440208 0.8637905389 -0.7411234066 -0.5228868072 0.2711003782 0.3222267337
1403636590.3635556698 4.6036575558 -2.0473974297 0.8656210299 -0.7421328017 -0.5231468461 0.2672219028 0.3227208340
1403636590.4635555744 4.6121225215 -2.0291375412 0.8675669487 -0.7440890580 -0.5209439090 0.2622125127 0.3258734655
1403636590.5635557175 4.6231546171 -2.0017558134 0.8706661699 -0.7449517882 -0.5180517446 0.2579860574 0.3318319114
1403636590.6635556221 4.6356465581 -1.9680573657 0.8731578775 -0.7462326633 -0.5145319677 0.2548386798 0.3368247522
1403636590.7635557652 4.6481773937 -1.9296876836 0.8736938555 -0.7497323767 -0.5109094621 0.2504990174 0.3378211467
1403636590.8635556698 4.6603382517 -1.8882773620 0.8720778449 -0.7543829255 -0.5084309570 0.2475536294 0.3333490126
1403636590.9635555744 4.6725236481 -1.8437598332 0.8694591082 -0.7574578468 -0.5067753379 0.2438460609 0.3316254903
1403636591.0635557175 4.6833775414 -1.7996547503 0.8667625344 -0.7574560824 -0.5060874631 0.2448847767 0.3319144604
1403636591.1635556221 4.6926941236 -1.7575793601 0.8651961175 -0.7582394628 -0.5044294726 0.2465672159 0.3314037300
1403636591.2635557652 4.7006797038 -1.7190815020 0.8624257769 -0.7603663959 -0.5027585305 0.2450024776 0.3302280880
1403636591.3635556698 4.7070543712 -1.6870511135 0.8573836426 -0.7633286770 -0.5004234702 0.2412988802 0.3296673047
1403636591.4635555744 4.7102041745 -1.6634145649 0.8501374709 -0.7658982120 -0.4971180683 0.2397063124 0.3298703366
1403636591.5635557175 4.7096974873 -1.6431931006 0.8418428087 -0.7675282998 -0.4913209106 0.2365829411 0.3369459656
1403636591.6635556221 4.7051438286 -1.6267923215 0.8341994958 -0.7676772123 -0.4791956911 0.2349079214 0.3547695814
1403636591.7635557652 4.6997220152 -1.6164814298 0.8298608606 -0.7628829893 -0.4694759977 0.2369623748 0.3760992757
1403636591.8635556698 4.6940271798 -1.6079417646 0.8294743768 -0.7589708434 -0.4586749066 0.2393198098 0.3953563173
1403636591.9635555744 4.6881771834 -1.5992683678 0.8303289243 -0.7614670355 -0.4494271700 0.2382874359 0.4017490144
1403636592.0635557175 4.6795518352 -1.5852431456 0.8297302723 -0.7702480701 -0.4413447338 0.2314091402 0.3979730471
1403636592.1635556221 4.6667405265 -1.5662271983 0.8279742797 -0.7792332932 -0.4330572160 0.2241644487 0.3937095660
1403636592.2635557652 4.6505359663 -1.5467045120 0.8260625574 -0.7858314230 -0.4302233249 0.2172940869 0.3875050261
1403636592.3635556698 4.6291418466 -1.5305237950 0.8249500397 -0.7894612630 -0.4308303429 0.2165673610 0.3797824482
1403636592.4635555744 4.6008560366 -1.5209810082 0.8255193520 -0.7879140806 -0.4366080495 0.2216571634 0.3734071700
1403636592.5635557175 4.5679092601 -1.5196833066 0.8270275575 -0.7788327725 -0.4460309540 0.2331187269 0.3743415015
1403636592.6635556221 4.5327370981 -1.5273998720 0.8266746447 -0.7662054784 -0.4590098710 0.2448772870 0.3771925469
1403636592.7635557652 4.4985217723 -1.5457201189 0.8259190897 -0.7544283195 -0.4748861388 0.2563069138 0.3736680771
1403636592.8635556698 4.4686704160 -1.5781321276 0.8249499718 -0.7430726942 -0.4933271551 0.2717056015 0.3614517330
1403636592.9635555744 4.4478525434 -1.6243827171 0.8235787898 -0.7318409305 -0.5132515436 0.2850388471 0.3460268213
1403636593.0635557175 4.4385550903 -1.6827368221 0.8231693621 -0.7197316228 -0.5329235674 0.2976045957 0.3307723796
1403636593.1635556221 4.4417635982 -1.7475043778 0.8246808713 -0.7071827316 -0.5501453273 0.3099376460 0.3180744544
1403636593.2635557652 4.4565477281 -1.8128643365 0.8291153459 -0.6989947222 -0.5593603267 0.3250373741 0.3047508960
1403636593.3635556698 4.4819774782 -1.8692310095 0.8317175391 -0.6945958770 -0.5666218325 0.3304306859 0.2954519055
1403636593.4635555744 4.5172370738 -1.9111173656 0.8309683407 -0.6939327625 -0.5699181693 0.3288700370 0.2923954519
1403636593.5635557175 4.5585910008 -1.9361988805 0.8273418282 -0.6995926654 -0.5661570874 0.3232910867 0.2924365370
1403636593.6635556221 4.6025965916 -1.9452133871 0.8218550476 -0.7122285511 -0.5563590927 0.3149670113 0.2898117195
1403636593.7635557652 4.6472681632 -1.9381028037 0.8160925295 -0.7299063369 -0.5401717747 0.3008898271 0.2914043671
1403636593.8635556698 4.6896340115 -1.9155389020 0.8113442911 -0.7492460068 -0.5146275075 0.2854361569 0.3038340832
1403636593.9635555744 4.7275114214 -1.8803750933 0.8097375946 -0.7663304148 -0.4836693178 0.2707020707 0.3248416156
1403636594.0635557175 4.7578070738 -1.8356378169 0.8097720760 -0.7810589350 -0.4534066662 0.2536381060 0.3464636291
1403636594.1635556221 4.7766113609 -1.7839165746 0.8098512378 -0.7955643419 -0.4269668073 0.2361887193 0.3591540231
1403636594.2635557652 4.7824074945 -1.7259805923 0.8079262347 -0.8061039622 -0.4092623384 0.2195560343 0.3667368107
1403636594.3635556698 4.7743432613 -1.6635366227 0.8051498637 -0.8107691665 -0.4001838323 0.2060025096 0.3742582331
1403636594.4635555744 4.7536564931 -1.6003642415 0.8027767624 -0.8088567741 -0.3968245852 0.1991737416 0.3855006982
1403636594.5635557175 4.7228634021 -1.5448944340 0.8012377126 -0.8039524193 -0.3948979209 0.2016911182 0.3962787308
1403636594.6635556221 4.6846024506 -1.5076605132 0.8005212542 -0.8007803549 -0.3929226110 0.2084330108 0.4011462638
1403636594.7635557652 4.6416730794 -1.4955571223 0.7988635795 -0.7955234129 -0.3987446709 0.2165158505 0.4015794734
1403636594.8635556698 4.5960153996 -1.5108393380 0.7949807531 -0.7847880917 -0.4148559844 0.2296430572 0.3990817330
1403636594.9635555744 4.5527619021 -1.5528873055 0.7914435008 -0.7682154468 -0.4399106863 0.2455223643 0.3950220043
1403636595.0635557175 4.5185129293 -1.6173983156 0.7897596096 -0.7490700473 -0.4698942456 0.2667605790 0.3833174345
1403636595.1635556221 4.4949141574 -1.6901765461 0.7875904817 -0.7321485930 -0.4986081732 0.2851444950 0.3661160258
1403636595.2635557652 4.4847546584 -1.7605572385 0.7863454368 -0.7176989697 -0.5220395935 0.3026433526 0.3475483461
1403636595.3635556698 4.4897603923 -1.8181252284 0.7849188687 -0.7058793183 -0.5401092503 0.3140334705 0.3337654344
1403636595.4635555744 4.5083679092 -1.8548817199 0.7847240526 -0.7001789031 -0.5489402147 0.3195811332 0.3260092693
1403636595.5635557175 4.5381648740 -1.8669363909 0.7837841391 -0.6992831351 -0.5531325880 0.3194080787 0.3209765044
1403636595.6635556221 4.5762991487 -1.8554569711 0.7812368970 -0.7022757701 -0.5531169229 0.3135007710 0.3202931140
1403636595.7635557652 4.6181441390 -1.8251527570 0.7764353757 -0.7101564711 -0.5455219856 0.3012443891 0.3276207681
1403636595.8635556698 4.6599562459 -1.7828575779 0.7694384183 -0.7226323022 -0.5300981544 0.2829135173 0.3416993477
1403636595.9635555744 4.7014781542 -1.7399072278 0.7628996683 -0.7382133961 -0.5101709385 0.2649431831 0.3529471703
1403636596.0635557175 4.7425519918 -1.7084303780 0.7584694617 -0.7540790741 -0.4909820372 0.2458311151 0.3603726570
1403636596.1635556221 4.7793798026 -1.6984510008 0.7574540111 -0.7666875262 -0.4746177082 0.2335115191 0.3638689856
1403636596.2635557652 4.8078038192 -1.7144112597 0.7621655246 -0.7722693714 -0.4648073704 0.2318332981 0.3657970043
1403636596.3635556698 4.8311132774 -1.7517917068 0.7728105514 -0.7735014538 -0.4595126856 0.2339326168 0.3685364616
1403636596.4635555744 4.8543533662 -1.7994927814 0.7854882266 -0.7700156239 -0.4602840808 0.2354849379 0.3738466904
1403636596.5635557175 4.8734913791 -1.8452739239 0.7962122035 -0.7646082713 -0.4648161980 0.2369055957 0.3784122517
1403636596.6635556221 4.8856736039 -1.8813012484 0.8030760622 -0.7637839852 -0.4671268893 0.2354626781 0.3781320145
1403636596.7635557652 4.8881922379 -1.9010447594 0.8048788890 -0.7620698826 -0.4708394130 0.2349485750 0.3773047950
1403636596.8635556698 4.8763737479 -1.9002249137 0.8026499134 -0.7576026383 -0.4731218149 0.2353231268 0.3831670872
1403636596.9635555744 4.8485353887 -1.8816689012 0.7989071485 -0.7545740049 -0.4752629041 0.2327810547 0.3880157519
1403636597.0635557175 4.8076405305 -1.8513408354 0.7941003103 -0.7569391337 -0.4779559439 0.2272751539 0.3833370163
1403636597.1635556221 4.7586787307 -1.8154325504 0.7904660493 -0.7580036251 -0.4854997002 0.2263303080 0.3721493480
1403636597.2635557652 4.7043555815 -1.7777268182 0.7923157520 -0.7529761825 -0.4961643261 0.2312942649 0.3651722786
1403636597.3635556698 4.6470178530 -1.7434335796 0.7966582219 -0.7436086504 -0.5072605788 0.2404937692 0.3631743758
1403636597.4635555744 4.5907045007 -1.7164821673 0.7994055280 -0.7324008080 -0.5200782943 0.2491237201 0.3620013762
1403636597.5635557175 4.5442689359 -1.7031713675 0.8002918530 -0.7195434363 -0.5337085124 0.2618281591 0.3589686368
1403636597.6635556221 4.5142290548 -1.7079166755 0.8001356083 -0.7065488462 -0.5441063256 0.2812184309 0.3544759914
1403636597.7635557652 4.5038497992 -1.7277344624 0.7990724106 -0.6942411177 -0.5526330004 0.2980344127 0.3518544106
1403636597.8635556698 4.5128200113 -1.7547564254 0.7977594793 -0.6841182077 -0.5596674560 0.3071158671 0.3527526906
1403636597.9635555744 4.5382704905 -1.7813410522 0.7954730316 -0.6765533934 -0.5678707040 0.3087915143 0.3527692874
1403636598.0635557175 4.5741479587 -1.8053381028 0.7918891053 -0.6755286208 -0.5733695728 0.3053365548 0.3488237431
1403636598.1635556221 4.6141156228 -1.8237693117 0.7855871745 -0.6809041175 -0.5767737865 0.2974394255 0.3394574644
1403636598.2635557652 4.6503469543 -1.8330532894 0.7743324545 -0.6883349247 -0.5813925042 0.2826591194 0.3290617112
1403636598.3635556698 4.6739374323 -1.8325757459 0.7605888411 -0.6939396724 -0.5831110204 0.2699715909 0.3248762980
1403636598.4635555744 4.6796804938 -1.8231339719 0.7453888309 -0.6959963517 -0.5821878404 0.2630069117 0.3278319102
1403636598.5635557175 4.6676991584 -1.8069286076 0.7314980300 -0.6921013205 -0.5812419686 0.2684434149 0.3333041691
1403636598.6635556221 4.6429627144 -1.7874503550 0.7190903356 -0.6838706426 -0.5803115821 0.2822830666 0.3404051734
1403636598.7635557652 4.6139392705 -1.7683991616 0.7034792835 -0.6719708184 -0.5793027397 0.3022842460 0.3485509857
1403636598.8635556698 4.5861609521 -1.7509637759 0.6834716300 -0.6608967877 -0.5745595919 0.3221571968 0.3595990154
1403636598.9635555744 4.5614992176 -1.7352131287 0.6604708372 -0.6534497168 -0.5681576223 0.3340336853 0.3723195951
1403636599.0635557175 4.5423078564 -1.7237152258 0.6391949516 -0.6464148372 -0.5632334113 0.3451754564 0.3817982280
1403636599.1635556221 4.5283270406 -1.7160339544 0.6256615458 -0.6366339946 -0.5561241607 0.3644600783 0.3906301655
1403636599.2635557652 4.5145920685 -1.7097819010 0.6164004808 -0.6242263357 -0.5433786565 0.3825097708 0.4108130873
1403636599.3635556698 4.5028569581 -1.7048573045 0.6082023043 -0.6165350574 -0.5320672148 0.3946731230 0.4254669527
1403636599.4635555744 4.4933976225 -1.7005986213 0.5979072284 -0.6142073117 -0.5280483642 0.3930748031 0.4352085737
1403636599.5635557175 4.4864894432 -1.6978370559 0.5889511622 -0.6210620072 -0.5239846811 0.3870270900 0.4358119651
1403636599.6635556221 4.4839154080 -1.6956364068 0.5803391553 -0.6259305627 -0.5235937151 0.3817029014 0.4340085797
1403636599.7635557652 4.4841142142 -1.6936429313 0.5770825160 -0.6211770060 -0.5196643386 0.3876581268 0.4402377529
1403636599.8635556698 4.4847794355 -1.6923407084 0.5768519010 -0.6153306968 -0.5131280543 0.3955708132 0.4489893821
1403636599.9635555744 4.4856104240 -1.6914697426 0.5764268568 -0.6164650796 -0.5105508260 0.3974354376 0.4487245622
1403636600.0635557175 4.4861154862 -1.6902237393 0.5754361032 -0.6182705306 -0.5085079762 0.3990647564 0.4471112942
1403636600.1635556221 4.4868136353 -1.6891692912 0.5754177985 -0.6166473861 -0.5067813410 0.4017728637 0.4488844390
1403636600.2635557652 4.4867969801 -1.6896274772 0.5755580790 -0.6171729670 -0.5062297517 0.4026664952 0.4479828802
1403636600.3635556698 4.4869100765 -1.6899133282 0.5756667544 -0.6175658786 -0.5056203977 0.4033557216 0.4475092858
1403636600.4635555744 4.4869642202 -1.6901152429 0.5757846305 -0.6177163455 -0.5054193389 0.4038133522 0.4471158518
1403636600.5635557175 4.4869414029 -1.6898794469 0.5757137866 -0.6174587952 -0.5056502762 0.4034083733 0.4475758246
1403636600.6635556221 4.4869428666 -1.6899687983 0.5757400978 -0.6176330947 -0.5054121810 0.4036695118 0.4473687660
1403636600.7635557652 4.4869087236 -1.6900585859 0.5758157756 -0.6178239267 -0.5052633463 0.4037985051 0.4471569229
1403636600.8635556698 4.4869173007 -1.6900356298 0.5757873833 -0.6178168531 -0.5052971017 0.4037622800 0.4471612643
1403636600.9635555744 4.4869403275 -1.6900440572 0.5758197427 -0.6178731593 -0.5052009088 0.4038404405 0.4471215712
1403636601.0635557175 4.4869657907 -1.6900277281 0.5758164585 -0.6178086017 -0.5052872265 0.4038096793 0.4471410216
1403636601.1635556221 4.4869214080 -1.6900199417 0.5757788032 -0.6178283904 -0.5052481285 0.4038443459 0.4471265514
1403636601.2635557652 4.4869415752 -1.6900302381 0.5757884580 -0.6178806294 -0.5051883496 0.4039119921 0.4470608033
1403636601.3635556698 4.4869277088 -1.6900094319 0.5757522377 -0.6177938292 -0.5052791449 0.4038135785 0.4471670428
1403636601.4635555744 4.4869311150 -1.6900129848 0.5757347328 -0.6178548704 -0.5052145547 0.4037932637 0.4471740299
1403636601.5635557175 4.4869385854 -1.6900045538 0.5757428548 -0.6177623898 -0.5052775095 0.4037554718 0.4472647842
1403636601.6635556221 4.4868920915 -1.6899974788 0.5757238217 -0.6177953270 -0.5052952196 0.4036589143 0.4472864360
1403636601.7635557652 4.4869325906 -1.6899667792 0.5757182565 -0.6177897380 -0.5052397165 0.4037390242 0.4472845502
1403636601.8635556698 4.4869029611 -1.6899663532 0.5757104474 -0.6178123115 -0.5052438499 0.4037640115 0.4472261428
1403636601.9635555744 4.4869378689 -1.6899765857 0.5757029830 -0.6178424882 -0.5052498048 0.4037074196 0.4472288160
1403636602.0635557175 4.4870106764 -1.6899764087 0.5757251372 -0.6177913686 -0.5053333479 0.4035729976 0.4473263551
1403636602.1635556221 4.4869585304 -1.6899659043 0.5757025067 -0.6178183236 -0.5053235557 0.4035660874 0.4473064232
1403636602.2635557652 4.4869832584 -1.6898999006 0.5756651356 -0.6178236840 -0.5052207301 0.4037609308 0.4472393321
1403636602.3635556698 4.4869699991 -1.6899268938 0.5757060681 -0.6178540649 -0.5052820657 0.4036748162 0.4472058042
1403636602.4635555744 4.4869207066 -1.6899364911 0.5756801628 -0.6177693403 -0.5052863467 0.4037617560 0.4472395268
1403636602.5635557175 4.4869375813 -1.6899715057 0.5757111293 -0.6178153664 -0.5052995945 0.4036924962 0.4472235027
1403636602.6635556221 4.4868848009 -1.6899953955 0.5756524653 -0.6178066318 -0.5051968622 0.4037072772 0.4473382730
1403636602.7635557652 4.4869080282 -1.6899595187 0.5756961519 -0.6178334686 -0.5052383807 0.4037273587 0.4472361832
1403636602.8635556698 4.4869495419 -1.6899791156 0.5757135714 -0.6178270529 -0.5052377014 0.4037135869 0.4472582448
1403636602.9635555744 4.4869598247 -1.6899880531 0.5757047049 -0.6177771338 -0.5052649575 0.4037415720 0.4472711467
1403636603.0635557175 4.4868939621 -1.6899891367 0.5756827575 -0.6178338351 -0.5052241211 0.4037699360 0.4472133478
1403636603.1635556221 4.4869341043 -1.6899704585 0.5756671318 -0.6177877573 -0.5051480042 0.4038795445 0.4472640096
1403636603.2635557652 4.4869453278 -1.6899749779 0.5756939449 -0.6178568282 -0.5051542141 0.4037972508 0.4472358885
1403636603.3635556698 4.4869541806 -1.6899541794 0.5756942668 -0.6177656026 -0.5052888417 0.4038284700 0.4471816338
1403636603.4635555744 4.4869317498 -1.6899589421 0.5756696963 -0.6177731120 -0.5052441985 0.4038454270 0.4472063877
1403636603.5635557175 4.4869540902 -1.6899451043 0.5756688081 -0.6177882264 -0.5052298217 0.4038379039 0.4472085441
1403636603.6635556221 4.4869667348 -1.6899543425 0.5756705553 -0.6178111984 -0.5051798702 0.4038339858 0.4472367759
1403636603.7635557652 4.4869360544 -1.6899724835 0.5756103774 -0.6177630419 -0.5051870031 0.4038703130 0.4472624356
1403636603.8635556698 4.4869437160 -1.6899567270 0.5756704700 -0.6177411575 -0.5051651022 0.4038858176 0.4473033961
1403636603.9635555744 4.4869496796 -1.6899208403 0.5756864463 -0.6177604192 -0.5052381066 0.4038057650 0.4472666143
1403636604.0635557175 4.4869354384 -1.6899782664 0.5756636423 -0.6177872335 -0.5052525570 0.4036906157 0.4473171969
1403636604.1635556221 4.4869700168 -1.6899706533 0.5756633254 -0.6178573311 -0.5051431074 0.4038022063 0.4472432645
1403636604.2635557652 4.4869650273 -1.6899776710 0.5756713265 -0.6178615319 -0.5051408507 0.4037875105 0.4472532779
1403636604.3635556698 4.4869453636 -1.6899660672 0.5756735721 -0.6178006853 -0.5052572482 0.4036965921 0.4472879251
1403636604.4635555744 4.4870003702 -1.6899575229 0.5757030718 -0.6178266361 -0.5052483228 0.4037393162 0.4472235957
1403636604.5635557175 4.4869486450 -1.6899921610 0.5756964584 -0.6178360774 -0.5052696489 0.4037026680 0.4472195424
1403636604.6635556221 4.4869692104 -1.6899750039 0.5756704806 -0.6178496525 -0.5052543117 0.4036982225 0.4472221288
1403636604.7635557652 4.4869518138 -1.6899615179 0.5756696250 -0.6178350976 -0.5052463835 0.4037220625 0.4472296731
1403636604.8635556698 4.4869398078 -1.6899910139 0.5756860389 -0.6178279102 -0.5052636311 0.4036929756 0.4472463727
1403636604.9635555744 4.4869576737 -1.6899580693 0.5756468132 -0.6178061921 -0.5051899584 0.4038617496 0.4472072250
1403636605.0635557175 4.4869612783 -1.6899735744 0.5756694320 -0.6178284134 -0.5052101120 0.4038293943 0.4471829766
1403636605.1635556221 4.4869316712 -1.6900021777 0.5756727951 -0.6178736485 -0.5051570962 0.4037408175 0.4472603436
1403636605.2635557652 4.4869903428 -1.6899936576 0.5756852488 -0.6178534232 -0.5051654469 0.4038246378 0.4472031760
1403636605.3635556698 4.4869762884 -1.6899754558 0.5756717938 -0.6178161745 -0.5051660577 0.4039188699 0.4471688441
1403636605.4635555744 4.4869578413 -1.6900026837 0.5756808000 -0.6178458039 -0.5051332673 0.4037985566 0.4472735970
1403636605.5635557175 4.4869451129 -1.6899986581 0.5756779736 -0.6178569499 -0.5051993793 0.4037200351 0.4472544129
1403636605.6635556221 4.4869585389 -1.6899723848 0.5756904231 -0.6178406833 -0.5052460206 0.4037589785 0.4471890385
1403636605.7635557652 4.4869558538 -1.6900011154 0.5756872665 -0.6178443313 -0.5052371965 0.4036658513 0.4472780322
1403636605.8635556698 4.4869764239 -1.6899799455 0.5756973094 -0.6179101142 -0.5051385041 0.4037809324 0.4471947462
1403636605.9635555744 4.4869480191 -1.6899978622 0.5756437510 -0.6178358439 -0.5051646979 0.4037524960 0.4472934383
1403636606.0635557175 4.4869528340 -1.6899671963 0.5756824161 -0.6178424427 -0.5051828241 0.4038181002 0.4472046200
1403636606.1635556221 4.4869482520 -1.6899901963 0.5756715047 -0.6177989365 -0.5052527572 0.4037037932 0.4472889141
1403636606.2635557652 4.4869796974 -1.6899657471 0.5757171411 -0.6177971771 -0.5053043543 0.4037127309 0.4472249862
1403636606.3635556698 4.4869882570 -1.6899491612 0.5756891093 -0.6178636168 -0.5052043115 0.4038173264 0.4471517882
1403636606.4635555744 4.4869852335 -1.6899880410 0.5756791819 -0.6178237939 -0.5052265151 0.4037501169 0.4472424077
1403636606.5635557175 4.4869858386 -1.6899645968 0.5756947072 -0.6178651738 -0.5051956321 0.4038107323 0.4471653976
1403636606.6635556221 4.4869733320 -1.6899709143 0.5756776119 -0.6178530523 -0.5052186557 0.4037410520 0.4472190499
1403636606.7635557652 4.4869877199 -1.6899619779 0.5756700938 -0.6177993137 -0.5052100406 0.4038293444 0.4472233039
1403636606.8635556698 4.4869515093 -1.6899549244 0.5756529630 -0.6178360582 -0.5052204024 0.4037778310 0.4472073494
1403636606.9635555744 4.4869667887 -1.6899871598 0.5756979114 -0.6178326537 -0.5052605003 0.4037040287 0.4472333798
1403636607.0635557175 4.4869309001 -1.6900098123 0.5756824032 -0.6178867669 -0.5051827870 0.4037235021 0.4472288327
1403636607.1635556221 4.4869805994 -1.6899659783 0.5756725056 -0.6178072158 -0.5052415465 0.4038082339 0.4471958565
1403636607.2635557652 4.4869403765 -1.6899718722 0.5756514743 -0.6178316005 -0.5051855866 0.4037490938 0.4472787785
1403636607.3635556698 4.4869575269 -1.6899327355 0.5756399568 -0.6178104783 -0.5051967859 0.4038614501 0.4471938613
1403636607.4635555744 4.4869511150 -1.6899483285 0.5756537657 -0.6178296301 -0.5051878124 0.4038220588 0.4472131116
1403636607.5635557175 4.4869279698 -1.6899768235 0.5756268676 -0.6178064154 -0.5052289380 0.4037631825 0.4472518818
1403636607.6635556221 4.4869598073 -1.6899577976 0.5756449984 -0.6177435714 -0.5052875989 0.4037653586 0.4472704524
1403636607.7635557652 4.4869743906 -1.6899336887 0.5756736467 -0.6178352075 -0.5052676298 0.4037567897 0.4471741646
1403636607.8635556698 4.4870003538 -1.6899451682 0.5756861538 -0.6178544182 -0.5052490644 0.4037098486 0.4472109781
1403636607.9635555744 4.4870019364 -1.6899598716 0.5756977193 -0.6178690536 -0.5052075449 0.4037404591 0.4472100299
1403636608.0635557175 4.4869867769 -1.6899665470 0.5756790916 -0.6178539396 -0.5052099733 0.4037779196 0.4471943468
1403636608.1635556221 4.4869739903 -1.6899854691 0.5756953476 -0.6178646780 -0.5051932230 0.4037520703 0.4472217715
1403636608.2635557652 4.4869608543 -1.6899906921 0.5756709996 -0.6178262351 -0.5052864142 0.4036266551 0.4472828032
1403636608.3635556698 4.4869542954 -1.6899799076 0.5756538746 -0.6178144767 -0.5052352702 0.4037159521 0.4472762279
1403636608.4635555744 4.4869989843 -1.6899572747 0.5756837146 -0.6178607902 -0.5051503283 0.4038615620 0.4471767307
1403636608.5635557175 4.4870179005 -1.6899558707 0.5756674735 -0.6178658832 -0.5051182875 0.4038665408 0.4472013900
1403636608.6635556221 4.4869758242 -1.6899610243 0.5756816126 -0.6179148045 -0.5051623273 0.4037711647 0.4471701734
1403636608.7635557652 4.4869519158 -1.6899691973 0.5756861910 -0.6178589993 -0.5052738116 0.4037006823 0.4471849633
1403636608.8635556698 4.4869665944 -1.6899632174 0.5756936866 -0.6178196674 -0.5053131444 0.4037071907 0.4471889857
1403636608.9635555744 4.4869774469 -1.6899839004 0.5756908584 -0.6178281527 -0.5053026142 0.4036635090 0.4472285918
1403636609.0635557175 4.4869504499 -1.6899550311 0.5756572758 -0.6178011751 -0.5052634743 0.4037873087 0.4471983215
1403636609.1635556221 4.4869400798 -1.6899594483 0.5756487827 -0.6178237090 -0.5052184881 0.4038273217 0.4471818849
1403636609.2635557652 4.4869825182 -1.6899749712 0.5756947968 -0.6178482396 -0.5052571525 0.4037274825 0.4471944572
1403636609.3635556698 4.4869737947 -1.6899626526 0.5756699266 -0.6179069032 -0.5051751585 0.4037884316 0.4471510044
1403636609.4635555744 4.4870067759 -1.6899461563 0.5757025137 -0.6179176525 -0.5051894622 0.4037479212 0.4471565700
1403636609.5635557175 4.4870091216 -1.6899326229 0.5756764044 -0.6178624168 -0.5051836042 0.4038367751 0.4471592770
1403636609.6635556221 4.4870130752 -1.6899354924 0.5756667874 -0.6179369355 -0.5051261346 0.4039186264 0.4470472851
1403636609.7635557652 4.4869622123 -1.6899732116 0.5757038923 -0.6178910975 -0.5051530115 0.4037529472 0.4472299009
1403636609.8635556698 4.4869479622 -1.6899710515 0.5757042320 -0.6178578819 -0.5052308072 0.4036675505 0.4472649973
1403636609.9635555744 4.4869959878 -1.6899592610 0.5756518781 -0.6178537088 -0.5051860181 0.4037941586 0.4472070652
1403636610.0635557175 4.4870171577 -1.6899592096 0.5756683498 -0.6178580135 -0.5052006703 0.4038046500 0.4471750916
1403636610.1635556221 4.4869902958 -1.6899276312 0.5756724244 -0.6178300401 -0.5052124419 0.4038607315 0.4471497956
1403636610.2635557652 4.4869872037 -1.6899498641 0.5756725302 -0.6178421622 -0.5052384193 0.4037102324 0.4472395896
1403636610.3635556698 4.4869690941 -1.6899893205 0.5756956124 -0.6179165311 -0.5052611939 0.4036852126 0.4471336887
1403636610.4635555744 4.4869186615 -1.6899931645 0.5757007725 -0.6178257529 -0.5053112776 0.4036945207 0.4471941253
1403636610.5635557175 4.4869470795 -1.6900039565 0.5756990666 -0.6178060077 -0.5052831758 0.4036838543 0.4472627806
1403636610.6635556221 4.4869939025 -1.6899897349 0.5756875555 -0.6177565007 -0.5052996253 0.4036799171 0.4473161288
1403636610.7635557652 4.4869743041 -1.6899769226 0.5756754867 -0.6178984810 -0.5052472138 0.4037208218 0.4471422796
1403636610.8635556698 4.4869534359 -1.6899803506 0.5756754418 -0.6178406336 -0.5054110662 0.4037519231 0.4470089375
1403636610.9635555744 4.4869341950 -1.6899830596 0.5756525142 -0.6178331851 -0.5054333058 0.4037525230 0.4469935446
1403636611.0635557175 4.4869692669 -1.6899919417 0.5757084392 -0.6179232550 -0.5053943243 0.4035720542 0.4470760841
1403636611.1635556221 4.4869542799 -1.6899981721 0.5757273914 -0.6178579110 -0.5054309390 0.4035092884 0.4471816430
1403636611.2635557652 4.4869665465 -1.6900095628 0.5757627745 -0.6179240192 -0.5053669680 0.4036211333 0.4470616455
1403636611.3635556698 4.4869509704 -1.6902844446 0.5757970352 -0.6180829117 -0.5052676614 0.4041721126 0.4464560539
1403636611.4635555744 4.4870243681 -1.6897589865 0.5754960555 -0.6183714744 -0.5048496536 0.4043945344 0.4463279147
1403636611.5635557175 4.4870366558 -1.6894978454 0.5754397898 -0.6182465361 -0.5051131799 0.4036532528 0.4468735253
1403636611.6635556221 4.4869529453 -1.6895897735 0.5754393417 -0.6181822931 -0.5049776512 0.4039517025 0.4468458866
1403636611.7635557652 4.4869657090 -1.6895500975 0.5754577073 -0.6180567539 -0.5049308022 0.4041579679 0.4468859709
1403636611.8635556698 4.4870477177 -1.6893459307 0.5754658801 -0.6179033747 -0.5048614885 0.4037109163 0.4475799292
1403636611.9635555744 4.4869757354 -1.6896656732 0.5754864031 -0.6180660424 -0.5049937671 0.4040097265 0.4469360170
1403636612.0635557175 4.4869786336 -1.6894410799 0.5754279528 -0.6179185789 -0.5052662369 0.4035589179 0.4472391524
1403636612.1635556221 4.4868061484 -1.6897641019 0.5756397989 -0.6180993158 -0.5047439598 0.4046535435 0.4465896110
1403636612.2635557652 4.4870663582 -1.6889565791 0.5752298969 -0.6170717552 -0.5058943645 0.4027834743 0.4483958226
1403636612.3635556698 4.4870533408 -1.6890847270 0.5752826437 -0.6172627162 -0.5059157302 0.4028089782 0.4480858625
1403636612.4635555744 4.4870755261 -1.6891219886 0.5752734744 -0.6173344761 -0.5056815824 0.4031807821 0.4479168883
1403636612.5635557175 4.4870248167 -1.6892127942 0.5753320346 -0.6174547273 -0.5055044007 0.4034571688 0.4477022153
1403636612.6635556221 4.4870405924 -1.6892336657 0.5753767836 -0.6175495573 -0.5054918033 0.4035283782 0.4475214287
1403636612.7635557652 4.4870592218 -1.6892831661 0.5753698435 -0.6176707389 -0.5053520030 0.4034417803 0.4475901488
1403636612.8635556698 4.4870497665 -1.6893700844 0.5754561208 -0.6177862773 -0.5051755500 0.4037871955 0.4473183206
1403636612.9635555744 4.4870752130 -1.6893684150 0.5754515416 -0.6177778635 -0.5051122652 0.4039388448 0.4472644862
1403636613.0635557175 4.4870746877 -1.6894364435 0.5754315022 -0.6178163218 -0.5049328156 0.4042252294 0.4471552394
1403636613.1635556221 4.4869849229 -1.6895121927 0.5754778547 -0.6178882312 -0.5048135983 0.4041802320 0.4472311537
1403636613.2635557652 4.4870350057 -1.6894656398 0.5754116633 -0.6179017042 -0.5049426767 0.4040164863 0.4472147762
1403636613.3635556698 4.4870099911 -1.6894663284 0.5754363954 -0.6178917231 -0.5049115750 0.4041126285 0.4471768144
1403636613.4635555744 4.4870555614 -1.6894390975 0.5754246488 -0.6178576597 -0.5048850670 0.4042068917 0.4471686149
1403636613.5635557175 4.4870827283 -1.6894406271 0.5754231428 -0.6178457437 -0.5049026250 0.4041253925 0.4472389109
1403636613.6635556221 4.4870802981 -1.6894478405 0.5754189084 -0.6178650260 -0.5049095231 0.4040268229 0.4472935384
1403636613.7635557652 4.4870507791 -1.6893897852 0.5753627965 -0.6177199108 -0.5049550124 0.4039970388 0.4474694849
1403636613.8635556698 4.4870823842 -1.6893820634 0.5753911214 -0.6177787413 -0.5049750208 0.4040213007 0.4473437646
1403636613.9635555744 4.4870904405 -1.6893782252 0.5754024550 -0.6178594047 -0.5048997266 0.4039660613 0.4473672356
1403636614.0635557175 4.4870582749 -1.6893992718 0.5753996476 -0.6178456286 -0.5049414299 0.4038338640 0.4474585365
1403636614.1635556221 4.4870340884 -1.6893944854 0.5753856053 -0.6178032847 -0.5050176080 0.4038205744 0.4474430251
1403636614.2635557652 4.4870095790 -1.6893746371 0.5753421427 -0.6177632733 -0.5050600701 0.4037437771 0.4475196379
1403636614.3635556698 4.4870298284 -1.6893393701 0.5753997169 -0.6176977160 -0.5050794107 0.4038404810 0.4475010464
1403636614.4635555744 4.4871224832 -1.6893421092 0.5753802663 -0.6177024395 -0.5050784855 0.4038268316 0.4475078880
1403636614.5635557175 4.4870705545 -1.6893616439 0.5753672192 -0.6177548462 -0.5050414123 0.4038524215 0.4474542921
1403636614.6635556221 4.4870555099 -1.6893726416 0.5753920091 -0.6177208628 -0.5050571390 0.4038470088 0.4474883412
1403636614.7635557652 4.4870911698 -1.6893417161 0.5753906094 -0.6177421440 -0.5050831743 0.4038935795 0.4473875356
1403636614.8635556698 4.4870668170 -1.6893484024 0.5753478636 -0.6178174083 -0.5049499962 0.4039834382 0.4473528060
1403636614.9635555744 4.4870776484 -1.6893418672 0.5753477800 -0.6177651798 -0.5049562789 0.4040180061 0.4473866222
1403636615.0635557175 4.4870558264 -1.6893752599 0.5753756728 -0.6177988456 -0.5049648318 0.4039476523 0.4473940089
1403636615.1635556221 4.4870650282 -1.6893918770 0.5753766415 -0.6178025310 -0.5050220683 0.4038495756 0.4474128557
1403636615.2635557652 4.4870247477 -1.6893816598 0.5754063909 -0.6177989162 -0.5049942462 0.4039413218 0.4473664258
1403636615.3635556698 4.4870274902 -1.6894090284 0.5753741179 -0.6177867239 -0.5049843596 0.4039222154 0.4474116720
1403636615.4635555744 4.4870884786 -1.6893678527 0.5754124279 -0.6178090688 -0.5049839221 0.4039649071 0.4473427620
1403636615.5635557175 4.4870055020 -1.6893876905 0.5753675065 -0.6177890153 -0.5049959700 0.4039397890 0.4473795365
1403636615.6635556221 4.4870230283 -1.6894196559 0.5753961028 -0.6178060025 -0.5049500658 0.4038742813 0.4474670258
1403636615.7635557652 4.4871035850 -1.6893618852 0.5753835622 -0.6178231591 -0.5048925208 0.4040401024 0.4473585610
1403636615.8635556698 4.4870803413 -1.6894100093 0.5754062302 -0.6178267685 -0.5048926331 0.4040453844 0.4473486789
1403636615.9635555744 4.4870049187 -1.6893996967 0.5753798297 -0.6177735662 -0.5050236356 0.4039041233 0.4474018412
1403636616.0635557175 4.4870104518 -1.6894046030 0.5753784809 -0.6177935944 -0.5050426680 0.4038543033 0.4473976753
1403636616.1635556221 4.4870474292 -1.6894023241 0.5754366689 -0.6178381911 -0.5050522939 0.4037988310 0.4473752945
1403636616.2635557652 4.4871287867 -1.6893688287 0.5754245312 -0.6177761516 -0.5049989548 0.4040078386 0.4473324809
1403636616.3635556698 4.4870721860 -1.6893883263 0.5754081896 -0.6178298364 -0.5049634737 0.4039567531 0.4473445262
1403636616.4635555744 4.4870443551 -1.6893840693 0.5753777065 -0.6178308526 -0.5049294767 0.4039881425 0.4473531511
1403636616.5635557175 4.4870328195 -1.6893873858 0.5753606051 -0.6177806999 -0.5049527323 0.4039420371 0.4474377896
1403636616.6635556221 4.4870489497 -1.6893682409 0.5753809355 -0.6178392702 -0.5049187836 0.4039501465 0.4473879047
1403636616.7635557652 4.4870288573 -1.6893601786 0.5753559166 -0.6178011970 -0.5049381894 0.4040068473 0.4473673807
1403636616.8635556698 4.4870253489 -1.6893548055 0.5753722543 -0.6177795252 -0.5050041382 0.4039739347 0.4473525887
1403636616.9635555744 4.4870443714 -1.6894086267 0.5753848851 -0.6178384898 -0.5049885566 0.4038785969 0.4473748286
1403636617.0635557175 4.4870386091 -1.6893724964 0.5753857752 -0.6177452919 -0.5050818602 0.4039007784 0.4473781734
1403636617.1635556221 4.4870307365 -1.6893892988 0.5753708006 -0.6177908233 -0.5050045676 0.4038964036 0.4474065048
1403636617.2635557652 4.4870288870 -1.6893748871 0.5753718834 -0.6178168518 -0.5050070808 0.4039117985 0.4473538254
1403636617.3635556698 4.4869986517 -1.6893911468 0.5753642072 -0.6178117277 -0.5049732900 0.4038789649 0.4474286840
1403636617.4635555744 4.4870901425 -1.6893924964 0.5754176962 -0.6178001818 -0.5049990055 0.4039271552 0.4473720970
1403636617.5635557175 4.4870675008 -1.6893650371 0.5753862193 -0.6178034275 -0.5049357424 0.4040740566 0.4473063578
1403636617.6635556221 4.4870613090 -1.6893853795 0.5753833672 -0.6177704968 -0.5050456419 0.4038855380 0.4473980164
1403636617.7635557652 4.4870010620 -1.6893853306 0.5753727468 -0.6178189724 -0.5050183977 0.4038636426 0.4473815973
1403636617.8635556698 4.4870139236 -1.6893990679 0.5753733418 -0.6177792846 -0.5049701534 0.4039533858 0.4474098365
1403636617.9635555744 4.4870733971 -1.6893642185 0.5753697253 -0.6177394330 -0.5050183065 0.4039389675 0.4474235281
1403636618.0635557175 4.4870583213 -1.6893766990 0.5753966309 -0.6178026651 -0.5049812046 0.4039644848 0.4473550547
1403636618.1635556221 4.4870632200 -1.6893525809 0.5753465554 -0.6177797522 -0.5049345878 0.4040541112 0.4473583743
1403636618.2635557652 4.4870583252 -1.6893589869 0.5753649561 -0.6178265518 -0.5049274518 0.4040182579 0.4473341788
1403636618.3635556698 4.4870349955 -1.6893888674 0.5753711726 -0.6178441664 -0.5048834884 0.4039553972 0.4474162338
1403636618.4635555744 4.4870494961 -1.6893631063 0.5753857449 -0.6177872373 -0.5049983086 0.4039310699 0.4473872243
1403636618.5635557175 4.4870140985 -1.6894238685 0.5753590592 -0.6176969930 -0.5050626345 0.4039810267 0.4473941106
1403636618.6635556221 4.4870240223 -1.6894298541 0.5753736293 -0.6177359524 -0.5050413761 0.4039024790 0.4474352344
1403636618.7635557652 4.4870978047 -1.6893904791 0.5754066201 -0.6178336379 -0.5048927324 0.4039571614 0.4474187482
1403636618.8635556698 4.4870655081 -1.6894036950 0.5753864315 -0.6178042317 -0.5049009577 0.4040804400 0.4473387445
1403636618.9635555744 4.4870071268 -1.6894672812 0.5753773823 -0.6176765943 -0.5050667518 0.4041955640 0.4472238221
1403636619.0635557175 4.4870114802 -1.6894918763 0.5753772659 -0.6177479165 -0.5050061061 0.4041248473 0.4472577023
1403636619.1635556221 4.4869474636 -1.6893928863 0.5753738675 -0.6179212826 -0.5048864312 0.4039568428 0.4473050964
1403636619.2635557652 4.4869551350 -1.6894121852 0.5754254726 -0.6179357607 -0.5048332538 0.4038568185 0.4474354162
1403636619.3635556698 4.4870160052 -1.6895131599 0.5754021709 -0.6176711740 -0.5051588200 0.4040239023 0.4472824317
1403636619.4635555744 4.4870359121 -1.6894781346 0.5754002280 -0.6176760537 -0.5051480234 0.4040634492 0.4472521617
1403636619.5635557175 4.4870480039 -1.6894281546 0.5753879189 -0.6178023279 -0.5050216220 0.4039021418 0.4473661864
1403636619.6635556221 4.4870252456 -1.6893928252 0.5753835907 -0.6177962657 -0.5049427667 0.4040440943 0.4473353845
1403636619.7635557652 4.4870273622 -1.6894304134 0.5754197779 -0.6178731370 -0.5048754193 0.4039550959 0.4473856032
1403636619.8635556698 4.4869884063 -1.6894103185 0.5754147082 -0.6178440047 -0.5050134885 0.4038382024 0.4473755342
1403636619.9635555744 4.4870072477 -1.6894217844 0.5753941384 -0.6177735104 -0.5050318869 0.4039160030 0.4473818789
1403636620.0635557175 4.4870649393 -1.6893839520 0.5754120815 -0.6178612685 -0.5049735962 0.4038482657 0.4473876376
1403636620.1635556221 4.4870890298 -1.6893488001 0.5753898985 -0.6177623111 -0.5049541913 0.4040396784 0.4473733674
1403636620.2635557652 4.4870357744 -1.6893752922 0.5753937024 -0.6178314419 -0.5050261500 0.4038784186 0.4473422853
1403636620.3635556698 4.4869858975 -1.6893824552 0.5753793997 -0.6177226931 -0.5051235998 0.4037469699 0.4475010701
1403636620.4635555744 4.4870349631 -1.6893621380 0.5753848803 -0.6177151147 -0.5050813699 0.4038013190 0.4475101581
1403636620.5635557175 4.4870361334 -1.6893455924 0.5753952061 -0.6177601052 -0.5050343466 0.4038688527 0.4474401758
1403636620.6635556221 4.4870567850 -1.6893572929 0.5753673627 -0.6177677397 -0.5050008921 0.4038670430 0.4474690272
1403636620.7635557652 4.4870256713 -1.6894093176 0.5753976360 -0.6177725506 -0.5050434579 0.4037740249 0.4474982884
1403636620.8635556698 4.4870306129 -1.6893942664 0.5753924116 -0.6177597352 -0.5049687485 0.4039595957 0.4474328080
1403636620.9635555744 4.4870312690 -1.6893982489 0.5754010538 -0.6178107144 -0.5049845269 0.4039059295 0.4473930585
1403636621.0635557175 4.4869843838 -1.6892058156 0.5753593063 -0.6175711615 -0.5052297024 0.4035727455 0.4477475264
1403636621.1635556221 4.4869573992 -1.6892845100 0.5753508730 -0.6176343855 -0.5052090184 0.4035335375 0.4477189940
1403636621.2635557652 4.4869834061 -1.6892715681 0.5753767143 -0.6176542108 -0.5051898966 0.4036278084 0.4476282347
1403636621.3635556698 4.4870334495 -1.6892862131 0.5754078077 -0.6176657958 -0.5051276547 0.4037071708 0.4476109218
1403636621.4635555744 4.4870220298 -1.6893204266 0.5754076348 -0.6176625535 -0.5051941588 0.4036097610 0.4476281858
1403636621.5635557175 4.4870403035 -1.6892987413 0.5753874570 -0.6176730059 -0.5051538831 0.4036157561 0.4476538099
1403636621.6635556221 4.4870454944 -1.6893198192 0.5753889801 -0.6177555795 -0.5050724516 0.4036340008 0.4476152992
1403636621.7635557652 4.4870418349 -1.6892898940 0.5753774667 -0.6177510754 -0.5050525066 0.4038583715 0.4474416053
1403636621.8635556698 4.4870664810 -1.6892823939 0.5753854214 -0.6177485765 -0.5050421657 0.4038983182 0.4474206697
1403636621.9635555744 4.4870573694 -1.6892891347 0.5754063697 -0.6177069463 -0.5050773499 0.4039306350 0.4474092547
1403636622.0635557175 4.4870129839 -1.6893127243 0.5753820948 -0.6176641366 -0.5050524723 0.4038713031 0.4475499805
1403636622.1635556221 4.4869977463 -1.6893052804 0.5753773402 -0.6177610075 -0.5049488998 0.4039117391 0.4474966517
1403636622.2635557652 4.4870254434 -1.6893022135 0.5753871526 -0.6177316649 -0.5050256086 0.4038606658 0.4474966898
1403636622.3635556698 4.4870411948 -1.6892771378 0.5753993714 -0.6177765980 -0.5050020294 0.4038493229 0.4474715071
1403636622.4635555744 4.4870346133 -1.6893203628 0.5754157126 -0.6177320037 -0.5051247991 0.4037430565 0.4474903945
1403636622.5635557175 4.4870536792 -1.6893091599 0.5754078681 -0.6177365207 -0.5050754795 0.4038273642 0.4474637537
1403636622.6635556221 4.4870530164 -1.6892503726 0.5753730813 -0.6176574132 -0.5050860199 0.4039026257 0.4474931300
1403636622.7635557652 4.4869470185 -1.6892929675 0.5753786853 -0.6177239700 -0.5050946697 0.4036379498 0.4476302905
1403636622.8635556698 4.4869184177 -1.6892461150 0.5753898780 -0.6177217754 -0.5049505820 0.4037241160 0.4477181660
1403636622.9635555744 4.4869560886 -1.6891860372 0.5754791475 -0.6177566298 -0.5047530304 0.4039671163 0.4476736463
1403636623.0635557175 4.4869418932 -1.6891048605 0.5755009738 -0.6177307212 -0.5047365031 0.4039492492 0.4477441486
1403636623.1635556221 4.4869306725 -1.6890616197 0.5755487740 -0.6177257883 -0.5046968037 0.4039020740 0.4478382536
1403636623.2635557652 4.4869780817 -1.6891163172 0.5755566561 -0.6178057595 -0.5046092044 0.4039633382 0.4477713878
1403636623.3635556698 4.4869367778 -1.6890638999 0.5755555171 -0.6178121966 -0.5045907805 0.4039408157 0.4478035856
1403636623.4635555744 4.4869567569 -1.6890502472 0.5756208674 -0.6178146810 -0.5045618247 0.4038711956 0.4478955709
1403636623.5635557175 4.4868670878 -1.6890277520 0.5755588790 -0.6179003348 -0.5044717140 0.4037879841 0.4479539373
1403636623.6635556221 4.4869080107 -1.6889782768 0.5755964202 -0.6180302965 -0.5045638230 0.4036549829 0.4477907502
1403636623.7635557652 4.4868395830 -1.6889233996 0.5756253722 -0.6181688315 -0.5043000326 0.4035644674 0.4479782288
1403636623.8635556698 4.4868691722 -1.6888692029 0.5757313818 -0.6185451222 -0.5041108218 0.4032196697 0.4479822643
1403636623.9635555744 4.4868424645 -1.6888686090 0.5757183980 -0.6189066722 -0.5038450194 0.4030761140 0.4479111227
1403636624.0635557175 4.4868036472 -1.6888206347 0.5757150229 -0.6189225768 -0.5037969548 0.4028449583 0.4481511037
1403636624.1635556221 4.4868534811 -1.6888593330 0.5758585171 -0.6198071377 -0.5033448055 0.4021609383 0.4480509999
1403636624.2635557652 4.4870353574 -1.6887218142 0.5759103450 -0.6200150965 -0.5036021594 0.4018652887 0.4477392488
1403636624.3635556698 4.4885126656 -1.6875135637 0.5755358556 -0.6237700134 -0.5061149205 0.3961250661 0.4447961215
1403636624.4635555744 4.4928801070 -1.6842722841 0.5754535608 -0.6289106113 -0.5079465823 0.3900840357 0.4407903784
1403636624.5635557175 4.4989760728 -1.6793091865 0.5754022469 -0.6337575296 -0.5094561983 0.3836382617 0.4377527383
1403636624.6635556221 4.5065949150 -1.6723596787 0.5755819506 -0.6325209770 -0.5103304190 0.3804283935 0.4413097717
1403636624.7635557652 4.5174700302 -1.6631301336 0.5737786307 -0.6287463080 -0.5124607985 0.3771635131 0.4470007769
1403636624.8635556698 4.5325046655 -1.6521073207 0.5739153367 -0.6263929273 -0.5222020676 0.3645041278 0.4495260192
1403636624.9635555744 4.5505249390 -1.6412161336 0.5810952041 -0.6259656928 -0.5348177867 0.3474454281 0.4487967925
1403636625.0635557175 4.5676309405 -1.6334341644 0.5975755095 -0.6278852887 -0.5431856399 0.3362177062 0.4445976595
1403636625.1635556221 4.5802036734 -1.6299631218 0.6223119131 -0.6324507952 -0.5445051959 0.3351364813 0.4372683640
1403636625.2635557652 4.5865884769 -1.6287916353 0.6518601854 -0.6327189137 -0.5395101482 0.3433676478 0.4366855100
1403636625.3635556698 4.5891572102 -1.6285061809 0.6702716626 -0.6309912183 -0.5361958332 0.3501371306 0.4378905122
1403636625.4635555744 4.5901130927 -1.6282545846 0.6692392076 -0.6324340886 -0.5385542353 0.3483757916 0.4343049240
1403636625.5635557175 4.5874520623 -1.6282511166 0.6606416292 -0.6330698528 -0.5401078099 0.3474468576 0.4321883806
1403636625.6635556221 4.5797995057 -1.6283953491 0.6608860178 -0.6312216642 -0.5409408440 0.3479388154 0.4334521826
1403636625.7635557652 4.5669476712 -1.6293925554 0.6786824654 -0.6271204409 -0.5384825597 0.3532428832 0.4381506030
1403636625.8635556698 4.5508815273 -1.6313827276 0.7124159087 -0.6224462544 -0.5340161507 0.3609438705 0.4439672663
1403636625.9635555744 4.5341680278 -1.6338774475 0.7575953636 -0.6199031120 -0.5308197469 0.3663062643 0.4469566520
1403636626.0635557175 4.5183149861 -1.6373826368 0.8049735324 -0.6198347302 -0.5273406498 0.3720291911 0.4464426360
1403636626.1635556221 4.5039086764 -1.6403639641 0.8497234182 -0.6226505210 -0.5223748941 0.3796662587 0.4419098673
1403636626.2635557652 4.4916010763 -1.6410251088 0.8859329457 -0.6246922253 -0.5189622220 0.3848169377 0.4385815321
1403636626.3635556698 4.4816897020 -1.6387880373 0.9075531602 -0.6246330704 -0.5186315152 0.3856549203 0.4383208428
1403636626.4635555744 4.4740390194 -1.6325298911 0.9157948932 -0.6219120599 -0.5204477913 0.3838368179 0.4416206331
1403636626.5635557175 4.4685099402 -1.6235588606 0.9189592105 -0.6154370365 -0.5216763201 0.3831779168 0.4497396528
1403636626.6635556221 4.4674160603 -1.6144205319 0.9198753723 -0.6093509328 -0.5233254400 0.3828156138 0.4563706064
1403636626.7635557652 4.4708234068 -1.6055377374 0.9154933992 -0.6088451127 -0.5263970355 0.3812726716 0.4548020884
1403636626.8635556698 4.4787310085 -1.5978540883 0.9078279985 -0.6108818160 -0.5301548256 0.3782540168 0.4502034723
1403636626.9635555744 4.4888211902 -1.5902350108 0.8968749223 -0.6139801538 -0.5347101940 0.3729845170 0.4449673349
1403636627.0635557175 4.4995179627 -1.5828141263 0.8845353227 -0.6174023656 -0.5382482979 0.3680915536 0.4400132917
1403636627.1635556221 4.5089604370 -1.5757613615 0.8794244099 -0.6189759645 -0.5397423670 0.3666316657 0.4371820609
1403636627.2635557652 4.5172143407 -1.5691105806 0.8861005958 -0.6157192278 -0.5375590205 0.3698627920 0.4417257602
1403636627.3635556698 4.5246858847 -1.5631870217 0.9023372999 -0.6142392520 -0.5350123509 0.3738825843 0.4434904044
1403636627.4635555744 4.5329705788 -1.5570677672 0.9262135124 -0.6146240599 -0.5331752014 0.3759704436 0.4434046630
1403636627.5635557175 4.5424328043 -1.5497105631 0.9489960098 -0.6195282503 -0.5291464918 0.3738370426 0.4432094346
1403636627.6635556221 4.5526283468 -1.5411259333 0.9563400427 -0.6258550659 -0.5257203739 0.3679422365 0.4433306165
1403636627.7635557652 4.5629943980 -1.5308361429 0.9493307176 -0.6357394818 -0.5238412566 0.3566316049 0.4407261594
1403636627.8635556698 4.5711558524 -1.5191755773 0.9367000146 -0.6466163144 -0.5202749047 0.3437734388 0.4393417671
1403636627.9635555744 4.5751613958 -1.5065905944 0.9281134331 -0.6543701956 -0.5174635909 0.3333912288 0.4391826133
1403636628.0635557175 4.5724391149 -1.4933859116 0.9298948001 -0.6572229965 -0.5127392100 0.3294743893 0.4433994386
1403636628.1635556221 4.5640880195 -1.4795224014 0.9436465513 -0.6535864820 -0.5030757012 0.3361401127 0.4546970134
1403636628.2635557652 4.5531937793 -1.4666035231 0.9635295479 -0.6507951599 -0.4928716969 0.3455859785 0.4627239800
1403636628.3635556698 4.5438473875 -1.4525489523 0.9875008472 -0.6513570936 -0.4863471790 0.3526801451 0.4634836278
1403636628.4635555744 4.5370142769 -1.4371259457 1.0098883905 -0.6525706814 -0.4841724576 0.3553353868 0.4620230514
1403636628.5635557175 4.5324865030 -1.4193519965 1.0254673782 -0.6535366255 -0.4838728050 0.3568397915 0.4598068627
1403636628.6635556221 4.5307565777 -1.3987911449 1.0367553192 -0.6534552039 -0.4848474037 0.3578515603 0.4581064859
1403636628.7635557652 4.5304484108 -1.3746942402 1.0396909180 -0.6541751550 -0.4864736646 0.3516236030 0.4601728828
1403636628.8635556698 4.5313790647 -1.3476586718 1.0361036598 -0.6590989333 -0.4875379655 0.3398647271 0.4608549616
1403636628.9635555744 4.5322240010 -1.3197531034 1.0363483875 -0.6647638337 -0.4874798435 0.3300842806 0.4598878290
1403636629.0635557175 4.5306097802 -1.2901861770 1.0449275211 -0.6692540072 -0.4856018904 0.3246828858 0.4592068179
1403636629.1635556221 4.5273470948 -1.2598851978 1.0593214580 -0.6726479227 -0.4815894305 0.3199484156 0.4617893501
1403636629.2635557652 4.5207766594 -1.2268089373 1.0700817270 -0.6765618523 -0.4733325238 0.3160804340 0.4672403462
1403636629.3635556698 4.5116287447 -1.1946255269 1.0756181693 -0.6799341618 -0.4638012472 0.3163269252 0.4717151843
1403636629.4635555744 4.5006025574 -1.1611776383 1.0756266564 -0.6835999742 -0.4517994935 0.3198631358 0.4756636073
1403636629.5635557175 4.4905852172 -1.1248742087 1.0687216154 -0.6909989693 -0.4390958948 0.3175287338 0.4784252530
1403636629.6635556221 4.4830648069 -1.0844971650 1.0548444212 -0.7021601687 -0.4303271440 0.3034943547 0.4792502720
1403636629.7635557652 4.4748626919 -1.0408676769 1.0337191933 -0.7143670822 -0.4204971492 0.2862573826 0.4805398323
1403636629.8635556698 4.4647644995 -0.9934198700 1.0095283086 -0.7259199178 -0.4069216875 0.2704274740 0.4840702372
1403636629.9635555744 4.4508681174 -0.9435527851 0.9866875043 -0.7345913258 -0.3938132187 0.2577843274 0.4887064286
1403636630.0635557175 4.4340466386 -0.8919078124 0.9725052559 -0.7390030553 -0.3832469716 0.2506980933 0.4941120410
1403636630.1635556221 4.4146919302 -0.8360235969 0.9694859486 -0.7367962101 -0.3730696940 0.2501757111 0.5053340101
1403636630.2635557652 4.3903660380 -0.7801841911 0.9710107376 -0.7327007536 -0.3645098197 0.2515602531 0.5167200752
1403636630.3635556698 4.3693296640 -0.7233638237 0.9788043981 -0.7320241893 -0.3617252878 0.2504993531 0.5201398624
1403636630.4635555744 4.3475103282 -0.6697771104 0.9915665356 -0.7337237307 -0.3636802227 0.2468525632 0.5181216022
1403636630.5635557175 4.3261965920 -0.6141112490 1.0104843017 -0.7334675579 -0.3678323631 0.2432288649 0.5172662887
1403636630.6635556221 4.3031065013 -0.5594715514 1.0275398944 -0.7317919537 -0.3728374046 0.2406164958 0.5172779795
1403636630.7635557652 4.2797124858 -0.5068251309 1.0413046384 -0.7311809807 -0.3751343111 0.2417627879 0.5159451293
1403636630.8635556698 4.2589618823 -0.4568877271 1.0493806355 -0.7316369787 -0.3756213523 0.2457699972 0.5130429217
1403636630.9635555744 4.2303283381 -0.4077598086 1.0510425778 -0.7318180298 -0.3752531463 0.2496226797 0.5111907328
1403636631.0635557175 4.2026133181 -0.3573689822 1.0469358484 -0.7310809410 -0.3750974226 0.2518527738 0.5112658424
1403636631.1635556221 4.1753066363 -0.3070085267 1.0418185641 -0.7292128362 -0.3745339071 0.2538630299 0.5133483749
1403636631.2635557652 4.1474674174 -0.2563444241 1.0384604707 -0.7271270574 -0.3745071857 0.2555127186 0.5155035023
1403636631.3635556698 4.1188097001 -0.2069309466 1.0294772976 -0.7267423330 -0.3751054481 0.2559712836 0.5153835330
1403636631.4635555744 4.0931806964 -0.1592937299 1.0145590852 -0.7262197643 -0.3761518951 0.2559363229 0.5153748194
1403636631.5635557175 4.0661177666 -0.1128520759 0.9951053532 -0.7250623017 -0.3781286298 0.2546745648 0.5161823941
1403636631.6635556221 4.0397522052 -0.0654585166 0.9782020468 -0.7243515267 -0.3806451559 0.2536447055 0.5158376629
1403636631.7635557652 4.0121649600 -0.0184710195 0.9664866091 -0.7239465547 -0.3823575943 0.2531335030 0.5153906147
1403636631.8635556698 3.9868822230 0.0236489990 0.9622912020 -0.7233035702 -0.3838149715 0.2525452514 0.5154986993
1403636631.9635555744 3.9578245701 0.0656736114 0.9626005487 -0.7233685227 -0.3852923710 0.2511372674 0.5149930506
1403636632.0635557175 3.9287613400 0.1055929213 0.9638768000 -0.7224906000 -0.3846642651 0.2514075950 0.5165607005
1403636632.1635556221 3.9005725660 0.1435320863 0.9633262633 -0.7196852657 -0.3855065089 0.2491949656 0.5209027923
1403636632.2635557652 3.8699067014 0.1786480656 0.9638759592 -0.7198024701 -0.3847490834 0.2486169957 0.5215765872
1403636632.3635556698 3.8397524471 0.2122084929 0.9584218142 -0.7205067765 -0.3829892958 0.2497178316 0.5213733681
1403636632.4635555744 3.8080267966 0.2415957955 0.9472594643 -0.7239572984 -0.3817400747 0.2498971346 0.5174087046
1403636632.5635557175 3.7772282201 0.2685710404 0.9298572826 -0.7299744984 -0.3822187708 0.2552343968 0.5058670237
1403636632.6635556221 3.7417391650 0.2927015341 0.9081898629 -0.7332047408 -0.3872186458 0.2630336964 0.4932401067
1403636632.7635557652 3.7076747019 0.3209330723 0.8898127808 -0.7293930623 -0.3983723265 0.2734978407 0.4842356671
1403636632.8635556698 3.6714453778 0.3517310569 0.8776233968 -0.7162802062 -0.4165549857 0.2830831398 0.4829995300
1403636632.9635555744 3.6304203684 0.3860766784 0.8718282966 -0.6998433763 -0.4351397186 0.2913762999 0.4857700339
1403636633.0635557175 3.5890135682 0.4209935703 0.8740806203 -0.6879308619 -0.4500229369 0.2968152431 0.4859333257
1403636633.1635556221 3.5485978180 0.4565057751 0.8748142293 -0.6806135511 -0.4599777859 0.3019004086 0.4837786414
1403636633.2635557652 3.5071204455 0.4903993463 0.8700015395 -0.6776926743 -0.4655591691 0.3060598640 0.4799110948
1403636633.3635556698 3.4636722662 0.5236088996 0.8599291520 -0.6785054548 -0.4676832214 0.3098012471 0.4742635759
1403636633.4635555744 3.4192182794 0.5568424504 0.8457866447 -0.6813944643 -0.4677056824 0.3118284319 0.4687387414
1403636633.5635557175 3.3716613358 0.5921386266 0.8281405770 -0.6842690803 -0.4670179476 0.3112713437 0.4655966205
1403636633.6635556221 3.3229807898 0.6285769206 0.8099444850 -0.6870826747 -0.4663332178 0.3085685002 0.4639355653
1403636633.7635557652 3.2711530983 0.6674804392 0.7986057311 -0.6883513388 -0.4634522749 0.3083292187 0.4650994691
1403636633.8635556698 3.2172914832 0.7073121789 0.7969477664 -0.6898849178 -0.4600190722 0.3088937960 0.4658603612
1403636633.9635555744 3.1585822465 0.7498742339 0.7990553640 -0.6926976566 -0.4530856632 0.3140885890 0.4650072006
1403636634.0635557175 3.1015885831 0.7949325308 0.7975632180 -0.6948886695 -0.4476596749 0.3172474860 0.4648489917
1403636634.1635556221 3.0434706961 0.8424000992 0.7969593544 -0.6951318219 -0.4490006835 0.3161149309 0.4639628076
1403636634.2635557652 2.9855798231 0.8949561350 0.8023139291 -0.6926435004 -0.4539434845 0.3112914362 0.4661308142
1403636634.3635556698 2.9247946901 0.9497375705 0.8149248723 -0.6861700049 -0.4557633428 0.3110012979 0.4740555795
1403636634.4635555744 2.8647073151 1.0057023629 0.8211734636 -0.6801325256 -0.4568775083 0.3119492979 0.4810096938
1403636634.5635557175 2.8042380601 1.0610370359 0.8206128770 -0.6757018195 -0.4574244533 0.3141090983 0.4853095866
1403636634.6635556221 2.7457983468 1.1138680024 0.8152019406 -0.6713374839 -0.4619123673 0.3158977845 0.4859542544
1403636634.7635557652 2.6902074136 1.1637290018 0.8083796157 -0.6672565175 -0.4691090076 0.3175700444 0.4835853034
1403636634.8635556698 2.6351209738 1.2120195213 0.8069920356 -0.6662015018 -0.4750239727 0.3191843541 0.4781727015
1403636634.9635555744 2.5797300549 1.2584466514 0.8106065747 -0.6647601494 -0.4811499599 0.3203918553 0.4732205817
1403636635.0635557175 2.5264111590 1.3013034747 0.8185304782 -0.6623990693 -0.4862510118 0.3208872585 0.4709764260
1403636635.1635556221 2.4698493196 1.3450344884 0.8236337914 -0.6615523068 -0.4899360079 0.3211740751 0.4681436394
1403636635.2635557652 2.4126263051 1.3857193824 0.8218249797 -0.6622220296 -0.4913751251 0.3230055935 0.4644134544
1403636635.3635556698 2.3544396316 1.4286534786 0.8147187410 -0.6652454044 -0.4905423133 0.3265053122 0.4584878100
1403636635.4635555744 2.2945425428 1.4694073603 0.8113256227 -0.6663978177 -0.4897127860 0.3286957000 0.4561298856
1403636635.5635557175 2.2315942294 1.5123019597 0.8145056932 -0.6681318096 -0.4879606809 0.3309600711 0.4538278200
1403636635.6635556221 2.1664294833 1.5575524667 0.8237107217 -0.6683332125 -0.4859512205 0.3327109422 0.4544068192
1403636635.7635557652 2.1014574936 1.6050203537 0.8424489019 -0.6676941471 -0.4824787282 0.3362418751 0.4564429911
1403636635.8635556698 2.0372268052 1.6541331244 0.8694437040 -0.6679696493 -0.4756753928 0.3438489109 0.4575121799
1403636635.9635555744 1.9750442203 1.7084556275 0.8979841634 -0.6721280479 -0.4744722573 0.3441396569 0.4524244256
1403636636.0635557175 1.9104492705 1.7664274386 0.9247275164 -0.6746007714 -0.4803424619 0.3345321294 0.4497478993
1403636636.1635556221 1.8448602366 1.8273251996 0.9488631322 -0.6719593717 -0.4850795609 0.3274602762 0.4538041317
1403636636.2635557652 1.7783236710 1.8909850891 0.9787844381 -0.6639226280 -0.4852216787 0.3274011094 0.4653763854
1403636636.3635556698 1.7134147734 1.9521566403 1.0168369747 -0.6569924604 -0.4826109529 0.3309054346 0.4753411075
1403636636.4635555744 1.6493301808 2.0136405717 1.0542538047 -0.6489140461 -0.4783547051 0.3372064794 0.4861883659
1403636636.5635557175 1.5899531571 2.0707476431 1.0767491291 -0.6445471114 -0.4798955902 0.3346421972 0.4922132095
1403636636.6635556221 1.5361369010 2.1226185253 1.0934497456 -0.6411557441 -0.4841675872 0.3283386369 0.4966838016
1403636636.7635557652 1.4841447247 2.1708639588 1.0998849403 -0.6383879036 -0.4880633146 0.3226034614 0.5001820590
1403636636.8635556698 1.4382319366 2.2128424725 1.0998293129 -0.6354059036 -0.4935621898 0.3152183154 0.5032823424
1403636636.9635555744 1.3930397264 2.2438830915 1.0943218970 -0.6404203922 -0.4922960064 0.3193502573 0.4955015404
1403636637.0635557175 1.3500039937 2.2691881645 1.0840532239 -0.6469258929 -0.4881466188 0.3278679709 0.4854918756
1403636637.1635556221 1.3113204641 2.2926264757 1.0706379106 -0.6521648847 -0.4873257400 0.3311512472 0.4770046518
1403636637.2635557652 1.2718480755 2.3126876679 1.0556242490 -0.6560080926 -0.4896645685 0.3292984782 0.4705789041
1403636637.3635556698 1.2329864138 2.3317931448 1.0459512703 -0.6574226263 -0.4920430428 0.3271960442 0.4675808841
1403636637.4635555744 1.1915790184 2.3485843803 1.0432535336 -0.6579757007 -0.4938417796 0.3267234181 0.4652312135
1403636637.5635557175 1.1518839615 2.3659906494 1.0511556276 -0.6588028443 -0.4948244828 0.3270491189 0.4627811765
1403636637.6635556221 1.1109596243 2.3840409562 1.0665652027 -0.6595677250 -0.4950050962 0.3283070244 0.4606027232
1403636637.7635557652 1.0647418647 2.4003206966 1.0861431584 -0.6580086144 -0.4951290410 0.3294792143 0.4618607403
1403636637.8635556698 1.0189091883 2.4173278789 1.1127466365 -0.6555973025 -0.4945204164 0.3314454009 0.4645273737
1403636637.9635555744 0.9719983050 2.4332512564 1.1406086779 -0.6532879448 -0.4933133957 0.3339476323 0.4672640942
1403636638.0635557175 0.9256589902 2.4498443722 1.1526930380 -0.6513337833 -0.4923451750 0.3362384178 0.4693658038
1403636638.1635556221 0.8806413027 2.4658449259 1.1524378373 -0.6496924823 -0.4910549176 0.3386579833 0.4712488904
1403636638.2635557652 0.8379280746 2.4807757706 1.1425505577 -0.6489263655 -0.4911741940 0.3390478885 0.4718993670
1403636638.3635556698 0.7977843128 2.4950732141 1.1272280566 -0.6545056488 -0.4911940781 0.3399257054 0.4634665556
1403636638.4635555744 0.7591800879 2.5104767551 1.1061137816 -0.6671708477 -0.4935055807 0.3367062408 0.4449316904
1403636638.5635557175 0.7184869126 2.5290605425 1.0853580674 -0.6752799531 -0.4949903166 0.3342446715 0.4327378780
1403636638.6635556221 0.6707389928 2.5532776048 1.0721961189 -0.6725322736 -0.4991054464 0.3291567871 0.4361764595
1403636638.7635557652 0.6156379838 2.5849263743 1.0719580977 -0.6666539288 -0.5002623841 0.3281945985 0.4445204065
1403636638.8635556698 0.5573018135 2.6167266607 1.0758091834 -0.6616262027 -0.4975843452 0.3325140525 0.4517687375
1403636638.9635555744 0.4967476953 2.6497323874 1.0896569547 -0.6602506445 -0.4938920209 0.3385747117 0.4533287138
1403636639.0635557175 0.4356420986 2.6851407704 1.1064883215 -0.6636539620 -0.4880990783 0.3469936036 0.4482389402
1403636639.1635556221 0.3743447975 2.7231704135 1.1148610348 -0.6669465763 -0.4837900160 0.3528266651 0.4434442796
1403636639.2635557652 0.3175436603 2.7683677521 1.1071994154 -0.6690794036 -0.4820086753 0.3553124489 0.4401743431
1403636639.3635556698 0.2606106759 2.8199304499 1.0872109029 -0.6655056015 -0.4875078165 0.3479021140 0.4454240028
1403636639.4635555744 0.2025161258 2.8756433278 1.0591340735 -0.6610371633 -0.4938838441 0.3392419363 0.4516896345
1403636639.5635557175 0.1441349788 2.9317816049 1.0300332895 -0.6542796722 -0.4996678537 0.3312615290 0.4609945182
1403636639.6635556221 0.0853565565 2.9856254443 1.0011478559 -0.6488724088 -0.5018391142 0.3290361544 0.4678218783
1403636639.7635557652 0.0251409033 3.0369925704 0.9767216296 -0.6465698951 -0.4971991839 0.3361606537 0.4708889011
1403636639.8635556698 -0.0324720971 3.0864285368 0.9629003920 -0.6466329835 -0.4941149358 0.3410046155 0.4705656883
1403636639.9635555744 -0.0882383770 3.1347334815 0.9542206393 -0.6469628302 -0.4926792872 0.3438745254 0.4695279833
1403636640.0635557175 -0.1431203282 3.1798373831 0.9493940529 -0.6446507364 -0.4947265527 0.3453277837 0.4694888581
1403636640.1635556221 -0.1941674652 3.2228871918 0.9526733294 -0.6389697768 -0.5015405568 0.3476707353 0.4682945164
1403636640.2635557652 -0.2415019353 3.2657284037 0.9619027303 -0.6346116779 -0.5081073046 0.3503773543 0.4651136365
1403636640.3635556698 -0.2874968699 3.3065439876 0.9703480714 -0.6314851712 -0.5123593081 0.3531759238 0.4625810035
1403636640.4635555744 -0.3318155191 3.3456207550 0.9727175860 -0.6285284538 -0.5159933678 0.3545716672 0.4614994690
1403636640.5635557175 -0.3738533608 3.3834896707 0.9694080215 -0.6271872423 -0.5187105698 0.3553658478 0.4596635967
1403636640.6635556221 -0.4128067192 3.4202824353 0.9616524417 -0.6258274293 -0.5199155055 0.3565915404 0.4592062382
1403636640.7635557652 -0.4489830092 3.4570907219 0.9489891677 -0.6261084857 -0.5215684256 0.3567071486 0.4568528776
1403636640.8635556698 -0.4841112565 3.4911251941 0.9410440147 -0.6263724444 -0.5238185748 0.3552652875 0.4550365228
1403636640.9635555744 -0.5194982077 3.5217762517 0.9397272122 -0.6267001660 -0.5244731457 0.3545061333 0.4544229559
1403636641.0635557175 -0.5511362469 3.5534967072 0.9401076480 -0.6260857729 -0.5233393816 0.3557162372 0.4556297347
1403636641.1635556221 -0.5865050639 3.5807331071 0.9358300892 -0.6261297738 -0.5230529803 0.3548101828 0.4566035702
1403636641.2635557652 -0.6185180126 3.6074761596 0.9278643034 -0.6261798555 -0.5212340353 0.3564154792 0.4573640510
1403636641.3635556698 -0.6456987135 3.6337490712 0.9113173326 -0.6298504333 -0.5170030874 0.3611605247 0.4533864959
1403636641.4635555744 -0.6765256767 3.6568322358 0.8969061396 -0.6320809104 -0.5145545946 0.3635829461 0.4511260724
1403636641.5635557175 -0.7023140633 3.6818369713 0.8784881214 -0.6308594866 -0.5157158725 0.3613837969 0.4532716606
1403636641.6635556221 -0.7283374124 3.7088738905 0.8681805397 -0.6298133163 -0.5173723996 0.3581999234 0.4553611771
1403636641.7635557652 -0.7522227081 3.7355253255 0.8654657749 -0.6291408452 -0.5178125407 0.3566895588 0.4569732249
1403636641.8635556698 -0.7775173018 3.7602616132 0.8739305422 -0.6284277935 -0.5175104199 0.3567291716 0.4582638669
1403636641.9635555744 -0.7957457796 3.7832821312 0.8854247243 -0.6305989237 -0.5141428660 0.3557637321 0.4598198317
1403636642.0635557175 -0.8143505820 3.8067797904 0.9027955951 -0.6344132966 -0.5074275999 0.3526212784 0.4644300098
1403636642.1635556221 -0.8295989188 3.8281738046 0.9212677344 -0.6377532534 -0.5019929770 0.3485018059 0.4688500082
1403636642.2635557652 -0.8456646318 3.8484684024 0.9314917477 -0.6407804487 -0.4969538713 0.3463350059 0.4716877463
1403636642.3635556698 -0.8581558856 3.8690408691 0.9354350906 -0.6453984950 -0.4901872422 0.3429847586 0.4749091551
1403636642.4635555744 -0.8689182843 3.8881391740 0.9317015342 -0.6496085092 -0.4839049509 0.3395592534 0.4780630677
1403636642.5635557175 -0.8770891948 3.9066359189 0.9223439446 -0.6547534017 -0.4815319467 0.3341368185 0.4772604675
1403636642.6635556221 -0.8826266149 3.9235356319 0.9063123779 -0.6612285482 -0.4810590715 0.3289180637 0.4724107156
1403636642.7635557652 -0.8887641275 3.9404641347 0.8872193900 -0.6661167456 -0.4818141305 0.3242388468 0.4679880288
1403636642.8635556698 -0.8969849764 3.9559262756 0.8766083992 -0.6693815654 -0.4818473781 0.3221864650 0.4647013083
1403636642.9635555744 -0.9059312487 3.9730581111 0.8732392390 -0.6709624284 -0.4820810548 0.3213889484 0.4627271552
1403636643.0635557175 -0.9178812910 3.9907719839 0.8784369258 -0.6691767979 -0.4803716651 0.3239049143 0.4653290051
1403636643.1635556221 -0.9305759396 4.0107814440 0.8830847275 -0.6659404560 -0.4774751645 0.3285479867 0.4696775454
1403636643.2635557652 -0.9461496639 4.0311376355 0.8802607374 -0.6643080007 -0.4761438763 0.3308835304 0.4716969139
1403636643.3635556698 -0.9582416211 4.0532292376 0.8740954468 -0.6648844466 -0.4776132921 0.3296106521 0.4702882456
1403636643.4635555744 -0.9694970251 4.0762476023 0.8701607291 -0.6677291578 -0.4794392566 0.3281609595 0.4653881774
1403636643.5635557175 -0.9842516789 4.0974489189 0.8756047048 -0.6705786167 -0.4825611263 0.3249934741 0.4602589705
1403636643.6635556221 -1.0004452767 4.1209838287 0.8896523682 -0.6725814266 -0.4864796278 0.3212740103 0.4558012797
1403636643.7635557652 -1.0201360808 4.1479712303 0.9094376806 -0.6734587445 -0.4894336993 0.3188078352 0.4530668137
1403636643.8635556698 -1.0428775657 4.1761704488 0.9275841740 -0.6751574237 -0.4925373052 0.3151776378 0.4497026938
1403636643.9635555744 -1.0712339868 4.2065914211 0.9405709777 -0.6761480915 -0.4947722123 0.3125490009 0.4475905923
1403636644.0635557175 -1.1076501990 4.2381230182 0.9480212168 -0.6766161178 -0.4956225575 0.3112839842 0.4468234449
1403636644.1635556221 -1.1465294792 4.2744947175 0.9480597588 -0.6761394966 -0.4956284930 0.3114193257 0.4474436073
1403636644.2635557652 -1.1957725738 4.3092048986 0.9479630578 -0.6737505971 -0.4873294235 0.3228270505 0.4520540469
1403636644.3635556698 -1.2482572646 4.3455038140 0.9425368079 -0.6713206338 -0.4755321055 0.3384504120 0.4567812845
1403636644.4635555744 -1.2974652997 4.3872546188 0.9280394594 -0.6686775697 -0.4681463837 0.3482490738 0.4609033021
1403636644.5635557175 -1.3442961524 4.4337654614 0.9071969410 -0.6681733085 -0.4613021606 0.3579682759 0.4610894272
1403636644.6635556221 -1.3866377387 4.4854230033 0.8785106368 -0.6660977352 -0.4617828071 0.3568772358 0.4644449211
1403636644.7635557652 -1.4201878134 4.5425877018 0.8402464043 -0.6603965209 -0.4697462357 0.3458567571 0.4728615155
1403636644.8635556698 -1.4530577715 4.5989704320 0.7966134809 -0.6564271998 -0.4768967834 0.3341142069 0.4796253603
1403636644.9635555744 -1.4828841782 4.6541463859 0.7563967642 -0.6589733470 -0.4791254061 0.3290626050 0.4774000159
1403636645.0635557175 -1.5115359654 4.7089125346 0.7192592879 -0.6688311782 -0.4841846866 0.3205727978 0.4641800574
1403636645.1635556221 -1.5428919680 4.7615415335 0.6893528698 -0.6793326299 -0.4905631430 0.3097941333 0.4493134493
1403636645.2635557652 -1.5821881546 4.8156717548 0.6696910502 -0.6861176439 -0.4940480447 0.3031742224 0.4395958361
1403636645.3635556698 -1.6272175053 4.8749505359 0.6591690896 -0.6837949626 -0.4923839760 0.3055298316 0.4434343146
1403636645.4635555744 -1.6834333130 4.9336264321 0.6530225799 -0.6800869708 -0.4891006209 0.3091030448 0.4502417156
1403636645.5635557175 -1.7437804021 4.9951526357 0.6407985549 -0.6778275661 -0.4878216949 0.3105407504 0.4540310859
1403636645.6635556221 -1.8070265030 5.0572857601 0.6238876355 -0.6758993041 -0.4870064618 0.3114536424 0.4571449066
1403636645.7635557652 -1.8761308447 5.1185449459 0.6119085615 -0.6750130621 -0.4861953974 0.3128395282 0.4583697537
1403636645.8635556698 -1.9499765534 5.1814774985 0.6062943970 -0.6757857722 -0.4855641527 0.3137465470 0.4572790701
1403636645.9635555744 -2.0252745894 5.2463937133 0.6115580096 -0.6754694790 -0.4818859566 0.3171533065 0.4592827973
1403636646.0635557175 -2.1056706738 5.3132930033 0.6269306540 -0.6777879735 -0.4710134238 0.3209138008 0.4645041981
1403636646.1635556221 -2.1863477161 5.3819833981 0.6475992752 -0.6844169820 -0.4546469161 0.3195797921 0.4719516214
1403636646.2635557652 -2.2664005556 5.4561515658 0.6644976479 -0.6941177746 -0.4333272267 0.3153818413 0.4805853970
1403636646.3635556698 -2.3431385700 5.5299352834 0.6736502791 -0.7039831705 -0.4079860617 0.3092198628 0.4922785244
1403636646.4635555744 -2.4100228991 5.6131578686 0.6771237370 -0.7097339168 -0.3879656270 0.2962740801 0.5079193923
1403636646.5635557175 -2.4746285368 5.6934665469 0.6833589396 -0.7119213152 -0.3744057973 0.2830315305 0.5223806013
1403636646.6635556221 -2.5324687100 5.7674733335 0.6972935006 -0.7171381205 -0.3673106533 0.2700895724 0.5271123438
1403636646.7635557652 -2.5831835990 5.8408794731 0.7169268371 -0.7218002962 -0.3618758363 0.2621192156 0.5285297800
1403636646.8635556698 -2.6296134520 5.9129746907 0.7443598330 -0.7234368629 -0.3578511633 0.2578421548 0.5311299968
1403636646.9635555744 -2.6724142064 5.9799874175 0.7746328420 -0.7257641415 -0.3565072955 0.2552516180 0.5301090178
1403636647.0635557175 -2.7131560285 6.0460946089 0.7984905213 -0.7278639132 -0.3576133575 0.2520931120 0.5279923042
1403636647.1635556221 -2.7496145003 6.1105248582 0.8162455111 -0.7314234279 -0.3598833372 0.2491869367 0.5228858606
1403636647.2635557652 -2.7832062235 6.1725165017 0.8274230704 -0.7319349041 -0.3612243314 0.2489143844 0.5213730984
1403636647.3635556698 -2.8173962269 6.2358463663 0.8372421016 -0.7307031262 -0.3605839577 0.2528645836 0.5216432240
1403636647.4635555744 -2.8496212664 6.2965610445 0.8396221592 -0.7287143417 -0.3596730050 0.2572742111 0.5228964697
1403636647.5635557175 -2.8770643889 6.3575334825 0.8428957128 -0.7250251770 -0.3576587673 0.2644473349 0.5258196516
1403636647.6635556221 -2.9025001049 6.4201285633 0.8509160566 -0.7231939934 -0.3538654287 0.2694216077 0.5283764790
1403636647.7635557652 -2.9182508355 6.4817797462 0.8579636855 -0.7247073377 -0.3548450041 0.2653173244 0.5277224793
1403636647.8635556698 -2.9274826399 6.5417861272 0.8655530310 -0.7268043201 -0.3543622105 0.2596316036 0.5279908469
1403636647.9635555744 -2.9361505430 6.6000668482 0.8696050163 -0.7305713963 -0.3470875570 0.2526737277 0.5309911958
1403636648.0635557175 -2.9387278004 6.6611994858 0.8614809149 -0.7370647114 -0.3343885668 0.2419378984 0.5351504002
1403636648.1635556221 -2.9409282291 6.7217105184 0.8497029946 -0.7455609837 -0.3161371350 0.2285923106 0.5403162842
1403636648.2635557652 -2.9362938819 6.7833831066 0.8295797923 -0.7535333040 -0.2955728973 0.2147789250 0.5465292632
1403636648.3635556698 -2.9335436316 6.8420736927 0.8086357640 -0.7616046752 -0.2738659848 0.1992896412 0.5524847328
1403636648.4635555744 -2.9240307510 6.9015689886 0.7778798066 -0.7696449437 -0.2514292171 0.1828747980 0.5576619206
1403636648.5635557175 -2.9112099813 6.9554089952 0.7492507265 -0.7763109243 -0.2298545792 0.1682433839 0.5623187575
1403636648.6635556221 -2.8938125904 7.0062330984 0.7280028623 -0.7814303288 -0.2151850834 0.1554329724 0.5647146289
1403636648.7635557652 -2.8755471921 7.0551923108 0.7141700057 -0.7872282171 -0.2065985870 0.1438972264 0.5629230376
1403636648.8635556698 -2.8579996886 7.1023612851 0.7075033321 -0.7968328386 -0.2027408771 0.1353150446 0.5528502535
1403636648.9635555744 -2.8395824815 7.1490510343 0.7129902207 -0.8034744072 -0.2026576752 0.1285212455 0.5448311969
1403636649.0635557175 -2.8247445806 7.1984350281 0.7272222654 -0.8021001448 -0.2020028280 0.1267137548 0.5475160632
1403636649.1635556221 -2.8099969168 7.2507361044 0.7527166850 -0.7935081143 -0.2003875745 0.1301509110 0.5596877994
1403636649.2635557652 -2.7907723441 7.3011081662 0.7838459130 -0.7857751970 -0.2009164515 0.1330225290 0.5696445612
1403636649.3635556698 -2.7773262315 7.3473606878 0.8180259748 -0.7847620335 -0.2034588017 0.1339837489 0.5699135213
1403636649.4635555744 -2.7601691080 7.3931258733 0.8584233990 -0.7874172997 -0.2077305509 0.1343825954 0.5645912968
1403636649.5635557175 -2.7411005975 7.4376614652 0.9064473432 -0.7850489016 -0.2100228370 0.1385047828 0.5660433333
1403636649.6635556221 -2.7207782820 7.4790706460 0.9602879322 -0.7820264581 -0.2062561882 0.1433964622 0.5703774699
1403636649.7635557652 -2.7027535304 7.5244418611 1.0110419911 -0.7820584358 -0.1986574190 0.1413675623 0.5735285915
1403636649.8635556698 -2.6828834197 7.5611704438 1.0487932365 -0.7818879394 -0.1930387749 0.1359199482 0.5769861777
1403636649.9635555744 -2.6575069266 7.5965398917 1.0799567650 -0.7820218487 -0.1890909381 0.1309854724 0.5792488681
1403636650.0635557175 -2.6329212040 7.6274881727 1.0982924387 -0.7824353280 -0.1851145552 0.1271872570 0.5808192150
1403636650.1635556221 -2.6020474977 7.6551089140 1.1075373790 -0.7839398227 -0.1763540466 0.1216185420 0.5827062166
1403636650.2635557652 -2.5700226768 7.6825976879 1.1111107520 -0.7878131578 -0.1617053622 0.1094105564 0.5841499246
1403636650.3635556698 -2.5325080182 7.7037276644 1.1064130363 -0.7932664451 -0.1410832124 0.0954997378 0.5845542527
1403636650.4635555744 -2.4950046619 7.7197316907 1.0954773953 -0.7996487894 -0.1194825008 0.0778967334 0.5832819597
1403636650.5635557175 -2.4544119625 7.7356059457 1.0832873753 -0.8066307851 -0.0994419171 0.0624713996 0.5792714441
1403636650.6635556221 -2.4172468978 7.7483696699 1.0658697644 -0.8108302224 -0.0847948982 0.0512396884 0.5768350457
1403636650.7635557652 -2.3822214025 7.7574757197 1.0454523723 -0.8128173246 -0.0740473612 0.0425975109 0.5762208234
1403636650.8635556698 -2.3483848285 7.7676510866 1.0373880744 -0.8116185741 -0.0670028903 0.0372320579 0.5791370103
1403636650.9635555744 -2.3110375321 7.7766557031 1.0382882304 -0.8070556004 -0.0632556882 0.0348720052 0.5860408852
1403636651.0635557175 -2.2765854891 7.7840284972 1.0489785789 -0.8042140581 -0.0625017978 0.0335713583 0.5900900253
1403636651.1635556221 -2.2423935364 7.7860159628 1.0565018298 -0.8030721858 -0.0628773172 0.0341146205 0.5915722273
1403636651.2635557652 -2.2132773817 7.7835514812 1.0749056178 -0.8056236562 -0.0647792664 0.0345785218 0.5878592493
1403636651.3635556698 -2.1785035221 7.7784216464 1.0969367071 -0.8090296742 -0.0676666811 0.0360324756 0.5827468295
1403636651.4635555744 -2.1472545067 7.7687952072 1.1084843333 -0.8102229481 -0.0704049515 0.0379187779 0.5806410969
1403636651.5635557175 -2.1206721335 7.7558863731 1.1172658132 -0.8080383211 -0.0724418253 0.0403050312 0.5832681699
1403636651.6635556221 -2.0871989967 7.7460183285 1.1226497301 -0.8036788192 -0.0740346463 0.0434477618 0.5888391281
1403636651.7635557652 -2.0472647692 7.7375869231 1.1226004278 -0.8017520876 -0.0711416247 0.0482811817 0.5914400956
1403636651.8635556698 -2.0101569185 7.7257437552 1.1250120663 -0.8009733456 -0.0598076637 0.0513667165 0.5934864812
1403636651.9635555744 -1.9688839852 7.7106294488 1.1153206819 -0.8009747177 -0.0432610124 0.0466046946 0.5953116737
1403636652.0635557175 -1.9203831508 7.6925034717 1.1020527965 -0.8021283593 -0.0245161114 0.0318290500 0.5957985961
1403636652.1635556221 -1.8665438662 7.6692438698 1.0809725978 -0.8055071723 -0.0033295911 0.0069780074 0.5925355825
1403636652.2635557652 -1.8118399614 7.6452395557 1.0591059443 -0.8101609198 0.0242696902 -0.0188421376 0.5854017765
1403636652.3635556698 -1.7585705266 7.6155003647 1.0316461942 -0.8160529714 0.0542421676 -0.0419743407 0.5738932740
1403636652.4635555744 -1.7083631804 7.5862590570 1.0054806950 -0.8182829885 0.0792605892 -0.0591889378 0.5662396837
1403636652.5635557175 -1.6512580300 7.5567104729 0.9845405916 -0.8206169823 0.0980765510 -0.0698806464 0.5586460900
1403636652.6635556221 -1.5967244037 7.5370213703 0.9715056936 -0.8245661880 0.1095188776 -0.0783568520 0.5495056148
1403636652.7635557652 -1.5427785528 7.5185582973 0.9676828445 -0.8258903385 0.1150589429 -0.0845456090 0.5454526821
1403636652.8635556698 -1.4823317796 7.5071900753 0.9750748200 -0.8250986662 0.1174546442 -0.0869697419 0.5457589776
1403636652.9635555744 -1.4261252433 7.5012764969 0.9893734598 -0.8225165885 0.1163504045 -0.0891104481 0.5495346878
1403636653.0635557175 -1.3710650743 7.5018453102 0.9983868551 -0.8197871553 0.1135291357 -0.0906087983 0.5539406115
1403636653.1635556221 -1.3138993935 7.5028362857 0.9979948448 -0.8156561751 0.1099298693 -0.0902528642 0.5607805705
1403636653.2635557652 -1.2573975086 7.5072926138 0.9918079873 -0.8092800826 0.1051393318 -0.0899566158 0.5708934018
1403636653.3635556698 -1.2021774842 7.5127562073 0.9906034289 -0.8054181236 0.0996584099 -0.0893561609 0.5773952927
1403636653.4635555744 -1.1499515082 7.5136869165 0.9943534298 -0.8050908258 0.0953827386 -0.0871554957 0.5789082958
1403636653.5635557175 -1.0993160672 7.5161384554 1.0090776112 -0.8062239867 0.0918679255 -0.0843323945 0.5783175726
1403636653.6635556221 -1.0530268862 7.5181530979 1.0278021351 -0.8041609109 0.0891305986 -0.0821888302 0.5819157688
1403636653.7635557652 -1.0042305133 7.5149809679 1.0395523722 -0.8012453824 0.0870024387 -0.0810241755 0.5864055728
1403636653.8635556698 -0.9641133917 7.5123779771 1.0466870270 -0.7995876659 0.0851939702 -0.0816388924 0.5888434795
1403636653.9635555744 -0.9233453378 7.5037937904 1.0473781199 -0.8003755922 0.0857032667 -0.0798722741 0.5879407124
1403636654.0635557175 -0.9010114707 7.4964781678 1.0399434998 -0.8021253406 0.0891674115 -0.0763137983 0.5855085951
1403636654.1635556221 -0.8622073430 7.4824390271 1.0286349936 -0.8008765599 0.0938767914 -0.0764150930 0.5864679167
1403636654.2635557652 -0.8241490442 7.4661953831 1.0221726320 -0.7997179305 0.1009616349 -0.0831434182 0.5859566126
1403636654.3635556698 -0.7873387766 7.4472099195 1.0231162022 -0.7999402429 0.1120214864 -0.0929512399 0.5821570762
1403636654.4635555744 -0.7511803457 7.4238500295 1.0312037688 -0.7999627486 0.1265895079 -0.1044258639 0.5771740953
1403636654.5635557175 -0.7142030080 7.4005042160 1.0474625635 -0.7982273709 0.1429614201 -0.1183815784 0.5730452850
1403636654.6635556221 -0.6796722706 7.3740409892 1.0645568566 -0.7982176869 0.1601829041 -0.1250478798 0.5670564251
1403636654.7635557652 -0.6443112976 7.3465066963 1.0765651497 -0.7982896097 0.1719046522 -0.1312562959 0.5620981004
1403636654.8635556698 -0.6118496057 7.3225605475 1.0829491657 -0.7977434282 0.1796498268 -0.1378083518 0.5588740652
1403636654.9635555744 -0.5820039296 7.2968235360 1.0814899352 -0.7939675920 0.1838215624 -0.1439355461 0.5613445061
1403636655.0635557175 -0.5532149403 7.2728388869 1.0780585269 -0.7872925900 0.1863830642 -0.1476583459 0.5688837703
1403636655.1635556221 -0.5295216554 7.2432301615 1.0672866748 -0.7824999243 0.1877748192 -0.1500819229 0.5743778391
1403636655.2635557652 -0.5044678838 7.2131442868 1.0566122562 -0.7788903504 0.1908193174 -0.1498270391 0.5783335271
1403636655.3635556698 -0.4814414775 7.1803516446 1.0451677064 -0.7756023089 0.1975545925 -0.1523564104 0.5798282208
1403636655.4635555744 -0.4603326444 7.1422789920 1.0352585717 -0.7724973625 0.2052458147 -0.1564986961 0.5801983614
1403636655.5635557175 -0.4389272907 7.0984610273 1.0306671771 -0.7723767661 0.2165365476 -0.1619403522 0.5747359194
1403636655.6635556221 -0.4241035957 7.0508480782 1.0284138837 -0.7761073728 0.2325051610 -0.1656806432 0.5622709493
1403636655.7635557652 -0.4046340012 7.0007016849 1.0146285981 -0.7783582583 0.2460063724 -0.1692307149 0.5522682787
1403636655.8635556698 -0.3837462401 6.9508927511 0.9909876476 -0.7765993071 0.2614401459 -0.1755473579 0.5456424575
1403636655.9635555744 -0.3626549353 6.8977511402 0.9597257692 -0.7714919289 0.2791375017 -0.1847926804 0.5410490958
1403636656.0635557175 -0.3364603080 6.8465038447 0.9332027263 -0.7656727103 0.2929717745 -0.1940014528 0.5387729358
1403636656.1635556221 -0.3066201360 6.7927939021 0.9162781483 -0.7630929374 0.3011458301 -0.2029699072 0.5346059994
1403636656.2635557652 -0.2748740661 6.7420245409 0.9101138083 -0.7628716839 0.3056310464 -0.2100747130 0.5296084142
1403636656.3635556698 -0.2397797271 6.6888713311 0.9145334849 -0.7630502635 0.3089624222 -0.2123085871 0.5265183576
1403636656.4635555744 -0.2030543236 6.6394491137 0.9289091246 -0.7634082203 0.3097863664 -0.2132270113 0.5251423978
1403636656.5635557175 -0.1639813972 6.5921523338 0.9481128328 -0.7637684386 0.3077066903 -0.2149308632 0.5251467309
1403636656.6635556221 -0.1227918105 6.5455325290 0.9674409687 -0.7611044112 0.3043934343 -0.2166705898 0.5302061561
1403636656.7635557652 -0.0807514165 6.5015412121 0.9805000562 -0.7533034487 0.2994594896 -0.2192397129 0.5429473975
1403636656.8635556698 -0.0395845248 6.4578856335 0.9881100373 -0.7498846155 0.2939231909 -0.2232885665 0.5490213452
1403636656.9635555744 -0.0016550260 6.4117819730 0.9843272377 -0.7477893523 0.2903922842 -0.2237937157 0.5535339002
1403636657.0635557175 0.0344311564 6.3622794156 0.9749424198 -0.7461813841 0.2898641126 -0.2207226294 0.5572016323
1403636657.1635556221 0.0659483373 6.3094481535 0.9619827121 -0.7451747591 0.2910108591 -0.2161931222 0.5597211736
1403636657.2635557652 0.0949869510 6.2524413040 0.9514934199 -0.7467596823 0.2929259961 -0.2115379385 0.5583869970
1403636657.3635556698 0.1221089844 6.1884346002 0.9467391541 -0.7500638005 0.2951127747 -0.2081864302 0.5540497772
1403636657.4635555744 0.1462831022 6.1210047062 0.9406039429 -0.7551395837 0.2998040447 -0.2023336960 0.5467566363
1403636657.5635557175 0.1750191145 6.0530238406 0.9333627114 -0.7593339808 0.3027045938 -0.1988359601 0.5405979055
1403636657.6635556221 0.2048403085 5.9821023424 0.9186912421 -0.7603457706 0.3030129395 -0.1987601265 0.5390286446
1403636657.7635557652 0.2394294925 5.9114320771 0.9038198980 -0.7589372061 0.3053042281 -0.1989418386 0.5396533983
1403636657.8635556698 0.2788155424 5.8394725205 0.8826264902 -0.7578619077 0.3115187702 -0.1960412115 0.5386735820
1403636657.9635555744 0.3201774222 5.7660819531 0.8626439328 -0.7585509534 0.3180069365 -0.1912227483 0.5356359771
1403636658.0635557175 0.3668920251 5.6905308323 0.8506280288 -0.7599768503 0.3183831643 -0.1946606730 0.5321414944
1403636658.1635556221 0.4220282178 5.6140724098 0.8477696760 -0.7616313480 0.3138570330 -0.2043706362 0.5288138572
1403636658.2635557652 0.4763761554 5.5359994708 0.8487014241 -0.7628547604 0.3097887177 -0.2133712027 0.5258861994
1403636658.3635556698 0.5352770432 5.4624457910 0.8427845060 -0.7639482331 0.3080250498 -0.2183157541 0.5232990515
1403636658.4635555744 0.5968834869 5.3913578518 0.8339280821 -0.7654963834 0.3061104086 -0.2223466318 0.5204552623
1403636658.5635557175 0.6544677209 5.3233916427 0.8213713173 -0.7668409087 0.3023373622 -0.2292883949 0.5176620250
1403636658.6635556221 0.7143466771 5.2602304518 0.8061107683 -0.7674628028 0.2994587823 -0.2338706429 0.5163620884
1403636658.7635557652 0.7726854150 5.2014198813 0.7893492694 -0.7663630247 0.2964411474 -0.2383652198 0.5176798069
1403636658.8635556698 0.8274233696 5.1506174224 0.7710650666 -0.7635960514 0.2921327564 -0.2451930260 0.5210181406
1403636658.9635555744 0.8780225452 5.1036196598 0.7499412633 -0.7585940141 0.2943234787 -0.2427494974 0.5281869870
1403636659.0635557175 0.9255820684 5.0619691321 0.7267544620 -0.7535953319 0.2967687469 -0.2396530270 0.5353399045
1403636659.1635556221 0.9675745379 5.0180087706 0.6980707137 -0.7504120766 0.2974416739 -0.2385713627 0.5399017233
1403636659.2635557652 1.0062396955 4.9745086629 0.6668715451 -0.7492649936 0.2977780545 -0.2376217603 0.5417251135
1403636659.3635556698 1.0420987205 4.9302323854 0.6388644647 -0.7526717777 0.2987524840 -0.2355561493 0.5373503967
1403636659.4635555744 1.0718080539 4.8875759071 0.6182723860 -0.7585792511 0.2997821120 -0.2337352400 0.5292032149
1403636659.5635557175 1.0993756756 4.8461857290 0.6050340247 -0.7595552427 0.3005879410 -0.2333640153 0.5275073074
1403636659.6635556221 1.1227032505 4.8069971548 0.5891688323 -0.7572852103 0.2997154310 -0.2366326748 0.5298063306
1403636659.7635557652 1.1471449042 4.7702708335 0.5698529586 -0.7549854189 0.2996924215 -0.2388412120 0.5321055771
1403636659.8635556698 1.1657853402 4.7342432301 0.5447073869 -0.7540283986 0.3011212113 -0.2396331297 0.5322998717
1403636659.9635555744 1.1842867743 4.6979952645 0.5130039749 -0.7568360868 0.3030181497 -0.2392573668 0.5273851070
1403636660.0635557175 1.1983728300 4.6630654352 0.4742376256 -0.7610307154 0.3058358851 -0.2371851094 0.5206149110
1403636660.1635556221 1.2104226051 4.6333404954 0.4344421380 -0.7646601794 0.3078075762 -0.2362698804 0.5145151598
1403636660.2635557652 1.2245065802 4.6120030161 0.3992099047 -0.7674564901 0.3089670529 -0.2353135110 0.5100759233
1403636660.3635556698 1.2373491248 4.5917938939 0.3638000856 -0.7735460571 0.3108050508 -0.2331847978 0.5006511440
1403636660.4635555744 1.2531243292 4.5798140530 0.3351397435 -0.7787451103 0.3130672895 -0.2300523417 0.4925655748
1403636660.5635557175 1.2709786248 4.5768854293 0.3120649592 -0.7770382370 0.3115150859 -0.2321790851 0.4952401458
1403636660.6635556221 1.2900407298 4.5804086852 0.2823210792 -0.7690099960 0.3064395306 -0.2387863654 0.5076411250
1403636660.7635557652 1.3102145211 4.5899844496 0.2499408916 -0.7617092461 0.2990974632 -0.2481681473 0.5184132547
1403636660.8635556698 1.3270923886 4.6004455713 0.2077556351 -0.7580206467 0.2911863236 -0.2578731515 0.5235615168
1403636660.9635555744 1.3378368999 4.6202227586 0.1668262201 -0.7560256872 0.2895008996 -0.2600538333 0.5262949679
1403636661.0635557175 1.3420060680 4.6415326341 0.1211736731 -0.7535638306 0.2931790153 -0.2548140145 0.5303370968
1403636661.1635556221 1.3407404125 4.6620938436 0.0717334445 -0.7514818290 0.2964349025 -0.2499499162 0.5337850210
1403636661.2635557652 1.3357165394 4.6866926469 0.0282783065 -0.7501387810 0.2988947839 -0.2464941889 0.5359051523
1403636661.3635556698 1.3240213105 4.7083245031 -0.0080447667 -0.7493873522 0.2997082584 -0.2452061943 0.5370916853
1403636661.4635555744 1.3096583292 4.7303822036 -0.0393501026 -0.7493622526 0.3000147353 -0.2443887232 0.5373281353
1403636661.5635557175 1.2906716280 4.7491751372 -0.0618199231 -0.7504072125 0.3012401470 -0.2415285589 0.5364767884
1403636661.6635556221 1.2676701753 4.7677848280 -0.0768047845 -0.7507032145 0.3029366054 -0.2381191425 0.5366315037
1403636661.7635557652 1.2407170929 4.7851394807 -0.0860643832 -0.7479775787 0.3050772125 -0.2347267408 0.5407039794
1403636661.8635556698 1.2129351277 4.8015082107 -0.0850870244 -0.7453345170 0.3084968887 -0.2283024199 0.5451459736
1403636661.9635555744 1.1848520515 4.8126995019 -0.0783045621 -0.7444591555 0.3088846700 -0.2263896895 0.5469173017
1403636662.0635557175 1.1559143716 4.8193647983 -0.0646452350 -0.7441632794 0.3076339695 -0.2274205192 0.5475968059
1403636662.1635556221 1.1257322690 4.8206887672 -0.0513069157 -0.7455081086 0.3055852181 -0.2302099318 0.5457460232
1403636662.2635557652 1.0947753607 4.8190675964 -0.0439652969 -0.7490780037 0.3006810032 -0.2377687461 0.5403138922
1403636662.3635556698 1.0601913299 4.8160267564 -0.0408027473 -0.7522319783 0.2985726384 -0.2426253834 0.5349152772
1403636662.4635555744 1.0248600059 4.8134481079 -0.0445053210 -0.7569926324 0.2999424531 -0.2425813615 0.5274001918
1403636662.5635557175 0.9858350646 4.8129734157 -0.0529334065 -0.7610282743 0.3036831514 -0.2390685361 0.5210170288
1403636662.6635556221 0.9477160429 4.8149455650 -0.0606759257 -0.7595152038 0.3134550538 -0.2267493704 0.5229410172
1403636662.7635557652 0.9111282990 4.8192397280 -0.0730698360 -0.7546069706 0.3213938452 -0.2167641034 0.5294219864
1403636662.8635556698 0.8769625652 4.8210872238 -0.0920449716 -0.7528740624 0.3256769372 -0.2121352629 0.5311438685
1403636662.9635555744 0.8477599240 4.8187509150 -0.1178198827 -0.7566866126 0.3267979931 -0.2115078263 0.5252550632
1403636663.0635557175 0.8247376078 4.8185005155 -0.1386146339 -0.7585001992 0.3328516550 -0.2039845674 0.5218021846
1403636663.1635556221 0.8091072893 4.8162843413 -0.1526349172 -0.7598011179 0.3371340036 -0.1984577946 0.5192854982
1403636663.2635557652 0.8035793246 4.8120315412 -0.1689593644 -0.7636419193 0.3293003267 -0.2109177324 0.5137373104
1403636663.3635556698 0.8026443691 4.8082694502 -0.1902831535 -0.7693015146 0.3198421797 -0.2248015057 0.5053122231
1403636663.4635555744 0.8074088297 4.8093313719 -0.2162577890 -0.7754927764 0.3142945821 -0.2318573164 0.4960565031
1403636663.5635557175 0.8136595999 4.8175754683 -0.2435674785 -0.7799968233 0.3118016369 -0.2354797364 0.4888087444
1403636663.6635556221 0.8239585661 4.8361103031 -0.2766781183 -0.7818902033 0.3111213962 -0.2358750355 0.4860186770
1403636663.7635557652 0.8366254091 4.8638450327 -0.3119571899 -0.7829693904 0.3046572640 -0.2432762069 0.4847262861
1403636663.8635556698 0.8496502711 4.9043251944 -0.3339247158 -0.7815119989 0.2945863148 -0.2548325556 0.4873584587
1403636663.9635555744 0.8626147246 4.9533890896 -0.3488704712 -0.7777259665 0.2857625737 -0.2630615182 0.4942476203
1403636664.0635557175 0.8687381259 5.0164352307 -0.3581374999 -0.7724822522 0.2793854602 -0.2684999157 0.5031130389
1403636664.1635556221 0.8683158054 5.0879031853 -0.3585105375 -0.7677535831 0.2803265627 -0.2631665377 0.5125571455
1403636664.2635557652 0.8603119909 5.1661039007 -0.3583267708 -0.7618865347 0.2819808249 -0.2558145598 0.5239986962
1403636664.3635556698 0.8481052970 5.2473533081 -0.3675116772 -0.7587726889 0.2828906497 -0.2495442199 0.5310033608
1403636664.4635555744 0.8305298592 5.3275797838 -0.3924658568 -0.7574660656 0.2822186113 -0.2446587844 0.5354809933
1403636664.5635557175 0.8087499917 5.4092610357 -0.4241990883 -0.7562615514 0.2810243531 -0.2396168608 0.5400717905
1403636664.6635556221 0.7802291972 5.4898671374 -0.4513826110 -0.7546982572 0.2826558868 -0.2299909220 0.5455642639
1403636664.7635557652 0.7511912552 5.5670783990 -0.4759968955 -0.7573967412 0.2810652763 -0.2257271663 0.5444260586
1403636664.8635556698 0.7184600781 5.6421702835 -0.4936334717 -0.7605540612 0.2762902317 -0.2261856690 0.5422741659
1403636664.9635555744 0.6824107367 5.7159958379 -0.4994168998 -0.7633076299 0.2757106430 -0.2222264891 0.5403336849
1403636665.0635557175 0.6444871710 5.7890439471 -0.5024130322 -0.7685681303 0.2766555845 -0.2167301661 0.5345958770
1403636665.1635556221 0.6058240668 5.8622809392 -0.4960003808 -0.7729983184 0.2774726932 -0.2124716297 0.5294698394
1403636665.2635557652 0.5616550389 5.9356523138 -0.4841175005 -0.7697036190 0.2822156421 -0.2044554502 0.5348912404
1403636665.3635556698 0.5317398470 6.0099231558 -0.4698885777 -0.7656747497 0.2831135930 -0.2012443222 0.5413774967
1403636665.4635555744 0.4978213470 6.0812214795 -0.4579110544 -0.7669094001 0.2794281846 -0.2072446057 0.5392768631
1403636665.5635557175 0.4619900554 6.1495921276 -0.4475758008 -0.7696261204 0.2736406459 -0.2177381256 0.5342158181
1403636665.6635556221 0.4307649462 6.2196803752 -0.4346455611 -0.7717911842 0.2709336524 -0.2231881455 0.5302078609
1403636665.7635557652 0.3938299861 6.2917565444 -0.4152171111 -0.7693378942 0.2701953020 -0.2274356135 0.5323408166
1403636665.8635556698 0.3518757125 6.3663974082 -0.3973175851 -0.7634769148 0.2751500865 -0.2234116106 0.5398913619
1403636665.9635555744 0.3097850952 6.4408460963 -0.3753039626 -0.7582497745 0.2854077168 -0.2117384150 0.5465954247
1403636666.0635557175 0.2664190604 6.5093761233 -0.3615351589 -0.7565200016 0.2913370736 -0.2049815231 0.5484366618
1403636666.1635556221 0.2241196128 6.5750664553 -0.3569004610 -0.7564236798 0.2882329498 -0.2107221956 0.5480338854
1403636666.2635557652 0.1839184932 6.6372133812 -0.3557438043 -0.7557744502 0.2862933244 -0.2130771679 0.5490348198
1403636666.3635556698 0.1402960597 6.6959443646 -0.3604495454 -0.7535093779 0.2876510036 -0.2102334699 0.5525236699
1403636666.4635555744 0.0954333257 6.7499364457 -0.3657761917 -0.7539820804 0.2904993094 -0.2043855922 0.5525827570
1403636666.5635557175 0.0538418851 6.7985517816 -0.3654030078 -0.7574993507 0.2893300327 -0.2033179236 0.5487665149
1403636666.6635556221 0.0126397306 6.8435783767 -0.3586909925 -0.7633276564 0.2850320935 -0.2067353862 0.5416161692
1403636666.7635557652 -0.0243126832 6.8850130080 -0.3473007842 -0.7703070198 0.2819422999 -0.2075235764 0.5329818008
1403636666.8635556698 -0.0655006342 6.9264243128 -0.3357399003 -0.7754135736 0.2842025194 -0.2013977922 0.5266893270
1403636666.9635555744 -0.1021008043 6.9698155645 -0.3274095163 -0.7783727917 0.2955745089 -0.1828450379 0.5228185143
1403636667.0635557175 -0.1324974360 7.0160170973 -0.3229156233 -0.7769499516 0.2980349979 -0.1782148917 0.5251317597
1403636667.1635556221 -0.1541974033 7.0622453906 -0.3249075773 -0.7703533594 0.2871587951 -0.1932083170 0.5355054382
1403636667.2635557652 -0.1736362840 7.1070472586 -0.3302786250 -0.7653397635 0.2760388972 -0.2079915072 0.5429522139
1403636667.3635556698 -0.1954103611 7.1500469377 -0.3415383121 -0.7634016065 0.2701865658 -0.2149603719 0.5459022306
1403636667.4635555744 -0.2134286702 7.1915859376 -0.3528243754 -0.7664872414 0.2690587603 -0.2146605520 0.5422412191
1403636667.5635557175 -0.2412412825 7.2327783380 -0.3661016442 -0.7718010288 0.2726393250 -0.2083615581 0.5353283399
1403636667.6635556221 -0.2734197920 7.2753224242 -0.3738260447 -0.7753389351 0.2791274000 -0.1989410932 0.5304336638
1403636667.7635557652 -0.2973769888 7.3194550656 -0.3744549485 -0.7749821585 0.2824588672 -0.1938898919 0.5310615332
1403636667.8635556698 -0.3180419181 7.3637119043 -0.3704526606 -0.7734942097 0.2838222592 -0.1927901332 0.5329011141
1403636667.9635555744 -0.3349607656 7.4089704270 -0.3666496553 -0.7734380761 0.2849193747 -0.1924377836 0.5325243579
1403636668.0635557175 -0.3529745487 7.4548373777 -0.3685647916 -0.7728980823 0.2843796178 -0.1960133217 0.5322927437
1403636668.1635556221 -0.3648091695 7.4985150593 -0.3803284099 -0.7730092838 0.2822894573 -0.2024738586 0.5308235546
1403636668.2635557652 -0.3767117304 7.5450069047 -0.3980882824 -0.7747240746 0.2818449090 -0.2073211230 0.5266725809
1403636668.3635556698 -0.3862229905 7.5921535845 -0.4205738708 -0.7746961778 0.2825030197 -0.2106543445 0.5250358303
1403636668.4635555744 -0.3966414908 7.6434806307 -0.4432381835 -0.7723685746 0.2832298623 -0.2139181089 0.5267510539
1403636668.5635557175 -0.4100822203 7.6977934268 -0.4689226238 -0.7710447583 0.2846869060 -0.2161181120 0.5270069334
1403636668.6635556221 -0.4209692273 7.7525511257 -0.4947377272 -0.7706845969 0.2856049377 -0.2180932917 0.5262227548
1403636668.7635557652 -0.4325298429 7.8094878728 -0.5204966142 -0.7704068901 0.2808957414 -0.2271810152 0.5253185629
1403636668.8635556698 -0.4456594254 7.8687700522 -0.5459104511 -0.7684366379 0.2742995988 -0.2376829243 0.5270405024
1403636668.9635555744 -0.4646510559 7.9319967932 -0.5592181094 -0.7649665553 0.2714233008 -0.2419628302 0.5316103365
1403636669.0635557175 -0.4915718811 7.9986155044 -0.5644644333 -0.7604325952 0.2767122679 -0.2347709460 0.5385677226
1403636669.1635556221 -0.5258897626 8.0675901080 -0.5598283774 -0.7574638779 0.2816051930 -0.2297006626 0.5423878635
1403636669.2635557652 -0.5607134706 8.1323285475 -0.5622818409 -0.7558084049 0.2829375648 -0.2285610888 0.5444812376
1403636669.3635556698 -0.5991156374 8.1945745693 -0.5718152427 -0.7561343923 0.2835663615 -0.2284531410 0.5437463211
1403636669.4635555744 -0.6418977077 8.2575747021 -0.5849073675 -0.7536963807 0.2834415986 -0.2285526572 0.5471437735
1403636669.5635557175 -0.6872126116 8.3178973377 -0.6023483346 -0.7503241295 0.2813178012 -0.2300945797 0.5522051066
1403636669.6635556221 -0.7414131203 8.3772147920 -0.6184134749 -0.7444338471 0.2781011180 -0.2332964263 0.5604023491
1403636669.7635557652 -0.7990537695 8.4282440681 -0.6305846641 -0.7398165415 0.2765942827 -0.2335185857 0.5671297540
1403636669.8635556698 -0.8657850741 8.4740428454 -0.6354269991 -0.7361644132 0.2887040648 -0.2129299598 0.5739100557
1403636669.9635555744 -0.9355052426 8.5103711726 -0.6317606463 -0.7373486157 0.3036265060 -0.1891594571 0.5730154131
1403636670.0635557175 -1.0006829386 8.5354321577 -0.6256756043 -0.7400781542 0.3107571037 -0.1775887214 0.5693650799
1403636670.1635556221 -1.0623097283 8.5484312881 -0.6119411507 -0.7401348388 0.3125460521 -0.1678765217 0.5712555112
1403636670.2635557652 -1.1156096100 8.5504225359 -0.5965277879 -0.7331630523 0.3143473509 -0.1537726701 0.5831051772
1403636670.3635556698 -1.1613214835 8.5394521439 -0.5871145517 -0.7304378812 0.3143289116 -0.1410888295 0.5897048239
1403636670.4635555744 -1.1980329911 8.5124005531 -0.5820985059 -0.7337632063 0.3102905971 -0.1272653984 0.5908593917
1403636670.5635557175 -1.2252475998 8.4688176705 -0.5729512905 -0.7389247758 0.3004545201 -0.1131798780 0.5923745203
1403636670.6635556221 -1.2380639234 8.4065575116 -0.5567898387 -0.7455296841 0.2849186621 -0.1006186286 0.5940393401
1403636670.7635557652 -1.2373132427 8.3284664414 -0.5332044116 -0.7514173097 0.2663355192 -0.0880964134 0.5972239444
1403636670.8635556698 -1.2224120186 8.2377100929 -0.5098179267 -0.7554543814 0.2492088097 -0.0679715884 0.6021324688
1403636670.9635555744 -1.1917443859 8.1282280578 -0.4866427030 -0.7565200405 0.2313486315 -0.0420051042 0.6102383225
1403636671.0635557175 -1.1445738264 8.0033480636 -0.4590263653 -0.7591414594 0.2047387159 -0.0218289445 0.6175028745
1403636671.1635556221 -1.0779173386 7.8614653145 -0.4236752464 -0.7670669251 0.1713386037 -0.0121926687 0.6181446061
1403636671.2635557652 -0.9896297102 7.7059659125 -0.3891244908 -0.7777721671 0.1410516339 -0.0076505413 0.6124674373
1403636671.3635556698 -0.8855745898 7.5400655709 -0.3518645716 -0.7941386597 0.1072675766 -0.0205667688 0.5978415043
1403636671.4635555744 -0.7770581085 7.3706673965 -0.3142332587 -0.8099986544 0.0720346552 -0.0355171395 0.5809059486
1403636671.5635557175 -0.6639127579 7.2024300722 -0.2794320761 -0.8232516894 0.0484401899 -0.0363248020 0.5644384047
1403636671.6635556221 -0.5514674386 7.0414292194 -0.2480972249 -0.8344526173 0.0347112623 -0.0332949221 0.5489766897
1403636671.7635557652 -0.4391400915 6.8878579144 -0.2269296823 -0.8415120864 0.0272690830 -0.0304798492 0.5386880213
1403636671.8635556698 -0.3285303002 6.7468514322 -0.2059795655 -0.8477532765 0.0225436517 -0.0311596034 0.5289945605
1403636671.9635555744 -0.2194444930 6.6224515213 -0.1811634971 -0.8553526986 0.0206353391 -0.0344008679 0.5164905848
1403636672.0635557175 -0.1107341510 6.5152678487 -0.1469388392 -0.8604132062 0.0157736004 -0.0440107132 0.5074478941
1403636672.1635556221 -0.0092528003 6.4312862661 -0.1053537608 -0.8589529407 0.0082722230 -0.0581811269 0.5086711831
1403636672.2635557652 0.0822292467 6.3668789430 -0.0575335427 -0.8573672067 0.0056373172 -0.0665964882 0.5103475299
1403636672.3635556698 0.1695107176 6.3171175508 -0.0089629194 -0.8529683886 0.0001015855 -0.0765364669 0.5163207211
1403636672.4635555744 0.2412006571 6.2838475720 0.0259717705 -0.8426619990 -0.0068608751 -0.0866598303 0.5313791091
1403636672.5635557175 0.3014700069 6.2646948975 0.0469117553 -0.8268515640 -0.0003858648 -0.0777518348 0.5570197433
1403636672.6635556221 0.3544664419 6.2467995281 0.0530121089 -0.8155298111 0.0099746280 -0.0629422530 0.5751955378
1403636672.7635557652 0.3958318563 6.2273153135 0.0347850773 -0.8170919956 0.0182338641 -0.0513636989 0.5739250538
1403636672.8635556698 0.4272214389 6.2086309203 0.0046235731 -0.8225190531 0.0170709831 -0.0437308020 0.5667967942
1403636672.9635555744 0.4554447779 6.1911263878 -0.0216887647 -0.8237836676 0.0058127548 -0.0369686944 0.5656677439
1403636673.0635557175 0.4812128770 6.1762751032 -0.0371038419 -0.8251007538 -0.0104232431 -0.0302368990 0.5640796327
1403636673.1635556221 0.4977449306 6.1649960099 -0.0462221780 -0.8297480462 -0.0242333289 -0.0229935359 0.5571375260
1403636673.2635557652 0.5097026584 6.1598964811 -0.0477920525 -0.8387600790 -0.0355120129 -0.0182937808 0.5430338520
1403636673.3635556698 0.5172195881 6.1640486339 -0.0404271676 -0.8449121170 -0.0424548190 -0.0143117957 0.5330255860
1403636673.4635555744 0.5199205382 6.1800078271 -0.0350974086 -0.8447821198 -0.0471191345 -0.0110163456 0.5329180024
1403636673.5635557175 0.5162448272 6.2049659921 -0.0362517000 -0.8418346562 -0.0502200074 -0.0089645949 0.5373192706
1403636673.6635556221 0.5090828500 6.2417503944 -0.0375738267 -0.8335667127 -0.0529050958 -0.0076873038 0.5498258740
1403636673.7635557652 0.4970834555 6.2816643433 -0.0434034486 -0.8240469086 -0.0546007628 -0.0063995233 0.5638479363
1403636673.8635556698 0.4784343305 6.3250281702 -0.0463908532 -0.8181759473 -0.0554560126 -0.0047102861 0.5722679121
1403636673.9635555744 0.4533120218 6.3665189549 -0.0460902414 -0.8183770746 -0.0573548115 -0.0063090835 0.5717775659
1403636674.0635557175 0.4223836043 6.4087498613 -0.0426192815 -0.8194421504 -0.0564332907 -0.0050786424 0.5703543225
1403636674.1635556221 0.3847723285 6.4509269410 -0.0479636520 -0.8191444643 -0.0545980035 -0.0027669330 0.5709761368
1403636674.2635557652 0.3457104434 6.4941417831 -0.0585478410 -0.8168860494 -0.0504910744 0.0025463477 0.5745792807
1403636674.3635556698 0.3004182622 6.5378055770 -0.0760791518 -0.8167290633 -0.0426290117 0.0150190108 0.5752484975
1403636674.4635555744 0.2537143832 6.5783270062 -0.0984927009 -0.8160608056 -0.0404660044 0.0309787453 0.5757148438
1403636674.5635557175 0.2089380450 6.6180519517 -0.1279320995 -0.8144647733 -0.0465608119 0.0430874890 0.5767345075
1403636674.6635556221 0.1669580933 6.6571598803 -0.1646521760 -0.8124669215 -0.0558110922 0.0483057992 0.5783158075
1403636674.7635557652 0.1301083811 6.6964595092 -0.2052088375 -0.8156579805 -0.0622785220 0.0538986478 0.5726415811
1403636674.8635556698 0.0966623384 6.7343578218 -0.2477264665 -0.8245618396 -0.0674038359 0.0573326447 0.5588089687
1403636674.9635555744 0.0661606143 6.7783789349 -0.2837352897 -0.8320925476 -0.0715399145 0.0582986267 0.5469052047
1403636675.0635557175 0.0399155468 6.8285551730 -0.3094712455 -0.8375764727 -0.0746429279 0.0575783562 0.5381252814
1403636675.1635556221 0.0139963619 6.8883461895 -0.3264113791 -0.8395157516 -0.0825471312 0.0473404352 0.5349375264
1403636675.2635557652 -0.0117131937 6.9583660139 -0.3337675247 -0.8374032176 -0.0923372455 0.0337846579 0.5376693047
1403636675.3635556698 -0.0420389565 7.0364195037 -0.3309795490 -0.8326087833 -0.0982037959 0.0260677874 0.5444622107
1403636675.4635555744 -0.0802359583 7.1210815221 -0.3259239950 -0.8224875544 -0.1041707907 0.0279001439 0.5584659804
1403636675.5635557175 -0.1237932918 7.2051780533 -0.3255127160 -0.8132471867 -0.1151800156 0.0300707086 0.5696124383
1403636675.6635556221 -0.1751446993 7.2883755684 -0.3296484576 -0.8063079897 -0.1258774070 0.0339962121 0.5769458915
1403636675.7635557652 -0.2332869136 7.3674241013 -0.3370477048 -0.7998151552 -0.1348115227 0.0464133794 0.5830672080
1403636675.8635556698 -0.2941057913 7.4429615732 -0.3499688346 -0.7961182325 -0.1364016321 0.0755829707 0.5847029751
1403636675.9635555744 -0.3595058278 7.5119881705 -0.3722362764 -0.7975921085 -0.1400050842 0.1060436526 0.5770616506
1403636676.0635557175 -0.4215119778 7.5790345066 -0.3983704902 -0.7988829251 -0.1540634531 0.1235215445 0.5681487062
1403636676.1635556221 -0.4772710308 7.6437339388 -0.4310331466 -0.7968481731 -0.1797237176 0.1251269182 0.5630946889
1403636676.2635557652 -0.5277587277 7.7108445856 -0.4674951294 -0.7914023664 -0.2114768258 0.1209397355 0.5606544631
1403636676.3635556698 -0.5863378337 7.7735594611 -0.5037596685 -0.7846553985 -0.2418821371 0.1206587495 0.5578982017
1403636676.4635555744 -0.6457765970 7.8335054704 -0.5305676752 -0.7780875465 -0.2673756058 0.1270791999 0.5540225017
1403636676.5635557175 -0.7149108145 7.8859567786 -0.5486973868 -0.7739945584 -0.2818543254 0.1465696857 0.5477297601
1403636676.6635556221 -0.7902049720 7.9390140248 -0.5563393451 -0.7702146443 -0.2899042579 0.1662531763 0.5432170877
1403636676.7635557652 -0.8692671980 7.9903279386 -0.5571681439 -0.7674958267 -0.2923477615 0.1822664727 0.5406125002
1403636676.8635556698 -0.9468045640 8.0428963387 -0.5499889347 -0.7670575898 -0.2940913177 0.1961175752 0.5354165177
1403636676.9635555744 -1.0252708266 8.0960553527 -0.5424999426 -0.7655193304 -0.2957970662 0.2038419968 0.5337908680
1403636677.0635557175 -1.0976167014 8.1510868980 -0.5512522203 -0.7624649059 -0.3012397858 0.2008112700 0.5362617762
1403636677.1635556221 -1.1717823709 8.2082068996 -0.5754558589 -0.7595326585 -0.3070213414 0.1933025098 0.5398908930
1403636677.2635557652 -1.2458053086 8.2621951217 -0.6060253169 -0.7548329491 -0.3101248763 0.1902413834 0.5457636815
1403636677.3635556698 -1.3209195991 8.3115350339 -0.6302819056 -0.7467945248 -0.3143696753 0.1947318495 0.5527650059
1403636677.4635555744 -1.3975360356 8.3542244711 -0.6459334425 -0.7361198663 -0.3198201994 0.2049304828 0.5602196709
1403636677.5635557175 -1.4689915994 8.3898778261 -0.6532530439 -0.7277520468 -0.3270557718 0.2195316018 0.5614422110
1403636677.6635556221 -1.5358888347 8.4131362662 -0.6548196278 -0.7236690067 -0.3364457063 0.2352478400 0.5547665358
1403636677.7635557652 -1.5987586923 8.4321149722 -0.6490889248 -0.7212635587 -0.3490832034 0.2514618574 0.5428505598
1403636677.8635556698 -1.6534945109 8.4448664022 -0.6416343754 -0.7226948384 -0.3630534477 0.2703764785 0.5223034793
1403636677.9635555744 -1.7022494037 8.4575362150 -0.6302753983 -0.7208898136 -0.3803927390 0.2868706746 0.5033134777
1403636678.0635557175 -1.7460383592 8.4755912261 -0.6198923388 -0.7132265297 -0.4002153572 0.2974113353 0.4926277324
1403636678.1635556221 -1.7867942432 8.4985653108 -0.6159381721 -0.7015166488 -0.4189981482 0.3003516943 0.4920404485
1403636678.2635557652 -1.8246937275 8.5243290029 -0.6181601525 -0.6912023166 -0.4357446786 0.2999916425 0.4923118392
1403636678.3635556698 -1.8603054205 8.5492936562 -0.6159376004 -0.6826522094 -0.4479896583 0.3076790781 0.4884923868
1403636678.4635555744 -1.8952615867 8.5747180654 -0.6080481455 -0.6755104603 -0.4607553039 0.3157232855 0.4813615844
1403636678.5635557175 -1.9291912722 8.5988255847 -0.5935468365 -0.6668416427 -0.4743037242 0.3243098822 0.4745327186
1403636678.6635556221 -1.9632728280 8.6214454532 -0.5756628055 -0.6538181239 -0.4912769093 0.3331453916 0.4692366219
1403636678.7635557652 -1.9938610561 8.6432181955 -0.5626360146 -0.6352853524 -0.5145703036 0.3360174034 0.4676774832
1403636678.8635556698 -2.0255707086 8.6621791680 -0.5591373685 -0.6160335137 -0.5385269643 0.3359529571 0.4665051226
1403636678.9635555744 -2.0577510557 8.6754952230 -0.5602582509 -0.5997840184 -0.5577045555 0.3378048887 0.4638023471
1403636679.0635557175 -2.0900683679 8.6789891600 -0.5640017113 -0.5875835691 -0.5693606234 0.3497319405 0.4563568775
1403636679.1635556221 -2.1219260902 8.6732628850 -0.5705102544 -0.5770495157 -0.5769839317 0.3688233980 0.4450535923
1403636679.2635557652 -2.1535054980 8.6613492899 -0.5795754406 -0.5668071722 -0.5813990612 0.3947250807 0.4299963627
1403636679.3635556698 -2.1810077346 8.6465290269 -0.5842771783 -0.5544168050 -0.5900483668 0.4150292514 0.4149887367
1403636679.4635555744 -2.2025538556 8.6305931329 -0.5819157150 -0.5406501299 -0.6023463361 0.4286926821 0.4013712903
1403636679.5635557175 -2.2214466679 8.6161634654 -0.5736645648 -0.5280053993 -0.6152347561 0.4368773081 0.3896597372
1403636679.6635556221 -2.2367200041 8.6054330605 -0.5594937463 -0.5196485194 -0.6251192397 0.4418764509 0.3793897133
1403636679.7635557652 -2.2518318006 8.5973568889 -0.5385942831 -0.5121334931 -0.6329538789 0.4432860896 0.3749481500
1403636679.8635556698 -2.2642717935 8.5893442898 -0.5073737236 -0.5038003122 -0.6344417834 0.4479103868 0.3782131070
1403636679.9635555744 -2.2739052529 8.5833427436 -0.4714951135 -0.4956879589 -0.6363904281 0.4478531243 0.3856530168
1403636680.0635557175 -2.2777307580 8.5765876855 -0.4305955613 -0.4877386064 -0.6414084402 0.4400682346 0.3962905671
1403636680.1635556221 -2.2763515927 8.5656430323 -0.3903777506 -0.4814856778 -0.6448231855 0.4330262298 0.4060331091
1403636680.2635557652 -2.2686461747 8.5466016832 -0.3505432498 -0.4816612346 -0.6423910176 0.4349461554 0.4076249225
1403636680.3635556698 -2.2541060616 8.5212442612 -0.3202523674 -0.4795174657 -0.6451644501 0.4273053830 0.4138066482
1403636680.4635555744 -2.2310122928 8.4881380245 -0.2991804853 -0.4802127845 -0.6493235444 0.4175031471 0.4164921829
1403636680.5635557175 -2.2031579907 8.4432920814 -0.2907974744 -0.4836455614 -0.6498889631 0.4130396314 0.4160884154
1403636680.6635556221 -2.1706925435 8.3893804825 -0.2778548584 -0.4884229025 -0.6468814514 0.4148977635 0.4133367900
1403636680.7635557652 -2.1358577048 8.3276243151 -0.2712709982 -0.4978518315 -0.6427509102 0.4197128532 0.4035541378
1403636680.8635556698 -2.0991349847 8.2605502533 -0.2655659011 -0.5105872252 -0.6357122017 0.4293136777 0.3884075801
1403636680.9635555744 -2.0589772892 8.1894100235 -0.2661359777 -0.5247865684 -0.6330486706 0.4323857787 0.3699878061
1403636681.0635557175 -2.0205791393 8.1205702949 -0.2735613385 -0.5324941496 -0.6385116682 0.4236652830 0.3595282439
1403636681.1635556221 -1.9885024290 8.0546567180 -0.2871834052 -0.5329374135 -0.6427453993 0.4173797386 0.3586784337
1403636681.2635557652 -1.9619889803 7.9892197484 -0.2973227566 -0.5226654756 -0.6413502745 0.4205906762 0.3722822977
1403636681.3635556698 -1.9394367086 7.9208886897 -0.3038981083 -0.5157745665 -0.6369242104 0.4276422521 0.3813479396
1403636681.4635555744 -1.9185890814 7.8510075799 -0.3032274419 -0.5133770876 -0.6325725254 0.4351477581 0.3833306597
1403636681.5635557175 -1.8967076538 7.7815341461 -0.2968452544 -0.5119574098 -0.6319374297 0.4380623671 0.3829569922
1403636681.6635556221 -1.8701469415 7.7089025708 -0.2901457070 -0.5095229800 -0.6341629216 0.4361936182 0.3846541943
1403636681.7635557652 -1.8432899681 7.6398576844 -0.2927006095 -0.5068725108 -0.6355329007 0.4362158718 0.3858677275
1403636681.8635556698 -1.8154183696 7.5688609021 -0.2954785384 -0.5053358078 -0.6359332679 0.4376232942 0.3856299426
1403636681.9635555744 -1.7846207653 7.4955286761 -0.2915837085 -0.5046746887 -0.6357457721 0.4399450181 0.3841603219
1403636682.0635557175 -1.7522538042 7.4225344400 -0.2840799909 -0.5052749044 -0.6354100586 0.4422359622 0.3812855651
1403636682.1635556221 -1.7188130011 7.3495545136 -0.2672805107 -0.5056920926 -0.6350669454 0.4441856505 0.3790311205
1403636682.2635557652 -1.6806061053 7.2775546828 -0.2477287751 -0.5094217031 -0.6373216907 0.4417973424 0.3729955752
1403636682.3635556698 -1.6420871267 7.2057320578 -0.2392627423 -0.5146571658 -0.6419205962 0.4351535458 0.3656601447
1403636682.4635555744 -1.6083185791 7.1363721498 -0.2328340816 -0.5160597496 -0.6419414686 0.4343142461 0.3646431424
1403636682.5635557175 -1.5760064008 7.0664069283 -0.2349817003 -0.5118928674 -0.6389749500 0.4367517569 0.3727259160
1403636682.6635556221 -1.5459546516 6.9965290313 -0.2354951663 -0.5087959431 -0.6360740236 0.4390069245 0.3792221578
1403636682.7635557652 -1.5127998706 6.9244789084 -0.2399018512 -0.5091686496 -0.6320053085 0.4428392697 0.3810642433
1403636682.8635556698 -1.4762598751 6.8515276325 -0.2356615886 -0.5081309528 -0.6297970599 0.4437480619 0.3850276039
1403636682.9635555744 -1.4377282274 6.7727442700 -0.2233707939 -0.5070048295 -0.6308774618 0.4395702300 0.3895096199
1403636683.0635557175 -1.3969275488 6.7011070905 -0.2129398284 -0.5052315965 -0.6315639605 0.4380404042 0.3924138148
1403636683.1635556221 -1.3536975802 6.6285143200 -0.2048611161 -0.5065803501 -0.6317378854 0.4387811881 0.3895570074
1403636683.2635557652 -1.3061440792 6.5514814887 -0.2010483738 -0.5086464925 -0.6320751555 0.4395152429 0.3854686689
1403636683.3635556698 -1.2577932613 6.4731282940 -0.2045458738 -0.5094848787 -0.6322286711 0.4412654954 0.3820953132
1403636683.4635555744 -1.2063423432 6.3908280835 -0.2153652756 -0.5097819675 -0.6326020031 0.4424275796 0.3797300199
1403636683.5635557175 -1.1563692849 6.3141307361 -0.2296081339 -0.5092051257 -0.6330736985 0.4431142048 0.3789163942
1403636683.6635556221 -1.1026784399 6.2374301733 -0.2476559846 -0.5103667868 -0.6349417813 0.4417128452 0.3758516192
1403636683.7635557652 -1.0505082269 6.1601633973 -0.2640930579 -0.5128744669 -0.6369467883 0.4398311543 0.3712238218
1403636683.8635556698 -0.9957674665 6.0875701816 -0.2743129558 -0.5149237489 -0.6392652333 0.4384072035 0.3660500214
1403636683.9635555744 -0.9455238145 6.0144426961 -0.2752427412 -0.5136009114 -0.6406026557 0.4380488975 0.3659993234
1403636684.0635557175 -0.8988194709 5.9438026495 -0.2703121316 -0.5111160499 -0.6394810619 0.4415562279 0.3672226199
1403636684.1635556221 -0.8517119701 5.8723743183 -0.2548492388 -0.5087647942 -0.6394873213 0.4436836092 0.3679119529
1403636684.2635557652 -0.8055402525 5.8035092301 -0.2355716211 -0.5066676530 -0.6388247860 0.4469582719 0.3679933225
1403636684.3635556698 -0.7577557433 5.7346295280 -0.2140122089 -0.5039556357 -0.6380012932 0.4497097453 0.3697894159
1403636684.4635555744 -0.7088435074 5.6725432506 -0.1985992892 -0.5029089610 -0.6374288918 0.4521191716 0.3692631033
1403636684.5635557175 -0.6592520086 5.6083287547 -0.1920014304 -0.5036030917 -0.6352755478 0.4562670333 0.3669186541
1403636684.6635556221 -0.6105238551 5.5481283075 -0.1903262118 -0.5038567637 -0.6341397889 0.4589083620 0.3652371902
1403636684.7635557652 -0.5580803597 5.4881297769 -0.1955267510 -0.5031734891 -0.6336395357 0.4597917471 0.3659356884
1403636684.8635556698 -0.5033709579 5.4359553160 -0.2102221916 -0.5025541245 -0.6341039029 0.4593171349 0.3665779070
1403636684.9635555744 -0.4481799803 5.3872350879 -0.2256069417 -0.4985833930 -0.6379112498 0.4538354782 0.3721789842
1403636685.0635557175 -0.3896185953 5.3371974850 -0.2385582015 -0.4972892602 -0.6404245192 0.4488414346 0.3756343881
1403636685.1635556221 -0.3289086584 5.2879535084 -0.2411092883 -0.4999607918 -0.6416747898 0.4454079528 0.3740380013
1403636685.2635557652 -0.2678627742 5.2400214468 -0.2396404549 -0.5007690291 -0.6443506291 0.4388422771 0.3761118211
1403636685.3635556698 -0.2065815989 5.1892835160 -0.2301226178 -0.5015642237 -0.6454065461 0.4345185393 0.3782556791
1403636685.4635555744 -0.1464224009 5.1382108998 -0.2216198816 -0.5043146361 -0.6434266334 0.4348939084 0.3775396717
1403636685.5635557175 -0.0853788798 5.0824884219 -0.2188945550 -0.5071094812 -0.6416080123 0.4356127915 0.3760593417
1403636685.6635556221 -0.0230927975 5.0268811104 -0.2217088851 -0.5081957098 -0.6399018125 0.4366758438 0.3762671902
1403636685.7635557652 0.0359862685 4.9728542387 -0.2331553453 -0.5067991160 -0.6397173813 0.4365410997 0.3786135184
1403636685.8635556698 0.0989952257 4.9152116323 -0.2471249873 -0.5037235853 -0.6402425797 0.4353019823 0.3832286171
1403636685.9635555744 0.1614871239 4.8586699736 -0.2619056926 -0.5060397542 -0.6394509406 0.4370927948 0.3794418933
1403636686.0635557175 0.2241037496 4.7997955090 -0.2783096541 -0.5101895691 -0.6392371187 0.4382327615 0.3728733785
1403636686.1635556221 0.2857079519 4.7399706063 -0.2874958388 -0.5121159476 -0.6386185065 0.4391173780 0.3702426065
1403636686.2635557652 0.3445795102 4.6815999636 -0.2894763574 -0.5143180246 -0.6382293592 0.4391881562 0.3677689739
1403636686.3635556698 0.4018849618 4.6248492020 -0.2822266195 -0.5160095154 -0.6384819114 0.4386849969 0.3655550605
1403636686.4635555744 0.4597930567 4.5705458190 -0.2737327840 -0.5170904994 -0.6395276456 0.4371045705 0.3640898247
1403636686.5635557175 0.5131985851 4.5164530866 -0.2711938400 -0.5176394125 -0.6402360781 0.4363712600 0.3629425937
1403636686.6635556221 0.5630218550 4.4633423096 -0.2756071569 -0.5165026891 -0.6414565514 0.4353033024 0.3636887400
1403636686.7635557652 0.6106079698 4.4109638780 -0.2845884616 -0.5153676182 -0.6407953402 0.4370399219 0.3643811972
1403636686.8635556698 0.6552519768 4.3584105966 -0.2902297100 -0.5142587627 -0.6392022901 0.4399211111 0.3652776659
1403636686.9635555744 0.6969007628 4.3070658122 -0.2887446012 -0.5137486689 -0.6377577530 0.4425151231 0.3653870818
1403636687.0635557175 0.7390134725 4.2584683606 -0.2780984275 -0.5136220480 -0.6368293801 0.4443696821 0.3649333064
1403636687.1635556221 0.7791329251 4.2113138974 -0.2651719186 -0.5130317814 -0.6370139866 0.4449105795 0.3647823302
1403636687.2635557652 0.8186229344 4.1661142068 -0.2531987923 -0.5118200329 -0.6366729614 0.4458042261 0.3659868661
1403636687.3635556698 0.8575110005 4.1230583220 -0.2488615165 -0.5099074250 -0.6363220832 0.4467863910 0.3680632354
1403636687.4635555744 0.8959404861 4.0803207771 -0.2508700078 -0.5081652725 -0.6361760456 0.4475258249 0.3698225668
1403636687.5635557175 0.9364300291 4.0389382464 -0.2595025649 -0.5083417860 -0.6355347451 0.4489824845 0.3689159051
1403636687.6635556221 0.9739306234 3.9985733572 -0.2750128476 -0.5082954173 -0.6346236241 0.4510848708 0.3679824232
1403636687.7635557652 1.0138797319 3.9604984815 -0.2972203216 -0.5082539576 -0.6338410315 0.4529642663 0.3670787856
1403636687.8635556698 1.0548832171 3.9262767173 -0.3260832274 -0.5076879530 -0.6346539831 0.4523992061 0.3671542217
1403636687.9635555744 1.0960167277 3.8931101300 -0.3594749969 -0.5060825710 -0.6366312673 0.4497800432 0.3691598211
1403636688.0635557175 1.1372994316 3.8617117059 -0.3984796945 -0.5030987866 -0.6389947170 0.4466297730 0.3729600628
1403636688.1635556221 1.1759170864 3.8284235614 -0.4327163556 -0.5015976395 -0.6407689339 0.4439697484 0.3751077764
1403636688.2635557652 1.2191361169 3.7964739955 -0.4588441872 -0.5019944913 -0.6401315661 0.4450702239 0.3743602605
1403636688.3635556698 1.2625626484 3.7618877722 -0.4794891520 -0.5047108232 -0.6387542131 0.4473071480 0.3703732652
1403636688.4635555744 1.3061042028 3.7297093737 -0.5024211396 -0.5046041843 -0.6397138245 0.4459635724 0.3704825663
1403636688.5635557175 1.3504546763 3.6982680631 -0.5292216562 -0.5016474960 -0.6431321821 0.4410881763 0.3743955219
1403636688.6635556221 1.3914258051 3.6625773353 -0.5600254867 -0.4980149970 -0.6468534420 0.4360474889 0.3787139749
1403636688.7635557652 1.4348391357 3.6249318949 -0.5944877473 -0.4960838057 -0.6488406989 0.4346763736 0.3794246374
1403636688.8635556698 1.4786130573 3.5839623812 -0.6255897665 -0.4952575967 -0.6506181474 0.4358375611 0.3761137586
1403636688.9635555744 1.5244387350 3.5396290234 -0.6469417397 -0.4941323160 -0.6537830031 0.4389391712 0.3684201991
1403636689.0635557175 1.5679898960 3.4927243516 -0.6603998498 -0.4932949393 -0.6563230182 0.4428177449 0.3602952170
1403636689.1635556221 1.6089281172 3.4445222734 -0.6657655490 -0.4927797966 -0.6591269258 0.4460902788 0.3517431320
1403636689.2635557652 1.6478562827 3.3961815113 -0.6629479538 -0.4910665597 -0.6623749169 0.4475725548 0.3461096815
1403636689.3635556698 1.6820285600 3.3484899548 -0.6537595710 -0.4890535476 -0.6648135615 0.4488565987 0.3426037213
1403636689.4635555744 1.7129422869 3.3016004137 -0.6365362636 -0.4868417827 -0.6659230657 0.4507304815 0.3411357241
1403636689.5635557175 1.7401236441 3.2551721564 -0.6123237513 -0.4870587144 -0.6673301057 0.4508920731 0.3378471210
1403636689.6635556221 1.7636491401 3.2068025196 -0.5844392019 -0.4903061465 -0.6687127370 0.4495845543 0.3321097510
1403636689.7635557652 1.7812836179 3.1618095890 -0.5593222491 -0.4978447204 -0.6687384197 0.4487832684 0.3217656576
1403636689.8635556698 1.7931109917 3.1191547516 -0.5389028819 -0.5028671086 -0.6659587098 0.4514551397 0.3159302529
1403636689.9635555744 1.7957937173 3.0800013189 -0.5210787400 -0.5072102056 -0.6592761243 0.4590145935 0.3120871709
1403636690.0635557175 1.7927785484 3.0475210970 -0.5096163623 -0.5067656072 -0.6579360975 0.4594516971 0.3149807122
1403636690.1635556221 1.7838809847 3.0207165815 -0.5025972344 -0.5032748636 -0.6626970360 0.4516490492 0.3218076855
1403636690.2635557652 1.7674178204 2.9961022516 -0.4923817886 -0.5007204612 -0.6651199853 0.4471366318 0.3270523771
1403636690.3635556698 1.7454948510 2.9731143860 -0.4737090721 -0.4987287413 -0.6658487530 0.4451461455 0.3313004526
1403636690.4635555744 1.7160657490 2.9484962864 -0.4521174660 -0.4984199933 -0.6652258862 0.4456354589 0.3323568388
1403636690.5635557175 1.6833542787 2.9267466357 -0.4325947218 -0.5007604256 -0.6609230956 0.4516151893 0.3293377882
1403636690.6635556221 1.6469208905 2.9082753056 -0.4183358384 -0.5059227760 -0.6555591776 0.4588658308 0.3220659230
1403636690.7635557652 1.6053749721 2.8922269162 -0.4124025336 -0.5122320284 -0.6451149889 0.4727515448 0.3129712082
1403636690.8635556698 1.5605341181 2.8846044811 -0.4231538850 -0.5148226219 -0.6359369209 0.4848888563 0.3089088824
1403636690.9635555744 1.5128918524 2.8890300530 -0.4410348484 -0.5125067370 -0.6251957632 0.4994009592 0.3115538222
1403636691.0635557175 1.4644217154 2.9073503537 -0.4535828626 -0.5064510428 -0.6150431497 0.5132970793 0.3189911812
1403636691.1635556221 1.4194391362 2.9427526838 -0.4592280407 -0.4979497059 -0.6120219828 0.5187184948 0.3292511292
1403636691.2635557652 1.3812491188 2.9945831695 -0.4587717511 -0.4841475732 -0.6166686389 0.5140462476 0.3479617400
1403636691.3635556698 1.3533932496 3.0584760740 -0.4517392462 -0.4741372215 -0.6258807909 0.5034241065 0.3605985298
1403636691.4635555744 1.3364400084 3.1275702638 -0.4356188266 -0.4757679170 -0.6382696796 0.4898147757 0.3554408400
1403636691.5635557175 1.3264013461 3.2018214606 -0.4088164566 -0.4792387791 -0.6462078388 0.4820169493 0.3469946430
1403636691.6635556221 1.3200294716 3.2805350891 -0.3762963108 -0.4773627150 -0.6537234631 0.4738901396 0.3466967085
1403636691.7635557652 1.3152936463 3.3586793997 -0.3423093988 -0.4725697695 -0.6611189212 0.4646562624 0.3517017811
1403636691.8635556698 1.3115150625 3.4354467631 -0.3139503415 -0.4730001036 -0.6625883031 0.4633377779 0.3500939106
1403636691.9635555744 1.3089490648 3.5094748424 -0.2917978039 -0.4739214340 -0.6583928181 0.4692842937 0.3488403979
1403636692.0635557175 1.3087420310 3.5830740227 -0.2719051590 -0.4743010764 -0.6543178716 0.4746263650 0.3487641401
1403636692.1635556221 1.3115093303 3.6609230880 -0.2520743925 -0.4720026149 -0.6568476714 0.4701642158 0.3531434246
1403636692.2635557652 1.3165480815 3.7363701966 -0.2245112034 -0.4715810086 -0.6595152143 0.4657545735 0.3545753964
1403636692.3635556698 1.3248023790 3.8098714892 -0.1869667972 -0.4744481994 -0.6587063781 0.4662485139 0.3515922877
1403636692.4635555744 1.3333499104 3.8810919308 -0.1430953469 -0.4748470335 -0.6606050981 0.4623863427 0.3525905120
1403636692.5635557175 1.3432351450 3.9504637516 -0.0939522621 -0.4735359960 -0.6617753834 0.4590602198 0.3564838242
1403636692.6635556221 1.3534091890 4.0164708826 -0.0374409076 -0.4755912595 -0.6607252889 0.4592367804 0.3554667720
1403636692.7635557652 1.3665801813 4.0814045488 0.0171715551 -0.4738379849 -0.6666918727 0.4490992158 0.3595961699
1403636692.8635556698 1.3803104214 4.1411458963 0.0648124391 -0.4694059105 -0.6747408859 0.4355006420 0.3670449820
1403636692.9635555744 1.3933206982 4.1951863896 0.1116028809 -0.4684345413 -0.6781509514 0.4301140797 0.3683507108
1403636693.0635557175 1.4057321386 4.2399359207 0.1540429547 -0.4720281812 -0.6758333877 0.4342976436 0.3630760045
1403636693.1635556221 1.4176930529 4.2758597669 0.1918058676 -0.4738244988 -0.6720504631 0.4409873241 0.3596786057
1403636693.2635557652 1.4308129481 4.3075944523 0.2198933055 -0.4776712265 -0.6726104102 0.4411359956 0.3533050648
1403636693.3635556698 1.4408706609 4.3325569452 0.2426287296 -0.4835737801 -0.6743468289 0.4396045621 0.3437449382
1403636693.4635555744 1.4482413787 4.3576853263 0.2634815857 -0.4880882005 -0.6767958554 0.4373291473 0.3353513017
1403636693.5635557175 1.4503125095 4.3812156836 0.2763740352 -0.4939186553 -0.6809627073 0.4314360491 0.3258789482
1403636693.6635556221 1.4450766058 4.4014619865 0.2852335366 -0.4962193174 -0.6840520249 0.4272630988 0.3213805542
1403636693.7635557652 1.4276969686 4.4145550524 0.2966230813 -0.4932884233 -0.6816849417 0.4318422721 0.3247836567
1403636693.8635556698 1.4023543926 4.4268816608 0.3026325996 -0.4881394408 -0.6765995438 0.4401521491 0.3319623914
1403636693.9635555744 1.3712686798 4.4369302095 0.3049631885 -0.4820935754 -0.6691315699 0.4516332707 0.3404058101
1403636694.0635557175 1.3400172985 4.4459525293 0.3062330782 -0.4770258903 -0.6623240461 0.4619276391 0.3469812879
1403636694.1635556221 1.3111006610 4.4557340738 0.3066896221 -0.4744119209 -0.6599360780 0.4659655241 0.3497053511
1403636694.2635557652 1.2843234823 4.4666934394 0.3134537765 -0.4732622309 -0.6599982053 0.4663887232 0.3505806450
1403636694.3635556698 1.2597245087 4.4768008668 0.3256643978 -0.4753504518 -0.6617799004 0.4642289722 0.3472474232
1403636694.4635555744 1.2355325088 4.4861014549 0.3381428886 -0.4770057934 -0.6646411539 0.4602689643 0.3447754198
1403636694.5635557175 1.2126323827 4.4970143385 0.3462729410 -0.4776076729 -0.6660554480 0.4581048216 0.3440944977
1403636694.6635556221 1.1896035200 4.5068748291 0.3497585472 -0.4780422566 -0.6665519715 0.4566069334 0.3445202150
1403636694.7635557652 1.1659059004 4.5151231681 0.3460249875 -0.4782808909 -0.6637913808 0.4595152743 0.3456502637
1403636694.8635556698 1.1421223374 4.5237917368 0.3378961910 -0.4813122771 -0.6601987457 0.4636587388 0.3427778900
1403636694.9635555744 1.1195259054 4.5317221940 0.3258313104 -0.4869810853 -0.6563094178 0.4677439112 0.3366348232
1403636695.0635557175 1.0971895045 4.5441430081 0.3124854322 -0.4887029919 -0.6567251645 0.4658997253 0.3358852332
1403636695.1635556221 1.0723966104 4.5586803173 0.3020976260 -0.4873170947 -0.6578412227 0.4626653681 0.3401583928
1403636695.2635557652 1.0483180340 4.5768095587 0.2994449383 -0.4851863382 -0.6586855099 0.4594349707 0.3459004539
1403636695.3635556698 1.0241013344 4.5925412540 0.3052070431 -0.4841591084 -0.6586698483 0.4573174547 0.3501495885
1403636695.4635555744 0.9998815861 4.6111158777 0.3162790512 -0.4837197495 -0.6581674090 0.4567745643 0.3524029839
1403636695.5635557175 0.9781180559 4.6299321499 0.3283667846 -0.4819903742 -0.6583480292 0.4553470159 0.3562614865
1403636695.6635556221 0.9592974646 4.6429851147 0.3332966299 -0.4799593164 -0.6590216374 0.4526939997 0.3611061875
1403636695.7635557652 0.9409643450 4.6575194711 0.3345017633 -0.4819890739 -0.6577367796 0.4535212787 0.3597044775
1403636695.8635556698 0.9237203545 4.6688434820 0.3310384320 -0.4832818106 -0.6571337449 0.4536465430 0.3589132861
1403636695.9635555744 0.9075358439 4.6774810720 0.3221541907 -0.4857450207 -0.6574677126 0.4521962336 0.3568004317
1403636696.0635557175 0.8934853211 4.6887462409 0.3107508377 -0.4893481134 -0.6591113924 0.4488834333 0.3530074497
1403636696.1635556221 0.8792324315 4.6957092257 0.2954631764 -0.4895306308 -0.6630760260 0.4417721023 0.3542983982
1403636696.2635557652 0.8638509070 4.7029976193 0.2787681077 -0.4875379566 -0.6638160202 0.4399331145 0.3579300029
1403636696.3635556698 0.8474420595 4.7044451156 0.2615556169 -0.4844125470 -0.6575603754 0.4481758838 0.3634518044
1403636696.4635555744 0.8337145036 4.7041527498 0.2486945519 -0.4829135054 -0.6484363222 0.4603991492 0.3665480947
1403636696.5635557175 0.8214583010 4.7047095848 0.2366531309 -0.4843254421 -0.6467387315 0.4616314930 0.3661341885
1403636696.6635556221 0.8147055337 4.7058770121 0.2343767481 -0.4865363957 -0.6469900640 0.4609408805 0.3636202653
1403636696.7635557652 0.8121574522 4.7050620334 0.2355666833 -0.4876835545 -0.6480018072 0.4594015024 0.3622273708
1403636696.8635556698 0.8145767348 4.7075297699 0.2329817156 -0.4873777094 -0.6493107191 0.4573475030 0.3628936759
1403636696.9635555744 0.8148979882 4.7093069415 0.2221937531 -0.4834499054 -0.6524537974 0.4525664262 0.3684614784
1403636697.0635557175 0.8196103391 4.7097847944 0.2094512780 -0.4769894272 -0.6572336385 0.4449828530 0.3775119750
1403636697.1635556221 0.8290205415 4.7064563512 0.2024132623 -0.4712314699 -0.6614565790 0.4375182509 0.3859972487
1403636697.2635557652 0.8437417874 4.6937586229 0.2089776417 -0.4689909649 -0.6622518113 0.4354474650 0.3896864361
1403636697.3635556698 0.8610902627 4.6710627223 0.2215484279 -0.4756699714 -0.6608454625 0.4375845096 0.3814985583
1403636697.4635555744 0.8826234323 4.6433781127 0.2423389934 -0.4839632895 -0.6589324301 0.4412053018 0.3700344155
1403636697.5635557175 0.9040138682 4.6107416714 0.2699943099 -0.4900595289 -0.6570463304 0.4412902458 0.3652323875
1403636697.6635556221 0.9259610178 4.5791681617 0.2998602182 -0.4959842326 -0.6522410931 0.4370082510 0.3709514605
1403636697.7635557652 0.9460681863 4.5466859663 0.3227394838 -0.5090594676 -0.6431411971 0.4286441329 0.3788034667
1403636697.8635556698 0.9646293661 4.5116514116 0.3395682966 -0.5229070701 -0.6312580397 0.4209976962 0.3883843754
1403636697.9635555744 0.9842065779 4.4729972695 0.3497300885 -0.5356692385 -0.6203093003 0.4152083665 0.3948124253
1403636698.0635557175 1.0029797932 4.4316420606 0.3520005895 -0.5444471683 -0.6121530561 0.4107604129 0.4001522211
1403636698.1635556221 1.0258559634 4.3895473756 0.3520955862 -0.5512150493 -0.6062382842 0.4081468135 0.4025584316
1403636698.2635557652 1.0453245203 4.3447077258 0.3457314376 -0.5574918500 -0.6000179981 0.4053350506 0.4060600150
1403636698.3635556698 1.0628845343 4.2986421372 0.3366637475 -0.5654962385 -0.5921253622 0.3985624175 0.4132185366
1403636698.4635555744 1.0795635850 4.2539271246 0.3231942478 -0.5773135551 -0.5819773436 0.3895025047 0.4198800180
1403636698.5635557175 1.0955762454 4.2074345087 0.3062387515 -0.5900636914 -0.5696486187 0.3789936315 0.4285896856
1403636698.6635556221 1.1094383357 4.1573323481 0.2873899778 -0.6053558851 -0.5541923056 0.3682971841 0.4367749134
1403636698.7635557652 1.1218660513 4.1092804666 0.2630480870 -0.6213718951 -0.5367709199 0.3568396638 0.4454653768
1403636698.8635556698 1.1331144051 4.0623726535 0.2349774111 -0.6384520677 -0.5169929146 0.3452863846 0.4537340588
1403636698.9635555744 1.1439991342 4.0119121690 0.2122127270 -0.6544389799 -0.4968950231 0.3326785065 0.4627417950
1403636699.0635557175 1.1509954203 3.9645295223 0.1944449937 -0.6693048846 -0.4763992715 0.3217806168 0.4706717967
1403636699.1635556221 1.1582435727 3.9201149626 0.1844819917 -0.6846353354 -0.4526840442 0.3135369623 0.4775418170
1403636699.2635557652 1.1664888167 3.8759300696 0.1809229413 -0.7007411450 -0.4283994953 0.3024829404 0.4836732275
1403636699.3635556698 1.1715703933 3.8373472949 0.1824200511 -0.7169412264 -0.4041653560 0.2906519102 0.4880236777
1403636699.4635555744 1.1785915141 3.8039244771 0.1897179737 -0.7312125439 -0.3810121157 0.2791367552 0.4921794949
1403636699.5635557175 1.1855924437 3.7765755066 0.1945500663 -0.7427784837 -0.3596855519 0.2669366246 0.4976457237
1403636699.6635556221 1.1923186577 3.7549925961 0.1934532772 -0.7533774934 -0.3378193441 0.2557916389 0.5028628847
1403636699.7635557652 1.2027436425 3.7413544267 0.1880176397 -0.7600894762 -0.3204128489 0.2411328725 0.5113262483
1403636699.8635556698 1.2147949096 3.7305327273 0.1803249422 -0.7618595677 -0.3098187887 0.2267284658 0.5217053959
1403636699.9635555744 1.2255802002 3.7217979230 0.1682172362 -0.7624765879 -0.3010016779 0.2208454580 0.5284455757
1403636700.0635557175 1.2384945853 3.7141188702 0.1524591602 -0.7638951426 -0.2957895815 0.2180836414 0.5304830440
1403636700.1635556221 1.2523462867 3.7098841637 0.1326632319 -0.7642125874 -0.2928614005 0.2176528370 0.5318256894
1403636700.2635557652 1.2665339423 3.7116283797 0.1057622991 -0.7648076750 -0.2915611482 0.2176794428 0.5316737508
1403636700.3635556698 1.2846389012 3.7144654160 0.0768103605 -0.7690678571 -0.2865433183 0.2160030515 0.5289331145
1403636700.4635555744 1.3039696271 3.7210808379 0.0404957471 -0.7718766300 -0.2781715295 0.2112549617 0.5312235022
1403636700.5635557175 1.3271994628 3.7330100932 0.0022472086 -0.7708651194 -0.2718136856 0.2050503411 0.5383666462
1403636700.6635556221 1.3541532274 3.7470153494 -0.0382455711 -0.7702135286 -0.2641007209 0.1949042650 0.5468402483
1403636700.7635557652 1.3807241421 3.7626569330 -0.0808640677 -0.7712052881 -0.2554408650 0.1860992384 0.5525933781
1403636700.8635556698 1.4104058147 3.7754255143 -0.1116045946 -0.7747612089 -0.2505307813 0.1788266727 0.5522684292
1403636700.9635555744 1.4424535431 3.7874887820 -0.1393174216 -0.7790168621 -0.2486192669 0.1734863635 0.5488384738
1403636701.0635557175 1.4724106607 3.7996450825 -0.1585667847 -0.7838359654 -0.2489375724 0.1699758736 0.5428991313
1403636701.1635556221 1.5001823780 3.8121064031 -0.1697778678 -0.7871713251 -0.2514721598 0.1673467417 0.5376970577
1403636701.2635557652 1.5271597448 3.8281425163 -0.1694167007 -0.7882106856 -0.2542525573 0.1671080919 0.5349340500
1403636701.3635556698 1.5509318196 3.8476809992 -0.1625947939 -0.7877555919 -0.2567185772 0.1682826355 0.5340577254
1403636701.4635555744 1.5712971525 3.8685164573 -0.1531472871 -0.7839543950 -0.2592942631 0.1702222007 0.5377791313
1403636701.5635557175 1.5912996176 3.8930501682 -0.1414605265 -0.7779566150 -0.2609294110 0.1738105972 0.5445082405
1403636701.6635556221 1.6081349976 3.9171583006 -0.1321327317 -0.7738207045 -0.2637581473 0.1758456302 0.5483716544
1403636701.7635557652 1.6257939004 3.9418898459 -0.1262252632 -0.7730314789 -0.2619186613 0.1765190406 0.5501472311
1403636701.8635556698 1.6456785476 3.9697944986 -0.1258997145 -0.7761094392 -0.2547974664 0.1717448100 0.5506687841
1403636701.9635555744 1.6643614569 3.9981112681 -0.1327831298 -0.7808351090 -0.2419530114 0.1650106125 0.5518394427
1403636702.0635557175 1.6821871549 4.0267150966 -0.1434014535 -0.7860396642 -0.2253917924 0.1556455514 0.5541792567
1403636702.1635556221 1.7011404902 4.0573274191 -0.1629486028 -0.7904502521 -0.2055175350 0.1440859329 0.5587398194
1403636702.2635557652 1.7222648096 4.0875931436 -0.1865545836 -0.7953200278 -0.1894031528 0.1326305012 0.5603585006
1403636702.3635556698 1.7417089477 4.1150705763 -0.2180785692 -0.8002510585 -0.1795055310 0.1212077504 0.5591821608
1403636702.4635555744 1.7643178168 4.1455564666 -0.2512653279 -0.8037989412 -0.1740282604 0.1106276863 0.5580169727
1403636702.5635557175 1.7820875904 4.1739974224 -0.2885775118 -0.8055881575 -0.1708675629 0.1032607990 0.5578254242
1403636702.6635556221 1.7966796434 4.2022166714 -0.3323784965 -0.8082199591 -0.1694765723 0.0979363883 0.5553977431
1403636702.7635557652 1.8107403201 4.2347461624 -0.3787819390 -0.8094467812 -0.1691773322 0.0956735132 0.5540952243
1403636702.8635556698 1.8200549381 4.2670737860 -0.4280709723 -0.8109804887 -0.1706831000 0.0933502683 0.5517822520
1403636702.9635555744 1.8246965927 4.3012582933 -0.4750003360 -0.8114787733 -0.1709151163 0.0940500036 0.5508582580
1403636703.0635557175 1.8239598434 4.3408422986 -0.5141759155 -0.8095168583 -0.1688750091 0.0985147364 0.5535869707
1403636703.1635556221 1.8211609930 4.3808864932 -0.5421075327 -0.8053513311 -0.1627252775 0.1088358734 0.5595395162
1403636703.2635557652 1.8167489650 4.4227727182 -0.5617154011 -0.8025976842 -0.1554342792 0.1206956628 0.5631249410
1403636703.3635556698 1.8180754716 4.4671642856 -0.5761856021 -0.8000421808 -0.1516523510 0.1273210032 0.5663244966
1403636703.4635555744 1.8246555512 4.5098901356 -0.5847671139 -0.7986539772 -0.1575784941 0.1194348316 0.5683802986
1403636703.5635557175 1.8338361037 4.5534272472 -0.5869999118 -0.7987602252 -0.1655644995 0.1090958583 0.5680392530
1403636703.6635556221 1.8434598589 4.5955815363 -0.5832068221 -0.8007181258 -0.1691308202 0.1055795367 0.5648877854
1403636703.7635557652 1.8520471205 4.6388815972 -0.5793347681 -0.8006748414 -0.1697572557 0.1066886933 0.5645527391
1403636703.8635556698 1.8577010833 4.6797071408 -0.5801855458 -0.7989801534 -0.1678821283 0.1116141950 0.5665585379
1403636703.9635555744 1.8635373672 4.7196713525 -0.5844371401 -0.7976071742 -0.1668755399 0.1158142346 0.5679457834
1403636704.0635557175 1.8724200949 4.7597910768 -0.5929947336 -0.7971884382 -0.1658905127 0.1206403421 0.5678176113
1403636704.1635556221 1.8806744648 4.7987103995 -0.6093108522 -0.7992247555 -0.1682558263 0.1198730343 0.5644113950
1403636704.2635557652 1.8913353827 4.8388441235 -0.6294106635 -0.8024611375 -0.1724918696 0.1162630243 0.5592723727
1403636704.3635556698 1.9004063944 4.8783664018 -0.6452675668 -0.8040371686 -0.1764812399 0.1121278623 0.5566021434
1403636704.4635555744 1.9087688999 4.9224647940 -0.6553831795 -0.8056469390 -0.1790104625 0.1101302169 0.5538588262
1403636704.5635557175 1.9162507745 4.9696726390 -0.6552696756 -0.8078267250 -0.1813560072 0.1077445912 0.5503790367
1403636704.6635556221 1.9207370717 5.0191841962 -0.6539936215 -0.8096301423 -0.1829674672 0.1060820594 0.5475112193
1403636704.7635557652 1.9197162948 5.0685929813 -0.6574928167 -0.8129154759 -0.1863470566 0.1025447612 0.5421510633
1403636704.8635556698 1.9148443867 5.1227377020 -0.6702365551 -0.8166377486 -0.1880010843 0.1019911506 0.5360561398
1403636704.9635555744 1.9041459036 5.1801567537 -0.6850711811 -0.8196013186 -0.1899564718 0.1014229532 0.5309271154
1403636705.0635557175 1.8918177326 5.2466570423 -0.7064855780 -0.8200431712 -0.1930249873 0.0992554013 0.5295459536
1403636705.1635556221 1.8695389887 5.3196920365 -0.7265344993 -0.8124397573 -0.1922542903 0.1018993884 0.5409218458
1403636705.2635557652 1.8444290992 5.3943671942 -0.7418465143 -0.8027179205 -0.1923584235 0.1036450297 0.5548872723
1403636705.3635556698 1.8147249694 5.4735469234 -0.7512899087 -0.7984976899 -0.1915728612 0.1056106963 0.5608454857
1403636705.4635555744 1.7806319177 5.5493075210 -0.7564217025 -0.8009433779 -0.1914147127 0.1054038950 0.5574406983
1403636705.5635557175 1.7454219803 5.6253668249 -0.7648684414 -0.8051491975 -0.1922139855 0.1035568389 0.5514204700
1403636705.6635556221 1.7062933489 5.7033869266 -0.7793626127 -0.8070268822 -0.1917011835 0.1031422995 0.5489261641
1403636705.7635557652 1.6620743316 5.7846953494 -0.7987784723 -0.8047971017 -0.1897029795 0.1052473950 0.5524829324
1403636705.8635556698 1.6165595610 5.8664775203 -0.8161462050 -0.8011832184 -0.1861406644 0.1109183144 0.5578120034
1403636705.9635555744 1.5703817199 5.9498834146 -0.8261154672 -0.7982762757 -0.1798638050 0.1208298611 0.5619645398
1403636706.0635557175 1.5231909343 6.0290139229 -0.8267471175 -0.7973954673 -0.1719199079 0.1341950246 0.5626683832
1403636706.1635556221 1.4818897633 6.1133083929 -0.8286686308 -0.7948245770 -0.1703705330 0.1385734735 0.5657076681
1403636706.2635557652 1.4472880505 6.1962796613 -0.8378650475 -0.7929885633 -0.1785537656 0.1295515470 0.5678944337
1403636706.3635556698 1.4140536590 6.2774868583 -0.8564110028 -0.7927805500 -0.1877763344 0.1188862171 0.5675430513
1403636706.4635555744 1.3810609337 6.3573719140 -0.8778130820 -0.7939203592 -0.1940486392 0.1118692260 0.5652617669
1403636706.5635557175 1.3469385229 6.4344929938 -0.8944286891 -0.7952178348 -0.1968733309 0.1079622909 0.5632172144
1403636706.6635556221 1.3092661456 6.5096957715 -0.9056337912 -0.7963807555 -0.1975119387 0.1065254899 0.5616218001
1403636706.7635557652 1.2688808548 6.5863252980 -0.9093287736 -0.7996646045 -0.1969304040 0.1060313813 0.5572362896
1403636706.8635556698 1.2255083429 6.6625020562 -0.9076834772 -0.8026111757 -0.1964097560 0.1037569329 0.5536000427
1403636706.9635555744 1.1787222060 6.7399150885 -0.9008117113 -0.8033780223 -0.1943230511 0.1028665193 0.5533902640
1403636707.0635557175 1.1293658656 6.8178318878 -0.8940339461 -0.8005885591 -0.1916581065 0.1026799891 0.5583743807
1403636707.1635556221 1.0764199071 6.8930992794 -0.8838032906 -0.7996201735 -0.1888585079 0.1015024625 0.5609253891
1403636707.2635557652 1.0217144281 6.9734836571 -0.8741351153 -0.8006089546 -0.1866201188 0.0988465555 0.5607384341
1403636707.3635556698 0.9643514926 7.0513231886 -0.8569729600 -0.8018174761 -0.1855529972 0.0956490494 0.5599197082
1403636707.4635555744 0.9028625854 7.1288711306 -0.8317488519 -0.8029772527 -0.1846681572 0.0940005935 0.5588283205
1403636707.5635557175 0.8374072698 7.2066202953 -0.7984574228 -0.8039996155 -0.1823306836 0.0956450246 0.5578460086
1403636707.6635556221 0.7705708885 7.2844891381 -0.7661500806 -0.8071754713 -0.1771186184 0.1025781260 0.5536916847
1403636707.7635557652 0.7001157654 7.3615317131 -0.7461143106 -0.8092855420 -0.1732058655 0.1087710831 0.5506591424
1403636707.8635556698 0.6314808384 7.4431262981 -0.7391076181 -0.8082643304 -0.1719070527 0.1120670065 0.5519037266
1403636707.9635555744 0.5633024728 7.5272219822 -0.7422254941 -0.8058640056 -0.1731054585 0.1138076889 0.5546760447
1403636708.0635557175 0.4957944873 7.6127853381 -0.7562187228 -0.8031132134 -0.1768698233 0.1129457908 0.5576463757
1403636708.1635556221 0.4300117799 7.6977443441 -0.7764068136 -0.7997195846 -0.1810248969 0.1118922162 0.5613899756
1403636708.2635557652 0.3633401164 7.7835445076 -0.8006225552 -0.7981014304 -0.1798772198 0.1171218615 0.5629926839
1403636708.3635556698 0.2968952836 7.8693758705 -0.8264591963 -0.7974080563 -0.1716262600 0.1307196811 0.5635576134
1403636708.4635555744 0.2362021193 7.9547365200 -0.8484168399 -0.7968523921 -0.1651484696 0.1409125273 0.5638225854
1403636708.5635557175 0.1846384249 8.0438460395 -0.8643631149 -0.7952153165 -0.1643395420 0.1425960598 0.5659429999
1403636708.6635556221 0.1375465668 8.1303752253 -0.8779768518 -0.7930785021 -0.1705542559 0.1322048225 0.5696135709
1403636708.7635557652 0.0947576304 8.2145789259 -0.8945055632 -0.7896418997 -0.1783881006 0.1180174796 0.5750784558
1403636708.8635556698 0.0566677234 8.2971369374 -0.9146258101 -0.7870824365 -0.1826779361 0.1082404866 0.5791493822
1403636708.9635555744 0.0146624053 8.3723762766 -0.9333451403 -0.7849535481 -0.1818904029 0.1025658841 0.5833044214
1403636709.0635557175 -0.0246375250 8.4450163131 -0.9470355422 -0.7822315351 -0.1798701642 0.0996341217 0.5880761782
1403636709.1635556221 -0.0694253115 8.5071538290 -0.9524562028 -0.7825548054 -0.1774836901 0.0966306839 0.5888718258
1403636709.2635557652 -0.1128057766 8.5639789681 -0.9508946724 -0.7868557805 -0.1765870771 0.0933656355 0.5839159554
1403636709.3635556698 -0.1578723546 8.6145113945 -0.9429775952 -0.7913120179 -0.1761550004 0.0921898533 0.5781831345
1403636709.4635555744 -0.2084531423 8.6589167099 -0.9410546543 -0.7927017076 -0.1768896355 0.0900000567 0.5763974751
1403636709.5635557175 -0.2578323386 8.7032744829 -0.9455593773 -0.7939243137 -0.1781497081 0.0887871969 0.5745117051
1403636709.6635556221 -0.3105882398 8.7427469458 -0.9581995734 -0.7952469057 -0.1791069018 0.0882593464 0.5724625442
1403636709.7635557652 -0.3682176869 8.7813851857 -0.9708271019 -0.7956804474 -0.1803600512 0.0893577009 0.5712950891
1403636709.8635556698 -0.4298686527 8.8153381451 -0.9828390810 -0.7950022508 -0.1814855238 0.0906660930 0.5716765567
1403636709.9635555744 -0.4950424232 8.8497184003 -0.9911300990 -0.7935524139 -0.1832535595 0.0910059659 0.5730712115
1403636710.0635557175 -0.5633823683 8.8792530377 -0.9881862764 -0.7929984565 -0.1844023577 0.0927663195 0.5731872543
1403636710.1635556221 -0.6334800613 8.9056986720 -0.9874149442 -0.7917569227 -0.1864422935 0.0940425619 0.5740350540
1403636710.2635557652 -0.7060197963 8.9299772918 -0.9968241629 -0.7908835778 -0.1877839787 0.0975259418 0.5742203709
1403636710.3635556698 -0.7812464994 8.9518824765 -1.0134516743 -0.7915879170 -0.1824728346 0.1123798243 0.5722438374
1403636710.4635555744 -0.8588689240 8.9683593464 -1.0339797232 -0.7922476199 -0.1818191977 0.1284302481 0.5681471283
1403636710.5635557175 -0.9290008079 8.9859007240 -1.0614367095 -0.7911382987 -0.1868128161 0.1432990906 0.5645055665
1403636710.6635556221 -0.9979617281 9.0032375398 -1.0930624905 -0.7882846313 -0.1961016095 0.1539400091 0.5625424183
1403636710.7635557652 -1.0623370693 9.0202974772 -1.1235757003 -0.7834306061 -0.2107056654 0.1617704219 0.5618451198
1403636710.8635556698 -1.1211809225 9.0371259288 -1.1548085101 -0.7763845917 -0.2326158818 0.1640317272 0.5623258928
1403636710.9635555744 -1.1773892359 9.0497417581 -1.1779355273 -0.7696111717 -0.2535684143 0.1666410833 0.5618117594
1403636711.0635557175 -1.2320478963 9.0617514330 -1.1936775780 -0.7642637122 -0.2709162106 0.1672473335 0.5608330540
1403636711.1635556221 -1.2862738479 9.0725803627 -1.2002210247 -0.7595816293 -0.2820839214 0.1680853335 0.5614372008
1403636711.2635557652 -1.3430141409 9.0784801391 -1.2050056089 -0.7568095841 -0.2874555401 0.1698439773 0.5619266760
1403636711.3635556698 -1.4013705380 9.0813470498 -1.2080011007 -0.7556267119 -0.2864223096 0.1762052305 0.5620874039
1403636711.4635555744 -1.4586673321 9.0811632486 -1.2043576657 -0.7497500644 -0.2812560433 0.1846014281 0.5698176829
1403636711.5635557175 -1.5117938398 9.0742646541 -1.1967750978 -0.7431904685 -0.2782213474 0.1869083447 0.5790734669
1403636711.6635556221 -1.5615299456 9.0609318549 -1.1903874386 -0.7403516592 -0.2775463338 0.1842016598 0.5838811539
1403636711.7635557652 -1.6080833806 9.0385790743 -1.1839830282 -0.7415358434 -0.2773612990 0.1803043203 0.5836828375
1403636711.8635556698 -1.6538814505 9.0046237393 -1.1724878121 -0.7473761942 -0.2737610112 0.1819833113 0.5773783920
1403636711.9635555744 -1.6949798402 8.9665799575 -1.1586371376 -0.7553197747 -0.2678857843 0.1878796440 0.5678296258
1403636712.0635557175 -1.7318900936 8.9254451904 -1.1408263852 -0.7615567044 -0.2612101323 0.1955659164 0.5599594853
1403636712.1635556221 -1.7673527615 8.8830095540 -1.1195791020 -0.7623422700 -0.2582582587 0.1995497329 0.5588531464
1403636712.2635557652 -1.7931321946 8.8392074485 -1.0927483486 -0.7579139598 -0.2695662611 0.1955177488 0.5609574585
1403636712.3635556698 -1.8169184449 8.7939907072 -1.0632014595 -0.7500467800 -0.2861153303 0.1943086913 0.5637481513
1403636712.4635555744 -1.8384506238 8.7438477667 -1.0264512187 -0.7430162343 -0.2996010296 0.1966498333 0.5652388360
1403636712.5635557175 -1.8574349471 8.6919325106 -0.9885040429 -0.7375816344 -0.3096019992 0.2023604797 0.5649514766
1403636712.6635556221 -1.8736602469 8.6335483492 -0.9511914747 -0.7317538872 -0.3139628958 0.2128272190 0.5662756603
1403636712.7635557652 -1.8890293859 8.5707687037 -0.9192655724 -0.7279753959 -0.3167985002 0.2214456969 0.5662617208
1403636712.8635556698 -1.8961011255 8.5066289584 -0.8960927464 -0.7284049841 -0.3203452395 0.2247721627 0.5623900618
1403636712.9635555744 -1.9006856479 8.4374223556 -0.8795772297 -0.7306533760 -0.3237215310 0.2238633225 0.5578846004
1403636713.0635557175 -1.9006893054 8.3652482585 -0.8624803019 -0.7310489235 -0.3253088185 0.2231283867 0.5567363534
1403636713.1635556221 -1.8984533485 8.2900851661 -0.8427164879 -0.7317700208 -0.3252933546 0.2263299591 0.5545012351
1403636713.2635557652 -1.8924508353 8.2113765940 -0.8130519651 -0.7346082108 -0.3256412051 0.2266438249 0.5504009073
1403636713.3635556698 -1.8821694187 8.1331600564 -0.7776781274 -0.7365375257 -0.3264695378 0.2251499818 0.5479394125
1403636713.4635555744 -1.8704469300 8.0507206814 -0.7376813851 -0.7382899562 -0.3241556693 0.2272871108 0.5460692373
1403636713.5635557175 -1.8546374194 7.9675311088 -0.6898571543 -0.7405438115 -0.3213219583 0.2298336465 0.5436207845
1403636713.6635556221 -1.8366936764 7.8879644146 -0.6482194678 -0.7448814388 -0.3176622719 0.2324919290 0.5386927010
1403636713.7635557652 -1.8163613100 7.8074004522 -0.6113278551 -0.7483961869 -0.3135044530 0.2350086952 0.5351532663
1403636713.8635556698 -1.7918634658 7.7346578630 -0.5812207195 -0.7502461903 -0.3113187940 0.2352349761 0.5337375463
1403636713.9635555744 -1.7644300845 7.6629706037 -0.5588885590 -0.7503346896 -0.3123263663 0.2304329710 0.5351175014
1403636714.0635557175 -1.7336148696 7.5950445833 -0.5419248752 -0.7495700454 -0.3143691399 0.2237271954 0.5378316957
1403636714.1635556221 -1.7001259562 7.5286465709 -0.5286324212 -0.7498562024 -0.3139686975 0.2202031710 0.5391195564
1403636714.2635557652 -1.6654675433 7.4632322833 -0.5165897271 -0.7498718451 -0.3104641002 0.2217682766 0.5404841255
1403636714.3635556698 -1.6291755919 7.4005552452 -0.5100958309 -0.7517995894 -0.3074698638 0.2226977411 0.5391339132
1403636714.4635555744 -1.5913355428 7.3396992523 -0.5115769654 -0.7560319888 -0.3096493985 0.2196882948 0.5331697057
1403636714.5635557175 -1.5517537633 7.2791042809 -0.5186752481 -0.7587214824 -0.3158669937 0.2211034827 0.5250552394
1403636714.6635556221 -1.5138590836 7.2216144599 -0.5235303994 -0.7572667766 -0.3279162315 0.2250486370 0.5180454470
1403636714.7635557652 -1.4766007015 7.1705833257 -0.5277622964 -0.7516502722 -0.3445009606 0.2325286235 0.5121243948
1403636714.8635556698 -1.4438301779 7.1203062637 -0.5201807187 -0.7409109545 -0.3661495613 0.2400653898 0.5092681660
1403636714.9635555744 -1.4068316165 7.0750378353 -0.5039503243 -0.7303544708 -0.3879905310 0.2504717391 0.5032987211
1403636715.0635557175 -1.3787052231 7.0328106700 -0.4819752673 -0.7211655739 -0.4060276206 0.2593673512 0.4977854593
1403636715.1635556221 -1.3536763631 6.9943832557 -0.4570235619 -0.7143217945 -0.4195574084 0.2654235277 0.4932203422
1403636715.2635557652 -1.3352430571 6.9593247158 -0.4282943237 -0.7093210542 -0.4272330884 0.2708087059 0.4909156496
1403636715.3635556698 -1.3193442278 6.9267507520 -0.4062209210 -0.7054993430 -0.4294939217 0.2774767732 0.4907262869
1403636715.4635555744 -1.3080020939 6.8960130395 -0.3893670036 -0.7032802581 -0.4256295359 0.2873863479 0.4915744743
1403636715.5635557175 -1.2969258506 6.8685557796 -0.3790907134 -0.7046793958 -0.4174690242 0.3006379759 0.4886341887
1403636715.6635556221 -1.2865920633 6.8435890635 -0.3799499276 -0.7033703014 -0.4140810151 0.3042312217 0.4911725723
1403636715.7635557652 -1.2705252862 6.8253971352 -0.3821273379 -0.6952222364 -0.4141540044 0.3015547760 0.5041896664
1403636715.8635556698 -1.2527040528 6.8102504322 -0.3847995662 -0.6890764826 -0.4133299424 0.2993716946 0.5144983462
1403636715.9635555744 -1.2300373158 6.7935989902 -0.3782074738 -0.6850998838 -0.4119949186 0.2974840791 0.5219210275
1403636716.0635557175 -1.2026008017 6.7750636937 -0.3713482611 -0.6853580464 -0.4101873963 0.2963517848 0.5236470832
1403636716.1635556221 -1.1706871487 6.7514865441 -0.3575779588 -0.6908801254 -0.4084580823 0.2948133212 0.5185863023
1403636716.2635557652 -1.1353673421 6.7269845500 -0.3430732252 -0.6984763743 -0.4080311766 0.2901971774 0.5112992389
1403636716.3635556698 -1.0965899084 6.7045915278 -0.3320122660 -0.7034281883 -0.4071613618 0.2864088082 0.5073247520
1403636716.4635555744 -1.0562515144 6.6811445099 -0.3267369586 -0.7052378812 -0.4057814944 0.2840340788 0.5072529466
1403636716.5635557175 -1.0158873056 6.6594998634 -0.3272912177 -0.7045313529 -0.4057638831 0.2822298802 0.5092519403
1403636716.6635556221 -0.9761868042 6.6359987835 -0.3357853426 -0.7016528357 -0.4098416988 0.2835401657 0.5092328098
1403636716.7635557652 -0.9349949781 6.6107760424 -0.3481458312 -0.6970818423 -0.4169397504 0.2887746399 0.5068011020
1403636716.8635556698 -0.8897653108 6.5847459735 -0.3613748563 -0.6909947986 -0.4274661147 0.2971594475 0.5014929429
1403636716.9635555744 -0.8465046873 6.5602654349 -0.3728018086 -0.6823598609 -0.4427098665 0.3068605354 0.4941959188
1403636717.0635557175 -0.8016262684 6.5330050280 -0.3745241638 -0.6716319396 -0.4595834723 0.3175173971 0.4866993653
1403636717.1635556221 -0.7560478035 6.5071111674 -0.3707097375 -0.6612116033 -0.4748865173 0.3260913788 0.4805688547
1403636717.2635557652 -0.7117426405 6.4813684470 -0.3643511151 -0.6524473525 -0.4872955848 0.3300589740 0.4774060525
1403636717.3635556698 -0.6647717637 6.4572497045 -0.3591626900 -0.6431057270 -0.4993022822 0.3270936461 0.4797103309
1403636717.4635555744 -0.6203917106 6.4289018587 -0.3487899695 -0.6363451908 -0.5073464980 0.3242277854 0.4822247114
1403636717.5635557175 -0.5765541669 6.3962629281 -0.3436239060 -0.6352563653 -0.5087175389 0.3266659828 0.4805675308
1403636717.6635556221 -0.5338539609 6.3606897695 -0.3474177498 -0.6366796237 -0.5067904656 0.3310400532 0.4777184985
1403636717.7635557652 -0.4940622746 6.3217688453 -0.3596797820 -0.6357604117 -0.5077452999 0.3305404064 0.4782744496
1403636717.8635556698 -0.4548169712 6.2798971222 -0.3704199324 -0.6322046556 -0.5134214732 0.3307354703 0.4767910580
1403636717.9635555744 -0.4150411274 6.2298230561 -0.3756612593 -0.6251529247 -0.5222872771 0.3338098316 0.4743108868
1403636718.0635557175 -0.3768258677 6.1726103055 -0.3741382059 -0.6168718488 -0.5326001851 0.3414681934 0.4681940174
1403636718.1635556221 -0.3389354043 6.1092990298 -0.3667338238 -0.6096674060 -0.5416575468 0.3553056417 0.4568048347
1403636718.2635557652 -0.3022569305 6.0444832842 -0.3654911189 -0.6035519856 -0.5494840087 0.3667978602 0.4463761358
1403636718.3635556698 -0.2658890779 5.9785896925 -0.3698469016 -0.5981172011 -0.5565321645 0.3761985329 0.4370382450
1403636718.4635555744 -0.2296008416 5.9104202391 -0.3825287044 -0.5922340590 -0.5639726486 0.3862010782 0.4266642687
1403636718.5635557175 -0.1958437427 5.8439737867 -0.4003314062 -0.5854592179 -0.5710181644 0.3963208376 0.4172595760
1403636718.6635556221 -0.1627161952 5.7795806899 -0.4230154187 -0.5826121287 -0.5746855161 0.4066326751 0.4061397944
1403636718.7635557652 -0.1304162360 5.7183271410 -0.4485265606 -0.5794866651 -0.5784378533 0.4133986452 0.3983797371
1403636718.8635556698 -0.0994164958 5.6629528634 -0.4779312112 -0.5719369489 -0.5861997209 0.4108676286 0.4005568693
1403636718.9635555744 -0.0695275453 5.6116326196 -0.5005962071 -0.5644892577 -0.5920391773 0.4077227559 0.4057137475
1403636719.0635557175 -0.0408284179 5.5614591397 -0.5158687511 -0.5596867022 -0.5943880097 0.4073159408 0.4093255595
1403636719.1635556221 -0.0142823138 5.5110140038 -0.5207717737 -0.5560847794 -0.5930391593 0.4101592919 0.4133323469
1403636719.2635557652 0.0130932629 5.4616647624 -0.5243223606 -0.5539033805 -0.5895881062 0.4143409109 0.4170114143
1403636719.3635556698 0.0440845678 5.4136935752 -0.5312056465 -0.5538442229 -0.5854023927 0.4189493815 0.4183802470
1403636719.4635555744 0.0772381750 5.3626360571 -0.5450468390 -0.5549357978 -0.5824595661 0.4210052808 0.4189769299
1403636719.5635557175 0.1137845576 5.3154406495 -0.5640558610 -0.5578654976 -0.5818552528 0.4196363762 0.4172958940
1403636719.6635556221 0.1538332926 5.2686818879 -0.5796628268 -0.5626303376 -0.5825019631 0.4159433854 0.4136782159
1403636719.7635557652 0.1937621670 5.2249327848 -0.5898397504 -0.5672997885 -0.5828340026 0.4116175484 0.4111526105
1403636719.8635556698 0.2358212031 5.1840634180 -0.5896607559 -0.5706673505 -0.5817858630 0.4092576349 0.4103317841
1403636719.9635555744 0.2763579737 5.1432980641 -0.5870709172 -0.5737108650 -0.5807194855 0.4073043611 0.4095410602
1403636720.0635557175 0.3165776518 5.1046142486 -0.5880912220 -0.5751724640 -0.5800272427 0.4058350267 0.4099304398
1403636720.1635556221 0.3557928663 5.0695656739 -0.5958490796 -0.5760905525 -0.5802985003 0.4043292203 0.4097452958
1403636720.2635557652 0.3945292227 5.0349700331 -0.6074685487 -0.5764642133 -0.5798348466 0.4049867996 0.4092264087
1403636720.3635556698 0.4326419729 5.0034553601 -0.6219001709 -0.5763645686 -0.5798267382 0.4056070830 0.4087636627
1403636720.4635555744 0.4680189743 4.9731665104 -0.6404297214 -0.5763536198 -0.5801530086 0.4066412106 0.4072860387
1403636720.5635557175 0.5010747348 4.9452761176 -0.6541800901 -0.5764046727 -0.5805664291 0.4076168032 0.4056461714
1403636720.6635556221 0.5356861307 4.9202249888 -0.6600101914 -0.5756742429 -0.5818644561 0.4076675111 0.4047716902
1403636720.7635557652 0.5681104478 4.8971616785 -0.6576008840 -0.5764053987 -0.5803616031 0.4077955595 0.4057585582
1403636720.8635556698 0.5973349527 4.8786846389 -0.6522722851 -0.5805933045 -0.5767452268 0.4030804664 0.4096370293
1403636720.9635555744 0.6260443234 4.8630599130 -0.6516780605 -0.5876427533 -0.5687031908 0.3981173200 0.4156383943
1403636721.0635557175 0.6530303217 4.8488088036 -0.6560189847 -0.5946882712 -0.5585913586 0.3956513409 0.4216415191
1403636721.1635556221 0.6791530251 4.8377213801 -0.6661150283 -0.6028268906 -0.5469567109 0.3905595984 0.4300015076
1403636721.2635557652 0.7051306783 4.8301614336 -0.6738456699 -0.6106870592 -0.5347605303 0.3863287827 0.4379983590
1403636721.3635556698 0.7342570762 4.8234390172 -0.6776504673 -0.6174164705 -0.5266601847 0.3802266945 0.4436818822
1403636721.4635555744 0.7624028279 4.8162057986 -0.6751888383 -0.6217776764 -0.5208978122 0.3753594873 0.4485122580
1403636721.5635557175 0.7932014828 4.8124704441 -0.6696837871 -0.6273595980 -0.5156850778 0.3681159181 0.4527466248
1403636721.6635556221 0.8245590950 4.8078461353 -0.6695018023 -0.6327877198 -0.5110050139 0.3602274998 0.4568257062
1403636721.7635557652 0.8579714837 4.8053966092 -0.6735429669 -0.6348630650 -0.5082692967 0.3550332418 0.4610451256
1403636721.8635556698 0.8912789994 4.8014437624 -0.6828850104 -0.6362509064 -0.5056586581 0.3540844716 0.4627291785
1403636721.9635555744 0.9253392719 4.7971245731 -0.6961067566 -0.6352220657 -0.5065484352 0.3517004881 0.4649821252
1403636722.0635557175 0.9592450673 4.7916215602 -0.7079740315 -0.6323071078 -0.5099025591 0.3475720636 0.4683810011
1403636722.1635556221 0.9952180311 4.7844857809 -0.7094997673 -0.6321130878 -0.5108745763 0.3486766333 0.4667599135
1403636722.2635557652 1.0291951854 4.7740479507 -0.7047016003 -0.6327290152 -0.5110731717 0.3508684257 0.4640577058
1403636722.3635556698 1.0654955655 4.7625745199 -0.6975443575 -0.6332438966 -0.5106663896 0.3531006479 0.4621059819
1403636722.4635555744 1.1022946323 4.7522508709 -0.6977929178 -0.6348359436 -0.5084145873 0.3512845929 0.4637855829
1403636722.5635557175 1.1361463233 4.7406669050 -0.7023510924 -0.6375267308 -0.5050613101 0.3492996846 0.4652552750
1403636722.6635556221 1.1702127461 4.7287616851 -0.7120460567 -0.6387450051 -0.5039779262 0.3459386595 0.4672659974
1403636722.7635557652 1.2041615832 4.7162185946 -0.7236109744 -0.6392118612 -0.5031625797 0.3434620294 0.4693287220
1403636722.8635556698 1.2377847860 4.7020486381 -0.7301817096 -0.6394271202 -0.5035029859 0.3410528896 0.4704260066
1403636722.9635555744 1.2727925957 4.6857852987 -0.7274598158 -0.6407834859 -0.5025292056 0.3418769606 0.4690213914
1403636723.0635557175 1.3058885946 4.6697012396 -0.7157192955 -0.6418425255 -0.5001354132 0.3456287870 0.4673793775
1403636723.1635556221 1.3400087408 4.6509906280 -0.7023505666 -0.6421935551 -0.4994171736 0.3464836008 0.4670321606
1403636723.2635557652 1.3719122163 4.6319639886 -0.6938869146 -0.6426067438 -0.4997447404 0.3452997009 0.4669902396
1403636723.3635556698 1.4038972581 4.6143029593 -0.6931199683 -0.6422918454 -0.4997693264 0.3420976761 0.4697456606
1403636723.4635555744 1.4359918178 4.5958391764 -0.6934956894 -0.6433009372 -0.4957155067 0.3361171857 0.4769227171
1403636723.5635557175 1.4671105669 4.5757525469 -0.6934205913 -0.6449758124 -0.4832325415 0.3372714743 0.4865598266
1403636723.6635556221 1.4988433378 4.5556523148 -0.6893602190 -0.6473989838 -0.4722590944 0.3387562638 0.4930416790
1403636723.7635557652 1.5376741750 4.5321976074 -0.6786281330 -0.6552650593 -0.4695870803 0.3313493698 0.4902277748
1403636723.8635556698 1.5758412209 4.5066948815 -0.6685821066 -0.6632011341 -0.4671658103 0.3260579912 0.4853931889
1403636723.9635555744 1.6156151582 4.4801750728 -0.6627095995 -0.6700816416 -0.4654862594 0.3213984840 0.4806413947
1403636724.0635557175 1.6544861190 4.4554917987 -0.6657565473 -0.6772564125 -0.4628222427 0.3139412201 0.4780797357
1403636724.1635556221 1.6927756240 4.4329031942 -0.6718555933 -0.6846239163 -0.4558240920 0.3049380450 0.4801325641
1403636724.2635557652 1.7261122306 4.4119835601 -0.6832500611 -0.6928704710 -0.4442943639 0.2962746375 0.4845145692
1403636724.3635556698 1.7562906538 4.3933883875 -0.6970089898 -0.6990457695 -0.4305336409 0.2871054859 0.4935040387
1403636724.4635555744 1.7844064996 4.3755541847 -0.7056569657 -0.7040046820 -0.4164859304 0.2798860440 0.5025740541
1403636724.5635557175 1.8132441623 4.3598866294 -0.7051834054 -0.7062076184 -0.4064680248 0.2748547477 0.5104012267
1403636724.6635556221 1.8379660611 4.3404503094 -0.6975190857 -0.7088498273 -0.4001832099 0.2704679709 0.5140354050
1403636724.7635557652 1.8615777142 4.3179932040 -0.6814030610 -0.7112737647 -0.3965161762 0.2677637238 0.5149438240
1403636724.8635556698 1.8830840675 4.2952327529 -0.6600204318 -0.7133213947 -0.3950964227 0.2668410738 0.5136801007
1403636724.9635555744 1.9046942808 4.2715363388 -0.6280935396 -0.7152946214 -0.3938955538 0.2695834104 0.5104161852
1403636725.0635557175 1.9274852516 4.2485629322 -0.5873332439 -0.7163076138 -0.3922972466 0.2743305500 0.5076898877
1403636725.1635556221 1.9489758369 4.2266671490 -0.5424439039 -0.7175635718 -0.3919544389 0.2772173349 0.5046035945
1403636725.2635557652 1.9701452138 4.2065090755 -0.5006891450 -0.7171199051 -0.3931138621 0.2775504479 0.5041490672
1403636725.3635556698 1.9915923579 4.1895718220 -0.4608693811 -0.7163225709 -0.3954684912 0.2750066263 0.5048346287
1403636725.4635555744 2.0115696164 4.1753291925 -0.4309922015 -0.7151146735 -0.3968046506 0.2735626046 0.5062811218
1403636725.5635557175 2.0304571487 4.1608836136 -0.4063284631 -0.7146733027 -0.3982035758 0.2712811312 0.5070330665
1403636725.6635556221 2.0475909181 4.1466709577 -0.3860079484 -0.7133371823 -0.3983226822 0.2706699450 0.5091432863
1403636725.7635557652 2.0622897878 4.1353632963 -0.3761616788 -0.7135659525 -0.3977748871 0.2710492267 0.5090491993
1403636725.8635556698 2.0766698630 4.1224576225 -0.3690326556 -0.7141857813 -0.3982215584 0.2710973376 0.5078035977
1403636725.9635555744 2.0905067091 4.1098745999 -0.3670838322 -0.7149044901 -0.3976148121 0.2732637675 0.5061036896
1403636726.0635557175 2.1000967859 4.0970951861 -0.3699749521 -0.7139168133 -0.3979265878 0.2740584237 0.5068226463
1403636726.1635556221 2.1146858777 4.0881786089 -0.3771114939 -0.7116825457 -0.3990487570 0.2741993420 0.5090017334
1403636726.2635557652 2.1263984949 4.0765424702 -0.3877572151 -0.7102318119 -0.4002884778 0.2742244988 0.5100400300
1403636726.3635556698 2.1396029085 4.0677789333 -0.3939156793 -0.7087006753 -0.4011700564 0.2751795126 0.5109620090
1403636726.4635555744 2.1494912826 4.0576567820 -0.3955440611 -0.7074169554 -0.4017159412 0.2770790650 0.5112853856
1403636726.5635557175 2.1640037292 4.0456434361 -0.3840554562 -0.7088890979 -0.3975622808 0.2853723480 0.5079203705
1403636726.6635556221 2.1771291850 4.0336004300 -0.3665616788 -0.7118031615 -0.3890271490 0.2991392383 0.5025035848
1403636726.7635557652 2.1955768075 4.0272885573 -0.3433236467 -0.7103629708 -0.3904654559 0.2978029944 0.5042167728
1403636726.8635556698 2.2155717342 4.0239091251 -0.3163988992 -0.7053370402 -0.3979225269 0.2910989427 0.5093316481
1403636726.9635555744 2.2375674034 4.0218140174 -0.2833935269 -0.7013763418 -0.4047235810 0.2878088966 0.5113082136
1403636727.0635557175 2.2635157889 4.0191497308 -0.2421680885 -0.6988126927 -0.4084183646 0.2869003896 0.5123899164
1403636727.1635556221 2.2866093287 4.0168744752 -0.2062162135 -0.6969419493 -0.4128854364 0.2838241828 0.5130705302
1403636727.2635557652 2.3145398234 4.0133593536 -0.1756783908 -0.6952114954 -0.4168725573 0.2801642325 0.5142044831
1403636727.3635556698 2.3409722837 4.0046283030 -0.1512781012 -0.6948416551 -0.4198536195 0.2765340796 0.5142440232
1403636727.4635555744 2.3641107109 3.9920696127 -0.1330041215 -0.6940154573 -0.4210184452 0.2749648681 0.5152478386
1403636727.5635557175 2.3889253383 3.9783444164 -0.1077151878 -0.6945050629 -0.4173382594 0.2803901700 0.5146579908
1403636727.6635556221 2.4107452311 3.9604632563 -0.0810722712 -0.6947070192 -0.4150878750 0.2836037569 0.5144444797
1403636727.7635557652 2.4355846897 3.9417093089 -0.0450148633 -0.6954400151 -0.4164542092 0.2816383871 0.5134285694
1403636727.8635556698 2.4590691026 3.9209353163 -0.0056817656 -0.6939533628 -0.4200800817 0.2761932728 0.5154403276
1403636727.9635555744 2.4812019005 3.8940067301 0.0345357655 -0.6920734188 -0.4228074830 0.2716948647 0.5181217190
1403636728.0635557175 2.5024498403 3.8655517203 0.0705490625 -0.6935663883 -0.4212976681 0.2735415161 0.5163806530
1403636728.1635556221 2.5223646209 3.8344855254 0.0989804071 -0.6943221735 -0.4174556537 0.2783635416 0.5159081655
1403636728.2635557652 2.5438125883 3.7999881401 0.1215612218 -0.6945993896 -0.4152627818 0.2812535495 0.5157372887
1403636728.3635556698 2.5644033105 3.7640057069 0.1371400417 -0.6955301030 -0.4145698505 0.2817813699 0.5147513715
1403636728.4635555744 2.5843364651 3.7249799573 0.1484127215 -0.6990823627 -0.4093304922 0.2891159183 0.5100435120
1403636728.5635557175 2.6041329773 3.6853938667 0.1520773233 -0.7028993157 -0.4043080821 0.2967354031 0.5043962999
1403636728.6635556221 2.6264663212 3.6491584332 0.1517934259 -0.7004870681 -0.4086687840 0.2979489477 0.5035217145
1403636728.7635557652 2.6533440359 3.6115344565 0.1540687184 -0.6925708812 -0.4213561658 0.2968379076 0.5046700038
1403636728.8635556698 2.6797798353 3.5733875554 0.1638200261 -0.6836398895 -0.4357032240 0.2988955163 0.5034487783
1403636728.9635555744 2.7068275930 3.5413905007 0.1729747497 -0.6753931251 -0.4455101180 0.3044184079 0.5026870738
1403636729.0635557175 2.7353960666 3.5033760178 0.1829565746 -0.6686117975 -0.4524698205 0.3096770403 0.5023240553
1403636729.1635556221 2.7670937078 3.4640312501 0.1888864051 -0.6646906275 -0.4575446107 0.3132565302 0.5007091423
1403636729.2635557652 2.8002197956 3.4233074818 0.1915177524 -0.6648976159 -0.4607867989 0.3157943884 0.4958433125
1403636729.3635556698 2.8311363950 3.3795991079 0.1878827331 -0.6642810263 -0.4620913230 0.3175080872 0.4943591223
1403636729.4635555744 2.8645223233 3.3372472805 0.1828154142 -0.6631074806 -0.4627060835 0.3184075321 0.4947809545
1403636729.5635557175 2.8994506692 3.2927597571 0.1836017893 -0.6631556198 -0.4630204272 0.3192491356 0.4938792335
1403636729.6635556221 2.9370216735 3.2460688523 0.1952727224 -0.6638959683 -0.4636082578 0.3189034765 0.4925546663
1403636729.7635557652 2.9770177731 3.2003255145 0.2112870523 -0.6650817533 -0.4635742128 0.3187595982 0.4910779259
1403636729.8635556698 3.0148383626 3.1527464354 0.2240497612 -0.6677173404 -0.4646779263 0.3160393916 0.4882080305
1403636729.9635555744 3.0522888713 3.1049202844 0.2318601452 -0.6699685792 -0.4651740700 0.3146605670 0.4855346694
1403636730.0635557175 3.0880462311 3.0563714813 0.2339251888 -0.6714881133 -0.4654547383 0.3142630112 0.4834194453
1403636730.1635556221 3.1244548438 3.0100171877 0.2316360107 -0.6718633488 -0.4654562595 0.3150624793 0.4823751083
1403636730.2635557652 3.1587478802 2.9635012412 0.2257628829 -0.6718336942 -0.4666752280 0.3140972450 0.4818678654
1403636730.3635556698 3.1919892754 2.9166072409 0.2175280908 -0.6722998706 -0.4660372615 0.3158360031 0.4806971750
1403636730.4635555744 3.2235878804 2.8714840427 0.2078109076 -0.6742514309 -0.4682280548 0.3136787797 0.4772348686
1403636730.5635557175 3.2512866007 2.8281167667 0.2047727173 -0.6777602425 -0.4713567882 0.3096781115 0.4717661488
1403636730.6635556221 3.2765851689 2.7853226028 0.2091691175 -0.6801252238 -0.4722988598 0.3085018006 0.4681774300
1403636730.7635557652 3.2970672004 2.7468625766 0.2208745592 -0.6808159578 -0.4731982498 0.3075521982 0.4668883093
1403636730.8635556698 3.3127322763 2.7101168732 0.2433831758 -0.6818315921 -0.4729440516 0.3083402445 0.4651407290
1403636730.9635555744 3.3239857869 2.6740953760 0.2634015755 -0.6848718363 -0.4680351341 0.3146476370 0.4614006345
1403636731.0635557175 3.3291739255 2.6441568186 0.2828156867 -0.6862756309 -0.4593789838 0.3258216182 0.4602575156
1403636731.1635556221 3.3313205168 2.6185207962 0.2956641475 -0.6833184371 -0.4518007087 0.3348740820 0.4656300918
1403636731.2635557652 3.3342854425 2.5993084131 0.2993278175 -0.6782276835 -0.4516345125 0.3337920479 0.4739370689
1403636731.3635556698 3.3438912063 2.5844200528 0.3001492443 -0.6742063544 -0.4546956657 0.3282009288 0.4806056529
1403636731.4635555744 3.3487584556 2.5724496310 0.2955765946 -0.6721721490 -0.4578171648 0.3231552729 0.4838994889
1403636731.5635557175 3.3594405719 2.5604085879 0.2902152686 -0.6747265977 -0.4557209742 0.3263476891 0.4801662189
1403636731.6635556221 3.3717020880 2.5503631299 0.2802532308 -0.6765948537 -0.4530484690 0.3302890356 0.4773632176
1403636731.7635557652 3.3821327363 2.5421549571 0.2655560098 -0.6755754727 -0.4547256118 0.3274994088 0.4791310216
1403636731.8635556698 3.3946868402 2.5375984210 0.2484390094 -0.6739767688 -0.4572043446 0.3243798797 0.4811415551
1403636731.9635555744 3.4106568868 2.5347933042 0.2274649451 -0.6723879112 -0.4581984425 0.3240667515 0.4826276254
1403636732.0635557175 3.4255517000 2.5329423893 0.2011349481 -0.6705730957 -0.4588242519 0.3242569829 0.4844269174
1403636732.1635556221 3.4384110590 2.5324388556 0.1702990132 -0.6700453576 -0.4593036266 0.3244397357 0.4845804941
1403636732.2635557652 3.4552422284 2.5303853472 0.1449641941 -0.6677636034 -0.4601839504 0.3241461077 0.4870850056
1403636732.3635556698 3.4730946654 2.5292898707 0.1259612420 -0.6668017685 -0.4611397698 0.3234791766 0.4879413249
1403636732.4635555744 3.4939739623 2.5288116810 0.1121797215 -0.6605426145 -0.4653417061 0.3174344088 0.4963627173
1403636732.5635557175 3.5140313909 2.5249380436 0.1089310377 -0.6520440287 -0.4705323606 0.3101547432 0.5071902183
1403636732.6635556221 3.5404026468 2.5133565662 0.1152733481 -0.6472049809 -0.4714471544 0.3099445317 0.5126379625
1403636732.7635557652 3.5648965244 2.4913184443 0.1237310981 -0.6491472859 -0.4670668546 0.3174548795 0.5095868464
1403636732.8635556698 3.5931470939 2.4656292051 0.1352555411 -0.6510055540 -0.4637331191 0.3232007825 0.5066405206
1403636732.9635555744 3.6255665885 2.4354248260 0.1451124014 -0.6532137898 -0.4641893289 0.3235750382 0.5031294132
1403636733.0635557175 3.6582841500 2.4019989477 0.1430738163 -0.6558072981 -0.4662514085 0.3214863841 0.4991722315
1403636733.1635556221 3.6911342492 2.3714545229 0.1480150066 -0.6568014830 -0.4690659059 0.3181349499 0.4973722363
1403636733.2635557652 3.7302192156 2.3330870147 0.1618508436 -0.6570289347 -0.4708749578 0.3169292636 0.4961306229
1403636733.3635556698 3.7703275811 2.2905026185 0.1821048629 -0.6593142474 -0.4705414076 0.3187388118 0.4922408727
1403636733.4635555744 3.8102935906 2.2455925617 0.2119112683 -0.6627511120 -0.4704810193 0.3198798269 0.4869142331
1403636733.5635557175 3.8513704474 2.2010165704 0.2386790547 -0.6648282806 -0.4713293656 0.3192493266 0.4836650223
1403636733.6635556221 3.8880322810 2.1546037233 0.2621403823 -0.6661286790 -0.4721532787 0.3186924681 0.4814342896
1403636733.7635557652 3.9290004777 2.1097420008 0.2794218212 -0.6662043838 -0.4735088329 0.3175664569 0.4807417703
1403636733.8635556698 3.9653152215 2.0646904554 0.2904019300 -0.6676248320 -0.4744304223 0.3167698564 0.4783823954
1403636733.9635555744 4.0027686805 2.0201814817 0.2948551740 -0.6642673605 -0.4755193655 0.3152055999 0.4829861660
1403636734.0635557175 4.0379276416 1.9751942595 0.2964750333 -0.6612661156 -0.4739902720 0.3167472954 0.4875771706
1403636734.1635556221 4.0710038130 1.9282945270 0.2980937611 -0.6609539054 -0.4716085248 0.3188274538 0.4889523382
1403636734.2635557652 4.1035800415 1.8791857221 0.3073492593 -0.6612964343 -0.4704353192 0.3216608712 0.4877621556
1403636734.3635556698 4.1344375441 1.8290976824 0.3215286570 -0.6632127212 -0.4704427825 0.3226851226 0.4844654648
1403636734.4635555744 4.1693286273 1.7810063794 0.3430161116 -0.6649964883 -0.4714733357 0.3228599793 0.4808887584
1403636734.5635557175 4.2071395071 1.7314726132 0.3671335136 -0.6667038048 -0.4731755683 0.3220429231 0.4773879700
1403636734.6635556221 4.2399386840 1.6862579315 0.3774038438 -0.6678143556 -0.4751398267 0.3206438194 0.4748196212
1403636734.7635557652 4.2721154532 1.6406379670 0.3831527259 -0.6667099205 -0.4770311127 0.3199443118 0.4749471938
1403636734.8635556698 4.3026757356 1.5956028997 0.3873478972 -0.6668424245 -0.4782010664 0.3202324042 0.4733879258
1403636734.9635555744 4.3309818696 1.5505127154 0.3844440256 -0.6671299795 -0.4782973670 0.3212989473 0.4721612072
1403636735.0635557175 4.3554862522 1.5061253080 0.3768197122 -0.6664792985 -0.4783309361 0.3216961615 0.4727752530
1403636735.1635556221 4.3801666732 1.4643523186 0.3696766056 -0.6673561341 -0.4772299493 0.3230426375 0.4717317247
1403636735.2635557652 4.4023367579 1.4235850224 0.3705914979 -0.6696398259 -0.4763582316 0.3230423094 0.4693708610
1403636735.3635556698 4.4211184117 1.3863755768 0.3803128549 -0.6723927428 -0.4750594128 0.3225723784 0.4670691753
1403636735.4635555744 4.4373916856 1.3482165788 0.3976984571 -0.6728962758 -0.4717193216 0.3229817702 0.4694403687
1403636735.5635557175 4.4518905834 1.3153300294 0.4240296607 -0.6728669237 -0.4691322427 0.3215974330 0.4730117682
1403636735.6635556221 4.4650023203 1.2847606685 0.4536481484 -0.6730590117 -0.4672112795 0.3196657982 0.4759400850
1403636735.7635557652 4.4771197996 1.2560392546 0.4768321760 -0.6746225147 -0.4660906368 0.3174512307 0.4763073556
1403636735.8635556698 4.4876721339 1.2277410102 0.4978977472 -0.6751494936 -0.4646237711 0.3173518212 0.4770594662
1403636735.9635555744 4.4936503676 1.2000755514 0.5109299163 -0.6748388272 -0.4642334255 0.3170775879 0.4780603385
1403636736.0635557175 4.4998175998 1.1753725976 0.5249251853 -0.6712443920 -0.4677948169 0.3190183019 0.4783579188
1403636736.1635556221 4.5064855781 1.1505868643 0.5477798385 -0.6643321824 -0.4734861495 0.3265939823 0.4772944462
1403636736.2635557652 4.5135255258 1.1254735468 0.5771584425 -0.6571046461 -0.4811147700 0.3340323343 0.4745149753
1403636736.3635556698 4.5198595198 1.1011692367 0.6025053287 -0.6508490287 -0.4886822612 0.3382589898 0.4724045356
1403636736.4635555744 4.5270488827 1.0780966555 0.6206906440 -0.6450962753 -0.4958348590 0.3391468144 0.4722054917
1403636736.5635557175 4.5340566726 1.0544004491 0.6315123179 -0.6384456650 -0.5029123519 0.3367752531 0.4754458203
1403636736.6635556221 4.5429517753 1.0276322382 0.6391599618 -0.6343528387 -0.5066927118 0.3361496192 0.4773493536
1403636736.7635557652 4.5516457917 0.9980814243 0.6415447477 -0.6326156856 -0.5089621796 0.3359510706 0.4773801130
1403636736.8635556698 4.5612125723 0.9662983289 0.6421640509 -0.6312292221 -0.5095420062 0.3379417920 0.4771917416
1403636736.9635555744 4.5677977435 0.9276240132 0.6393613155 -0.6313402514 -0.5104064384 0.3394372834 0.4750548233
1403636737.0635557175 4.5751775798 0.8888268457 0.6353423930 -0.6328786154 -0.5088573238 0.3453830140 0.4703609846
1403636737.1635556221 4.5836782871 0.8461582967 0.6260064253 -0.6335020588 -0.5077931408 0.3506692132 0.4667465807
1403636737.2635557652 4.5917663738 0.8031673888 0.6145882385 -0.6341239129 -0.5080127534 0.3539718589 0.4631563759
1403636737.3635556698 4.6036808693 0.7622441050 0.6026561905 -0.6349400378 -0.5108341274 0.3534492425 0.4593182727
1403636737.4635555744 4.6132161962 0.7182537944 0.5971202431 -0.6358238222 -0.5142139757 0.3518749163 0.4555173955
1403636737.5635557175 4.6241877239 0.6793439332 0.5996221676 -0.6364905820 -0.5159505169 0.3517446244 0.4527146147
1403636737.6635556221 4.6333298318 0.6421700120 0.6075975529 -0.6394193690 -0.5145345117 0.3550685717 0.4475750398
1403636737.7635557652 4.6418139926 0.6071015650 0.6242003569 -0.6423227013 -0.5129640967 0.3577244948 0.4430830269
1403636737.8635556698 4.6463020938 0.5738990329 0.6477260819 -0.6445012175 -0.5111061910 0.3596178564 0.4405265480
1403636737.9635555744 4.6514749826 0.5474145462 0.6762812218 -0.6450301074 -0.5101189804 0.3602838366 0.4403525219
1403636738.0635557175 4.6537010366 0.5248605762 0.7140565583 -0.6451926286 -0.5098672498 0.3587617768 0.4416467447
1403636738.1635556221 4.6554780026 0.5064466864 0.7482485373 -0.6431312011 -0.5100257862 0.3565096783 0.4462698789
1403636738.2635557652 4.6569573035 0.4937978245 0.7788955732 -0.6427914115 -0.5092647579 0.3552170441 0.4486529386
1403636738.3635556698 4.6553641656 0.4806303779 0.7999808257 -0.6434705350 -0.5086085857 0.3536536623 0.4496577190
1403636738.4635555744 4.6537653705 0.4709705056 0.8182723732 -0.6449852336 -0.5074387391 0.3516466000 0.4503827741
1403636738.5635557175 4.6535295901 0.4647169674 0.8264365879 -0.6508314175 -0.5022967562 0.3470815921 0.4512768587
1403636738.6635556221 4.6481926118 0.4614594381 0.8336478713 -0.6598067464 -0.4926186823 0.3403063098 0.4540633290
1403636738.7635557652 4.6449959810 0.4663391170 0.8330317999 -0.6688720430 -0.4769012164 0.3348703951 0.4615595718
1403636738.8635556698 4.6369699333 0.4705027541 0.8272659050 -0.6790330227 -0.4567252114 0.3297037471 0.4707564916
1403636738.9635555744 4.6307557652 0.4796491952 0.8092844629 -0.6911740803 -0.4349548813 0.3223479258 0.4787321346
1403636739.0635557175 4.6250071300 0.4922804534 0.7923597816 -0.7047707488 -0.4114085761 0.3136239316 0.4854700862
1403636739.1635556221 4.6252626247 0.5113497895 0.7669126698 -0.7156312594 -0.3925236991 0.2960137713 0.4961581334
1403636739.2635557652 4.6259259650 0.5368912461 0.7358903200 -0.7248321801 -0.3745057123 0.2752737906 0.5085156068
1403636739.3635556698 4.6317909445 0.5621677866 0.7068604325 -0.7322867666 -0.3584126012 0.2518483127 0.5214105160
1403636739.4635555744 4.6347596188 0.5903896420 0.6805867056 -0.7400092893 -0.3414892455 0.2321373726 0.5309271016
1403636739.5635557175 4.6403795275 0.6147721175 0.6643301899 -0.7483987600 -0.3219305317 0.2202883938 0.5364075432
1403636739.6635556221 4.6458631426 0.6357670944 0.6585715577 -0.7550420430 -0.3078184919 0.2118732075 0.5387662139
1403636739.7635557652 4.6512802115 0.6564679166 0.6533069614 -0.7589111679 -0.2973466211 0.2090240356 0.5403219214
1403636739.8635556698 4.6566375057 0.6764729742 0.6455263158 -0.7615723646 -0.2915342045 0.2073832703 0.5403772018
1403636739.9635555744 4.6624227188 0.6986559937 0.6315634630 -0.7620480134 -0.2901418039 0.2057406734 0.5410834818
1403636740.0635557175 4.6695939014 0.7174038065 0.6099323363 -0.7617446905 -0.2920382218 0.2033608116 0.5413899554
1403636740.1635556221 4.6775344764 0.7393191504 0.5854893405 -0.7591760564 -0.2969575693 0.1991197152 0.5438926884
1403636740.2635557652 4.6867299566 0.7578665128 0.5591133305 -0.7559202857 -0.3027533873 0.1949167757 0.5467470702
1403636740.3635556698 4.6937941593 0.7762777710 0.5312960172 -0.7546826709 -0.3027644168 0.1995628272 0.5467745899
1403636740.4635555744 4.6984487877 0.7905754200 0.4945649921 -0.7553823123 -0.3010919477 0.2056076039 0.5444875707
1403636740.5635557175 4.7029295774 0.8056097236 0.4600054770 -0.7539678861 -0.3007065640 0.2100641470 0.5449596712
1403636740.6635556221 4.7114687110 0.8203790400 0.4295178929 -0.7542526926 -0.3014247011 0.2126832062 0.5431499599
1403636740.7635557652 4.7218678323 0.8332275903 0.4066304625 -0.7562667398 -0.3038766447 0.2122930392 0.5391208293
1403636740.8635556698 4.7312650145 0.8471537507 0.3820841623 -0.7557761994 -0.3045023380 0.2139483472 0.5388012317
1403636740.9635555744 4.7424663332 0.8603280346 0.3528013065 -0.7515778849 -0.3084867680 0.2100326283 0.5439236085
1403636741.0635557175 4.7533576444 0.8745772970 0.3162858210 -0.7463384782 -0.3149941775 0.1999354332 0.5511654621
1403636741.1635556221 4.7649018977 0.8851235922 0.2750676273 -0.7458327824 -0.3105994262 0.1966062020 0.5555244895
1403636741.2635557652 4.7743633865 0.8906201835 0.2281397131 -0.7499853993 -0.2985578800 0.2000915840 0.5552913209
1403636741.3635556698 4.7852548848 0.8926722162 0.1768074349 -0.7570802974 -0.2898970915 0.2025102920 0.5493438643
1403636741.4635555744 4.7969035929 0.8950348538 0.1295406474 -0.7642056205 -0.2858559053 0.1999562298 0.5424884120
1403636741.5635557175 4.8092072556 0.8966813593 0.0894841680 -0.7725299125 -0.2833964322 0.1980878147 0.5325835280
1403636741.6635556221 4.8213013073 0.9005230149 0.0547095115 -0.7750588437 -0.2851305531 0.1929605959 0.5298590048
1403636741.7635557652 4.8332479370 0.9079555180 0.0305249434 -0.7728083639 -0.2859160451 0.1921643405 0.5330029213
1403636741.8635556698 4.8407604314 0.9163101101 0.0078338176 -0.7681833657 -0.2885443778 0.1908583073 0.5387110221
1403636741.9635555744 4.8504492584 0.9261242963 -0.0199589206 -0.7635587236 -0.2945109125 0.1869052770 0.5434223179
1403636742.0635557175 4.8556764599 0.9341436164 -0.0545540020 -0.7631068999 -0.3009245175 0.1828829632 0.5419096936
1403636742.1635556221 4.8590744626 0.9428409212 -0.0856549339 -0.7676155455 -0.3032242556 0.1851024954 0.5334402416
1403636742.2635557652 4.8556819741 0.9514413348 -0.1095901151 -0.7695896564 -0.3024412684 0.1911715908 0.5288803861
1403636742.3635556698 4.8503697789 0.9619003199 -0.1226033457 -0.7665403998 -0.3011385777 0.1975760145 0.5316907851
1403636742.4635555744 4.8421437271 0.9747192421 -0.1298144338 -0.7624913052 -0.3005747806 0.2021807684 0.5360827806
1403636742.5635557175 4.8313985807 0.9876684871 -0.1336981938 -0.7603431501 -0.3013286494 0.2041923315 0.5379450073
1403636742.6635556221 4.8259737727 1.0017402224 -0.1356928297 -0.7572342503 -0.3014988936 0.2062077893 0.5414545733
1403636742.7635557652 4.8168958726 1.0153169729 -0.1464098156 -0.7543941480 -0.3014514732 0.2088613093 0.5444202716
1403636742.8635556698 4.8115072645 1.0274477161 -0.1644082669 -0.7527834176 -0.3013200506 0.2113816807 0.5457482371
1403636742.9635555744 4.8048236444 1.0400392146 -0.1922809593 -0.7529623570 -0.3000853784 0.2124829167 0.5457540331
1403636743.0635557175 4.8052541169 1.0535473626 -0.2267282297 -0.7590356067 -0.2974694021 0.2077611302 0.5405665688
1403636743.1635556221 4.8030826915 1.0662075421 -0.2663117929 -0.7722527248 -0.2955869098 0.1991835960 0.5259087400
1403636743.2635557652 4.7981239337 1.0816307278 -0.2985949456 -0.7823914259 -0.2958974924 0.1897858987 0.5140910846
1403636743.3635556698 4.7890212299 1.1049638015 -0.3218298192 -0.7870483300 -0.2928942520 0.1881255719 0.5092903422
1403636743.4635555744 4.7766315284 1.1345316071 -0.3368246421 -0.7860479469 -0.2897722293 0.1891604015 0.5122294630
1403636743.5635557175 4.7580919489 1.1699966400 -0.3535796226 -0.7817171550 -0.2873233036 0.1905249469 0.5196766816
1403636743.6635556221 4.7368099039 1.2085122429 -0.3781691360 -0.7758411812 -0.2878463528 0.1895717578 0.5284671109
1403636743.7635557652 4.7112383913 1.2496748894 -0.4067864987 -0.7698167110 -0.2860564757 0.1884002406 0.5385715120
1403636743.8635556698 4.6871396609 1.2936106905 -0.4395582156 -0.7690856195 -0.2778529027 0.1891874343 0.5436112481
1403636743.9635555744 4.6608231379 1.3361527999 -0.4789773816 -0.7668134770 -0.2734300504 0.1860907373 0.5500939343
1403636744.0635557175 4.6378970048 1.3798735119 -0.5265769640 -0.7662834773 -0.2692957415 0.1825913699 0.5540305295
1403636744.1635556221 4.6131566814 1.4216822300 -0.5794332929 -0.7675842786 -0.2619782956 0.1783256950 0.5571191025
1403636744.2635557652 4.5882618399 1.4592395423 -0.6335447079 -0.7686999922 -0.2533005448 0.1790066383 0.5593708782
1403636744.3635556698 4.5650233074 1.4957885407 -0.6945532434 -0.7706506803 -0.2468360890 0.1801905242 0.5591966104
1403636744.4635555744 4.5420348917 1.5285871667 -0.7603131016 -0.7724664814 -0.2411196785 0.1848212632 0.5576718896
1403636744.5635557175 4.5231222457 1.5598694233 -0.8315388341 -0.7727317549 -0.2365758870 0.1913953307 0.5570325952
1403636744.6635556221 4.5067909065 1.5915523357 -0.9088309095 -0.7715366289 -0.2343050758 0.1956482399 0.5581703396
1403636744.7635557652 4.5013633812 1.6239388952 -0.9866206365 -0.7682485996 -0.2383979975 0.1905359246 0.5627224409
1403636744.8635556698 4.4958463820 1.6525393458 -1.0644344507 -0.7677090662 -0.2431598870 0.1835642300 0.5637377338
1403636744.9635555744 4.4945297319 1.6805714281 -1.1319677402 -0.7701768314 -0.2481784266 0.1781956863 0.5598941099
1403636745.0635557175 4.4953109871 1.7071593341 -1.1901336100 -0.7738005194 -0.2525043870 0.1764718007 0.5534726680
1403636745.1635556221 4.4943784250 1.7329794336 -1.2407709976 -0.7770007384 -0.2552419349 0.1786514701 0.5469963980
1403636745.2635557652 4.4938390479 1.7602329725 -1.2832116489 -0.7761638261 -0.2604892427 0.1792685429 0.5455069743
1403636745.3635556698 4.4912841067 1.7889983713 -1.3177380861 -0.7714510499 -0.2647998547 0.1815140094 0.5493605182
1403636745.4635555744 4.4872236734 1.8201613423 -1.3431153131 -0.7650409747 -0.2665287126 0.1836136852 0.5567412028
1403636745.5635557175 4.4844030628 1.8498384510 -1.3619479240 -0.7627662678 -0.2646938934 0.1853540249 0.5601505591
1403636745.6635556221 4.4816692046 1.8758624164 -1.3719900259 -0.7628178869 -0.2610732831 0.1836520917 0.5623357730
1403636745.7635557652 4.4777724432 1.8989442832 -1.3761648821 -0.7634118143 -0.2580501814 0.1781548524 0.5646887233
1403636745.8635556698 4.4755873949 1.9185302520 -1.3729109641 -0.7650181759 -0.2553874339 0.1709864366 0.5659400036
1403636745.9635555744 4.4739544324 1.9346624277 -1.3620469644 -0.7658013958 -0.2527321881 0.1625753736 0.5685454346
1403636746.0635557175 4.4698636251 1.9451843827 -1.3462667274 -0.7668298929 -0.2509507473 0.1542816125 0.5702568034
1403636746.1635556221 4.4623942913 1.9504912183 -1.3255439286 -0.7675019197 -0.2493125588 0.1480660137 0.5717171563
1403636746.2635557652 4.4533567329 1.9517383296 -1.2943243879 -0.7647390217 -0.2457138016 0.1477876851 0.5770249184
1403636746.3635556698 4.4388297935 1.9472822006 -1.2658177536 -0.7572707583 -0.2405848065 0.1516431917 0.5879322171
1403636746.4635555744 4.4271174400 1.9366162114 -1.2463419900 -0.7577839642 -0.2385605347 0.1547470320 0.5872867195
1403636746.5635557175 4.4137893069 1.9153888203 -1.2369444704 -0.7671388779 -0.2393964828 0.1567574656 0.5741205126
1403636746.6635556221 4.3986573030 1.8913452197 -1.2355966957 -0.7810732257 -0.2422956173 0.1583459909 0.5533028077
1403636746.7635557652 4.3838774988 1.8683632787 -1.2373524553 -0.7922618505 -0.2418379630 0.1652687501 0.5352773115
1403636746.8635556698 4.3645940492 1.8502359290 -1.2391699058 -0.7950686045 -0.2394247771 0.1735631294 0.5295446443
1403636746.9635555744 4.3468094028 1.8399974790 -1.2398950649 -0.7933637680 -0.2398091004 0.1777015250 0.5305541395
1403636747.0635557175 4.3283948042 1.8352320994 -1.2340493517 -0.7882771924 -0.2430807510 0.1760575842 0.5371541151
1403636747.1635556221 4.3094019787 1.8364367402 -1.2223885844 -0.7811994614 -0.2469277529 0.1710880587 0.5472503654
1403636747.2635557652 4.2911537334 1.8401757905 -1.1991798025 -0.7757665353 -0.2503482845 0.1652576286 0.5551593784
1403636747.3635556698 4.2704584859 1.8423100151 -1.1692050777 -0.7742019960 -0.2511388633 0.1622455118 0.5578682054
1403636747.4635555744 4.2464698868 1.8427686178 -1.1432941875 -0.7736536466 -0.2499985762 0.1599741218 0.5597937364
1403636747.5635557175 4.2215471350 1.8430734865 -1.1226893166 -0.7759986960 -0.2478333483 0.1590326181 0.5577752968
1403636747.6635556221 4.1947641703 1.8416931942 -1.1019524378 -0.7778888201 -0.2456815914 0.1580950086 0.5563591533
1403636747.7635557652 4.1668770568 1.8410856460 -1.0776692973 -0.7790570343 -0.2436775197 0.1564567612 0.5560689576
1403636747.8635556698 4.1357055051 1.8400526984 -1.0415806999 -0.7799284517 -0.2404419837 0.1568636946 0.5561412086
1403636747.9635555744 4.1030005664 1.8374593798 -1.0006270762 -0.7818322082 -0.2288703783 0.1687135588 0.5548806026
1403636748.0635557175 4.0715978464 1.8363662270 -0.9611098603 -0.7843077443 -0.2189018315 0.1784235762 0.5523661628
1403636748.1635556221 4.0440699473 1.8380862519 -0.9300179936 -0.7864676623 -0.2144073932 0.1813717181 0.5500930701
1403636748.2635557652 4.0187358040 1.8424875939 -0.9074576836 -0.7862675346 -0.2183052519 0.1739968265 0.5512270724
1403636748.3635556698 3.9977804191 1.8510830294 -0.8910048345 -0.7837851538 -0.2274191722 0.1608887722 0.5550460844
1403636748.4635555744 3.9793529407 1.8583606863 -0.8737998306 -0.7809810987 -0.2331630273 0.1537639784 0.5586234556
1403636748.5635557175 3.9573127336 1.8661716745 -0.8501599739 -0.7794290190 -0.2350341981 0.1513797060 0.5606545413
1403636748.6635556221 3.9335754424 1.8744420663 -0.8210316052 -0.7800507349 -0.2297670704 0.1581221305 0.5601118961
1403636748.7635557652 3.9122952632 1.8818659509 -0.7900223895 -0.7816140311 -0.2230985463 0.1660298358 0.5583373879
1403636748.8635556698 3.8909302538 1.8890562279 -0.7638724108 -0.7828099668 -0.2179516789 0.1701274233 0.5574605649
1403636748.9635555744 3.8733633367 1.9005905738 -0.7444770477 -0.7836467422 -0.2131334507 0.1715625076 0.5577080075
1403636749.0635557175 3.8587865262 1.9124958830 -0.7267137974 -0.7846585706 -0.2081675755 0.1734218708 0.5575859063
1403636749.1635556221 3.8496265140 1.9249756682 -0.7111292099 -0.7853830209 -0.2027327725 0.1770485400 0.5574286931
1403636749.2635557652 3.8438320582 1.9407217091 -0.6947248927 -0.7841935933 -0.2051753538 0.1693452224 0.5605940403
1403636749.3635556698 3.8433469608 1.9567946981 -0.6739417750 -0.7822509018 -0.2101213516 0.1595186999 0.5643459299
1403636749.4635555744 3.8466178076 1.9730921513 -0.6458829910 -0.7803501167 -0.2149679941 0.1514494432 0.5673671854
1403636749.5635557175 3.8484430355 1.9867917170 -0.6134923571 -0.7790584460 -0.2207497970 0.1434965888 0.5689869892
1403636749.6635556221 3.8514986235 1.9999831666 -0.5829562176 -0.7773016671 -0.2245728333 0.1395776589 0.5708653414
1403636749.7635557652 3.8513978851 2.0095619031 -0.5580005742 -0.7751418322 -0.2239796371 0.1431291773 0.5731512023
1403636749.8635556698 3.8510369067 2.0175118741 -0.5381044612 -0.7703715797 -0.2219928903 0.1495305374 0.5786945690
1403636749.9635555744 3.8476876071 2.0200146777 -0.5277468361 -0.7665212446 -0.2221621901 0.1539267740 0.5825767684
1403636750.0635557175 3.8493449773 2.0182730282 -0.5203290269 -0.7648991149 -0.2237237269 0.1575304255 0.5831476684
1403636750.1635556221 3.8519118749 2.0118560229 -0.5148254026 -0.7665671629 -0.2263209265 0.1589580537 0.5795566928
1403636750.2635557652 3.8559249568 1.9988048356 -0.5029172294 -0.7689706717 -0.2294950062 0.1594090895 0.5749825131
1403636750.3635556698 3.8614846723 1.9825199585 -0.4814371952 -0.7713973264 -0.2330696157 0.1596131016 0.5702178328
1403636750.4635555744 3.8678119917 1.9647987847 -0.4505708740 -0.7726045026 -0.2356867742 0.1614853535 0.5669713464
1403636750.5635557175 3.8753362262 1.9449143406 -0.4130632323 -0.7717243541 -0.2393048418 0.1630838414 0.5661964100
1403636750.6635556221 3.8835281869 1.9240741795 -0.3647740015 -0.7712384011 -0.2429161680 0.1635017371 0.5651992975
1403636750.7635557652 3.8914966983 1.9007114185 -0.3135460542 -0.7716869052 -0.2456627895 0.1641055755 0.5632215144
1403636750.8635556698 3.8964116395 1.8755986154 -0.2526900707 -0.7719531327 -0.2480668863 0.1634861870 0.5619817145
1403636750.9635555744 3.9053140998 1.8530761744 -0.1906188920 -0.7724520884 -0.2513068907 0.1604121754 0.5607410737
1403636751.0635557175 3.9098401682 1.8268149857 -0.1306133943 -0.7730750893 -0.2523412160 0.1584039228 0.5599884054
1403636751.1635556221 3.9135580627 1.8021572082 -0.0782710964 -0.7753980018 -0.2512491662 0.1585865083 0.5572092199
1403636751.2635557652 3.9141775683 1.7747391573 -0.0305278027 -0.7809720059 -0.2519086205 0.1555453522 0.5499367385
1403636751.3635556698 3.9112665770 1.7498696217 0.0170144508 -0.7842393024 -0.2479326366 0.1588840775 0.5461263355
1403636751.4635555744 3.9075969281 1.7279365386 0.0631839343 -0.7838043442 -0.2402152754 0.1674319443 0.5476439678
1403636751.5635557175 3.9034022151 1.7082364475 0.1104585114 -0.7810594042 -0.2361883020 0.1765083000 0.5504599106
1403636751.6635556221 3.9011536696 1.6907670282 0.1519819758 -0.7802297977 -0.2372311768 0.1842058584 0.5486629504
1403636751.7635557652 3.9021873713 1.6762079901 0.1898201028 -0.7834746648 -0.2416745917 0.1870882239 0.5410719340
1403636751.8635556698 3.9041179263 1.6654568901 0.2247089668 -0.7872000163 -0.2483032147 0.1847348740 0.5334179171
1403636751.9635555744 3.9075119515 1.6617406595 0.2606661750 -0.7866476270 -0.2573212864 0.1776817712 0.5323536932
1403636752.0635557175 3.9115701438 1.6628364705 0.2946090213 -0.7846151968 -0.2628353244 0.1730144540 0.5341933956
1403636752.1635556221 3.9105457560 1.6680058009 0.3285328316 -0.7797859148 -0.2646196931 0.1742658190 0.5399460801
1403636752.2635557652 3.9095094722 1.6749955899 0.3607245678 -0.7723240360 -0.2686711861 0.1807720663 0.5464913881
1403636752.3635556698 3.9067425999 1.6815410117 0.3993933301 -0.7634105957 -0.2760296064 0.1911850355 0.5517791233
1403636752.4635555744 3.9044173708 1.6847418179 0.4413831831 -0.7568904015 -0.2886233411 0.2019518892 0.5504806278
1403636752.5635557175 3.9040772017 1.6867796167 0.4862372634 -0.7509537565 -0.3056420717 0.2116049107 0.5457790225
1403636752.6635556221 3.9044116099 1.6862347030 0.5258038254 -0.7455788786 -0.3241488103 0.2211384478 0.5386441046
1403636752.7635557652 3.9047792847 1.6859505960 0.5556675841 -0.7385323894 -0.3417248609 0.2328775629 0.5325054648
1403636752.8635556698 3.9060764282 1.6845487345 0.5810692594 -0.7303982815 -0.3616646984 0.2422689685 0.5263295007
1403636752.9635555744 3.9094530698 1.6835236251 0.5977453394 -0.7188700124 -0.3829760150 0.2504458082 0.5232897613
1403636753.0635557175 3.9100579113 1.6793124047 0.6061633366 -0.7077249858 -0.4045415258 0.2590744630 0.5180269501
1403636753.1635556221 3.9098182450 1.6729456794 0.6089600572 -0.6961426242 -0.4250934618 0.2701311721 0.5115761384
1403636753.2635557652 3.9105383075 1.6647060044 0.6079065699 -0.6835079810 -0.4459749195 0.2805339835 0.5051968875
1403636753.3635556698 3.9089622714 1.6539734184 0.5992940375 -0.6696353239 -0.4651203399 0.2907883757 0.5006932424
1403636753.4635555744 3.9021464427 1.6369738018 0.5954325871 -0.6621467584 -0.4745756016 0.3043420841 0.4936755662
1403636753.5635557175 3.8953452663 1.6180143611 0.5952283962 -0.6588771163 -0.4786286939 0.3156860832 0.4869679823
1403636753.6635556221 3.8851899533 1.5968857114 0.6007360244 -0.6565086433 -0.4800221619 0.3225838584 0.4842672606
1403636753.7635557652 3.8784917510 1.5763392863 0.6071100389 -0.6555485524 -0.4802173731 0.3251846649 0.4836344733
1403636753.8635556698 3.8726317306 1.5547336843 0.6093335742 -0.6546731389 -0.4800466632 0.3249032581 0.4851764166
1403636753.9635555744 3.8666992208 1.5313126381 0.6035280413 -0.6557001595 -0.4783432735 0.3246198598 0.4856613636
1403636754.0635557175 3.8623811056 1.5067287810 0.6005450747 -0.6551628061 -0.4752234130 0.3249076381 0.4892437347
1403636754.1635556221 3.8603442600 1.4791561645 0.6060453064 -0.6535060064 -0.4714140345 0.3261967479 0.4942614584
1403636754.2635557652 3.8611329772 1.4505668884 0.6162434607 -0.6521604657 -0.4696313899 0.3243045799 0.4989585395
1403636754.3635556698 3.8646030929 1.4164442726 0.6332348152 -0.6521510272 -0.4695003244 0.3214719617 0.5009234083
1403636754.4635555744 3.8719441792 1.3797778456 0.6534194511 -0.6514648643 -0.4710440642 0.3230054286 0.4993781265
1403636754.5635557175 3.8829005295 1.3379530103 0.6682610941 -0.6485814273 -0.4776808833 0.3240435470 0.4961440169
1403636754.6635556221 3.8966910639 1.2935300905 0.6804085761 -0.6431790717 -0.4873007442 0.3285536811 0.4908270012
1403636754.7635557652 3.9096302109 1.2431408204 0.6863687580 -0.6359748329 -0.4976585882 0.3369304050 0.4840969363
1403636754.8635556698 3.9251616254 1.1913531741 0.6868414427 -0.6284941902 -0.5076051285 0.3448788660 0.4779023480
1403636754.9635555744 3.9427909633 1.1359525400 0.6829387423 -0.6224130060 -0.5150943324 0.3509257339 0.4734247648
1403636755.0635557175 3.9601326633 1.0799236981 0.6761643881 -0.6177861960 -0.5209357428 0.3544865167 0.4704311612
1403636755.1635556221 3.9812874264 1.0213820970 0.6730632601 -0.6156213024 -0.5246755482 0.3572005357 0.4670479188
1403636755.2635557652 4.0040803185 0.9618853312 0.6766471538 -0.6156028987 -0.5273262933 0.3580233219 0.4634429333
1403636755.3635556698 4.0269197417 0.8993638868 0.6867537199 -0.6204444639 -0.5320580735 0.3534685762 0.4549976256
1403636755.4635555744 4.0505943302 0.8369928765 0.7008048334 -0.6241519628 -0.5353318071 0.3489949209 0.4495072066
1403636755.5635557175 4.0714774046 0.7733766591 0.7170027833 -0.6242739468 -0.5361226144 0.3462730117 0.4504992599
1403636755.6635556221 4.0929191758 0.7097787682 0.7285730046 -0.6236755019 -0.5339934740 0.3476742545 0.4527719633
1403636755.7635557652 4.1070349330 0.6437653553 0.7327852130 -0.6240563539 -0.5313488025 0.3495792261 0.4538903853
1403636755.8635556698 4.1205773908 0.5777635163 0.7337732010 -0.6231874850 -0.5281857234 0.3529064361 0.4561954050
1403636755.9635555744 4.1340517555 0.5104640685 0.7310565454 -0.6223456560 -0.5258639206 0.3556452970 0.4578967615
1403636756.0635557175 4.1475558244 0.4423405851 0.7338839031 -0.6218797813 -0.5244471541 0.3575318866 0.4586847177
1403636756.1635556221 4.1619322959 0.3746375553 0.7422551586 -0.6201884876 -0.5245906836 0.3574638758 0.4608583644
1403636756.2635557652 4.1790970107 0.3056277399 0.7544307222 -0.6195388980 -0.5238666125 0.3590937285 0.4612884351
1403636756.3635556698 4.1913476714 0.2376537034 0.7666292794 -0.6187268811 -0.5243173451 0.3595990625 0.4614725154
1403636756.4635555744 4.2077300757 0.1679969490 0.7712745411 -0.6177577445 -0.5245791304 0.3603030679 0.4619240243
1403636756.5635557175 4.2270340553 0.0977252949 0.7716905924 -0.6170683736 -0.5251742886 0.3610162745 0.4616122164
1403636756.6635556221 4.2477820687 0.0259410033 0.7677712309 -0.6165264872 -0.5250729511 0.3624904455 0.4612961776
1403636756.7635557652 4.2692535575 -0.0467201184 0.7694408345 -0.6151062519 -0.5249540167 0.3640467443 0.4621012304
1403636756.8635556698 4.2934060321 -0.1181606653 0.7747832403 -0.6147370159 -0.5249047412 0.3657081296 0.4613360792
1403636756.9635555744 4.3205175836 -0.1908421618 0.7880018578 -0.6147475991 -0.5253478384 0.3662920021 0.4603533505
1403636757.0635557175 4.3482218692 -0.2646989027 0.8043831611 -0.6151102747 -0.5253270251 0.3675639648 0.4588764523
1403636757.1635556221 4.3771198765 -0.3383957473 0.8138432607 -0.6152442699 -0.5256706573 0.3673890852 0.4584431355
1403636757.2635557652 4.4088209323 -0.4093086633 0.8173115754 -0.6146820061 -0.5261577663 0.3673889205 0.4586386568
1403636757.3635556698 4.4419831027 -0.4824092897 0.8146724170 -0.6144026149 -0.5281385940 0.3651814109 0.4584992797
1403636757.4635555744 4.4770203424 -0.5548946664 0.8087447896 -0.6144733534 -0.5317284098 0.3609777185 0.4575833072
1403636757.5635557175 4.5143447278 -0.6293774417 0.8053007553 -0.6139016660 -0.5382803487 0.3581022284 0.4529258268
1403636757.6635556221 4.5494781705 -0.7066160950 0.8087756459 -0.6149191863 -0.5478849056 0.3545034669 0.4427457696
1403636757.7635557652 4.5824117493 -0.7829468895 0.8194038628 -0.6161510775 -0.5561184158 0.3528971950 0.4319186579
1403636757.8635556698 4.6075539354 -0.8619161574 0.8386070211 -0.6162018632 -0.5612701506 0.3538557911 0.4243314281
1403636757.9635555744 4.6263070663 -0.9391792095 0.8672255952 -0.6135593712 -0.5618714945 0.3596903524 0.4224549350
1403636758.0635557175 4.6364640643 -1.0163581388 0.8964348492 -0.6057040708 -0.5577291544 0.3702404455 0.4300962466
1403636758.1635556221 4.6459323798 -1.0922713975 0.9214829707 -0.6002555753 -0.5533046126 0.3792422600 0.4355715306
1403636758.2635557652 4.6550562575 -1.1672604737 0.9376874451 -0.5972387459 -0.5505496402 0.3847563702 0.4383645852
1403636758.3635556698 4.6652008756 -1.2411076144 0.9469673759 -0.5980030160 -0.5493311844 0.3869663804 0.4369034942
1403636758.4635555744 4.6779042042 -1.3125931090 0.9476501055 -0.6072616665 -0.5524480779 0.3829677374 0.4235210759
1403636758.5635557175 4.6891345022 -1.3827551423 0.9426760904 -0.6217461061 -0.5545790443 0.3793380156 0.4024630829
1403636758.6635556221 4.6937025530 -1.4446915235 0.9362086333 -0.6291342918 -0.5546485826 0.3781788665 0.3918363658
1403636758.7635557652 4.6905213123 -1.4994507249 0.9300785739 -0.6217928343 -0.5503556141 0.3830076507 0.4047066947
1403636758.8635556698 4.6826458429 -1.5479477250 0.9226930503 -0.6130949163 -0.5459092442 0.3889650622 0.4180955645
1403636758.9635555744 4.6748640261 -1.5911571421 0.9111126596 -0.6056965515 -0.5458125106 0.3886651881 0.4291383953
1403636759.0635557175 4.6675565238 -1.6326491572 0.8970092546 -0.6035350406 -0.5440619753 0.3914168209 0.4318968559
1403636759.1635556221 4.6621140818 -1.6715467546 0.8838100913 -0.6095758395 -0.5352862085 0.4042168393 0.4224863521
1403636759.2635557652 4.6596418925 -1.7053046756 0.8680277160 -0.6164636414 -0.5264167019 0.4167491724 0.4113127304
1403636759.3635556698 4.6595002413 -1.7289807595 0.8454172541 -0.6141396271 -0.5283389895 0.4148135993 0.4142705740
1403636759.4635555744 4.6592824002 -1.7415209553 0.8143516348 -0.6071561657 -0.5358415237 0.4054161803 0.4241143391
1403636759.5635557175 4.6656361417 -1.7519076581 0.7845125366 -0.6013490458 -0.5421317395 0.3976358908 0.4316922521
1403636759.6635556221 4.6724499663 -1.7575353016 0.7579360373 -0.5969155226 -0.5469428461 0.3921290641 0.4367839043
1403636759.7635557652 4.6824756621 -1.7640899968 0.7441181306 -0.5957350707 -0.5482640417 0.3915554001 0.4372535132
1403636759.8635556698 4.6944500576 -1.7701764757 0.7389116092 -0.5952762501 -0.5488312127 0.3908283210 0.4378169818
1403636759.9635555744 4.7089610310 -1.7764886394 0.7325009774 -0.5997601073 -0.5533320767 0.3845742538 0.4315252831
1403636760.0635557175 4.7240670916 -1.7828837007 0.7241172237 -0.6047336036 -0.5554742216 0.3810744618 0.4248857639
1403636760.1635556221 4.7369754878 -1.7880684894 0.7133189646 -0.6081468823 -0.5586544089 0.3759356394 0.4203986394
1403636760.2635557652 4.7448228219 -1.7921949241 0.7034406715 -0.6039147782 -0.5534407613 0.3829370644 0.4270239678
1403636760.3635556698 4.7523955348 -1.7955650850 0.6912110535 -0.5991769257 -0.5489810825 0.3890463606 0.4338775311
1403636760.4635555744 4.7618049105 -1.7983478637 0.6755741882 -0.5954499905 -0.5485408954 0.3897026902 0.4389464753
1403636760.5635557175 4.7735524811 -1.8016154387 0.6579431249 -0.5972008137 -0.5526492299 0.3843607073 0.4361156538
1403636760.6635556221 4.7865761149 -1.8052333201 0.6409750259 -0.5998397087 -0.5581425528 0.3771989806 0.4317292480
1403636760.7635557652 4.7982352337 -1.8100194149 0.6260046116 -0.5993039220 -0.5614075367 0.3732687181 0.4316559404
1403636760.8635556698 4.8075415298 -1.8165711490 0.6131538855 -0.5951941944 -0.5605593589 0.3750355339 0.4368814763
1403636760.9635555744 4.8164466996 -1.8254707456 0.6006165653 -0.5930877990 -0.5604424261 0.3759598877 0.4390960174
1403636761.0635557175 4.8257414979 -1.8375529122 0.5870800284 -0.5982486263 -0.5621111391 0.3741733670 0.4314208385
1403636761.1635556221 4.8343278534 -1.8513060243 0.5727666333 -0.6054883796 -0.5661122817 0.3690147999 0.4203912275
1403636761.2635557652 4.8387695406 -1.8658520029 0.5599408439 -0.6102482270 -0.5704699554 0.3630855806 0.4127105433
1403636761.3635556698 4.8363516248 -1.8804577261 0.5515790071 -0.6093839080 -0.5700908999 0.3640240608 0.4136835768
1403636761.4635555744 4.8276128276 -1.8950109376 0.5483575804 -0.6030520049 -0.5645573135 0.3718438835 0.4234801595
1403636761.5635557175 4.8159704326 -1.9098438542 0.5480442863 -0.5979480046 -0.5585240466 0.3796377595 0.4317224163
1403636761.6635556221 4.8048422869 -1.9253508770 0.5504028076 -0.5973492341 -0.5530690104 0.3862769846 0.4336803587
1403636761.7635557652 4.7953820922 -1.9407172696 0.5551529163 -0.6019609625 -0.5462040332 0.3950764310 0.4280406143
1403636761.8635556698 4.7879890706 -1.9529591160 0.5610040470 -0.6054468642 -0.5421173780 0.4000684160 0.4236603658
1403636761.9635555744 4.7827180513 -1.9602270072 0.5665686480 -0.6044372847 -0.5445353171 0.3959347175 0.4258785705
1403636762.0635557175 4.7791675309 -1.9636815292 0.5724536385 -0.5968486619 -0.5518569534 0.3843405218 0.4376162029
1403636762.1635556221 4.7770954869 -1.9674888755 0.5790658389 -0.5889961442 -0.5610350098 0.3699452708 0.4488471415
1403636762.2635557652 4.7762098136 -1.9769695471 0.5861296305 -0.5940891964 -0.5664336448 0.3611476658 0.4424740854
1403636762.3635556698 4.7735757477 -1.9913858712 0.5875547149 -0.6034748015 -0.5690227753 0.3569044994 0.4297096967
1403636762.4635555744 4.7663344120 -2.0090879029 0.5818999816 -0.6110827033 -0.5650903631 0.3623643068 0.4194555047
1403636762.5635557175 4.7536118393 -2.0280567541 0.5712695638 -0.6181346376 -0.5483295883 0.3860542916 0.4101296334
1403636762.6635556221 4.7388240846 -2.0426169765 0.5518610097 -0.6206804866 -0.5340996445 0.4056932517 0.4060865533
1403636762.7635557652 4.7248161242 -2.0485765500 0.5206899123 -0.6132818148 -0.5362986455 0.4033296320 0.4166465966
