1403636859.4516665936 12.9716673064 -16.1639256093 1.6872731185 -0.6551559610 -0.4790117047 0.3664812982 0.4549834190
1403636859.5516664982 12.9680208992 -16.1383428313 1.8389158884 -0.6587900658 -0.4802645473 0.3591586917 0.4542539467
1403636859.6516664028 12.9534845683 -16.1115844716 2.0075144561 -0.6593338926 -0.4781433986 0.3513521535 0.4617460045
1403636859.7516665459 12.9357564362 -16.0941149305 2.1813551408 -0.6552912250 -0.4725878878 0.3505426316 0.4736812876
1403636859.8516664505 12.9259114925 -16.0805310668 2.3451230106 -0.6501731883 -0.4697487314 0.3470165431 0.4859943141
1403636859.9516665936 12.9257644935 -16.0763828829 2.4889293955 -0.6482841102 -0.4677650304 0.3458314595 0.4912475857
1403636860.0516664982 12.9312859802 -16.0671895220 2.5746058859 -0.6497892455 -0.4662570176 0.3430224332 0.4926600657
1403636860.1516664028 12.9359304790 -16.0495702568 2.5529768848 -0.6548200815 -0.4650030832 0.3406854615 0.4887905583
1403636860.2516665459 12.9419183932 -16.0389078756 2.4135609884 -0.6610949741 -0.4669804008 0.3390727535 0.4794918230
1403636860.3516664505 12.9536956013 -16.0368653763 2.2084644645 -0.6716934454 -0.4707795667 0.3338078208 0.4645071083
1403636860.4516665936 12.9697757889 -16.0410990506 1.9873321046 -0.6851345596 -0.4750770453 0.3246434184 0.4466532068
1403636860.5516664982 12.9882529924 -16.0500266206 1.7939408668 -0.6966963102 -0.4797376933 0.3186380077 0.4277099683
1403636860.6516664028 13.0102297340 -16.0592818375 1.6538142468 -0.7026559897 -0.4840000956 0.3156022068 0.4152273048
1403636860.7516665459 13.0302862621 -16.0650610713 1.5804557204 -0.7010693468 -0.4890608742 0.3140337324 0.4131634631
1403636860.8516664505 13.0427593492 -16.0648148528 1.5978451901 -0.6965155480 -0.4946701383 0.3112266577 0.4162997877
1403636860.9516665936 13.0483481495 -16.0591542008 1.7185816269 -0.6924199980 -0.4988419851 0.3117092139 0.4177901223
1403636861.0516664982 13.0440944027 -16.0478573515 1.9171107687 -0.6869526523 -0.4979644060 0.3156294673 0.4248594394
1403636861.1516664028 13.0330239858 -16.0316454963 2.1488598543 -0.6787210906 -0.4914429933 0.3241891050 0.4390021523
1403636861.2516665459 13.0220777090 -16.0129600510 2.3869122720 -0.6670287199 -0.4838153754 0.3352299337 0.4567452910
1403636861.3516664505 13.0175828374 -15.9947489971 2.6083797909 -0.6571586683 -0.4745476238 0.3465565764 0.4720652251
1403636861.4516665936 13.0140746106 -15.9767588013 2.7583358281 -0.6509991084 -0.4659159956 0.3543452343 0.4832824235
1403636861.5516664982 13.0087384456 -15.9639603181 2.7897684922 -0.6494347085 -0.4618697280 0.3553964414 0.4884713740
1403636861.6516664028 13.0037057918 -15.9565482134 2.6957885561 -0.6533057315 -0.4644374700 0.3527634728 0.4827498212
1403636861.7516665459 12.9999271508 -15.9611506859 2.5140316491 -0.6583429086 -0.4701850240 0.3478739411 0.4738083779
1403636861.8516664505 13.0019761479 -15.9732514540 2.3033952364 -0.6630886943 -0.4762194114 0.3429869472 0.4646379340
1403636861.9516665936 13.0076668744 -15.9962210129 2.0833451262 -0.6712677177 -0.4829211279 0.3379735813 0.4494003713
1403636862.0516664982 13.0127224385 -16.0256693206 1.8715235105 -0.6817349040 -0.4881316104 0.3322983626 0.4319060660
1403636862.1516664028 13.0193614269 -16.0525515615 1.6978254441 -0.6884269919 -0.4906587416 0.3298525735 0.4201423043
1403636862.2516665459 13.0285275560 -16.0648025428 1.5959144479 -0.6892179849 -0.4966819860 0.3244273110 0.4159717465
1403636862.3516664505 13.0359582695 -16.0652858413 1.6057987225 -0.6895706038 -0.5031889894 0.3176450332 0.4127891183
1403636862.4516665936 13.0380026315 -16.0592340864 1.7412148382 -0.6890263173 -0.5047674220 0.3175152455 0.4118697034
1403636862.5516664982 13.0297315000 -16.0395545043 1.9499073408 -0.6856785784 -0.5015077181 0.3171702681 0.4215897495
1403636862.6516664028 13.0132094435 -16.0122633686 2.1931523978 -0.6804063459 -0.4953560762 0.3141907602 0.4392649867
1403636862.7516665459 12.9985576233 -15.9977379785 2.4528371763 -0.6770024482 -0.4868284338 0.3191395387 0.4503506590
1403636862.8516664505 12.9892727269 -15.9864422757 2.7124352596 -0.6784275396 -0.4781516569 0.3234567080 0.4544038122
1403636862.9516665936 12.9908391941 -15.9828684525 2.9323024218 -0.6784705947 -0.4697858607 0.3305499235 0.4579472080
1403636863.0516664982 13.0023024206 -15.9807646639 3.0329431894 -0.6718809471 -0.4675079812 0.3356471730 0.4662115997
1403636863.1516664028 13.0044808778 -15.9707232974 2.9944193064 -0.6650982560 -0.4691250375 0.3325310569 0.4764337365
1403636863.2516665459 13.0009812586 -15.9720952815 2.8380540578 -0.6630890851 -0.4725875983 0.3275646868 0.4792444085
1403636863.3516664505 12.9951094392 -15.9770393453 2.6109568612 -0.6639396715 -0.4752755570 0.3211863428 0.4797255369
1403636863.4516665936 12.9899728210 -15.9797041218 2.3584268911 -0.6679158540 -0.4753082995 0.3148944160 0.4783429096
1403636863.5516664982 12.9941302509 -15.9947222157 2.0974779433 -0.6764787284 -0.4756899283 0.3158270608 0.4651331957
1403636863.6516664028 13.0116930579 -16.0131023542 1.8594339903 -0.6856657505 -0.4786295918 0.3174921245 0.4471855803
1403636863.7516665459 13.0260164103 -16.0255228620 1.6748914679 -0.6947855478 -0.4800889428 0.3168169747 0.4317576336
1403636863.8516664505 13.0389278938 -16.0289504847 1.5903549423 -0.7010782530 -0.4840994625 0.3113901190 0.4209194548
1403636863.9516665936 13.0512954390 -16.0264293626 1.6424640098 -0.7025470718 -0.4880746251 0.3101437820 0.4147548754
1403636864.0516664982 13.0580989535 -16.0192202613 1.8225124175 -0.6988119745 -0.4900426840 0.3128681910 0.4166935171
1403636864.1516664028 13.0579288043 -16.0065593735 2.0757704790 -0.6921872886 -0.4913286207 0.3110714454 0.4274429786
1403636864.2516665459 13.0495800345 -15.9960826531 2.3486711975 -0.6883230471 -0.4889608549 0.3098369179 0.4371838851
1403636864.3516664505 13.0414562317 -15.9959105266 2.6009648409 -0.6859285645 -0.4867945287 0.3137229720 0.4405802856
1403636864.4516665936 13.0316143355 -15.9949212896 2.8196585465 -0.6829353860 -0.4783776268 0.3207153134 0.4493281568
1403636864.5516664982 13.0155469992 -15.9970112250 2.9822968484 -0.6774403041 -0.4643526805 0.3351539252 0.4616525413
1403636864.6516664028 13.0049191283 -15.9968429596 3.0336330653 -0.6705424966 -0.4575584409 0.3414465513 0.4737375709
1403636864.7516665459 13.0034203345 -15.9931357021 2.9507310061 -0.6667581539 -0.4616622546 0.3354137922 0.4793736693
1403636864.8516664505 12.9991055147 -15.9957542463 2.7716652977 -0.6692082142 -0.4672043260 0.3296345872 0.4745750970
1403636864.9516665936 12.9910262503 -16.0002242714 2.5486511678 -0.6745950367 -0.4703460685 0.3216440894 0.4692986171
1403636865.0516664982 12.9844046643 -16.0013790772 2.3107595672 -0.6808368413 -0.4741802347 0.3122148032 0.4627485464
1403636865.1516664028 12.9778742618 -16.0070133815 2.0892297961 -0.6898733960 -0.4735157509 0.3122163042 0.4498649914
1403636865.2516665459 12.9757644518 -16.0188136229 1.9109903253 -0.6977879799 -0.4693087817 0.3227925349 0.4343341823
1403636865.3516664505 12.9765419194 -16.0240955320 1.7833570223 -0.7007078846 -0.4670261791 0.3265728140 0.4292379359
1403636865.4516665936 12.9768317551 -16.0259802726 1.7151176997 -0.7006725745 -0.4718184743 0.3207266347 0.4284620128
1403636865.5516664982 12.9772475603 -16.0256805330 1.7403892059 -0.7018183753 -0.4810096216 0.3100193390 0.4242272050
1403636865.6516664028 12.9768807278 -16.0331446251 1.8761671036 -0.7018378328 -0.4860574184 0.3081702245 0.4197653573
1403636865.7516665459 12.9746921469 -16.0447429901 2.0879499836 -0.6974110251 -0.4845942593 0.3148376898 0.4238673083
1403636865.8516664505 12.9652853323 -16.0464151116 2.3380780986 -0.6912163665 -0.4778192803 0.3242960805 0.4344430024
1403636865.9516665936 12.9600660621 -16.0438126896 2.6015945913 -0.6824443206 -0.4683323783 0.3372885016 0.4485209019
1403636866.0516664982 12.9604236591 -16.0426179281 2.8537167031 -0.6714790556 -0.4556999585 0.3504335794 0.4675999702
1403636866.1516664028 12.9647488372 -16.0381031335 3.0550172447 -0.6603957896 -0.4464995781 0.3581169305 0.4860738544
1403636866.2516665459 12.9807154502 -16.0396317097 3.1621590744 -0.6549955808 -0.4441708674 0.3586073228 0.4950695080
1403636866.3516664505 12.9842139396 -16.0396118763 3.1450162993 -0.6572226469 -0.4471669446 0.3496658858 0.4958163818
1403636866.4516665936 12.9769033118 -16.0358709039 3.0206729992 -0.6625466418 -0.4525204072 0.3396048899 0.4908418760
1403636866.5516664982 12.9705436173 -16.0324015972 2.8219129425 -0.6672331607 -0.4577697867 0.3322397219 0.4846271751
1403636866.6516664028 12.9667225852 -16.0167987559 2.6070447373 -0.6736341413 -0.4617524972 0.3231654572 0.4780855178
1403636866.7516665459 12.9789536951 -16.0044822181 2.4260774936 -0.6784167822 -0.4675603421 0.3170909380 0.4696715161
1403636866.8516664505 13.0051777090 -16.0078427182 2.2849803255 -0.6812260070 -0.4737821715 0.3191738985 0.4578095717
1403636866.9516665936 13.0328765327 -16.0204131898 2.1708253954 -0.6878119702 -0.4788919449 0.3223646100 0.4400661960
1403636867.0516664982 13.0578384507 -16.0308584204 2.0913984162 -0.6951610468 -0.4823490429 0.3181014018 0.4276704549
1403636867.1516664028 13.0846429568 -16.0435177744 2.0508208511 -0.6984063105 -0.4859584683 0.3162362645 0.4196041200
1403636867.2516665459 13.1249024249 -16.0668073240 2.0381362960 -0.6971182430 -0.4921152643 0.3215884521 0.4104017414
1403636867.3516664505 13.1587276150 -16.0810755964 2.0470855832 -0.6970715708 -0.4969041727 0.3231992971 0.4033852782
1403636867.4516665936 13.1852870734 -16.0913491096 2.0679662570 -0.7001527147 -0.5008284768 0.3164791398 0.3984946260
1403636867.5516664982 13.2163872969 -16.1032865092 2.0834932011 -0.7075242964 -0.5088533760 0.3013410778 0.3868735796
1403636867.6516664028 13.2575312878 -16.1161210411 2.0794564307 -0.7224623682 -0.5229705445 0.2778490608 0.3568610873
1403636867.7516665459 13.3014896722 -16.1299092228 2.0619347932 -0.7441087934 -0.5373249412 0.2465765826 0.3111012697
1403636867.8516664505 13.3342785916 -16.1339487626 2.0489912288 -0.7627699259 -0.5449576105 0.2164032379 0.2727139188
1403636867.9516665936 13.3417916289 -16.1367481315 2.0538346062 -0.7708749283 -0.5435874452 0.2066685843 0.2599088892
1403636868.0516664982 13.3361150851 -16.1407492977 2.0748230658 -0.7696350897 -0.5395390529 0.2120767799 0.2675497685
1403636868.1516664028 13.3382952814 -16.1461342032 2.0911748697 -0.7650928491 -0.5364008712 0.2209992501 0.2794035953
1403636868.2516665459 13.3515076256 -16.1569820366 2.0980842751 -0.7633591325 -0.5356569598 0.2254187039 0.2820298994
1403636868.3516664505 13.3701881336 -16.1804832045 2.1018036263 -0.7662964189 -0.5335321530 0.2255561598 0.2779526199
1403636868.4516665936 13.3873811264 -16.2120469300 2.1033043294 -0.7678543897 -0.5302117225 0.2271327309 0.2787218831
1403636868.5516664982 13.4000880516 -16.2443399381 2.1138739296 -0.7662652645 -0.5257335665 0.2286953177 0.2900693247
1403636868.6516664028 13.4128984809 -16.2706983259 2.1350301191 -0.7672586070 -0.5207033898 0.2296840937 0.2956812930
1403636868.7516665459 13.4358865808 -16.2972378905 2.1445742634 -0.7677829081 -0.5231926770 0.2262087735 0.2925891649
1403636868.8516664505 13.4564078983 -16.3198237131 2.1443998413 -0.7670594152 -0.5290558865 0.2209267515 0.2879428642
1403636868.9516665936 13.4613840112 -16.3385850743 2.1470265472 -0.7647619770 -0.5303129831 0.2207324160 0.2918637679
1403636869.0516664982 13.4581161705 -16.3555827820 2.1535058925 -0.7618074505 -0.5303544637 0.2282077768 0.2937597009
1403636869.1516664028 13.4564284682 -16.3696494905 2.1559324439 -0.7598964770 -0.5307139424 0.2340355040 0.2934747663
1403636869.2516665459 13.4532629479 -16.3762036805 2.1500605060 -0.7584203701 -0.5330296372 0.2345667480 0.2926711275
1403636869.3516664505 13.4483055635 -16.3777419297 2.1448327170 -0.7576053783 -0.5341155024 0.2354449094 0.2920965858
1403636869.4516665936 13.4435641333 -16.3755399955 2.1412845586 -0.7570064886 -0.5347103376 0.2362721194 0.2918929883
1403636869.5516664982 13.4432773129 -16.3570589798 2.1390102290 -0.7572415292 -0.5342853414 0.2358800250 0.2923782727
1403636869.6516664028 13.4496313227 -16.3060145324 2.1354687000 -0.7582094308 -0.5343568011 0.2341183496 0.2911526516
1403636869.7516665459 13.4607052358 -16.2178125593 2.1312054069 -0.7610524318 -0.5333413146 0.2296495191 0.2891493328
1403636869.8516664505 13.4687617143 -16.0939500566 2.1290246893 -0.7638105248 -0.5285257831 0.2279249507 0.2920688200
1403636869.9516665936 13.4725943604 -15.9385828413 2.1286259711 -0.7662684985 -0.5205614004 0.2286328590 0.2992915508
1403636870.0516664982 13.4790013730 -15.7606420939 2.1246553421 -0.7702934965 -0.5132451659 0.2270292729 0.3027953734
1403636870.1516664028 13.4895186516 -15.5669180873 2.1185859143 -0.7762400555 -0.5080943236 0.2195322980 0.3018229692
1403636870.2516665459 13.5038863093 -15.3679261359 2.1181460075 -0.7791420570 -0.5062842743 0.2131035665 0.3019946332
1403636870.3516664505 13.5168026450 -15.1703867194 2.1206287574 -0.7802310114 -0.5009014930 0.2137794104 0.3076290410
1403636870.4516665936 13.5310905991 -14.9792689048 2.1122631294 -0.7799414070 -0.4971517345 0.2113607408 0.3160034681
1403636870.5516664982 13.5469815210 -14.8273799243 2.0962705801 -0.7858053342 -0.4908280704 0.2107364150 0.3117498123
1403636870.6516664028 13.5662404630 -14.6953062239 2.0746190952 -0.7906179026 -0.4888526467 0.1997416722 0.3099188382
1403636870.7516665459 13.5731601453 -14.5942246202 2.0628838390 -0.7910620282 -0.4854326134 0.1988264785 0.3147126892
1403636870.8516664505 13.5715448067 -14.5339238407 2.0470683489 -0.7903453206 -0.4790478730 0.2084340024 0.3200354297
1403636870.9516665936 13.5755145908 -14.5002728161 2.0312349421 -0.7877427331 -0.4767101989 0.2158622287 0.3249804163
1403636871.0516664982 13.5773669732 -14.4957048887 2.0145424195 -0.7899832661 -0.4735619398 0.2199052323 0.3214144010
1403636871.1516664028 13.5795726393 -14.5003964596 1.9991540558 -0.7946474761 -0.4746436119 0.2096603187 0.3151053494
1403636871.2516665459 13.5743410593 -14.5300293075 2.0048697711 -0.7978047366 -0.4732242768 0.2038466768 0.3130701493
1403636871.3516664505 13.5632084957 -14.5902955334 2.0202569757 -0.7963681524 -0.4738213613 0.2059381047 0.3144528272
1403636871.4516665936 13.5460323031 -14.6901419591 2.0338839171 -0.7933166136 -0.4778941692 0.2063757966 0.3157133894
1403636871.5516664982 13.5169286366 -14.8279899317 2.0465395947 -0.7919250854 -0.4800485515 0.2083062343 0.3146689690
1403636871.6516664028 13.4839046331 -14.9987634655 2.0628893356 -0.7914928279 -0.4823602231 0.2106119015 0.3106611425
1403636871.7516665459 13.4449564537 -15.1959747606 2.0831953724 -0.7899505512 -0.4856944872 0.2175055772 0.3045821985
1403636871.8516664505 13.4001073351 -15.4006252638 2.0931804685 -0.7863688392 -0.4912005818 0.2210012271 0.3024970990
1403636871.9516665936 13.3452387877 -15.6145990618 2.0996459379 -0.7819031614 -0.4952461001 0.2279244837 0.3023395050
1403636872.0516664982 13.2823632073 -15.8329165560 2.1032433357 -0.7764578438 -0.4982387980 0.2403890175 0.3018019835
1403636872.1516664028 13.2241713942 -16.0393075176 2.0990201221 -0.7711864722 -0.5029169566 0.2480626037 0.3013484768
1403636872.2516665459 13.1782593078 -16.2260509722 2.0876002376 -0.7679985355 -0.5095410825 0.2503163219 0.2964588903
1403636872.3516664505 13.1445187084 -16.3917896124 2.0709703148 -0.7657932987 -0.5180087531 0.2501807544 0.2874667728
1403636872.4516665936 13.1185178439 -16.5120445585 2.0579987817 -0.7640619878 -0.5238684941 0.2502181799 0.2813573211
1403636872.5516664982 13.1048423110 -16.5742821707 2.0559516074 -0.7613581110 -0.5272082448 0.2522925439 0.2805953771
1403636872.6516664028 13.1067041526 -16.5835794954 2.0615711092 -0.7576002930 -0.5292811113 0.2553616082 0.2840664541
1403636872.7516665459 13.1151819828 -16.5548364589 2.0677989979 -0.7560958556 -0.5296348377 0.2546263429 0.2880476026
1403636872.8516664505 13.1291733933 -16.4817426630 2.0678402439 -0.7584443290 -0.5278211177 0.2508373524 0.2885267579
1403636872.9516665936 13.1490830649 -16.3547498998 2.0608945440 -0.7624182283 -0.5237636510 0.2465422915 0.2891487188
1403636873.0516664982 13.1781365535 -16.1830454488 2.0487686209 -0.7658370535 -0.5191529913 0.2417043263 0.2924940988
1403636873.1516664028 13.2119946887 -15.9817009735 2.0377054480 -0.7696906012 -0.5141257805 0.2380859727 0.2942212260
1403636873.2516665459 13.2490708182 -15.7585706816 2.0309288008 -0.7748621515 -0.5079251330 0.2335608193 0.2950424532
1403636873.3516664505 13.2891935212 -15.5278349741 2.0245639024 -0.7798340658 -0.5014166750 0.2290188492 0.2966319514
1403636873.4516665936 13.3346365252 -15.3025269111 2.0132399436 -0.7841653129 -0.4958009320 0.2259160410 0.2970322211
1403636873.5516664982 13.3849465143 -15.0929535662 1.9958535407 -0.7885818404 -0.4916978654 0.2191019946 0.2972645391
1403636873.6516664028 13.4341454538 -14.9116982394 1.9717586400 -0.7932235730 -0.4875290265 0.2105431296 0.2979654380
1403636873.7516665459 13.4771705913 -14.7715371935 1.9465468895 -0.7968524826 -0.4843393692 0.2069236876 0.2960136549
1403636873.8516664505 13.5111276637 -14.6828672948 1.9282455352 -0.7977804266 -0.4838188947 0.2059855408 0.2950180079
1403636873.9516665936 13.5263428404 -14.6391800793 1.9140862088 -0.7986675887 -0.4815323582 0.2057421452 0.2965246035
1403636874.0516664982 13.5260298366 -14.6308185870 1.9057983059 -0.7998544907 -0.4792451733 0.2045145937 0.2978768850
1403636874.1516664028 13.5166667263 -14.6510287059 1.9036350746 -0.8000679272 -0.4794712069 0.2045425087 0.2969192411
1403636874.2516665459 13.5014592991 -14.7034291119 1.9115984007 -0.7996927657 -0.4816562854 0.2039499865 0.2947933280
1403636874.3516664505 13.4729455393 -14.8047336736 1.9209580955 -0.7972840256 -0.4871176716 0.2054427610 0.2912865059
1403636874.4516665936 13.4266321004 -14.9535179481 1.9310505948 -0.7942667222 -0.4920235042 0.2107782397 0.2874470020
1403636874.5516664982 13.3703357547 -15.1329668295 1.9432563686 -0.7901812604 -0.4954980343 0.2153824306 0.2893193432
1403636874.6516664028 13.3118436135 -15.3451108128 1.9526370267 -0.7855884467 -0.4999315657 0.2214105974 0.2896490451
1403636874.7516665459 13.2507863409 -15.5692232895 1.9547256939 -0.7811194231 -0.5053168734 0.2273592896 0.2877760547
1403636874.8516664505 13.1891962931 -15.7857800496 1.9475656722 -0.7784899873 -0.5093889968 0.2333243156 0.2829062626
1403636874.9516665936 13.1339624641 -15.9757729252 1.9381234675 -0.7766514286 -0.5130120820 0.2387920782 0.2767842219
1403636875.0516664982 13.0806830393 -16.1187775603 1.9315156740 -0.7742643548 -0.5120520933 0.2440704554 0.2806189151
1403636875.1516664028 13.0229663320 -16.2186451008 1.9239774002 -0.7753536050 -0.4986532412 0.2479236011 0.2978348876
1403636875.2516665459 12.9824071369 -16.3001069410 1.9132813726 -0.7813910226 -0.4779312850 0.2490445568 0.3146213047
1403636875.3516664505 12.9653019474 -16.3751314696 1.9023885277 -0.7936577670 -0.4535593854 0.2481253957 0.3206634073
1403636875.4516665936 12.9912115706 -16.4483290086 1.8962679227 -0.8066905231 -0.4333292049 0.2478380750 0.3163107470
1403636875.5516664982 13.0751534883 -16.5079512636 1.8930570638 -0.8172321137 -0.4195424422 0.2474178804 0.3080587672
1403636875.6516664028 13.2053501378 -16.5368661945 1.8899772773 -0.8245360502 -0.4092859901 0.2455910109 0.3038261603
1403636875.7516665459 13.3587466284 -16.5234011969 1.8838813984 -0.8307762267 -0.3966756171 0.2388964627 0.3088491479
1403636875.8516664505 13.5243589336 -16.4828671361 1.8732935231 -0.8385698096 -0.3825544060 0.2282124670 0.3136429032
1403636875.9516665936 13.6909348690 -16.4137427018 1.8676956295 -0.8487334428 -0.3650407745 0.2143232014 0.3169579490
1403636876.0516664982 13.8454256846 -16.3038610302 1.8731178282 -0.8575197788 -0.3437902098 0.1992944241 0.3267259602
1403636876.1516664028 13.9685726159 -16.1539618999 1.8835581970 -0.8637320992 -0.3213433568 0.1851886797 0.3411897723
1403636876.2516665459 14.0487745262 -15.9769976977 1.8906854248 -0.8695992166 -0.3024773967 0.1736265880 0.3495117094
1403636876.3516664505 14.0842365807 -15.7699695325 1.8854575945 -0.8760972746 -0.2892042253 0.1627792995 0.3497390188
1403636876.4516665936 14.0735868119 -15.5306437474 1.8720740025 -0.8805788472 -0.2810619837 0.1514867375 0.3501954078
1403636876.5516664982 14.0153102186 -15.2785240070 1.8634261420 -0.8783239759 -0.2802437220 0.1443164043 0.3594206798
1403636876.6516664028 13.9084238032 -15.0383965011 1.8650078916 -0.8704439432 -0.2873382303 0.1444252688 0.3727001810
1403636876.7516665459 13.7544487158 -14.8473896999 1.8782316184 -0.8614580607 -0.3008563167 0.1520193722 0.3798231126
1403636876.8516664505 13.5708448280 -14.7275493045 1.8912026976 -0.8502436962 -0.3223449143 0.1608489343 0.3838059843
1403636876.9516665936 13.3631032524 -14.6882952866 1.8988928669 -0.8360119435 -0.3472647518 0.1759621425 0.3866892123
1403636877.0516664982 13.1419222689 -14.7319089193 1.9018094670 -0.8192574284 -0.3765469861 0.1964344961 0.3852831712
1403636877.1516664028 12.9298807584 -14.8510235803 1.9066317658 -0.7999813411 -0.4108307971 0.2186557206 0.3787315486
1403636877.2516665459 12.7391509862 -15.0384586903 1.9164521485 -0.7809936258 -0.4440382378 0.2408349192 0.3672567788
1403636877.3516664505 12.5937885471 -15.2717752498 1.9293201048 -0.7620227545 -0.4750312946 0.2598656498 0.3551569157
1403636877.4516665936 12.5094626087 -15.5307049673 1.9397173144 -0.7442106083 -0.5038364615 0.2759303208 0.3408252464
1403636877.5516664982 12.4838162664 -15.7911099482 1.9369028230 -0.7320878015 -0.5259405387 0.2879498911 0.3232937685
1403636877.6516664028 12.5238075813 -16.0323543696 1.9266398646 -0.7263583565 -0.5409649757 0.2944221496 0.3050836455
1403636877.7516665459 12.6204520386 -16.2403362057 1.9215485277 -0.7262600213 -0.5475232676 0.2987615216 0.2889744039
1403636877.8516664505 12.7560798758 -16.4075998356 1.9140890831 -0.7327188337 -0.5456116503 0.2957914944 0.2791745505
1403636877.9516665936 12.9170990530 -16.5247940782 1.8988819654 -0.7433565516 -0.5391568293 0.2858429417 0.2739064862
1403636878.0516664982 13.0931687969 -16.5867829693 1.8716568407 -0.7558369745 -0.5278370102 0.2724543833 0.2754399529
1403636878.1516664028 13.2667928819 -16.5838892136 1.8428327020 -0.7705988950 -0.5088721945 0.2589501825 0.2831452554
1403636878.2516665459 13.4369272463 -16.5212980890 1.8150696070 -0.7841729426 -0.4872434654 0.2479541359 0.2935734117
1403636878.3516664505 13.5943074562 -16.4075577352 1.7922035771 -0.7982477810 -0.4624268546 0.2409763662 0.3014834575
1403636878.4516665936 13.7322551494 -16.2432386910 1.7764285814 -0.8121071728 -0.4375473943 0.2298567753 0.3101613782
1403636878.5516664982 13.8355864973 -16.0371042066 1.7759702457 -0.8238393254 -0.4148816577 0.2154881518 0.3205102690
1403636878.6516664028 13.8942207826 -15.8022461273 1.7911933338 -0.8324383159 -0.3954560140 0.2007831752 0.3321853515
1403636878.7516665459 13.9094328668 -15.5548694376 1.8179801533 -0.8367615737 -0.3819554777 0.1859687739 0.3454789386
1403636878.8516664505 13.8843375964 -15.3138334369 1.8451409641 -0.8383810406 -0.3723427333 0.1784528330 0.3558548949
1403636878.9516665936 13.8276946182 -15.0945789606 1.8620756005 -0.8401706277 -0.3676312442 0.1764318328 0.3575365618
1403636879.0516664982 13.7379322536 -14.9077026429 1.8756901223 -0.8411243195 -0.3669095279 0.1762410845 0.3561268840
1403636879.1516664028 13.6105500965 -14.7627717968 1.9008975783 -0.8372663885 -0.3666808891 0.1834841497 0.3617508634
1403636879.2516665459 13.4566674493 -14.6657161763 1.9309870386 -0.8285032212 -0.3704439366 0.1924961455 0.3732277272
1403636879.3516664505 13.2941943405 -14.6335444490 1.9605154550 -0.8171459111 -0.3811330006 0.2034209340 0.3816151458
1403636879.4516665936 13.1373994040 -14.6733601135 1.9871431881 -0.8034008114 -0.4003612463 0.2171382670 0.3835478871
1403636879.5516664982 12.9998102956 -14.7810711993 2.0120748009 -0.7891224591 -0.4248586093 0.2312863305 0.3785334068
1403636879.6516664028 12.8858690744 -14.9458413477 2.0432688418 -0.7776456132 -0.4454271747 0.2469639981 0.3686064513
1403636879.7516665459 12.8060638448 -15.1549867859 2.0778204644 -0.7684372292 -0.4624307229 0.2621622948 0.3562765533
1403636879.8516664505 12.7709289979 -15.3847362412 2.0985082579 -0.7618650122 -0.4779474977 0.2713742216 0.3427592806
1403636879.9516665936 12.7921641601 -15.6061628956 2.1096683234 -0.7591018534 -0.4897534502 0.2737095010 0.3301348864
1403636880.0516664982 12.8734111232 -15.7879509548 2.1162259586 -0.7582289191 -0.4974937292 0.2735209049 0.3205857300
1403636880.1516664028 13.0055954323 -15.9009917336 2.1210626448 -0.7589599595 -0.4995917636 0.2708260790 0.3178696029
1403636880.2516665459 13.1685752942 -15.9425481316 2.1223799489 -0.7644383776 -0.4901303108 0.2643364736 0.3248576211
1403636880.3516664505 13.3496859554 -15.9357737319 2.1223038987 -0.7740626882 -0.4716203509 0.2533715587 0.3379409009
1403636880.4516665936 13.5355916824 -15.9169444094 2.1337299378 -0.7840554455 -0.4509899577 0.2388188282 0.3533138602
1403636880.5516664982 13.7167680080 -15.9288324940 2.1613951318 -0.7935057045 -0.4325190359 0.2244460439 0.3645544595
1403636880.6516664028 13.8773708526 -15.9921511135 2.1893912000 -0.8022479482 -0.4208827796 0.2117225452 0.3666462591
1403636880.7516665459 14.0012310713 -16.1073446996 2.2128566508 -0.8096146474 -0.4156183676 0.2047037500 0.3603912735
1403636880.8516664505 14.0709586037 -16.2545832945 2.2290736143 -0.8116831794 -0.4168666390 0.2063429386 0.3532919660
1403636880.9516665936 14.0806757939 -16.4074094092 2.2415276781 -0.8065663846 -0.4234245557 0.2164740442 0.3511428501
1403636881.0516664982 14.0351028776 -16.5433297711 2.2528595350 -0.7959244099 -0.4323932433 0.2287911720 0.3566441034
1403636881.1516664028 13.9482403426 -16.6621162119 2.2637216065 -0.7819485561 -0.4461444393 0.2440691929 0.3604744429
1403636881.2516665459 13.8329181432 -16.7522082115 2.2771429752 -0.7673529879 -0.4634716805 0.2627145306 0.3568535678
1403636881.3516664505 13.6978389150 -16.7875201888 2.2915186162 -0.7536411248 -0.4813117281 0.2751496272 0.3530676395
1403636881.4516665936 13.5463770371 -16.7552026724 2.3017164666 -0.7426707533 -0.4951540487 0.2798298424 0.3534938182
1403636881.5516664982 13.3891103762 -16.6548630355 2.3042022382 -0.7323695114 -0.5050587864 0.2806540975 0.3602551855
1403636881.6516664028 13.2439229716 -16.4987898158 2.2978246213 -0.7234902765 -0.5131442030 0.2808783927 0.3665408234
1403636881.7516665459 13.1179364955 -16.2963493239 2.2787688718 -0.7185590289 -0.5197939183 0.2773113577 0.3695749117
1403636881.8516664505 13.0121792290 -16.0698547725 2.2492032348 -0.7210987586 -0.5183196400 0.2706843272 0.3716064129
1403636881.9516665936 12.9478174422 -15.8451077933 2.2156237374 -0.7284919458 -0.5106274391 0.2661805386 0.3710889706
1403636882.0516664982 12.9312465722 -15.6326168336 2.1783636368 -0.7360029248 -0.5002008566 0.2634546544 0.3724116578
1403636882.1516664028 12.9623485282 -15.4540068710 2.1272827276 -0.7416884547 -0.4902521340 0.2606843343 0.3762907906
1403636882.2516665459 13.0286095106 -15.3297629885 2.0653449229 -0.7451059992 -0.4812255048 0.2563583269 0.3840826365
1403636882.3516664505 13.1133214020 -15.2777780446 2.0031406698 -0.7453384962 -0.4759924951 0.2572350918 0.3895276348
1403636882.4516665936 13.1901484632 -15.2975178353 1.9445727670 -0.7426973279 -0.4766786272 0.2639006775 0.3892744506
1403636882.5516664982 13.2294620420 -15.3597122030 1.8943476438 -0.7382285519 -0.4799812556 0.2751005663 0.3859485430
1403636882.6516664028 13.2118332099 -15.4266352365 1.8547272014 -0.7286179220 -0.4833897200 0.2893643795 0.3895106652
1403636882.7516665459 13.1439114048 -15.4861777207 1.8173979282 -0.7097210581 -0.4861892263 0.3154616250 0.4004997115
1403636882.8516664505 13.0525903379 -15.5323830184 1.7596689205 -0.6851065554 -0.4923216611 0.3438520876 0.4123276993
1403636882.9516665936 12.9592224241 -15.5719350344 1.6820853784 -0.6650512686 -0.5016432847 0.3660816995 0.4147830932
1403636883.0516664982 12.8750972665 -15.6113411025 1.5914300771 -0.6515916569 -0.5160856827 0.3798197832 0.4059812964
1403636883.1516664028 12.7961384905 -15.6406529071 1.5014888194 -0.6393303588 -0.5279226353 0.3861253987 0.4043037965
1403636883.2516665459 12.7246458552 -15.6648166885 1.4153406169 -0.6266696945 -0.5348857433 0.3911506302 0.4101018412
1403636883.3516664505 12.6687212384 -15.6852609358 1.3450234632 -0.6188884548 -0.5377848305 0.3978648158 0.4116650883
1403636883.4516665936 12.6287687313 -15.6959366955 1.2950967888 -0.6135082160 -0.5390508134 0.4042210673 0.4118703900
1403636883.5516664982 12.6035970262 -15.7011088971 1.2661283233 -0.6046432921 -0.5400738196 0.4126122182 0.4153046064
1403636883.6516664028 12.5841211288 -15.7056281144 1.2426856753 -0.5961221009 -0.5425023677 0.4200492133 0.4169991371
1403636883.7516665459 12.5711182782 -15.7068471848 1.2255645240 -0.5908717207 -0.5471771947 0.4217280594 0.4166691388
1403636883.8516664505 12.5623857262 -15.7078757126 1.2123161998 -0.5895180126 -0.5476318637 0.4265733812 0.4130411664
1403636883.9516665936 12.5564445556 -15.7063572147 1.1976741340 -0.5868271486 -0.5493744877 0.4292905747 0.4117416331
1403636884.0516664982 12.5538353104 -15.7047593412 1.1945417094 -0.5814058793 -0.5489556991 0.4353581454 0.4136159200
1403636884.1516664028 12.5555512046 -15.6998231251 1.1908191464 -0.5773699111 -0.5485935860 0.4388456834 0.4160571227
1403636884.2516665459 12.5571073706 -15.6996631441 1.1913468002 -0.5737022868 -0.5470952553 0.4404744092 0.4213487423
1403636884.3516664505 12.5596646889 -15.7035206441 1.1927685161 -0.5732656820 -0.5457600375 0.4423119974 0.4217493761
1403636884.4516665936 12.5599955581 -15.7030105742 1.1923880436 -0.5728995846 -0.5459934887 0.4421423799 0.4221223664
1403636884.5516664982 12.5601341586 -15.7031643106 1.1925881910 -0.5728468555 -0.5460829249 0.4422147024 0.4220024600
1403636884.6516664028 12.5595192024 -15.7031731865 1.1923297825 -0.5730445848 -0.5459378123 0.4422706988 0.4218630559
1403636884.7516665459 12.5599861564 -15.7032696884 1.1923487215 -0.5732682786 -0.5458096937 0.4424400189 0.4215472556
1403636884.8516664505 12.5600234651 -15.7037597561 1.1926670953 -0.5732670344 -0.5457922741 0.4424313580 0.4215805904
1403636884.9516665936 12.5600214931 -15.7035340323 1.1925558165 -0.5732206250 -0.5458832217 0.4423523217 0.4216088790
1403636885.0516664982 12.5600464471 -15.7033656028 1.1924748424 -0.5732043631 -0.5459128600 0.4422813784 0.4216670367
1403636885.1516664028 12.5598884128 -15.7031732860 1.1923422184 -0.5731575567 -0.5460247615 0.4420984283 0.4217776128
1403636885.2516665459 12.5598287244 -15.7031372216 1.1923231712 -0.5731910271 -0.5459568029 0.4421812653 0.4217332622
1403636885.3516664505 12.5599032556 -15.7033610937 1.1921930925 -0.5732084496 -0.5458388214 0.4422845758 0.4217539667
1403636885.4516665936 12.5601126819 -15.7032794005 1.1922199545 -0.5731310271 -0.5458205898 0.4423844234 0.4217780594
1403636885.5516664982 12.5600556156 -15.7033315781 1.1921719320 -0.5731689975 -0.5458625639 0.4422887686 0.4217724585
1403636885.6516664028 12.5601682183 -15.7032856166 1.1921081433 -0.5731672248 -0.5458283362 0.4422892086 0.4218187001
1403636885.7516665459 12.5600879344 -15.7031737660 1.1921169869 -0.5731241995 -0.5458136494 0.4424397606 0.4217382723
1403636885.8516664505 12.5603216656 -15.7033924823 1.1923311720 -0.5730892441 -0.5459230562 0.4421817862 0.4219146869
1403636885.9516665936 12.5602833828 -15.7030763843 1.1921369301 -0.5730727566 -0.5459361172 0.4421355503 0.4219686324
1403636886.0516664982 12.5601975708 -15.7032663892 1.1922388107 -0.5731577877 -0.5458912936 0.4422443705 0.4217970634
1403636886.1516664028 12.5600992909 -15.7033017119 1.1918977939 -0.5731925430 -0.5457021533 0.4425058805 0.4217203033
1403636886.2516665459 12.5600446776 -15.7034328339 1.1920808552 -0.5732082182 -0.5457541680 0.4424519361 0.4216882866
1403636886.3516664505 12.5599405011 -15.7035060401 1.1921240376 -0.5732113011 -0.5458626732 0.4422764439 0.4217277480
1403636886.4516665936 12.5600485106 -15.7033373235 1.1921200561 -0.5731682889 -0.5458967002 0.4421903154 0.4218324670
1403636886.5516664982 12.5600357516 -15.7033489051 1.1920698290 -0.5731624031 -0.5458848732 0.4422391947 0.4218045277
1403636886.6516664028 12.5601170043 -15.7033908136 1.1920529021 -0.5731733853 -0.5458127602 0.4422932274 0.4218262701
1403636886.7516665459 12.5601083149 -15.7033123890 1.1920658533 -0.5732973983 -0.5456606503 0.4424276103 0.4217135965
1403636886.8516664505 12.5599585716 -15.7031765991 1.1920869629 -0.5732195068 -0.5457782266 0.4423827263 0.4217144150
1403636886.9516665936 12.5600644481 -15.7033587258 1.1920786079 -0.5731779550 -0.5458406696 0.4422650402 0.4218135009
1403636887.0516664982 12.5600891468 -15.7034436879 1.1920810139 -0.5732168629 -0.5457698958 0.4423458406 0.4217674788
1403636887.1516664028 12.5601248898 -15.7032697674 1.1919670389 -0.5731347654 -0.5458540700 0.4423268757 0.4217900069
1403636887.2516665459 12.5601170740 -15.7034837478 1.1919570444 -0.5731087570 -0.5458338249 0.4423180048 0.4218608430
1403636887.3516664505 12.5600202728 -15.7034194493 1.1918438346 -0.5731917040 -0.5456886134 0.4424324891 0.4218159554
1403636887.4516665936 12.5600609799 -15.7034301642 1.1919092062 -0.5732128293 -0.5456477669 0.4424660759 0.4218048583
1403636887.5516664982 12.5600657099 -15.7033900391 1.1919281547 -0.5732416731 -0.5457388151 0.4423852804 0.4217326091
1403636887.6516664028 12.5601020941 -15.7032959576 1.1920063022 -0.5731753544 -0.5457841782 0.4423919821 0.4217570131
1403636887.7516665459 12.5600373411 -15.7033581706 1.1918851097 -0.5731844204 -0.5457809416 0.4423542246 0.4217884824
1403636887.8516664505 12.5600987601 -15.7031195996 1.1919715894 -0.5732182469 -0.5457749989 0.4423863665 0.4217164862
1403636887.9516665936 12.5600733649 -15.7033341893 1.1920233169 -0.5730982010 -0.5458804214 0.4422612131 0.4218744326
1403636888.0516664982 12.5600038977 -15.7033555298 1.1918616381 -0.5731539892 -0.5458085860 0.4422839909 0.4218677086
1403636888.1516664028 12.5600800176 -15.7032585355 1.1918807439 -0.5731549881 -0.5458210040 0.4423285885 0.4218035217
1403636888.2516665459 12.5600705428 -15.7034014213 1.1920494154 -0.5732154914 -0.5458092892 0.4422643023 0.4218038729
1403636888.3516664505 12.5601270812 -15.7033998515 1.1921470436 -0.5732270892 -0.5457873720 0.4423524775 0.4217240027
1403636888.4516665936 12.5600130549 -15.7035213283 1.1920111198 -0.5732149673 -0.5457960412 0.4422969056 0.4217875412
1403636888.5516664982 12.5600373394 -15.7035473704 1.1919536780 -0.5731568741 -0.5458446366 0.4422486060 0.4218542413
1403636888.6516664028 12.5600152098 -15.7031834601 1.1920988218 -0.5732425116 -0.5456081398 0.4425005377 0.4217796282
1403636888.7516665459 12.5603609430 -15.7036800946 1.1922571830 -0.5729157995 -0.5457730741 0.4426306390 0.4218736252
1403636888.8516664505 12.5604160647 -15.7038213247 1.1918214553 -0.5729863479 -0.5458652414 0.4425352477 0.4217586251
1403636888.9516665936 12.5603500306 -15.7037335307 1.1920036412 -0.5730404408 -0.5460006569 0.4423552206 0.4216987013
1403636889.0516664982 12.5604716992 -15.7039781141 1.1921760094 -0.5729432158 -0.5458609661 0.4425343826 0.4218236567
1403636889.1516664028 12.5602469302 -15.7039345630 1.1919533581 -0.5731240180 -0.5456646793 0.4425435322 0.4218224032
1403636889.2516665459 12.5601902781 -15.7037170989 1.1919397220 -0.5733554140 -0.5455601352 0.4425590870 0.4216268050
1403636889.3516664505 12.5599734227 -15.7037564434 1.1921380764 -0.5733807640 -0.5455226948 0.4424771104 0.4217268023
1403636889.4516665936 12.5601252045 -15.7037014440 1.1922516370 -0.5732462010 -0.5456901874 0.4424998848 0.4216691409
1403636889.5516664982 12.5599931747 -15.7036256615 1.1919740216 -0.5732975659 -0.5455999995 0.4424898529 0.4217265364
1403636889.6516664028 12.5599169247 -15.7034419815 1.1920055672 -0.5732078595 -0.5455225964 0.4424500116 0.4219903244
1403636889.7516665459 12.5598880979 -15.7035041105 1.1919939172 -0.5731329330 -0.5455155675 0.4424022091 0.4221512668
1403636889.8516664505 12.5600146522 -15.7031998243 1.1921340928 -0.5731413164 -0.5455713050 0.4424165341 0.4220528320
1403636889.9516665936 12.5603034562 -15.7035957977 1.1920336100 -0.5729139626 -0.5458141750 0.4423812920 0.4220844350
1403636890.0516664982 12.5602141970 -15.7031344021 1.1918989140 -0.5733168404 -0.5455492432 0.4421370011 0.4221358738
1403636890.1516664028 12.5600392501 -15.7032560675 1.1923889534 -0.5731572486 -0.5451589471 0.4424271767 0.4225525814
1403636890.2516665459 12.5605154631 -15.7039406968 1.1923169292 -0.5726016788 -0.5457019481 0.4427685091 0.4222472600
1403636890.3516664505 12.5605589245 -15.7038414912 1.1917752475 -0.5729283954 -0.5459675477 0.4423450705 0.4219044076
1403636890.4516665936 12.5603082500 -15.7032477397 1.1922822541 -0.5733161763 -0.5452315074 0.4424056592 0.4222657906
1403636890.5516664982 12.5603757948 -15.7037635817 1.1926125414 -0.5728117662 -0.5453217464 0.4427941999 0.4224265261
1403636890.6516664028 12.5606648430 -15.7040239850 1.1920703025 -0.5726915511 -0.5459506708 0.4426993895 0.4218761700
1403636890.7516665459 12.5604763516 -15.7038299335 1.1917120272 -0.5731459555 -0.5457267922 0.4422073135 0.4220647744
1403636890.8516664505 12.5601913486 -15.7033125498 1.1923637517 -0.5731154497 -0.5452380270 0.4423789132 0.4225577741
1403636890.9516665936 12.5603724685 -15.7035917917 1.1923505221 -0.5729743327 -0.5454077731 0.4423960912 0.4225120987
1403636891.0516664982 12.5604628501 -15.7036033298 1.1922511475 -0.5729155850 -0.5455094598 0.4424619163 0.4223915417
1403636891.1516664028 12.5603889462 -15.7037217110 1.1922588913 -0.5728519740 -0.5455452058 0.4425265502 0.4223639387
1403636891.2516665459 12.5605086091 -15.7039250446 1.1923262285 -0.5729197897 -0.5455259739 0.4425382226 0.4222845581
1403636891.3516664505 12.5606128733 -15.7038067302 1.1922947535 -0.5729699121 -0.5454462105 0.4426344688 0.4222187092
1403636891.4516665936 12.5604034676 -15.7038639736 1.1922455772 -0.5729419741 -0.5454369824 0.4425841082 0.4223213228
1403636891.5516664982 12.5604366621 -15.7037463623 1.1921129879 -0.5728652027 -0.5455140121 0.4426620767 0.4222442516
1403636891.6516664028 12.5605052320 -15.7038725793 1.1922446301 -0.5729193663 -0.5455366679 0.4425572880 0.4222513357
1403636891.7516665459 12.5605165652 -15.7038719020 1.1922812272 -0.5729416017 -0.5455048377 0.4425423000 0.4222779960
1403636891.8516664505 12.5604914858 -15.7036406715 1.1920528629 -0.5728389449 -0.5455992259 0.4425657034 0.4222707972
1403636891.9516665936 12.5604072140 -15.7036578700 1.1921704482 -0.5729485139 -0.5455378798 0.4425197238 0.4222495899
1403636892.0516664982 12.5605334359 -15.7038622231 1.1922492888 -0.5729244288 -0.5455043085 0.4425549791 0.4222886912
1403636892.1516664028 12.5606789476 -15.7039477268 1.1922977616 -0.5728820468 -0.5455309009 0.4425686916 0.4222974661
1403636892.2516665459 12.5607396911 -15.7036033413 1.1923963416 -0.5728382255 -0.5456122467 0.4425746170 0.4222456063
1403636892.3516664505 12.5607049323 -15.7036318306 1.1924226871 -0.5728846735 -0.5455430606 0.4425202678 0.4223289386
1403636892.4516665936 12.5603283217 -15.7034458138 1.1923244511 -0.5727786859 -0.5455624907 0.4424731516 0.4224969300
1403636892.5516664982 12.5603242726 -15.7036007045 1.1923257963 -0.5728653630 -0.5455749044 0.4424441588 0.4223937332
1403636892.6516664028 12.5604466212 -15.7037049730 1.1923317188 -0.5729098106 -0.5455777806 0.4424512236 0.4223223283
1403636892.7516665459 12.5604647969 -15.7036526762 1.1922906796 -0.5727944558 -0.5456296108 0.4424777085 0.4223840866
1403636892.8516664505 12.5602908466 -15.7037786407 1.1921764545 -0.5727930034 -0.5456571058 0.4424660275 0.4223627736
1403636892.9516665936 12.5603727275 -15.7036390008 1.1921041270 -0.5728102650 -0.5456058087 0.4425835646 0.4222824767
1403636893.0516664982 12.5603625253 -15.7038132795 1.1922004390 -0.5728415103 -0.5455630740 0.4424817686 0.4224019660
1403636893.1516664028 12.5604408884 -15.7038024431 1.1923061340 -0.5728820105 -0.5455032815 0.4425571782 0.4223452569
1403636893.2516665459 12.5604877504 -15.7038244013 1.1922424548 -0.5728935413 -0.5455537592 0.4425515671 0.4222702886
1403636893.3516664505 12.5603570442 -15.7038743355 1.1922140696 -0.5728063889 -0.5456572971 0.4425242139 0.4222834060
1403636893.4516665936 12.5604291529 -15.7038601795 1.1921524695 -0.5727764822 -0.5456363007 0.4424650126 0.4224131171
1403636893.5516664982 12.5604411491 -15.7037174229 1.1921764907 -0.5727579478 -0.5456576237 0.4424403325 0.4224365552
1403636893.6516664028 12.5603663244 -15.7037495990 1.1922292015 -0.5727269971 -0.5457224449 0.4423914957 0.4224459309
1403636893.7516665459 12.5603578859 -15.7037310572 1.1921336769 -0.5727611884 -0.5455877668 0.4425628794 0.4223940193
1403636893.8516664505 12.5606454345 -15.7036523706 1.1923354060 -0.5727611453 -0.5457283539 0.4424175098 0.4223647490
1403636893.9516665936 12.5606486544 -15.7038749363 1.1922825094 -0.5728438261 -0.5455788628 0.4425346381 0.4223230393
1403636894.0516664982 12.5605044134 -15.7037352963 1.1922143844 -0.5727874531 -0.5455765936 0.4426542196 0.4222771080
1403636894.1516664028 12.5605199769 -15.7039615236 1.1922773499 -0.5729184099 -0.5455463694 0.4425240168 0.4222749685
1403636894.2516665459 12.5604413724 -15.7038359001 1.1922801582 -0.5729156215 -0.5455559462 0.4425967712 0.4221901211
1403636894.3516664505 12.5605407276 -15.7037889464 1.1922695128 -0.5728707722 -0.5455805114 0.4426146877 0.4222004525
1403636894.4516665936 12.5603671442 -15.7037490740 1.1921325792 -0.5729143186 -0.5455782772 0.4425359699 0.4222267665
1403636894.5516664982 12.5604318430 -15.7036973249 1.1921462551 -0.5728863745 -0.5455445540 0.4425489360 0.4222946611
1403636894.6516664028 12.5606396768 -15.7038789430 1.1923065173 -0.5728989506 -0.5456173958 0.4425098323 0.4222244642
1403636894.7516665459 12.5606126356 -15.7037211270 1.1921266847 -0.5728891906 -0.5455329838 0.4426261218 0.4222248871
1403636894.8516664505 12.5603620816 -15.7036637305 1.1920499216 -0.5729161313 -0.5455539886 0.4425300656 0.4222618774
1403636894.9516665936 12.5602776255 -15.7035744104 1.1922399614 -0.5729747882 -0.5455207180 0.4424749051 0.4222830765
1403636895.0516664982 12.5603670185 -15.7035648333 1.1922151614 -0.5729249170 -0.5455560037 0.4424958971 0.4222831601
1403636895.1516664028 12.5603729713 -15.7033368157 1.1921591031 -0.5728492066 -0.5455411578 0.4424316226 0.4224723552
1403636895.2516665459 12.5602971251 -15.7033705207 1.1921129045 -0.5729440684 -0.5454725308 0.4424606770 0.4224018963
1403636895.3516664505 12.5601889345 -15.7034687545 1.1921548677 -0.5729264752 -0.5455113135 0.4423871830 0.4224526496
1403636895.4516665936 12.5600945089 -15.7035907972 1.1921774025 -0.5728307213 -0.5456365126 0.4423411322 0.4224690327
1403636895.5516664982 12.5603761993 -15.7034429873 1.1923009026 -0.5728693438 -0.5455959833 0.4423649339 0.4224440828
1403636895.6516664028 12.5603221568 -15.7035233358 1.1921825366 -0.5727919558 -0.5456211284 0.4423542727 0.4225276998
1403636895.7516665459 12.5603105201 -15.7036150136 1.1921957866 -0.5727752703 -0.5455575561 0.4424847569 0.4224957782
1403636895.8516664505 12.5601891707 -15.7035905914 1.1924313166 -0.5727733650 -0.5455767103 0.4424916209 0.4224664377
1403636895.9516665936 12.5603473398 -15.7034756615 1.1924535945 -0.5727168494 -0.5457294905 0.4424839999 0.4223536946
1403636896.0516664982 12.5600806158 -15.7034008052 1.1921490898 -0.5727937979 -0.5458606678 0.4422696692 0.4223043170
1403636896.1516664028 12.5592815221 -15.7028535293 1.1917298090 -0.5733576601 -0.5461808031 0.4419305008 0.4214794852
1403636896.2516665459 12.5590558197 -15.7023352591 1.1914091843 -0.5736000815 -0.5465158139 0.4416195944 0.4210410259
1403636896.3516664505 12.5594988236 -15.7025424186 1.1919816347 -0.5732835451 -0.5463732581 0.4418767103 0.4213872479
1403636896.4516665936 12.5599503404 -15.7027084849 1.1922804961 -0.5730745683 -0.5462593853 0.4419642417 0.4217272012
1403636896.5516664982 12.5601209290 -15.7027679634 1.1923820213 -0.5730505205 -0.5462325265 0.4420412556 0.4217139509
1403636896.6516664028 12.5599214528 -15.7031016272 1.1924128514 -0.5729659032 -0.5462408841 0.4421168374 0.4217388675
1403636896.7516665459 12.5593914737 -15.7023702751 1.1919559713 -0.5735423605 -0.5466672352 0.4416612478 0.4208793612
1403636896.8516664505 12.5597633851 -15.7028375683 1.1923956971 -0.5731560617 -0.5465476345 0.4419562118 0.4212511353
1403636896.9516665936 12.5598871184 -15.7022928362 1.1922934095 -0.5729862212 -0.5469559758 0.4417583562 0.4211597150
1403636897.0516664982 12.5615284230 -15.7028340057 1.1930540728 -0.5719832492 -0.5471402920 0.4423615679 0.4216502185
1403636897.1516664028 12.5671119602 -15.7035572997 1.1939864141 -0.5695092970 -0.5494991915 0.4436137100 0.4206146402
1403636897.2516665459 12.5749544528 -15.7013813680 1.1919438355 -0.5694873153 -0.5507163788 0.4435475203 0.4191196311
1403636897.3516664505 12.5933228381 -15.6878714150 1.1900060081 -0.5724439034 -0.5494107782 0.4410041981 0.4194890601
1403636897.4516665936 12.6299832575 -15.6627096872 1.1853417145 -0.5778794284 -0.5504283111 0.4325878239 0.4194661073
1403636897.5516664982 12.6807286629 -15.6313309754 1.1805404811 -0.5838550954 -0.5525773899 0.4221176788 0.4190323627
1403636897.6516664028 12.7454183702 -15.5946135559 1.1825759376 -0.5906479567 -0.5594700125 0.4064746667 0.4158204442
1403636897.7516665459 12.8163573960 -15.5540095502 1.2082728709 -0.5960288249 -0.5690678348 0.3898166356 0.4110406669
1403636897.8516664505 12.8774787453 -15.5148814178 1.2629527304 -0.5993551128 -0.5759794731 0.3793798865 0.4063151449
1403636897.9516665936 12.9156274263 -15.4797063879 1.3439990668 -0.5980709684 -0.5780289874 0.3781733293 0.4064216277
1403636898.0516664982 12.9292431739 -15.4499637873 1.4177087554 -0.5917383584 -0.5745852422 0.3863259071 0.4128556747
1403636898.1516664028 12.9302903751 -15.4264652389 1.4657877894 -0.5875261628 -0.5725984475 0.3932651065 0.4150741884
1403636898.2516665459 12.9239302000 -15.4067180171 1.5147786709 -0.5844922116 -0.5732722450 0.3965410894 0.4153106694
1403636898.3516664505 12.9119242328 -15.3902432859 1.5765692503 -0.5824598503 -0.5752471354 0.3980036944 0.4140341958
1403636898.4516665936 12.8936231198 -15.3787920165 1.6531012097 -0.5806441446 -0.5772990958 0.3998271723 0.4119664593
1403636898.5516664982 12.8672001898 -15.3706164114 1.7359163248 -0.5793827047 -0.5787863649 0.4019245458 0.4096079647
1403636898.6516664028 12.8331597788 -15.3632131251 1.8149752259 -0.5775923944 -0.5810436077 0.4019443070 0.4089206843
1403636898.7516665459 12.7918971320 -15.3602585702 1.8898883443 -0.5768254724 -0.5826186676 0.4023430712 0.4073670526
1403636898.8516664505 12.7409921167 -15.3598555902 1.9566400260 -0.5768421849 -0.5826700847 0.4044404871 0.4051870661
1403636898.9516665936 12.6807596841 -15.3605945932 2.0161411279 -0.5788821184 -0.5818087190 0.4074487493 0.4004742490
1403636899.0516664982 12.6077000640 -15.3568009045 2.0682271621 -0.5831559899 -0.5772574349 0.4107300980 0.3974968325
1403636899.1516664028 12.5206510884 -15.3378249830 2.1125985464 -0.5882024117 -0.5689558617 0.4097395705 0.4030144349
1403636899.2516665459 12.4240431711 -15.3050065246 2.1542892389 -0.5932875284 -0.5557579374 0.4072920127 0.4162406036
1403636899.3516664505 12.3302815545 -15.2590364434 2.1927736866 -0.6014428018 -0.5383795851 0.4022604603 0.4319728007
1403636899.4516665936 12.2430419975 -15.2025478580 2.2230398028 -0.6131550725 -0.5209904693 0.3929043295 0.4452369883
1403636899.5516664982 12.1758507005 -15.1470780661 2.2512402441 -0.6299670336 -0.5079180572 0.3841633163 0.4444989653
1403636899.6516664028 12.1166276026 -15.0852626524 2.2765258094 -0.6426585876 -0.4990752805 0.3769421115 0.4425250825
1403636899.7516665459 12.0618656333 -15.0106736079 2.2998056487 -0.6505414373 -0.4937881074 0.3700576974 0.4427487369
1403636899.8516664505 12.0067067659 -14.9220210450 2.3135077772 -0.6533068844 -0.4925510851 0.3622022008 0.4465345553
1403636899.9516665936 11.9484899853 -14.8224641436 2.3171584010 -0.6516232830 -0.4918572983 0.3575005481 0.4534940498
1403636900.0516664982 11.8889752186 -14.7198405916 2.3146065133 -0.6476677686 -0.4897635575 0.3575600860 0.4613121547
1403636900.1516664028 11.8280674200 -14.6146435841 2.3227566126 -0.6430180309 -0.4871223104 0.3607156553 0.4681067000
1403636900.2516665459 11.7866454860 -14.5127555852 2.3712269126 -0.6406704165 -0.4881853394 0.3608621886 0.4701010239
1403636900.3516664505 11.7531876254 -14.4159719468 2.4457288525 -0.6418951785 -0.4916744993 0.3594867791 0.4658283183
1403636900.4516665936 11.7312049578 -14.3240657772 2.5452356432 -0.6441229245 -0.4970291338 0.3566493107 0.4592047119
1403636900.5516664982 11.7068439762 -14.2312512604 2.6345898588 -0.6444141947 -0.5008137329 0.3559423864 0.4552152987
1403636900.6516664028 11.6806914189 -14.1372843195 2.7064931782 -0.6453643624 -0.5044285221 0.3549739362 0.4506109303
1403636900.7516665459 11.6478345886 -14.0433922268 2.7528333952 -0.6489397644 -0.5084801027 0.3526147955 0.4427052896
1403636900.8516664505 11.6030896601 -13.9447468860 2.7847727273 -0.6503129553 -0.5077852179 0.3560584757 0.4387135677
1403636900.9516665936 11.5409871195 -13.8357431910 2.7981688722 -0.6507082205 -0.5027775870 0.3650009498 0.4365407386
1403636901.0516664982 11.4726002396 -13.7135277675 2.7927339734 -0.6505982452 -0.4993769791 0.3699774919 0.4364186197
1403636901.1516664028 11.3974849463 -13.5744873166 2.7680935674 -0.6506574998 -0.4971426139 0.3732912963 0.4360592247
1403636901.2516665459 11.3254101317 -13.4046697484 2.7509559277 -0.6495081975 -0.4975114715 0.3729092307 0.4376758421
1403636901.3516664505 11.2485242559 -13.2266567715 2.7485887443 -0.6474365772 -0.4990273473 0.3705672041 0.4409960685
1403636901.4516665936 11.1724657268 -13.0360294048 2.7763524004 -0.6454346549 -0.5010772174 0.3670681858 0.4445184758
1403636901.5516664982 11.0966587655 -12.8330480592 2.8175433465 -0.6431506807 -0.5032465520 0.3634193490 0.4483597736
1403636901.6516664028 11.0180323263 -12.6249523933 2.8387011033 -0.6411044656 -0.5032232984 0.3630692813 0.4515883891
1403636901.7516665459 10.9399256439 -12.4148105127 2.8399720813 -0.6407080051 -0.5016785884 0.3652437738 0.4521159494
1403636901.8516664505 10.8648569049 -12.2099054017 2.8117632718 -0.6403760412 -0.5020167007 0.3645379341 0.4527801373
1403636901.9516665936 10.7945403454 -12.0018724700 2.7646570468 -0.6398995560 -0.5028028887 0.3639304353 0.4530700295
1403636902.0516664982 10.7192017892 -11.7965185822 2.7203566734 -0.6386657526 -0.5039161970 0.3634257612 0.4539782362
1403636902.1516664028 10.6519397623 -11.5945107361 2.6876808536 -0.6374836092 -0.5044909765 0.3634705945 0.4549644268
1403636902.2516665459 10.5884583021 -11.3898185435 2.6867425229 -0.6381586610 -0.5041714054 0.3639915914 0.4539546660
1403636902.3516664505 10.5315011477 -11.1867675141 2.6744484972 -0.6398947418 -0.5025324516 0.3651484275 0.4523963753
1403636902.4516665936 10.4669605390 -10.9868634224 2.6060046056 -0.6416083608 -0.5018131295 0.3634506864 0.4521348172
1403636902.5516664982 10.3986647261 -10.7854172589 2.4895238184 -0.6413654811 -0.5022267950 0.3594186338 0.4552327006
1403636902.6516664028 10.3370278819 -10.5836173504 2.3768089908 -0.6404497075 -0.5034658275 0.3539168673 0.4594444296
1403636902.7516665459 10.2771688237 -10.3803802239 2.2980721976 -0.6402127824 -0.5020652183 0.3525778094 0.4623278038
1403636902.8516664505 10.2087656206 -10.1917927085 2.2469552146 -0.6400146894 -0.5002174267 0.3546812124 0.4629956381
1403636902.9516665936 10.1505267835 -10.0123414197 2.2313829310 -0.6382181632 -0.4996177108 0.3576621681 0.4638291633
1403636903.0516664982 10.0902665092 -9.8387430814 2.2500239610 -0.6383326470 -0.5006168906 0.3586012685 0.4618650136
1403636903.1516664028 10.0352724175 -9.6711835500 2.2975635685 -0.6382931582 -0.5022985489 0.3594177755 0.4594527991
1403636903.2516665459 9.9897240030 -9.5117348903 2.3749563882 -0.6384094835 -0.5043293730 0.3596662536 0.4568647513
1403636903.3516664505 9.9376689899 -9.3519366536 2.4707512008 -0.6377097413 -0.5072920157 0.3578876524 0.4559578105
1403636903.4516665936 9.8901147457 -9.2008753104 2.5458787370 -0.6364855203 -0.5101919731 0.3557621969 0.4560960341
1403636903.5516664982 9.8379936924 -9.0482660430 2.5927958389 -0.6355607409 -0.5110272561 0.3560148001 0.4562533838
1403636903.6516664028 9.7894375296 -8.9003652828 2.6116489764 -0.6375584861 -0.5118240678 0.3560591270 0.4525231470
1403636903.7516665459 9.7241928599 -8.7613359380 2.6050041766 -0.6410233888 -0.5123287378 0.3562589766 0.4468644325
1403636903.8516664505 9.6639806704 -8.6188748764 2.6086092727 -0.6446323651 -0.5104464513 0.3597177518 0.4410177697
1403636903.9516665936 9.5928985208 -8.4691778974 2.6378860937 -0.6449286255 -0.5078232926 0.3637790827 0.4402809904
1403636904.0516664982 9.5189882646 -8.3130760628 2.6906431874 -0.6440464162 -0.5048634280 0.3678470174 0.4415945025
1403636904.1516664028 9.4380502590 -8.1412706736 2.7767013975 -0.6448009101 -0.5031380785 0.3699407630 0.4407127094
1403636904.2516665459 9.3541905398 -7.9620528403 2.8880129156 -0.6445516580 -0.5014824115 0.3712650492 0.4418493118
1403636904.3516664505 9.2739416855 -7.7671467321 2.9977018428 -0.6442536461 -0.5002985531 0.3719500713 0.4430482385
1403636904.4516665936 9.1918400044 -7.5547834960 3.0903101728 -0.6428919927 -0.5009667796 0.3694614855 0.4463411052
1403636904.5516664982 9.1159548829 -7.3463434354 3.1541296684 -0.6427215529 -0.5010979725 0.3673622856 0.4481682480
1403636904.6516664028 9.0398402865 -7.1264816305 3.2017449553 -0.6420655873 -0.5023367915 0.3637296281 0.4506775867
1403636904.7516665459 8.9684500159 -6.9126089654 3.2372170129 -0.6415668117 -0.5025754484 0.3608982650 0.4533898842
1403636904.8516664505 8.8969918463 -6.6973819565 3.2682069616 -0.6412569589 -0.5031603011 0.3576782618 0.4557252298
1403636904.9516665936 8.8250437813 -6.4851159551 3.2847613459 -0.6410250095 -0.5042756960 0.3536398360 0.4579648742
1403636905.0516664982 8.7461193194 -6.2728532591 3.2796500795 -0.6415568814 -0.5031081154 0.3526702193 0.4592501591
1403636905.1516664028 8.6803562303 -6.0675810053 3.2746647336 -0.6411300338 -0.5020298457 0.3511423571 0.4621875797
1403636905.2516665459 8.6009518963 -5.8723561912 3.3007666979 -0.6415884193 -0.5025385345 0.3478705784 0.4634710155
1403636905.3516664505 8.5432681402 -5.6810246509 3.3375476589 -0.6435244832 -0.5028137260 0.3451174468 0.4625457213
1403636905.4516665936 8.4587055644 -5.5081140619 3.3978731425 -0.6434626647 -0.5057858499 0.3422542539 0.4615176042
1403636905.5516664982 8.3784302651 -5.3484576012 3.4736354536 -0.6397320599 -0.5113008025 0.3422067076 0.4606614269
1403636905.6516664028 8.2851573118 -5.2041262622 3.5324292462 -0.6368450912 -0.5153653673 0.3435061362 0.4591627188
1403636905.7516665459 8.1908322552 -5.0667830027 3.5620824994 -0.6361832135 -0.5166633859 0.3477395049 0.4554196980
1403636905.8516664505 8.0778016333 -4.9428380378 3.5553072010 -0.6360674990 -0.5176118861 0.3506317114 0.4522758838
1403636905.9516665936 7.9604146973 -4.8257460223 3.5250031913 -0.6366725076 -0.5193051230 0.3518338762 0.4485345369
1403636906.0516664982 7.8309964061 -4.7191724345 3.4779172532 -0.6369852113 -0.5232663742 0.3489814403 0.4457062897
1403636906.1516664028 7.7006431583 -4.6055180267 3.4271844428 -0.6364719719 -0.5253728218 0.3487208632 0.4441627930
1403636906.2516665459 7.5498371552 -4.5072004161 3.4142907264 -0.6334208193 -0.5236908398 0.3531331204 0.4470156253
1403636906.3516664505 7.3885298039 -4.4134630840 3.4227043913 -0.6305290230 -0.5187943050 0.3609379647 0.4505656510
1403636906.4516665936 7.2216632185 -4.3251393141 3.4643269874 -0.6324703467 -0.5124494346 0.3701423555 0.4476287235
1403636906.5516664982 7.0681819725 -4.2319540971 3.5088773967 -0.6375449900 -0.5074130260 0.3770787106 0.4403181267
1403636906.6516664028 6.9105368911 -4.1328769169 3.5239115879 -0.6398468873 -0.5083994172 0.3751275593 0.4374989231
1403636906.7516665459 6.7560581474 -4.0106347832 3.5256263393 -0.6359101379 -0.5122700968 0.3695716811 0.4434122428
1403636906.8516664505 6.6015288083 -3.8970605851 3.4973697289 -0.6330717573 -0.5162345230 0.3644541467 0.4470964575
1403636906.9516665936 6.4502740816 -3.7720650562 3.4783789622 -0.6307377909 -0.5197207063 0.3614734043 0.4487729990
1403636907.0516664982 6.2915923790 -3.6604850830 3.4769783608 -0.6291544819 -0.5217118959 0.3610818442 0.4490002643
1403636907.1516664028 6.1341461311 -3.5491812300 3.4944294222 -0.6292545724 -0.5247015937 0.3587634612 0.4472311478
1403636907.2516665459 5.9707465620 -3.4474809349 3.4818323377 -0.6317267162 -0.5271005899 0.3571622747 0.4421780566
1403636907.3516664505 5.7940583245 -3.3461080626 3.4580416745 -0.6337492417 -0.5277912258 0.3583701769 0.4374575829
1403636907.4516665936 5.6087762011 -3.2463854015 3.4488945927 -0.6362973409 -0.5264152717 0.3616956225 0.4326533627
1403636907.5516664982 5.4118454755 -3.1393510823 3.4650719972 -0.6392150867 -0.5228279746 0.3674812607 0.4277996084
1403636907.6516664028 5.2024180638 -3.0251832815 3.5135346568 -0.6397611312 -0.5210880756 0.3702903221 0.4266825398
1403636907.7516665459 4.9880849607 -2.8917586152 3.5938090456 -0.6402777030 -0.5200107443 0.3720745322 0.4256686873
1403636907.8516664505 4.7575214685 -2.7436590538 3.6848327162 -0.6408845662 -0.5186599757 0.3738431646 0.4248530225
1403636907.9516665936 4.5312594852 -2.5841747119 3.7234714887 -0.6370117993 -0.5189313571 0.3741146248 0.4300749489
1403636908.0516664982 4.2900463344 -2.4145532559 3.7176996665 -0.6304609855 -0.5221824133 0.3708893950 0.4385037396
1403636908.1516664028 4.0583862915 -2.2334496366 3.7153658882 -0.6259300153 -0.5236698754 0.3714853040 0.4426964495
1403636908.2516665459 3.8241222328 -2.0609191092 3.7377281645 -0.6225233941 -0.5252507637 0.3723531814 0.4448925345
1403636908.3516664505 3.5939207493 -1.8893872148 3.7496153573 -0.6209894236 -0.5272897396 0.3724722880 0.4445245335
1403636908.4516665936 3.3683601545 -1.7202163727 3.7403347002 -0.6206629274 -0.5289710637 0.3732233295 0.4423477034
1403636908.5516664982 3.1392314331 -1.5605510552 3.7114333985 -0.6202477242 -0.5308692527 0.3734880863 0.4404284807
1403636908.6516664028 2.9117595409 -1.3994611241 3.6877713180 -0.6191981002 -0.5331682176 0.3734231696 0.4391816262
1403636908.7516665459 2.6854248098 -1.2383931096 3.6979596353 -0.6209035115 -0.5352005021 0.3727836644 0.4348236325
1403636908.8516664505 2.4619306238 -1.0823469837 3.7392139987 -0.6237964354 -0.5363237082 0.3728663015 0.4291918084
1403636908.9516665936 2.2184049167 -0.9298436389 3.8082503509 -0.6251222648 -0.5377725229 0.3719864241 0.4262029658
1403636909.0516664982 1.9588676575 -0.7629097854 3.8918708800 -0.6259945597 -0.5366706956 0.3738054730 0.4247173696
1403636909.1516664028 1.6961754296 -0.5973249603 3.9739597464 -0.6274036704 -0.5355582152 0.3751662261 0.4228384269
1403636909.2516665459 1.4249737206 -0.4283137138 4.0285277936 -0.6280364539 -0.5356188317 0.3742395631 0.4226433829
1403636909.3516664505 1.1482706701 -0.2489090947 4.0664057890 -0.6282189269 -0.5346434233 0.3743374624 0.4235196029
1403636909.4516665936 0.8619864015 -0.0627262941 4.0695535454 -0.6261807316 -0.5336274035 0.3741806142 0.4279349875
1403636909.5516664982 0.5694088720 0.1286386292 4.0626935605 -0.6244358028 -0.5321867709 0.3748718178 0.4316576065
1403636909.6516664028 0.2730451903 0.3210957635 4.0366885339 -0.6257856466 -0.5282941575 0.3785722494 0.4312547503
1403636909.7516665459 -0.0263447764 0.5167497155 3.9881401627 -0.6235780795 -0.5246399791 0.3816814551 0.4361450883
1403636909.8516664505 -0.3184786597 0.7165715535 3.9091150100 -0.6162440812 -0.5265468308 0.3773678045 0.4478673995
1403636909.9516665936 -0.6096132918 0.9103041394 3.8041388101 -0.6076662191 -0.5314961626 0.3690282185 0.4605125072
1403636910.0516664982 -0.8857749691 1.0917305026 3.7007552438 -0.6019534076 -0.5322782648 0.3671873435 0.4685140324
1403636910.1516664028 -1.1543334863 1.2394755498 3.6020554640 -0.6060881648 -0.5305279715 0.3709907505 0.4621288468
1403636910.2516665459 -1.3949488227 1.3742383596 3.5356159821 -0.6128384493 -0.5304829126 0.3726826001 0.4518014985
1403636910.3516664505 -1.6319484478 1.5070720399 3.4844571238 -0.6172973146 -0.5309130491 0.3735678501 0.4444349457
1403636910.4516665936 -1.8625095950 1.6308215675 3.4789192455 -0.6178814256 -0.5326123814 0.3730025736 0.4420584521
1403636910.5516664982 -2.0978181796 1.7396875933 3.5003497494 -0.6175303449 -0.5342052795 0.3725735463 0.4409874659
1403636910.6516664028 -2.3357922641 1.8503971646 3.4900188726 -0.6169614016 -0.5352172365 0.3720223792 0.4410220948
1403636910.7516665459 -2.5749769571 1.9564745530 3.4583942328 -0.6170577611 -0.5352354187 0.3727361534 0.4402618834
1403636910.8516664505 -2.8131232218 2.0571341957 3.4094442099 -0.6180585718 -0.5348639091 0.3736138868 0.4385622695
1403636910.9516665936 -3.0555129869 2.1543991610 3.3351840212 -0.6184420175 -0.5319673615 0.3779009815 0.4378710376
1403636911.0516664982 -3.2994832779 2.2547531704 3.2845135898 -0.6130119692 -0.5239847084 0.3891428625 0.4452237454
1403636911.1516664028 -3.5210483578 2.3570963286 3.2577770275 -0.6116036139 -0.5231607804 0.3904743261 0.4469604210
1403636911.2516665459 -3.7203740034 2.4661069177 3.2509685982 -0.6148883625 -0.5285383903 0.3833348432 0.4422825676
1403636911.3516664505 -3.9238998564 2.5630432064 3.2583462640 -0.6161982488 -0.5327410076 0.3767446958 0.4410784184
1403636911.4516665936 -4.1183959931 2.6619799590 3.3055572884 -0.6159127326 -0.5333444775 0.3752888323 0.4419880841
1403636911.5516664982 -4.3179268146 2.7680951754 3.3691637421 -0.6161493789 -0.5341215304 0.3741250530 0.4417064391
1403636911.6516664028 -4.5166881032 2.8605801132 3.4071173570 -0.6163221965 -0.5339967963 0.3736002188 0.4420602313
1403636911.7516665459 -4.7119224693 2.9510011801 3.4329743977 -0.6172217980 -0.5330073284 0.3746386302 0.4411194132
1403636911.8516664505 -4.9055623126 3.0407426146 3.4392187736 -0.6207078070 -0.5295390558 0.3791281564 0.4365455849
1403636911.9516665936 -5.1009836699 3.1337503719 3.4174410568 -0.6270907557 -0.5262342974 0.3827095375 0.4282149674
1403636912.0516664982 -5.3019134727 3.2352757064 3.3731403147 -0.6267594092 -0.5272758663 0.3801142912 0.4297277388
1403636912.1516664028 -5.4972281358 3.3491832519 3.3279152075 -0.6261177887 -0.5269607639 0.3799715114 0.4311734206
1403636912.2516665459 -5.7015698944 3.4822529171 3.3086344455 -0.6236958821 -0.5279354950 0.3784697274 0.4347967631
1403636912.3516664505 -5.8962926326 3.5979400806 3.3047817362 -0.6221211062 -0.5284213918 0.3767365266 0.4379563351
1403636912.4516665936 -6.1026950096 3.7231871272 3.3179283951 -0.6234948339 -0.5267480212 0.3782594054 0.4367041749
1403636912.5516664982 -6.3169390021 3.8426751156 3.3099012419 -0.6256294673 -0.5242065593 0.3803392063 0.4348992308
1403636912.6516664028 -6.5161878503 3.9829095042 3.2792332929 -0.6276415013 -0.5215749694 0.3828901017 0.4329213175
1403636912.7516665459 -6.7131374592 4.1294902674 3.2297842031 -0.6306766050 -0.5179931605 0.3869471260 0.4291876364
1403636912.8516664505 -6.8999483436 4.2872879049 3.1655565474 -0.6309240176 -0.5169682928 0.3877237537 0.4293587766
1403636912.9516665936 -7.1003392452 4.4646129750 3.0871942701 -0.6272211969 -0.5181823023 0.3856051091 0.4351888919
1403636913.0516664982 -7.2858884014 4.6552099727 2.9886834019 -0.6222649404 -0.5191960018 0.3838582140 0.4425773686
1403636913.1516664028 -7.4710220015 4.8470703115 2.8936965092 -0.6183974858 -0.5200254735 0.3829164316 0.4478091813
1403636913.2516665459 -7.6322725787 5.0393934084 2.8255997416 -0.6166000869 -0.5203077136 0.3827777796 0.4500726468
1403636913.3516664505 -7.7942232733 5.2181541262 2.7882168885 -0.6190241296 -0.5212236283 0.3817994229 0.4465022474
1403636913.4516665936 -7.9265476818 5.4004577400 2.7824889704 -0.6236249027 -0.5204013754 0.3838196308 0.4392685742
1403636913.5516664982 -8.0724160501 5.5964437413 2.7785535162 -0.6246704261 -0.5210304990 0.3821760063 0.4384695862
1403636913.6516664028 -8.2046397677 5.7868706108 2.7450528024 -0.6241857203 -0.5224588882 0.3790966206 0.4401302636
1403636913.7516665459 -8.3405856287 5.9883456583 2.6993789224 -0.6230473575 -0.5234097922 0.3771878600 0.4422482312
1403636913.8516664505 -8.4721453204 6.1832825390 2.6623725832 -0.6225387271 -0.5237498624 0.3762041639 0.4433982882
1403636913.9516665936 -8.5932038529 6.3864837385 2.6430885214 -0.6210690177 -0.5240337294 0.3767171585 0.4446865280
1403636914.0516664982 -8.7181146710 6.5794203037 2.6562196951 -0.6214355406 -0.5239927281 0.3768305381 0.4441263732
1403636914.1516664028 -8.8366993636 6.7740582377 2.6875653153 -0.6229613539 -0.5216775651 0.3801562220 0.4418743220
1403636914.2516665459 -8.9513141947 6.9779975289 2.6945406637 -0.6233937275 -0.5210230119 0.3801337530 0.4420561180
1403636914.3516664505 -9.0609708436 7.1751165114 2.6926404236 -0.6224875390 -0.5226746151 0.3777847004 0.4433951180
1403636914.4516665936 -9.1799470153 7.3702856587 2.6769089709 -0.6209851350 -0.5241636937 0.3750613857 0.4460480257
1403636914.5516664982 -9.2830209996 7.5635052009 2.6900270235 -0.6203179938 -0.5249865617 0.3732925384 0.4474900863
1403636914.6516664028 -9.3871482004 7.7585334195 2.7366179438 -0.6192217901 -0.5246936992 0.3732836591 0.4493553233
1403636914.7516665459 -9.4870846832 7.9422725301 2.8011789735 -0.6189368798 -0.5240755576 0.3730666424 0.4506475664
1403636914.8516664505 -9.5738944915 8.1252439126 2.8548271069 -0.6191211261 -0.5237856652 0.3725952147 0.4511212854
1403636914.9516665936 -9.6619265923 8.2912026677 2.8855723901 -0.6209653002 -0.5244265257 0.3702092104 0.4498044637
1403636915.0516664982 -9.7521637001 8.4638239435 2.8913287324 -0.6229410368 -0.5252773263 0.3681157125 0.4477934986
1403636915.1516664028 -9.8413029329 8.6165849421 2.8822991105 -0.6245622849 -0.5259116881 0.3658958051 0.4466084509
1403636915.2516665459 -9.9309327083 8.7716060332 2.8522369896 -0.6277377973 -0.5281394596 0.3621187150 0.4425878504
1403636915.3516664505 -10.0205213348 8.9143497113 2.7950221798 -0.6314566813 -0.5314199496 0.3569259085 0.4375605017
1403636915.4516665936 -10.1372722152 9.0707372146 2.7396035819 -0.6323633917 -0.5322948007 0.3561059707 0.4358524103
1403636915.5516664982 -10.2669712922 9.2095698367 2.7109481562 -0.6314686886 -0.5251802991 0.3662936810 0.4373349838
1403636915.6516664028 -10.4144259058 9.3470641632 2.7154941346 -0.6312707605 -0.5177321965 0.3771973666 0.4372330572
1403636915.7516665459 -10.5474581098 9.4890708309 2.7404054294 -0.6303201749 -0.5138347761 0.3827548261 0.4383708967
1403636915.8516664505 -10.6721050238 9.6652787998 2.7972496040 -0.6297074391 -0.5132127701 0.3847658043 0.4382196590
1403636915.9516665936 -10.7896493256 9.8436337032 2.8678036523 -0.6280915585 -0.5144752797 0.3837087321 0.4399815788
1403636916.0516664982 -10.9050193116 10.0287988960 2.9284584992 -0.6239575026 -0.5189011777 0.3777582763 0.4457771723
1403636916.1516664028 -11.0171076166 10.2127184924 2.9677001624 -0.6202354935 -0.5236341604 0.3720929383 0.4501800128
1403636916.2516665459 -11.1159403761 10.3818560338 2.9969809680 -0.6197615236 -0.5245910860 0.3712606070 0.4504058259
1403636916.3516664505 -11.2180125005 10.5576278160 3.0477776939 -0.6202239988 -0.5244952928 0.3724133183 0.4489267195
1403636916.4516665936 -11.3029384558 10.7311678736 3.1066729291 -0.6199779027 -0.5246711851 0.3681062941 0.4525983914
1403636916.5516664982 -11.3929836296 10.9024144402 3.1510523411 -0.6250850321 -0.5185446892 0.3616361728 0.4578202555
1403636916.6516664028 -11.4859493457 11.0635810893 3.1775172948 -0.6323132972 -0.5101251647 0.3539287404 0.4633429153
1403636916.7516665459 -11.5849982430 11.2078236429 3.1843132267 -0.6379826869 -0.5023934542 0.3486375211 0.4680072512
1403636916.8516664505 -11.6755710065 11.3414643548 3.1677116597 -0.6428780515 -0.4960173182 0.3454169624 0.4704909702
1403636916.9516665936 -11.7666263284 11.4590738379 3.1274619956 -0.6449892599 -0.4924905407 0.3416653445 0.4740323979
1403636917.0516664982 -11.8522285830 11.5644952110 3.0765086420 -0.6476798572 -0.4892348468 0.3408519767 0.4743205638
1403636917.1516664028 -11.9485304880 11.6630794786 3.0088128205 -0.6506267991 -0.4857199596 0.3421863874 0.4729369571
1403636917.2516665459 -12.0437879762 11.7676328152 2.9192823230 -0.6549682636 -0.4798521649 0.3408122422 0.4739256156
1403636917.3516664505 -12.1255283422 11.8586982392 2.8133920342 -0.6611891632 -0.4699952356 0.3338285544 0.4800956835
1403636917.4516665936 -12.2072225233 11.9535814128 2.6867800942 -0.6702397910 -0.4555042124 0.3237926655 0.4883163369
1403636917.5516664982 -12.2779491374 12.0403515782 2.5573495639 -0.6786845387 -0.4434786585 0.3144388188 0.4938038130
1403636917.6516664028 -12.3515616792 12.1165675838 2.4523800777 -0.6848895148 -0.4326530269 0.3094194098 0.4979933129
1403636917.7516665459 -12.4175839239 12.1916145203 2.3739566209 -0.6894560896 -0.4245798444 0.3050751233 0.5013097100
1403636917.8516664505 -12.4744356123 12.2512517374 2.3265121986 -0.6924876092 -0.4187241961 0.2997881883 0.5052306413
1403636917.9516665936 -12.5241664427 12.2997267583 2.3105914020 -0.6944670011 -0.4148270295 0.2960257743 0.5079398201
1403636918.0516664982 -12.5661559656 12.3327391948 2.2924381983 -0.6970756607 -0.4128827903 0.2924734566 0.5080084663
1403636918.1516664028 -12.6110960611 12.3656054555 2.2503742924 -0.6979292784 -0.4136028736 0.2885522553 0.5084928526
1403636918.2516665459 -12.6472277340 12.3822289752 2.2082969346 -0.6980566251 -0.4156667498 0.2850062741 0.5086349624
1403636918.3516664505 -12.6933554907 12.3842862166 2.1969502867 -0.6992435749 -0.4184896797 0.2815131588 0.5066311799
1403636918.4516665936 -12.7300144288 12.3764541362 2.2046220165 -0.7048977882 -0.4233253354 0.2762644162 0.4975869181
1403636918.5516664982 -12.7858497395 12.3661168210 2.2544534431 -0.7073847336 -0.4263536900 0.2739992137 0.4927005182
1403636918.6516664028 -12.8632244997 12.3517531649 2.3367704484 -0.7063690225 -0.4283009292 0.2745255976 0.4921755930
1403636918.7516665459 -12.9610841556 12.3300100116 2.4571177243 -0.7056864006 -0.4251605581 0.2824591434 0.4913878673
1403636918.8516664505 -13.0774882432 12.3055898945 2.6041553462 -0.7069961961 -0.4147527459 0.2993408932 0.4883969371
1403636918.9516665936 -13.1983513013 12.2987156441 2.7584678238 -0.7076447158 -0.4029417894 0.3104994557 0.4903743045
1403636919.0516664982 -13.3051585125 12.3156595154 2.9228748183 -0.7103831877 -0.3923353153 0.3149936783 0.4921460247
1403636919.1516664028 -13.3860115522 12.3503178670 3.0847683386 -0.7123404321 -0.3858843775 0.3151468948 0.4943144654
1403636919.2516665459 -13.4428815867 12.3979227498 3.2448881199 -0.7135005825 -0.3822632231 0.3125692422 0.4970837112
1403636919.3516664505 -13.4859290535 12.4697366820 3.3960446488 -0.7142258611 -0.3788470482 0.3092026594 0.5007494871
1403636919.4516665936 -13.5053181481 12.5575880093 3.5349226017 -0.7142894394 -0.3788662689 0.3011238506 0.5055446308
1403636919.5516664982 -13.5069972084 12.6511272864 3.6354469860 -0.7116607295 -0.3823900859 0.2902963181 0.5128790072
1403636919.6516664028 -13.5032210360 12.7399943861 3.7175490649 -0.7093599491 -0.3842923974 0.2831791316 0.5185917425
1403636919.7516665459 -13.4862285637 12.8253254458 3.7737020598 -0.7090030378 -0.3843924801 0.2810548884 0.5201588829
1403636919.8516664505 -13.4734447609 12.9023604445 3.8123240775 -0.7090433400 -0.3826012986 0.2825744226 0.5206010795
1403636919.9516665936 -13.4440755378 12.9695641263 3.8192984554 -0.7094826099 -0.3799422933 0.2859014141 0.5201333112
1403636920.0516664982 -13.4090495027 13.0223609057 3.8025690935 -0.7099591488 -0.3765205637 0.2913591708 0.5189413317
1403636920.1516664028 -13.3460025777 13.0812608362 3.7671087492 -0.7107233896 -0.3733686039 0.2971808274 0.5168672023
1403636920.2516665459 -13.2679603396 13.1448816233 3.7130624042 -0.7104142939 -0.3734907302 0.2986620666 0.5163498576
1403636920.3516664505 -13.1676444680 13.2121698507 3.6384308364 -0.7065830324 -0.3798421746 0.2908030577 0.5214344852
1403636920.4516665936 -13.0643934575 13.2650261313 3.5575952999 -0.7048026851 -0.3854813940 0.2834482767 0.5237502691
1403636920.5516664982 -12.9467322317 13.3069020291 3.5134208275 -0.7060460903 -0.3893349381 0.2786127403 0.5218162178
1403636920.6516664028 -12.8138164856 13.3463452098 3.4947342567 -0.7094430028 -0.3918581154 0.2755474217 0.5169250057
1403636920.7516665459 -12.6873109078 13.3749609149 3.5140624913 -0.7130062014 -0.3940179190 0.2722280082 0.5121171232
1403636920.8516664505 -12.5627708233 13.3867475825 3.5569554979 -0.7165044491 -0.3946762148 0.2701281279 0.5078216758
1403636920.9516665936 -12.4440439456 13.4072032944 3.6314320811 -0.7178453893 -0.3947209531 0.2692608457 0.5063516201
1403636921.0516664982 -12.3384758864 13.4159150783 3.6979563842 -0.7182927263 -0.3943252571 0.2687954400 0.5062728143
1403636921.1516664028 -12.2483758245 13.4288491563 3.7443461118 -0.7180318465 -0.3933498652 0.2689369431 0.5073254099
1403636921.2516665459 -12.1610888930 13.4362401194 3.7688223845 -0.7144715854 -0.3909299232 0.2716702265 0.5127372006
1403636921.3516664505 -12.0775633466 13.4334844310 3.7712333956 -0.7105984133 -0.3865486788 0.2767328113 0.5186993013
1403636921.4516665936 -11.9823726069 13.4308545843 3.7537317297 -0.7100094509 -0.3811753381 0.2837694716 0.5196795437
1403636921.5516664982 -11.8853650978 13.4354580594 3.7180585478 -0.7135818490 -0.3777093399 0.2887576727 0.5145440756
1403636921.6516664028 -11.7672972279 13.4248324934 3.6594825554 -0.7205308395 -0.3775352727 0.2882356837 0.5051956233
1403636921.7516665459 -11.6416407352 13.4190115052 3.5728894681 -0.7301327064 -0.3829783338 0.2795694211 0.4920109406
1403636921.8516664505 -11.5408414058 13.4275631924 3.4878452494 -0.7328392570 -0.3875633083 0.2712848785 0.4890253779
1403636921.9516665936 -11.4509518680 13.4614063560 3.4117755677 -0.7293852552 -0.3869919368 0.2696126009 0.4955233957
1403636922.0516664982 -11.3734989395 13.4996535958 3.3257700767 -0.7233070865 -0.3837274016 0.2681716054 0.5076062746
1403636922.1516664028 -11.2907825052 13.5473501206 3.2521870997 -0.7202572108 -0.3791185887 0.2669445124 0.5159837917
1403636922.2516665459 -11.2029611213 13.5902878837 3.1935339830 -0.7228485306 -0.3772735788 0.2614438563 0.5165285651
1403636922.3516664505 -11.1333565594 13.6176303694 3.1709806872 -0.7277009711 -0.3765274117 0.2550210688 0.5134614488
1403636922.4516665936 -11.0604134658 13.6452568859 3.1451711322 -0.7331121061 -0.3752781172 0.2489007023 0.5096679459
1403636922.5516664982 -11.0105759770 13.6721778354 3.0938661581 -0.7393844620 -0.3697671313 0.2415812864 0.5081548663
1403636922.6516664028 -10.9680031390 13.7126742176 3.0428214993 -0.7423784383 -0.3605436776 0.2372879127 0.5124226355
1403636922.7516665459 -10.9431161708 13.7436774807 2.9784325115 -0.7378891227 -0.3509093963 0.2369297431 0.5255916048
1403636922.8516664505 -10.9190993831 13.7726215196 2.9357889255 -0.7365987808 -0.3382335792 0.2443332207 0.5322795875
1403636922.9516665936 -10.9154435969 13.7781975469 2.9111450181 -0.7367280551 -0.3275437939 0.2515303562 0.5354244258
1403636923.0516664982 -10.8818337229 13.7805863048 2.9051208060 -0.7389897261 -0.3202794015 0.2552012391 0.5349650616
1403636923.1516664028 -10.8278412601 13.7913911425 2.8870452871 -0.7421487777 -0.3148294020 0.2507160634 0.5359469143
1403636923.2516665459 -10.7611387990 13.8039494195 2.8417394375 -0.7486314087 -0.3101308784 0.2389097871 0.5350625812
1403636923.3516664505 -10.6616888550 13.8242606806 2.7638437383 -0.7552656507 -0.3088226152 0.2238318186 0.5330119194
1403636923.4516665936 -10.5833171535 13.8422005010 2.6899197238 -0.7631252203 -0.3076012899 0.2122745318 0.5272199424
1403636923.5516664982 -10.5157966501 13.8574396099 2.5989675581 -0.7714412909 -0.3073163066 0.2035273142 0.5186633348
1403636923.6516664028 -10.4605005021 13.8890132473 2.5420048862 -0.7767579076 -0.3068267302 0.1983715758 0.5129846280
1403636923.7516665459 -10.4356905637 13.9262914699 2.5308208817 -0.7783061475 -0.3066711288 0.1948594128 0.5120763310
1403636923.8516664505 -10.4270737146 13.9794440342 2.5453898346 -0.7771626585 -0.3073307211 0.1923654455 0.5143554856
1403636923.9516665936 -10.4310173650 14.0512493910 2.5540859004 -0.7776874242 -0.3076302318 0.1917783655 0.5136019561
1403636924.0516664982 -10.4598605554 14.1451713147 2.5321951194 -0.7768674721 -0.3088245058 0.1915574441 0.5142082273
1403636924.1516664028 -10.5173160797 14.2298523314 2.4962439751 -0.7749656491 -0.3096162879 0.1918860139 0.5164743505
1403636924.2516665459 -10.6036136842 14.3316272846 2.4595424223 -0.7738807370 -0.3110453308 0.1914601809 0.5173996581
1403636924.3516664505 -10.7027431128 14.4366305581 2.4262409854 -0.7732139243 -0.3087945772 0.1960168661 0.5180381497
1403636924.4516665936 -10.8336616275 14.5545258670 2.4379175886 -0.7722699102 -0.3024631019 0.2062389256 0.5192116748
1403636924.5516664982 -10.9683601439 14.6823374884 2.4825630175 -0.7691710046 -0.2959751597 0.2165854706 0.5233215116
1403636924.6516664028 -11.0931257957 14.8288853738 2.5166448182 -0.7667938500 -0.2894326470 0.2276802292 0.5257543606
1403636924.7516665459 -11.2038712369 14.9857072675 2.5400617439 -0.7635860276 -0.2855945434 0.2361407288 0.5287813267
1403636924.8516664505 -11.2980336349 15.1478468578 2.5423901684 -0.7600236135 -0.2821900773 0.2435801510 0.5323547476
1403636924.9516665936 -11.3727707909 15.3259968436 2.5013760411 -0.7592683206 -0.2779668065 0.2435998406 0.5356353139
1403636925.0516664982 -11.4149003471 15.5138392144 2.4313125351 -0.7621516307 -0.2746757881 0.2341948576 0.5374298764
1403636925.1516664028 -11.4349506484 15.6862723748 2.3263789184 -0.7637395158 -0.2768565066 0.2187476538 0.5405570189
1403636925.2516665459 -11.4438268641 15.8769210727 2.2076061294 -0.7663545296 -0.2816659149 0.2023599333 0.5407545698
1403636925.3516664505 -11.4519370733 16.0568010820 2.0759510215 -0.7729028816 -0.2857960346 0.1892079247 0.5339870069
1403636925.4516665936 -11.4745429579 16.2431563339 1.9433915005 -0.7802513555 -0.2879053974 0.1804667278 0.5251190956
1403636925.5516664982 -11.5194023529 16.4349790536 1.8228334009 -0.7859707107 -0.2888724043 0.1746203070 0.5179869925
1403636925.6516664028 -11.5901540092 16.6336518554 1.7349642416 -0.7911795964 -0.2888208712 0.1714432293 0.5111013302
1403636925.7516665459 -11.6911441328 16.8586041386 1.6894833535 -0.7929815585 -0.2898992885 0.1678097591 0.5088993370
1403636925.8516664505 -11.8122068322 17.0989207745 1.6806063879 -0.7906844221 -0.2894253421 0.1678811276 0.5127056104
1403636925.9516665936 -11.9704739988 17.3537375256 1.7092200728 -0.7819518139 -0.2863062753 0.1726601202 0.5260879778
1403636926.0516664982 -12.1473312029 17.6137255165 1.7392934158 -0.7707780177 -0.2808921138 0.1809541596 0.5424541086
1403636926.1516664028 -12.3367635460 17.8626827568 1.7470130030 -0.7635758273 -0.2736364232 0.1922522740 0.5523713670
1403636926.2516665459 -12.5225225984 18.0906348628 1.7232147356 -0.7605384517 -0.2671302900 0.2029532545 0.5559070500
1403636926.3516664505 -12.6934300975 18.3060110366 1.6745311711 -0.7595070773 -0.2624599503 0.2117758837 0.5562506172
1403636926.4516665936 -12.8280183265 18.5150230570 1.5926341235 -0.7591731575 -0.2607858123 0.2172957152 0.5553642491
1403636926.5516664982 -12.9510191801 18.7198449151 1.4980541157 -0.7601716865 -0.2631792404 0.2170824777 0.5529474589
1403636926.6516664028 -13.0470788372 18.9074037323 1.4246490330 -0.7606260683 -0.2683868084 0.2119633617 0.5518043481
1403636926.7516665459 -13.1254417403 19.0854122462 1.3851972853 -0.7638897348 -0.2710264259 0.2077421976 0.5475950409
1403636926.8516664505 -13.1766236634 19.2646379416 1.3787446660 -0.7703667155 -0.2655871533 0.2052544762 0.5420970279
1403636926.9516665936 -13.2219339807 19.4512170250 1.4001331531 -0.7772994016 -0.2537191880 0.2017765790 0.5391831100
1403636927.0516664982 -13.2568985220 19.6391222646 1.3953644003 -0.7823507889 -0.2386686486 0.1937899958 0.5416732934
1403636927.1516664028 -13.2745644088 19.8382680328 1.3699665435 -0.7875462303 -0.2220856785 0.1821657417 0.5452197072
1403636927.2516665459 -13.2779307620 20.0377686898 1.3114105639 -0.7925584218 -0.2034003873 0.1676802729 0.5498752190
1403636927.3516664505 -13.2589387926 20.2561738539 1.2411614323 -0.7977542153 -0.1893237890 0.1508549507 0.5522567327
1403636927.4516665936 -13.2493915205 20.4525290702 1.1439129254 -0.8064493225 -0.1831413529 0.1325690263 0.5463736710
1403636927.5516664982 -13.2446692711 20.6596144416 1.0396816794 -0.8158164893 -0.1792142392 0.1191108405 0.5367851711
1403636927.6516664028 -13.2425351726 20.8884363844 0.9590929239 -0.8215471246 -0.1759386951 0.1100825912 0.5310251602
1403636927.7516665459 -13.2642620626 21.1210144319 0.9142093724 -0.8244048044 -0.1732550280 0.1051055570 0.5284810645
1403636927.8516664505 -13.2877058474 21.3926068645 0.9094229106 -0.8248346779 -0.1706319662 0.1048259172 0.5287192197
1403636927.9516665936 -13.3490605493 21.6801116121 0.9029848999 -0.8238083182 -0.1690511256 0.1048587306 0.5308165582
1403636928.0516664982 -13.4118542765 21.9916484423 0.8841029713 -0.8219941651 -0.1686397457 0.1056553938 0.5335945713
1403636928.1516664028 -13.5008168919 22.3045945878 0.8404306487 -0.8163710317 -0.1681116065 0.1076594930 0.5419282793
1403636928.2516665459 -13.5763192472 22.6426841082 0.7887067774 -0.8085024793 -0.1648233819 0.1148029008 0.5531521379
1403636928.3516664505 -13.6676054064 22.9681775712 0.7283963339 -0.8017818869 -0.1618298953 0.1212957205 0.5623559718
1403636928.4516665936 -13.7434316758 23.2950276730 0.6473986010 -0.7978005854 -0.1616025837 0.1241239306 0.5674434605
1403636928.5516664982 -13.8248126460 23.6089571249 0.5732265695 -0.7961430273 -0.1639492382 0.1222529844 0.5695007772
1403636928.6516664028 -13.8930627222 23.9094585201 0.5121220992 -0.7990563375 -0.1675885487 0.1189779348 0.5650374314
1403636928.7516665459 -13.9668005759 24.2017076929 0.4742073662 -0.8043780825 -0.1713427113 0.1151451525 0.5570988867
1403636928.8516664505 -14.0473735384 24.4929716176 0.4835703459 -0.8077450696 -0.1739034027 0.1120808958 0.5520356708
1403636928.9516665936 -14.1226783228 24.7888522730 0.5402888223 -0.8061213758 -0.1748257278 0.1111344394 0.5543044549
1403636929.0516664982 -14.2142780170 25.0858045060 0.6189317383 -0.7990634677 -0.1677921498 0.1207805908 0.5645842877
1403636929.1516664028 -14.3203324349 25.3691604390 0.7311145083 -0.7950341917 -0.1608296720 0.1301490559 0.5701891563
1403636929.2516665459 -14.4061123712 25.6444294386 0.8634200276 -0.7956442403 -0.1568876345 0.1360313421 0.5690623752
1403636929.3516664505 -14.4858089255 25.9031449913 0.9613172437 -0.7973290437 -0.1542893992 0.1402542365 0.5663831975
1403636929.4516665936 -14.5036932500 26.1531217953 1.0187435556 -0.7972000649 -0.1565747219 0.1394590779 0.5661338875
1403636929.5516664982 -14.5330489328 26.4098749359 1.0638338373 -0.7973345887 -0.1633251851 0.1318179103 0.5658678964
1403636929.6516664028 -14.5442470248 26.6579530956 1.0886486591 -0.7965122098 -0.1699319972 0.1241235831 0.5668198585
1403636929.7516665459 -14.5395866842 26.9121348652 1.0722082369 -0.7948800790 -0.1740089711 0.1202198719 0.5687123353
1403636929.8516664505 -14.5493742879 27.1356479597 1.0523879613 -0.7947479224 -0.1747924407 0.1195733467 0.5687930707
1403636929.9516665936 -14.5604845789 27.3418735867 1.0344204656 -0.7943662688 -0.1731568456 0.1230345951 0.5690882411
1403636930.0516664982 -14.5698537481 27.5408785874 1.0373360206 -0.7945452706 -0.1698546511 0.1277884002 0.5687858430
1403636930.1516664028 -14.5733567325 27.7285153529 1.0798448132 -0.7961969908 -0.1676162147 0.1304357484 0.5665347933
1403636930.2516665459 -14.5667177898 27.9122768326 1.1413094317 -0.7977289394 -0.1668022981 0.1318831997 0.5642803862
1403636930.3516664505 -14.5564621994 28.0876434668 1.2363988825 -0.7989564393 -0.1662985653 0.1319806738 0.5626673059
1403636930.4516665936 -14.5239282785 28.2625438389 1.3189858843 -0.7973618487 -0.1699703722 0.1264343201 0.5651004491
1403636930.5516664982 -14.4903544276 28.4267850100 1.3776158947 -0.7954611085 -0.1720870690 0.1231319485 0.5678610647
1403636930.6516664028 -14.4622829375 28.5796701633 1.4199146323 -0.7951064106 -0.1712495443 0.1244358208 0.5683265927
1403636930.7516665459 -14.4247078805 28.7318431768 1.4448612078 -0.7962880099 -0.1670214426 0.1310163796 0.5664485425
1403636930.8516664505 -14.3884204831 28.8737369391 1.4438972129 -0.7972155173 -0.1620531869 0.1374962019 0.5650495359
1403636930.9516665936 -14.3230154209 29.0065770854 1.4141155865 -0.7987056860 -0.1536386825 0.1426867979 0.5640078546
1403636931.0516664982 -14.2395623836 29.1550987701 1.3791804947 -0.8010471525 -0.1420873601 0.1423240357 0.5638071571
1403636931.1516664028 -14.1379853960 29.3018564305 1.3427067885 -0.7983929693 -0.1373222058 0.1310800816 0.5714274150
1403636931.2516665459 -14.0071133516 29.4382830245 1.3302774966 -0.7942725164 -0.1363858900 0.1176655008 0.5802455417
1403636931.3516664505 -13.8595810786 29.5514543675 1.3405684126 -0.7908445388 -0.1354474790 0.1086766123 0.5868630929
1403636931.4516665936 -13.6931491827 29.6483558363 1.3783277975 -0.7902133898 -0.1376068072 0.0985623455 0.5889928941
1403636931.5516664982 -13.5394285571 29.7203954124 1.4362965106 -0.7898649531 -0.1426570360 0.0857788121 0.5902578431
1403636931.6516664028 -13.3750132290 29.7670035891 1.5035123086 -0.7889713714 -0.1476098734 0.0755516697 0.5916311736
1403636931.7516665459 -13.2443685478 29.7715819583 1.5396524989 -0.7913633120 -0.1445463376 0.0778642014 0.5888867725
1403636931.8516664505 -13.1256139162 29.7729313463 1.5657371501 -0.7974109626 -0.1383014983 0.0857064078 0.5810876560
1403636931.9516665936 -13.0085548429 29.7384648063 1.5453561606 -0.8020001392 -0.1346913777 0.0897688188 0.5749744069
1403636932.0516664982 -12.8870063917 29.7076334473 1.5173613953 -0.8017062559 -0.1322988121 0.0923979915 0.5755229924
1403636932.1516664028 -12.7904384628 29.6559987635 1.4716248853 -0.7997428005 -0.1294234773 0.0946690317 0.5785315816
1403636932.2516665459 -12.6658373286 29.6104698791 1.4286369895 -0.7955734058 -0.1312328218 0.0899200666 0.5845983955
1403636932.3516664505 -12.5532728916 29.5389989398 1.4067906228 -0.7917499343 -0.1352691211 0.0803352519 0.5902377096
1403636932.4516665936 -12.4321699718 29.4504283701 1.4201436384 -0.7898321406 -0.1366054226 0.0736000387 0.5933693475
1403636932.5516664982 -12.3292285953 29.3325534373 1.4569240299 -0.7920847208 -0.1295367981 0.0694603909 0.5924502233
1403636932.6516664028 -12.2378305131 29.1849460738 1.5213747102 -0.7963381271 -0.1142520242 0.0656680145 0.5903217548
1403636932.7516665459 -12.1450915028 29.0253897233 1.6260093257 -0.7987137460 -0.0993332915 0.0618045850 0.5902282969
1403636932.8516664505 -12.0662327602 28.8352257671 1.7458718693 -0.8007245389 -0.0874727433 0.0563361844 0.5899279331
1403636932.9516665936 -11.9834154986 28.6305766806 1.8590816008 -0.8042616218 -0.0793114011 0.0508805323 0.5867572894
1403636933.0516664982 -11.9060951007 28.4215723380 1.9147644814 -0.8074367160 -0.0707730932 0.0443018531 0.5840158087
1403636933.1516664028 -11.8307875305 28.1972930649 1.9169221960 -0.8100889219 -0.0621522218 0.0381043405 0.5817569073
1403636933.2516665459 -11.7645259372 27.9606436957 1.8773504390 -0.8206551639 -0.0564979842 0.0334962009 0.5676364014
1403636933.3516664505 -11.7004527102 27.7259987236 1.8256730739 -0.8317125549 -0.0531295853 0.0307065742 0.5518048382
1403636933.4516665936 -11.6550277392 27.5225384073 1.7713255906 -0.8335257871 -0.0504611523 0.0306816613 0.5493150918
1403636933.5516664982 -11.6163832190 27.3333619612 1.7057124727 -0.8292346713 -0.0497985274 0.0304052984 0.5558466375
1403636933.6516664028 -11.5712945068 27.1663364078 1.6636535095 -0.8239945079 -0.0498942672 0.0315901923 0.5635119101
1403636933.7516665459 -11.5416051168 27.0001764137 1.6433738996 -0.8187728425 -0.0511292110 0.0317116477 0.5709563973
1403636933.8516664505 -11.5078093800 26.8454617551 1.6728116619 -0.8146630049 -0.0508294772 0.0350696504 0.5766373837
1403636933.9516665936 -11.4800368123 26.6819099542 1.7047144088 -0.8131854520 -0.0471789880 0.0361700842 0.5789605244
1403636934.0516664982 -11.4497917440 26.5178034995 1.7527309500 -0.8137440960 -0.0372048798 0.0329593354 0.5790941420
1403636934.1516664028 -11.4062115129 26.3519942024 1.7452260720 -0.8145121427 -0.0228468457 0.0213516672 0.5793031136
1403636934.2516665459 -11.3600269931 26.1894339173 1.6921621881 -0.8149585839 -0.0043655212 0.0063159620 0.5794683403
1403636934.3516664505 -11.3080222334 26.0147530281 1.6168564942 -0.8143287325 0.0185880157 -0.0076408596 0.5800558753
1403636934.4516665936 -11.2552063376 25.8343784687 1.5485281595 -0.8148054535 0.0468696462 -0.0171013386 0.5775836333
1403636934.5516664982 -11.1862316452 25.6498479426 1.5118338653 -0.8137238093 0.0731337508 -0.0303664887 0.5758323481
1403636934.6516664028 -11.0978307332 25.4491242762 1.4973422948 -0.8119190513 0.0958876732 -0.0460521671 0.5739966952
1403636934.7516665459 -11.0063782706 25.2459025736 1.5163079112 -0.8141867898 0.1105175280 -0.0619855380 0.5666070423
1403636934.8516664505 -10.9179521738 25.0405426314 1.5564519475 -0.8176351265 0.1173378674 -0.0764210030 0.5584482565
1403636934.9516665936 -10.8191110347 24.8409554656 1.6282711245 -0.8200995811 0.1218186762 -0.0842831138 0.5527144326
1403636935.0516664982 -10.7222733710 24.6511470415 1.7377191885 -0.8196861948 0.1223460145 -0.0895153475 0.5523884478
1403636935.1516664028 -10.6223647365 24.4633534416 1.8708057721 -0.8146485711 0.1222561357 -0.0887643877 0.5599303764
1403636935.2516665459 -10.5400526845 24.2946069434 2.0108033052 -0.8110666887 0.1230043399 -0.0840656761 0.5656621968
1403636935.3516664505 -10.4663583250 24.1179187773 2.1269304856 -0.8095039001 0.1232090978 -0.0789726601 0.5685826878
1403636935.4516665936 -10.3792910715 23.9369348771 2.2063259915 -0.8098671162 0.1221739595 -0.0748754842 0.5688430712
1403636935.5516664982 -10.2907470107 23.7556279162 2.2567633216 -0.8099560525 0.1199495947 -0.0730392208 0.5694282747
1403636935.6516664028 -10.2115579012 23.5843968882 2.2794684357 -0.8100789644 0.1185818729 -0.0712262603 0.5697694540
1403636935.7516665459 -10.1078827070 23.3927525981 2.2777651013 -0.8122774303 0.1162811956 -0.0710343648 0.5671315357
1403636935.8516664505 -9.9978387851 23.2051017398 2.2431829461 -0.8180503295 0.1134982431 -0.0721091910 0.5592066450
1403636935.9516665936 -9.8807027230 23.0220717984 2.1839357106 -0.8256989254 0.1133533272 -0.0700106154 0.5481521883
1403636936.0516664982 -9.7582352912 22.8489187501 2.1029173209 -0.8328529369 0.1137126003 -0.0685296310 0.5373352024
1403636936.1516664028 -9.6240079606 22.7077128841 2.0139030738 -0.8347321180 0.1126927145 -0.0695749940 0.5344922483
1403636936.2516665459 -9.4874755617 22.5936949868 1.9270730847 -0.8324382778 0.1110178818 -0.0731889537 0.5379265012
1403636936.3516664505 -9.3480820646 22.5036102717 1.8755912818 -0.8262981827 0.1113625744 -0.0752375916 0.5469634312
1403636936.4516665936 -9.1963568372 22.4366295986 1.8474739496 -0.8202749004 0.1125127868 -0.0759437306 0.5556280324
1403636936.5516664982 -9.0357275375 22.3764410963 1.8484384400 -0.8156613112 0.1128625983 -0.0782242507 0.5619961084
1403636936.6516664028 -8.8904571144 22.3275651653 1.8462293687 -0.8138404250 0.1151520449 -0.0799359856 0.5639273069
1403636936.7516665459 -8.7482898809 22.2616564714 1.8250162759 -0.8132908181 0.1161329315 -0.0821013899 0.5642078953
1403636936.8516664505 -8.5888887115 22.2287456144 1.8014147343 -0.8139851852 0.1158922065 -0.0853639711 0.5627700304
1403636936.9516665936 -8.4383948593 22.1736659418 1.7666620440 -0.8139516858 0.1154799799 -0.0882371776 0.5624599789
1403636937.0516664982 -8.3027166474 22.1130193443 1.7661101193 -0.8140935991 0.1145541387 -0.0914229911 0.5619348698
1403636937.1516664028 -8.1674833273 22.0692340401 1.7975049451 -0.8141034205 0.1170433036 -0.0897803140 0.5616724855
1403636937.2516665459 -8.0368414854 22.0261842015 1.8451621122 -0.8140317024 0.1206174699 -0.0870414208 0.5614513376
1403636937.3516664505 -7.9075205957 21.9851927535 1.8714643999 -0.8133993979 0.1216011652 -0.0872141570 0.5621283367
1403636937.4516665936 -7.7857244016 21.9444259927 1.8596318835 -0.8132500160 0.1224988932 -0.0877736825 0.5620624639
1403636937.5516664982 -7.6563350545 21.9125155302 1.8416682059 -0.8127373727 0.1227589566 -0.0890616802 0.5625444149
1403636937.6516664028 -7.5290746941 21.8704464747 1.7871854063 -0.8128553217 0.1214010324 -0.0929228970 0.5620439044
1403636937.7516665459 -7.4238748745 21.8344815540 1.7089930087 -0.8128813691 0.1164915505 -0.1018255110 0.5615025946
1403636937.8516664505 -7.3119209863 21.8070607644 1.6222844407 -0.8106475221 0.1152300417 -0.1058518160 0.5642411057
1403636937.9516665936 -7.2346765999 21.7727174789 1.5192989330 -0.8048594295 0.1129639207 -0.1121212316 0.5717248296
1403636938.0516664982 -7.1628098942 21.7379485408 1.4015537365 -0.7991112585 0.1121108418 -0.1164127952 0.5790513075
1403636938.1516664028 -7.1145948296 21.6861316328 1.2768147569 -0.7936550164 0.1180810738 -0.1169494436 0.5852276502
1403636938.2516665459 -7.0897701397 21.6176803991 1.1556276930 -0.7905771966 0.1288912248 -0.1115780569 0.5881539641
1403636938.3516664505 -7.0890466692 21.5240591928 1.0747660315 -0.7894631718 0.1446341152 -0.0981206621 0.5883886545
1403636938.4516665936 -7.0846767185 21.3967930103 1.0154636266 -0.7917058801 0.1619814467 -0.0803548854 0.5835296931
1403636938.5516664982 -7.0584685681 21.2470267640 0.9699097358 -0.7960816861 0.1716190802 -0.0724695309 0.5758029242
1403636938.6516664028 -6.9942753382 21.0644885931 0.9472993744 -0.7989509280 0.1760221194 -0.0701887494 0.5707601665
1403636938.7516665459 -6.9195134768 20.8751076106 0.9696843582 -0.8003282957 0.1752576504 -0.0747071746 0.5684876543
1403636938.8516664505 -6.7945574259 20.6765147249 0.9796985275 -0.8021429009 0.1700497714 -0.0836891019 0.5662561046
1403636938.9516665936 -6.6623220471 20.4717770010 0.9953335202 -0.8065012065 0.1630520845 -0.0942019899 0.5604425098
1403636939.0516664982 -6.5158108680 20.2596499714 0.9920550588 -0.8091119442 0.1578237961 -0.1014296299 0.5569035296
1403636939.1516664028 -6.3637244465 20.0537452123 0.9893643243 -0.8081360048 0.1554363118 -0.1031953196 0.5586649055
1403636939.2516665459 -6.2128756990 19.8539704011 0.9558498963 -0.8065424176 0.1542134244 -0.1030153240 0.5613335830
1403636939.3516664505 -6.0650542882 19.6559444470 0.9221781859 -0.8053381929 0.1522078897 -0.1025033816 0.5636986873
1403636939.4516665936 -5.9120804731 19.4523788819 0.8897900447 -0.8047987941 0.1494015696 -0.1017995337 0.5653449628
1403636939.5516664982 -5.7483834919 19.2307823335 0.8705296470 -0.8011128315 0.1458735098 -0.1021046438 0.5714138536
1403636939.6516664028 -5.5992029869 19.0141513508 0.8900689633 -0.7962562089 0.1436128771 -0.1017682450 0.5787871937
1403636939.7516665459 -5.4567853776 18.7883509444 0.9208278111 -0.7940426907 0.1435266775 -0.1009162478 0.5819898702
1403636939.8516664505 -5.3051301985 18.5465483571 0.9473438615 -0.7947828512 0.1430747062 -0.1013458751 0.5810153711
1403636939.9516665936 -5.1785592551 18.2886480019 0.9449852857 -0.7955127701 0.1479319420 -0.0982708362 0.5793258288
1403636940.0516664982 -5.0263085416 18.0197703074 0.9026390395 -0.7959547638 0.1552322614 -0.1007887479 0.5763684475
1403636940.1516664028 -4.8816108830 17.7413427593 0.8434442463 -0.7971825412 0.1635821571 -0.1030690462 0.5719419949
1403636940.2516665459 -4.7298762146 17.4480764749 0.7717870799 -0.7979601170 0.1702622763 -0.1040890605 0.5687142309
1403636940.3516664505 -4.5861604145 17.1468252428 0.6902627416 -0.7970480858 0.1743940565 -0.1077007869 0.5680683079
1403636940.4516665936 -4.4336833359 16.8365180389 0.5937342039 -0.7958842696 0.1789534931 -0.1093710179 0.5679629013
1403636940.5516664982 -4.2653445712 16.5272750940 0.5140478057 -0.7969680139 0.1827263012 -0.1104468565 0.5650261725
1403636940.6516664028 -4.1043267695 16.1984826421 0.4533981155 -0.8018215619 0.1842336047 -0.1131067682 0.5570879830
1403636940.7516665459 -3.9345375511 15.8784157876 0.4182843423 -0.8064512150 0.1835875683 -0.1170334533 0.5497592322
1403636940.8516664505 -3.7479049171 15.5662204563 0.4228608666 -0.8093901582 0.1827069946 -0.1198099401 0.5451158631
1403636940.9516665936 -3.5660177862 15.2728578905 0.4558239530 -0.8110794208 0.1805474808 -0.1235927244 0.5424736111
1403636941.0516664982 -3.3839862183 14.9832014260 0.5273597291 -0.8089446098 0.1797017932 -0.1245118505 0.5457221663
1403636941.1516664028 -3.1929085981 14.7178228490 0.6080732649 -0.8062803481 0.1786501237 -0.1254069740 0.5497901640
1403636941.2516665459 -3.0065939353 14.4516131434 0.6980199406 -0.8040018609 0.1775258455 -0.1251696557 0.5535324192
1403636941.3516664505 -2.8238817866 14.1925412961 0.7755108776 -0.8015771116 0.1747429001 -0.1255987451 0.5578207671
1403636941.4516665936 -2.6397801430 13.9362843777 0.8320862983 -0.8004857019 0.1717533257 -0.1251081990 0.5604207122
1403636941.5516664982 -2.4611199682 13.6805592319 0.8651503579 -0.8006310545 0.1684668235 -0.1243542281 0.5613776536
1403636941.6516664028 -2.2865399552 13.4205205974 0.8790766298 -0.8015894459 0.1662438865 -0.1230606141 0.5609575882
1403636941.7516665459 -2.1217661426 13.1618345012 0.8797218487 -0.8026687179 0.1640436759 -0.1223456941 0.5602179334
1403636941.8516664505 -1.9632169503 12.9011648068 0.8913553292 -0.8036415842 0.1632999119 -0.1201890540 0.5595068670
1403636941.9516665936 -1.8064963503 12.6468046173 0.9219896542 -0.8052772115 0.1629701568 -0.1183781930 0.5576342386
1403636942.0516664982 -1.6454442244 12.3989434356 0.9853263471 -0.8051881193 0.1652801950 -0.1137422913 0.5580477048
1403636942.1516664028 -1.4998626488 12.1452908108 1.0558270395 -0.8043479396 0.1666658848 -0.1122075401 0.5591568142
1403636942.2516665459 -1.3398711641 11.9013414160 1.1142250025 -0.8034702684 0.1686703116 -0.1105317464 0.5601505037
1403636942.3516664505 -1.1784557364 11.6480919472 1.1451269654 -0.8019332441 0.1717336468 -0.1085875488 0.5618001164
1403636942.4516665936 -1.0183290108 11.3937433373 1.1481603062 -0.8013901779 0.1759290085 -0.1056465911 0.5618376674
1403636942.5516664982 -0.8524611461 11.1341569373 1.1355000021 -0.8027915491 0.1798225254 -0.1038353573 0.5589345281
1403636942.6516664028 -0.6654480132 10.8740126246 1.0966819360 -0.8052402484 0.1812873138 -0.1046662901 0.5547684381
1403636942.7516665459 -0.4762378540 10.6177013174 1.0450085895 -0.8078644980 0.1803499474 -0.1089438207 0.5504181077
1403636942.8516664505 -0.2702925571 10.3704844054 1.0050896392 -0.8074224752 0.1789184712 -0.1135102306 0.5506110740
1403636942.9516665936 -0.0680909772 10.1262875103 0.9935807674 -0.8049644996 0.1768173774 -0.1195154367 0.5536098174
1403636943.0516664982 0.1471150744 9.8929727972 1.0134013701 -0.8024227112 0.1755813921 -0.1228705367 0.5569486498
1403636943.1516664028 0.3503782887 9.6642762976 1.0616417414 -0.7999584845 0.1770640498 -0.1241712217 0.5597287316
1403636943.2516665459 0.5541584448 9.4325465223 1.0914947907 -0.7988387180 0.1779817803 -0.1255135353 0.5607366056
1403636943.3516664505 0.7549953521 9.1973517418 1.1042512555 -0.7979364939 0.1783139758 -0.1288367914 0.5611617940
1403636943.4516665936 0.9491502788 8.9606070843 1.0944288532 -0.7968484863 0.1798069453 -0.1303480393 0.5618819636
1403636943.5516664982 1.1326245997 8.7204613360 1.0623452378 -0.7961443311 0.1802428990 -0.1327815687 0.5621705759
1403636943.6516664028 1.3171631494 8.4793891472 1.0053351617 -0.7954355547 0.1791264327 -0.1359495633 0.5627732364
1403636943.7516665459 1.4756060201 8.2213198721 0.9350043465 -0.7944506383 0.1800968238 -0.1370612473 0.5635845383
1403636943.8516664505 1.6384783543 7.9741769503 0.8428210506 -0.7956439355 0.1792305050 -0.1359721665 0.5624399736
1403636943.9516665936 1.7790528824 7.7147954271 0.7267765835 -0.8036218856 0.1747270477 -0.1279656195 0.5543348483
1403636944.0516664982 1.9103687303 7.4582623314 0.5956242147 -0.8147431289 0.1691409396 -0.1197082793 0.5415301509
1403636944.1516664028 2.0506774694 7.2165737426 0.4748723053 -0.8243815112 0.1636868804 -0.1134419407 0.5298421040
1403636944.2516665459 2.1932586667 7.0141870678 0.4019498595 -0.8283350941 0.1595211704 -0.1093044816 0.5258008162
1403636944.3516664505 2.3394224509 6.8398190430 0.3557388986 -0.8260164134 0.1554121346 -0.1078642690 0.5309512716
1403636944.4516665936 2.4940494276 6.7025768860 0.3460870322 -0.8202158782 0.1503522953 -0.1099095645 0.5408881474
1403636944.5516664982 2.6540662590 6.5866946898 0.3590805111 -0.8125876886 0.1421770132 -0.1174286669 0.5528991349
1403636944.6516664028 2.8004125620 6.4831509050 0.3893186425 -0.8082924609 0.1325685703 -0.1266834111 0.5594999420
1403636944.7516665459 2.9170616778 6.3760340315 0.4405077424 -0.8068654640 0.1264875226 -0.1248615998 0.5633636574
1403636944.8516664505 3.0073771688 6.2703294036 0.5146077001 -0.8059988161 0.1258301117 -0.1163532814 0.5665638582
1403636944.9516665936 3.0813609127 6.1653691326 0.6052692542 -0.8058631538 0.1262667497 -0.1086267312 0.5681914453
1403636945.0516664982 3.1429116528 6.0619632780 0.6639342657 -0.8057992435 0.1246998897 -0.1057592956 0.5691682423
1403636945.1516664028 3.1883917317 5.9438817736 0.6691898687 -0.8058188700 0.1233010421 -0.1041110694 0.5697487929
1403636945.2516665459 3.2168335048 5.8177258912 0.6413686596 -0.8057299331 0.1217553436 -0.1035990548 0.5703000500
1403636945.3516664505 3.2438533455 5.6985646443 0.6335746836 -0.8057956570 0.1214749348 -0.1029873555 0.5703777731
1403636945.4516665936 3.2575479587 5.5843280732 0.6521798241 -0.8061066916 0.1215251337 -0.1035478278 0.5698258427
1403636945.5516664982 3.2688899176 5.4509352685 0.6724301168 -0.8070458767 0.1232581973 -0.1025308320 0.5683060779
1403636945.6516664028 3.2618448780 5.3109446237 0.6720259097 -0.8130498866 0.1255829535 -0.1023215786 0.5592039863
1403636945.7516665459 3.2497037369 5.1784714864 0.6474289899 -0.8220799633 0.1274684960 -0.1024806739 0.5453751259
1403636945.8516664505 3.2176535458 5.0484976203 0.6055256389 -0.8283727874 0.1294720057 -0.1031269761 0.5351638549
1403636945.9516665936 3.1952976479 4.9628368965 0.5533402320 -0.8262232893 0.1308142239 -0.1041908036 0.5379470155
1403636946.0516664982 3.1669103932 4.8901609467 0.4818139967 -0.8177401214 0.1304755330 -0.1073991899 0.5502205405
1403636946.1516664028 3.1313253988 4.8390690520 0.3877715290 -0.8143657668 0.1317153115 -0.1090887915 0.5545801206
1403636946.2516665459 3.0922548715 4.7898273730 0.2618264182 -0.8117381898 0.1328893264 -0.1108678274 0.5577901604
1403636946.3516664505 3.0457520189 4.7421723955 0.1128520621 -0.8082933952 0.1334861949 -0.1137769299 0.5620480703
1403636946.4516665936 2.9854817577 4.6981507877 -0.0548758778 -0.8065376127 0.1361414309 -0.1135302627 0.5639800259
1403636946.5516664982 2.9229398849 4.6495948142 -0.2453667909 -0.8051953352 0.1379504989 -0.1146829440 0.5652238091
1403636946.6516664028 2.8448070961 4.5946625585 -0.4189663465 -0.8058119801 0.1397484491 -0.1152707090 0.5637819502
1403636946.7516665459 2.7534384049 4.5369601376 -0.5593933757 -0.8062466708 0.1516454733 -0.1009712926 0.5628274640
1403636946.8516664505 2.6699277389 4.4693925531 -0.6739887663 -0.8054931590 0.1640388025 -0.0855889435 0.5629800838
1403636946.9516665936 2.6050606995 4.4033645507 -0.7878944576 -0.8057302359 0.1736119168 -0.0735975624 0.5614633452
1403636947.0516664982 2.5740309888 4.3317723234 -0.9191205695 -0.8052679884 0.1807914539 -0.0647704226 0.5609480451
1403636947.1516664028 2.5793287077 4.2461187163 -1.0527945986 -0.8087532841 0.1751724035 -0.0732028587 0.5566633596
1403636947.2516665459 2.6280818086 4.1541592707 -1.1929958482 -0.8190159427 0.1634076511 -0.0898917362 0.5426143206
1403636947.3516664505 2.6885118436 4.0787980582 -1.2897507304 -0.8291739082 0.1555816745 -0.1009828927 0.5273209914
1403636947.4516665936 2.7616801629 4.0284285398 -1.3471966388 -0.8344921694 0.1524527418 -0.1055805737 0.5188773681
1403636947.5516664982 2.8408647854 4.0213776564 -1.3541045888 -0.8305028386 0.1564986241 -0.1017740851 0.5248002014
1403636947.6516664028 2.9289318289 4.0450220039 -1.3399140560 -0.8235815767 0.1555810135 -0.1044859533 0.5353415922
1403636947.7516665459 3.0290333843 4.0879279495 -1.3226729694 -0.8215184419 0.1519993229 -0.1097628284 0.5384754191
1403636947.8516664505 3.1264949874 4.1455312400 -1.3267610204 -0.8213270014 0.1441128487 -0.1195409246 0.5388537937
1403636947.9516665936 3.2185002264 4.2221332837 -1.3488642614 -0.8205034740 0.1369129671 -0.1278791238 0.5400701975
1403636948.0516664982 3.2935099449 4.3153781364 -1.3921782388 -0.8229714853 0.1400498468 -0.1221484377 0.5368274714
1403636948.1516664028 3.3597513150 4.4235298725 -1.4544234304 -0.8252199144 0.1401927282 -0.1193968536 0.5339498882
1403636948.2516665459 3.4205242178 4.5524041364 -1.5343627881 -0.8247594954 0.1370691803 -0.1204079630 0.5352436240
1403636948.3516664505 3.4668930344 4.7033857114 -1.6118959425 -0.8240654323 0.1332321890 -0.1222476594 0.5368620465
1403636948.4516665936 3.5002765585 4.8724976541 -1.7135054660 -0.8240439072 0.1280608883 -0.1251520818 0.5374839572
1403636948.5516664982 3.5155559049 5.0569138777 -1.8230517410 -0.8224825482 0.1161593794 -0.1373198347 0.5396042248
1403636948.6516664028 3.5006937757 5.2585616041 -1.9346328635 -0.8197456822 0.1052723536 -0.1482583773 0.5430968621
1403636948.7516665459 3.4347502858 5.4820549529 -2.0078411473 -0.8163966535 0.1065436169 -0.1429644838 0.5492778152
1403636948.8516664505 3.3200292699 5.7110923931 -2.0411296970 -0.8128640598 0.1171904066 -0.1254686040 0.5565752944
1403636948.9516665936 3.1965907273 5.9553941807 -2.0410843371 -0.8084289820 0.1277905512 -0.1073081965 0.5644440690
1403636949.0516664982 3.0623152662 6.1867030401 -2.0546256132 -0.8044806412 0.1343981379 -0.0950248813 0.5707173647
1403636949.1516664028 2.9174624077 6.4062278870 -2.0949273422 -0.8037782232 0.1323855652 -0.0955568542 0.5720869843
1403636949.2516665459 2.7939305245 6.6099636830 -2.1650298131 -0.8048233547 0.1290497636 -0.0973103234 0.5710833803
1403636949.3516664505 2.6588014676 6.8038942149 -2.2334077684 -0.8043367656 0.1300756352 -0.0938650370 0.5721119222
1403636949.4516665936 2.5218284100 6.9780053554 -2.3237309849 -0.8037347671 0.1316820617 -0.0902247375 0.5731751526
1403636949.5516664982 2.3866793660 7.1387798272 -2.4131825366 -0.8031378178 0.1348271063 -0.0849488147 0.5740862269
1403636949.6516664028 2.2623687347 7.2796920089 -2.4958563563 -0.8042227410 0.1366504817 -0.0816202889 0.5726172868
1403636949.7516665459 2.1512796641 7.4111609812 -2.5447780116 -0.8094526022 0.1351884464 -0.0833148535 0.5653045232
1403636949.8516664505 2.0408010674 7.5291338055 -2.5705944575 -0.8154093928 0.1353133877 -0.0827455696 0.5567324132
1403636949.9516665936 1.9516709756 7.6507154125 -2.5765669536 -0.8202601008 0.1354011986 -0.0826907895 0.5495471916
1403636950.0516664982 1.8723311796 7.7779123347 -2.5638292494 -0.8233980592 0.1368346596 -0.0814283873 0.5446662554
1403636950.1516664028 1.8043775511 7.9145512015 -2.5511014337 -0.8254251633 0.1371998812 -0.0818095751 0.5414394572
1403636950.2516665459 1.7542915090 8.0663961583 -2.5528468438 -0.8259481102 0.1345797632 -0.0864818167 0.5405727536
1403636950.3516664505 1.7105674201 8.2334610726 -2.5737041735 -0.8239157698 0.1318239594 -0.0917337427 0.5434796854
1403636950.4516665936 1.6756974057 8.4114121646 -2.6183429911 -0.8199053463 0.1286857831 -0.0965958887 0.5494219022
1403636950.5516664982 1.6395839244 8.5981122136 -2.6745281029 -0.8164890144 0.1218900634 -0.1063454078 0.5542374545
1403636950.6516664028 1.5872942658 8.7822402471 -2.7240703347 -0.8143896787 0.1177390149 -0.1118120885 0.5571400475
1403636950.7516665459 1.5197293075 8.9764680370 -2.7479619675 -0.8120393765 0.1196727097 -0.1080541837 0.5608874994
1403636950.8516664505 1.4426964360 9.1736207663 -2.7447409387 -0.8101652905 0.1234952326 -0.1009679604 0.5640803139
1403636950.9516665936 1.3598202019 9.3587345397 -2.7357604372 -0.8092530832 0.1242142611 -0.0984996765 0.5656660485
1403636951.0516664982 1.2643275304 9.5387226082 -2.6901373638 -0.8079603524 0.1265862770 -0.0941460067 0.5677257374
1403636951.1516664028 1.1735875216 9.7126721697 -2.6340749608 -0.8100135324 0.1327397913 -0.0846268444 0.5648862915
1403636951.2516665459 1.0921836998 9.8800769270 -2.5990089988 -0.8152675034 0.1333923800 -0.0838194819 0.5572429140
1403636951.3516664505 1.0154076191 10.0414462940 -2.5991495825 -0.8217999220 0.1326624642 -0.0851749827 0.5475315344
1403636951.4516665936 0.9389780660 10.2093523569 -2.6149471636 -0.8262108538 0.1307647529 -0.0882870419 0.5408156827
1403636951.5516664982 0.8785784335 10.3972205312 -2.6464029291 -0.8273907031 0.1301646227 -0.0898761344 0.5388915251
1403636951.6516664028 0.8269575572 10.5966767615 -2.6901548809 -0.8268779896 0.1278600249 -0.0933958881 0.5396311819
1403636951.7516665459 0.7757478479 10.8188536295 -2.7331319109 -0.8233519613 0.1261255702 -0.0962838402 0.5448975229
1403636951.8516664505 0.7261595367 11.0569365238 -2.7307095845 -0.8198522864 0.1231963691 -0.1003376991 0.5500883832
1403636951.9516665936 0.6736229202 11.2986984105 -2.7111300048 -0.8176431614 0.1196037446 -0.1059834339 0.5531022661
1403636952.0516664982 0.6086848861 11.5471697199 -2.6949949206 -0.8163480647 0.1176360655 -0.1090778363 0.5548329650
1403636952.1516664028 0.5280280023 11.7995127585 -2.6893682467 -0.8142205947 0.1193394045 -0.1068711836 0.5580156626
1403636952.2516665459 0.4396207694 12.0545837033 -2.7138989953 -0.8106750150 0.1228230657 -0.1020558441 0.5632984282
1403636952.3516664505 0.3349246647 12.2940628109 -2.7590733222 -0.8071523761 0.1283713990 -0.0940683910 0.5684865553
1403636952.4516665936 0.2405810724 12.5287475448 -2.8325663083 -0.8049219890 0.1291916709 -0.0922552944 0.5717508762
1403636952.5516664982 0.1473317900 12.7538790862 -2.9275198907 -0.8049486108 0.1267530566 -0.0952478003 0.5717685311
1403636952.6516664028 0.0509363023 12.9632729693 -3.0265144341 -0.8042336224 0.1239538174 -0.0983097612 0.5728690275
1403636952.7516665459 -0.0486669863 13.1623889628 -3.1028737713 -0.8058817540 0.1231090187 -0.0986400729 0.5706740788
1403636952.8516664505 -0.1580321299 13.3470060414 -3.1584963041 -0.8110640252 0.1239259035 -0.0975641391 0.5632927802
1403636952.9516665936 -0.2695559006 13.5280142991 -3.2005675277 -0.8159003100 0.1276651231 -0.0927574588 0.5562412735
1403636953.0516664982 -0.3786835832 13.7127771248 -3.2729765935 -0.8185096799 0.1344626317 -0.0843823709 0.5521243701
1403636953.1516664028 -0.4828774236 13.8977482677 -3.3652369308 -0.8193446484 0.1388171796 -0.0787049163 0.5506447801
1403636953.2516665459 -0.5678215479 14.0886593326 -3.4728534283 -0.8200584329 0.1393473830 -0.0783858305 0.5494926161
1403636953.3516664505 -0.6373558508 14.2831243515 -3.5788661525 -0.8203535084 0.1376289113 -0.0796324411 0.5493059970
1403636953.4516665936 -0.6885429515 14.4875251563 -3.6560216403 -0.8185520359 0.1326173225 -0.0855644395 0.5523259336
1403636953.5516664982 -0.7352132412 14.6924986972 -3.7162324382 -0.8168893413 0.1273649481 -0.0910765425 0.5551351524
1403636953.6516664028 -0.7814494206 14.9019793761 -3.7401755875 -0.8189140177 0.1223661191 -0.0960169347 0.5524374288
1403636953.7516665459 -0.8401727041 15.1040620858 -3.7318788056 -0.8222519946 0.1173631702 -0.1005540825 0.5477375468
1403636953.8516664505 -0.9000352351 15.3315308854 -3.7067106727 -0.8229218811 0.1115143058 -0.1060823755 0.5469101086
1403636953.9516665936 -0.9787828483 15.5714015531 -3.6498472344 -0.8224810980 0.1128446045 -0.1022369801 0.5480315124
1403636954.0516664982 -1.0596192834 15.8237278124 -3.6002132203 -0.8218401094 0.1150706084 -0.0976741080 0.5493608634
1403636954.1516664028 -1.1560714937 16.0785391439 -3.5655303446 -0.8209954624 0.1161073511 -0.0960747449 0.5506860968
1403636954.2516665459 -1.2589332225 16.3422368428 -3.5464785886 -0.8218891577 0.1162967587 -0.0955878738 0.5493962457
1403636954.3516664505 -1.3749905977 16.6078319212 -3.5109174907 -0.8225544757 0.1178739759 -0.0950137815 0.5481626051
1403636954.4516665936 -1.4865908092 16.8916109785 -3.4552092628 -0.8243688284 0.1195561719 -0.0945905149 0.5451375891
1403636954.5516664982 -1.6019313839 17.1836942296 -3.3889394600 -0.8249849999 0.1211362757 -0.0959266926 0.5436210282
1403636954.6516664028 -1.7153205587 17.4839155340 -3.3470107758 -0.8239542305 0.1217446032 -0.0997393219 0.5443617779
1403636954.7516665459 -1.8367361734 17.7974216057 -3.3634089611 -0.8198622244 0.1245476982 -0.1018010593 0.5495000894
1403636954.8516664505 -1.9662245831 18.1160520461 -3.4116671432 -0.8152318830 0.1278220604 -0.1040606560 0.5551845438
1403636954.9516665936 -2.1005198200 18.4344397686 -3.4968590421 -0.8112178965 0.1324291410 -0.1042184016 0.5599344352
1403636955.0516664982 -2.2451975993 18.7495586369 -3.5893157646 -0.8099407655 0.1347987090 -0.1081342155 0.5604750269
1403636955.1516664028 -2.3818118451 19.0633681347 -3.6739943588 -0.8103992370 0.1360445200 -0.1131170830 0.5585243870
1403636955.2516665459 -2.5360486886 19.3713449966 -3.7308433139 -0.8097445557 0.1401944559 -0.1152054026 0.5580205948
1403636955.3516664505 -2.7008801710 19.6742585731 -3.7550815200 -0.8085791362 0.1430981122 -0.1193069661 0.5581116005
1403636955.4516665936 -2.8638155696 19.9751444641 -3.7694436140 -0.8077664474 0.1458222856 -0.1218765193 0.5580280831
1403636955.5516664982 -3.0374019569 20.2691400449 -3.8093542178 -0.8075917439 0.1479663776 -0.1236101757 0.5573347744
1403636955.6516664028 -3.2137455930 20.5645374925 -3.8493903350 -0.8074645000 0.1496601402 -0.1251397433 0.5567252179
1403636955.7516665459 -3.4058484938 20.8515436667 -3.8926503344 -0.8075218975 0.1513595485 -0.1255032490 0.5561003566
1403636955.8516664505 -3.5991502944 21.1370677304 -3.9214634710 -0.8075402898 0.1527578191 -0.1254059817 0.5557131173
1403636955.9516665936 -3.8173798158 21.4194075593 -3.9160361900 -0.8066977951 0.1595109069 -0.1185698404 0.5565394243
1403636956.0516664982 -4.0237984871 21.6986421780 -3.8721343901 -0.8042734171 0.1695004694 -0.1074760760 0.5593413577
1403636956.1516664028 -4.2142724262 21.9623044591 -3.8237917741 -0.8027992255 0.1767369932 -0.0995338723 0.5606874771
1403636956.2516665459 -4.3831387684 22.2180151178 -3.7720966900 -0.8019769245 0.1807353727 -0.0966468527 0.5610945762
1403636956.3516664505 -4.5318182127 22.4549086216 -3.7658291169 -0.8032141848 0.1750409015 -0.1070827255 0.5592324615
1403636956.4516665936 -4.6834918382 22.6906417710 -3.7834135323 -0.8046091825 0.1672727809 -0.1190730256 0.5571763587
1403636956.5516664982 -4.8478718726 22.9130114889 -3.8090367565 -0.8027851022 0.1602498674 -0.1225247677 0.5611093842
1403636956.6516664028 -5.0080391595 23.1231795922 -3.8520263559 -0.7998274283 0.1546759755 -0.1105739230 0.5693196248
1403636956.7516665459 -5.1722511985 23.3253170787 -3.9088611998 -0.8006678080 0.1477199392 -0.0882707783 0.5738624839
1403636956.8516664505 -5.3455862630 23.5059771484 -3.9483105275 -0.8050514185 0.1334475473 -0.0658822099 0.5742329667
1403636956.9516665936 -5.4871033883 23.6608980015 -3.9629047774 -0.8101404213 0.1083143238 -0.0506998666 0.5739076830
1403636957.0516664982 -5.6172622788 23.8096568874 -3.9478446751 -0.8136153326 0.0771883470 -0.0403635394 0.5748415732
1403636957.1516664028 -5.7352378942 23.9361834217 -3.9056761146 -0.8165166508 0.0454751088 -0.0294902729 0.5747720394
1403636957.2516665459 -5.8561871730 24.0538800595 -3.8400469176 -0.8177952540 0.0210925565 -0.0176719215 0.5748510500
1403636957.3516664505 -5.9709989122 24.1529393764 -3.7857777559 -0.8188246503 0.0040564840 -0.0074994829 0.5739803958
1403636957.4516665936 -6.0799117422 24.2586360699 -3.7566615838 -0.8191352257 -0.0064886469 0.0018215994 0.5735608610
1403636957.5516664982 -6.1892048428 24.3568080708 -3.7604974965 -0.8190237512 -0.0122894859 0.0094602395 0.5735499693
1403636957.6516664028 -6.2997794996 24.4491396197 -3.7847365394 -0.8185286350 -0.0196131319 0.0181511938 0.5738438228
1403636957.7516665459 -6.4134698271 24.5320230589 -3.8441381835 -0.8182779531 -0.0305286790 0.0300862123 0.5732224796
1403636957.8516664505 -6.5207118263 24.6104966110 -3.9263581581 -0.8180400003 -0.0486220191 0.0481345497 0.5710775099
1403636957.9516665936 -6.6298965229 24.6847714673 -4.0067289866 -0.8163538391 -0.0736450751 0.0680204367 0.5687846978
1403636958.0516664982 -6.7201620211 24.7584851448 -4.0633618465 -0.8134855794 -0.1007899829 0.0899749236 0.5656740267
1403636958.1516664028 -6.8089868903 24.8229790087 -4.0959885695 -0.8099279573 -0.1276621700 0.1058211777 0.5626019486
1403636958.2516665459 -6.8750713338 24.8917951749 -4.0909416423 -0.8063661967 -0.1484835605 0.1206593893 0.5596137068
1403636958.3516664505 -6.9364569522 24.9633582616 -4.0484864562 -0.8022325860 -0.1686902193 0.1317094741 0.5573321292
1403636958.4516665936 -6.9791314941 25.0395398657 -3.9868850740 -0.7989806766 -0.1846298230 0.1377442659 0.5554891755
1403636958.5516664982 -7.0244316728 25.1229762868 -3.9206251954 -0.7974368279 -0.1951251759 0.1405922528 0.5534026469
1403636958.6516664028 -7.0679003522 25.2080867790 -3.8806247196 -0.7959971931 -0.1998811432 0.1429538746 0.5531728364
1403636958.7516665459 -7.1148899430 25.3047141488 -3.8490366730 -0.7949947676 -0.2022639889 0.1424053454 0.5538892631
1403636958.8516664505 -7.1639106098 25.3946685798 -3.8391537502 -0.7951433839 -0.2019473943 0.1424502390 0.5537799007
1403636958.9516665936 -7.2062571666 25.4876160555 -3.8405199967 -0.7957559331 -0.2018062216 0.1385613327 0.5539381742
1403636959.0516664982 -7.2586367578 25.5911695121 -3.8653448127 -0.7966575676 -0.1998476249 0.1366503651 0.5538269807
1403636959.1516664028 -7.3166524268 25.6870588146 -3.9149309616 -0.7982467963 -0.1969932320 0.1359711918 0.5527273774
1403636959.2516665459 -7.3775042742 25.7852562781 -3.9839701827 -0.7981975502 -0.1959183873 0.1333108627 0.5538274734
1403636959.3516664505 -7.4367865236 25.8798667754 -4.0791750466 -0.7972140526 -0.1984756554 0.1258144466 0.5560826320
1403636959.4516665936 -7.5162327604 25.9728563743 -4.1990077167 -0.7959034083 -0.1988931753 0.1219049229 0.5586756297
1403636959.5516664982 -7.6029332364 26.0662093359 -4.3194566563 -0.7934138185 -0.1954905884 0.1243380098 0.5628658826
1403636959.6516664028 -7.6915258909 26.1537124336 -4.4141315433 -0.7921990234 -0.1908676947 0.1293714625 0.5650250040
1403636959.7516665459 -7.7825896695 26.2222093488 -4.4883966275 -0.7948465197 -0.1879261756 0.1302839804 0.5620754816
1403636959.8516664505 -7.8822002313 26.2888835001 -4.5318778032 -0.7969189730 -0.1865609441 0.1298768751 0.5596848773
1403636959.9516665936 -7.9764300665 26.3499555317 -4.5446480391 -0.7986214947 -0.1859532519 0.1286037946 0.5577509841
1403636960.0516664982 -8.0686693182 26.4138060367 -4.5286909578 -0.7987998961 -0.1853891012 0.1286742355 0.5576670586
1403636960.1516664028 -8.1618648214 26.4777090161 -4.4952047006 -0.7983694738 -0.1860421077 0.1272241605 0.5583981826
1403636960.2516665459 -8.2611849474 26.5423719450 -4.4705504674 -0.7971617461 -0.1907382014 0.1205890271 0.5600092639
1403636960.3516664505 -8.3592321397 26.6042069833 -4.4679400879 -0.7959086727 -0.1953165510 0.1145202625 0.5614854754
1403636960.4516665936 -8.4813122227 26.6355896776 -4.4810855411 -0.7920209278 -0.1975035426 0.1137714123 0.5663490675
1403636960.5516664982 -8.6119329906 26.6727163686 -4.5077518018 -0.7874023773 -0.2033146010 0.1155364645 0.5703612843
1403636960.6516664028 -8.7606777749 26.6943886109 -4.5465726513 -0.7838123910 -0.2085917288 0.1189516735 0.5726937452
1403636960.7516665459 -8.9169211028 26.6984244543 -4.6034526195 -0.7855086482 -0.2068057410 0.1312348652 0.5683176570
1403636960.8516664505 -9.0741827379 26.6830806802 -4.6632861225 -0.7872080024 -0.2103262392 0.1440709368 0.5615247094
1403636960.9516665936 -9.2444915952 26.6488366927 -4.7462121228 -0.7851530356 -0.2231255033 0.1569332040 0.5559871311
1403636961.0516664982 -9.4139671778 26.6122696499 -4.7991659017 -0.7785347682 -0.2429617905 0.1711107330 0.5527877532
1403636961.1516664028 -9.5700940677 26.5662369059 -4.8247196918 -0.7711406387 -0.2634822135 0.1885066024 0.5480734434
1403636961.2516665459 -9.7373330876 26.5199982070 -4.8338614700 -0.7634830111 -0.2850778198 0.2051492066 0.5419761355
1403636961.3516664505 -9.8843105940 26.4766421843 -4.8078662469 -0.7548946753 -0.3053860024 0.2170207150 0.5383079304
1403636961.4516665936 -10.0348957468 26.4252325972 -4.7489150595 -0.7485978324 -0.3197688294 0.2267480633 0.5347284328
1403636961.5516664982 -10.1741485315 26.3778759682 -4.6657970182 -0.7437531725 -0.3308518763 0.2358275472 0.5308046932
1403636961.6516664028 -10.3015252290 26.3355752901 -4.5529255667 -0.7378220521 -0.3431236683 0.2467777405 0.5262941331
1403636961.7516665459 -10.4335568031 26.2781645057 -4.4212300851 -0.7303047900 -0.3566527174 0.2567548086 0.5230016454
1403636961.8516664505 -10.5594874220 26.2192843958 -4.2941492089 -0.7230293106 -0.3721036037 0.2653430408 0.5180353219
1403636961.9516665936 -10.6783520917 26.1544826199 -4.1934810954 -0.7135517325 -0.3874551027 0.2765233328 0.5140596414
1403636962.0516664982 -10.7981206671 26.0807402270 -4.1163719070 -0.7051489560 -0.4040993358 0.2873251132 0.5068658165
1403636962.1516664028 -10.9101902532 26.0104077159 -4.0472412908 -0.6953329199 -0.4211995430 0.2986125685 0.4999336051
1403636962.2516665459 -11.0140382880 25.9250215468 -3.9554896472 -0.6834850077 -0.4376401311 0.3109983647 0.4945698909
1403636962.3516664505 -11.1141425459 25.8432155300 -3.8412781342 -0.6716162056 -0.4551363164 0.3232438817 0.4871303715
1403636962.4516665936 -11.2122438728 25.7512013362 -3.7044549443 -0.6584145514 -0.4730949627 0.3347814610 0.4802007998
1403636962.5516664982 -11.2936225974 25.6605966174 -3.5482484241 -0.6429848566 -0.4934002779 0.3429347315 0.4748919981
1403636962.6516664028 -11.3757014749 25.5586761454 -3.3963817889 -0.6269423843 -0.5136306819 0.3493383124 0.4702015662
1403636962.7516665459 -11.4581552627 25.4501211747 -3.2618048575 -0.6123371387 -0.5301949237 0.3534101863 0.4680147558
1403636962.8516664505 -11.5363839523 25.3107022718 -3.1565751862 -0.6036953491 -0.5395381400 0.3575537257 0.4654093404
1403636962.9516665936 -11.6172190846 25.1602949328 -3.0707955754 -0.6013161837 -0.5405893656 0.3664269944 0.4603403553
1403636963.0516664982 -11.6975460752 24.9955771876 -3.0002490658 -0.5979727617 -0.5352324333 0.3784746058 0.4612068857
1403636963.1516664028 -11.7674796997 24.8187564549 -2.9523616577 -0.5968410669 -0.5310954910 0.3848643246 0.4621663899
1403636963.2516665459 -11.8283928241 24.6282009835 -2.9300756988 -0.6016123072 -0.5293924665 0.3845158056 0.4582072058
1403636963.3516664505 -11.8700752189 24.4274769228 -2.9232061452 -0.6090080277 -0.5259809814 0.3852406934 0.4517110111
1403636963.4516665936 -11.8959936615 24.2411346897 -2.9369241669 -0.6130017352 -0.5241888215 0.3832905940 0.4500480782
1403636963.5516664982 -11.9169630643 24.0432733612 -2.9419957210 -0.6145291622 -0.5229869230 0.3797044554 0.4523970753
1403636963.6516664028 -11.9321791740 23.8498901997 -2.9227532942 -0.6160158843 -0.5220733591 0.3756382237 0.4548183846
1403636963.7516665459 -11.9399512318 23.6563943983 -2.8670088323 -0.6177459547 -0.5205486689 0.3726574602 0.4566677524
1403636963.8516664505 -11.9353107091 23.4565452318 -2.7988044584 -0.6189627745 -0.5188264460 0.3709972447 0.4583287544
1403636963.9516665936 -11.9277957079 23.2682392588 -2.7118876665 -0.6193249585 -0.5172049213 0.3705331368 0.4600444105
1403636964.0516664982 -11.9083622703 23.0620457926 -2.5963324423 -0.6194908404 -0.5163842578 0.3700957601 0.4610938358
1403636964.1516664028 -11.8849265008 22.8476010203 -2.4636463191 -0.6182402563 -0.5166796039 0.3698094935 0.4626684676
1403636964.2516665459 -11.8464975167 22.6321963749 -2.3447254336 -0.6170289296 -0.5166176872 0.3707045377 0.4636373702
1403636964.3516664505 -11.8083343697 22.4073903283 -2.2508061164 -0.6156947795 -0.5181756679 0.3697317552 0.4644484309
1403636964.4516665936 -11.7549346945 22.1840706576 -2.1834140291 -0.6140875455 -0.5198772566 0.3695112639 0.4648500299
1403636964.5516664982 -11.7006132785 21.9465808762 -2.1451143838 -0.6107373525 -0.5241028524 0.3681132495 0.4656272349
1403636964.6516664028 -11.6467769506 21.6789734786 -2.1215286967 -0.6024445202 -0.5321905941 0.3681306580 0.4672403988
1403636964.7516665459 -11.5737629854 21.4021687643 -2.1142256664 -0.5922875927 -0.5438811256 0.3702127895 0.4651142003
1403636964.8516664505 -11.4993502261 21.0939171906 -2.1156598497 -0.5806231521 -0.5551443828 0.3786705455 0.4596738926
1403636964.9516665936 -11.4144415330 20.7761526373 -2.0969684535 -0.5662014630 -0.5658435345 0.3939173172 0.4517368094
1403636965.0516664982 -11.3087430584 20.4299811202 -2.0534656294 -0.5522669153 -0.5777864049 0.4092922479 0.4400499749
1403636965.1516664028 -11.1897530031 20.0778482716 -1.9874099542 -0.5420702045 -0.5909250247 0.4169342658 0.4279407980
1403636965.2516665459 -11.0546155559 19.7149239174 -1.8926693306 -0.5377702462 -0.6046478590 0.4168159752 0.4140876377
1403636965.3516664505 -10.9184688270 19.3445102404 -1.7896693609 -0.5406093559 -0.6193054739 0.4081677777 0.3969903268
1403636965.4516665936 -10.8017858541 18.9812331276 -1.6503277911 -0.5462818097 -0.6303281506 0.3990443598 0.3808230637
1403636965.5516664982 -10.7152604727 18.5963342949 -1.4659303397 -0.5501206923 -0.6293490523 0.4032447343 0.3723985480
1403636965.6516664028 -10.6734625743 18.1985987706 -1.2514376512 -0.5479191937 -0.6153840179 0.4231095012 0.3769156638
1403636965.7516665459 -10.6390061374 17.8280091708 -1.0290207788 -0.5468173605 -0.6015956166 0.4409505090 0.3803105795
1403636965.8516664505 -10.6149606415 17.4661409537 -0.8382618052 -0.5417752598 -0.5979410495 0.4435717766 0.3901155575
1403636965.9516665936 -10.5793836339 17.1109216397 -0.6812027002 -0.5375093766 -0.5993818511 0.4385881367 0.3993313324
1403636966.0516664982 -10.5445463154 16.7488213280 -0.5521170216 -0.5342785242 -0.6005649444 0.4338327248 0.4070102861
1403636966.1516664028 -10.4965532821 16.4063142694 -0.4452098742 -0.5333331568 -0.6000132070 0.4320804603 0.4109092007
1403636966.2516665459 -10.4456794288 16.0407080399 -0.3680250386 -0.5339617075 -0.5982857235 0.4323398703 0.4123364215
1403636966.3516664505 -10.3726568113 15.7028910779 -0.3235629819 -0.5355937766 -0.5957609139 0.4342433452 0.4118749290
1403636966.4516665936 -10.2982917867 15.3406967044 -0.2893714685 -0.5443879600 -0.5868313055 0.4453434361 0.4011732691
1403636966.5516664982 -10.2098193706 14.9837239419 -0.2712532774 -0.5515871916 -0.5791879877 0.4534658637 0.3932703337
1403636966.6516664028 -10.1160457139 14.6748649797 -0.2951642204 -0.5507760310 -0.5798021379 0.4497980839 0.3976894873
1403636966.7516665459 -10.0157055601 14.3834762067 -0.3381276548 -0.5472386632 -0.5838564544 0.4411751853 0.4062092344
1403636966.8516664505 -9.8914800400 14.1065684246 -0.3518758066 -0.5470006646 -0.5836051720 0.4396336511 0.4085554172
1403636966.9516665936 -9.7626527819 13.8263185545 -0.3312765342 -0.5498635605 -0.5807257533 0.4419621647 0.4062968242
1403636967.0516664982 -9.6145663017 13.5618783074 -0.3043018607 -0.5497938787 -0.5805511402 0.4405403172 0.4081804667
1403636967.1516664028 -9.4528626819 13.3132817067 -0.3055982866 -0.5477730054 -0.5828618065 0.4361687517 0.4122786304
1403636967.2516665459 -9.2800658984 13.0777511969 -0.3285340982 -0.5474152627 -0.5832139696 0.4348738133 0.4136215207
1403636967.3516664505 -9.1019136858 12.8443302128 -0.3651189387 -0.5461541145 -0.5840268193 0.4328511244 0.4162550440
1403636967.4516665936 -8.9065200095 12.6117138820 -0.3728675409 -0.5456762180 -0.5841078923 0.4318054875 0.4178509976
1403636967.5516664982 -8.6998440670 12.3652283940 -0.3635992085 -0.5457908440 -0.5833102522 0.4316439341 0.4189809285
1403636967.6516664028 -8.4788574895 12.1277570416 -0.3356711652 -0.5456749983 -0.5831395697 0.4306282363 0.4204121318
1403636967.7516665459 -8.2477679085 11.8978190543 -0.3373884701 -0.5457581540 -0.5831775417 0.4296611985 0.4212401295
1403636967.8516664505 -8.0092670483 11.6551832486 -0.4112648756 -0.5459397268 -0.5826452606 0.4300492865 0.4213453763
1403636967.9516665936 -7.7699423255 11.4095057182 -0.5284322821 -0.5450081085 -0.5823001459 0.4304519631 0.4226154389
1403636968.0516664982 -7.5082599146 11.1622583978 -0.6751184752 -0.5451391095 -0.5821936774 0.4308859508 0.4221506493
1403636968.1516664028 -7.2390136849 10.9101806940 -0.8263640016 -0.5463023017 -0.5802305581 0.4342293402 0.4199180572
1403636968.2516665459 -6.9446965905 10.6676455177 -0.9678966333 -0.5467832033 -0.5808660579 0.4335116820 0.4191543546
1403636968.3516664505 -6.6427036008 10.4249082558 -1.0751039684 -0.5477149207 -0.5815267124 0.4328264491 0.4177275588
1403636968.4516665936 -6.3268399940 10.1915270303 -1.1540463282 -0.5487016113 -0.5816216616 0.4327724286 0.4163541875
1403636968.5516664982 -6.0012206411 9.9462056888 -1.1954802031 -0.5492725224 -0.5812933743 0.4329109322 0.4159156573
1403636968.6516664028 -5.6632580322 9.7177714446 -1.2098031931 -0.5465963842 -0.5840746151 0.4285097499 0.4200816958
1403636968.7516665459 -5.3176112360 9.4875052915 -1.2229247243 -0.5440651860 -0.5864619536 0.4250924281 0.4234995609
1403636968.8516664505 -4.9705997110 9.2379164375 -1.2346827282 -0.5434523095 -0.5871664034 0.4236059640 0.4247978216
1403636968.9516665936 -4.6083962753 8.9856719053 -1.2319539948 -0.5461578938 -0.5849259341 0.4263647272 0.4216471582
1403636969.0516664982 -4.2297578646 8.7247142076 -1.2057364583 -0.5475433310 -0.5832904196 0.4286827513 0.4197614630
1403636969.1516664028 -3.8502031381 8.4691163839 -1.1526852113 -0.5516597104 -0.5833590328 0.4288283353 0.4140894368
1403636969.2516665459 -3.4651302303 8.2159431460 -1.0779466911 -0.5570184082 -0.5869904582 0.4239356611 0.4067569914
1403636969.3516664505 -3.0742868906 7.9629297792 -0.9770435298 -0.5610039435 -0.5911537892 0.4177058815 0.4016635028
1403636969.4516665936 -2.7015193905 7.7115332996 -0.8712287128 -0.5630568165 -0.5937723298 0.4129787603 0.3998124376
1403636969.5516664982 -2.3392667247 7.4637781285 -0.7722763288 -0.5645220167 -0.5951677103 0.4097617153 0.3989807338
1403636969.6516664028 -1.9898097650 7.2139271828 -0.6915042180 -0.5655107912 -0.5949924917 0.4087916105 0.3988369329
1403636969.7516665459 -1.6629682156 6.9653644590 -0.6323340921 -0.5659189674 -0.5940401885 0.4091849604 0.3992738971
1403636969.8516664505 -1.3642401003 6.7187077740 -0.6045442601 -0.5665549918 -0.5946996545 0.4076171389 0.3989937721
1403636969.9516665936 -1.0684018704 6.4642574599 -0.5915355046 -0.5660034545 -0.5936641514 0.4089933191 0.3999092769
1403636970.0516664982 -0.7961537460 6.2067064542 -0.5982791405 -0.5629818041 -0.5891861651 0.4155227742 0.4040445214
1403636970.1516664028 -0.5359609183 5.9623044066 -0.6214667880 -0.5580845124 -0.5860459347 0.4204282004 0.4102827900
1403636970.2516665459 -0.2707373956 5.7104551866 -0.6468022291 -0.5549547916 -0.5834932072 0.4246572475 0.4137959383
1403636970.3516664505 -0.0026580467 5.4589862635 -0.6747254916 -0.5566096986 -0.5850169599 0.4231922512 0.4109125438
1403636970.4516665936 0.2592567580 5.2116382204 -0.7018584694 -0.5605365389 -0.5901195268 0.4167773294 0.4047893159
1403636970.5516664982 0.5170814374 4.9567301023 -0.7170725275 -0.5643232887 -0.5939228165 0.4119819957 0.3988304767
1403636970.6516664028 0.7633296858 4.7052957490 -0.7147867762 -0.5661978558 -0.5979157627 0.4076746756 0.3946113122
1403636970.7516665459 0.9836594771 4.4582220374 -0.6795055284 -0.5685593730 -0.6016329999 0.4038093061 0.3895074032
1403636970.8516664505 1.1834205485 4.2051808850 -0.6325183359 -0.5704829018 -0.6062268469 0.3984539326 0.3850619852
1403636970.9516665936 1.3486645688 3.9495881859 -0.5978221527 -0.5738372515 -0.6086952493 0.3956069085 0.3790726529
1403636971.0516664982 1.4790194711 3.6927550723 -0.5780627699 -0.5763276171 -0.6048543495 0.4016432590 0.3750738408
1403636971.1516664028 1.5733389129 3.4403293985 -0.5745200935 -0.5770851516 -0.5962319930 0.4141595550 0.3741015922
1403636971.2516665459 1.6412955565 3.1999687282 -0.5909838399 -0.5787782726 -0.5858136837 0.4283899053 0.3719141410
1403636971.3516664505 1.6955740604 2.9872113192 -0.6308314051 -0.5804774364 -0.5773628102 0.4399468062 0.3689782363
1403636971.4516665936 1.7333447892 2.8117311393 -0.6948276443 -0.5797891184 -0.5747305216 0.4437733909 0.3695870440
1403636971.5516664982 1.7656716907 2.6698341935 -0.7810463064 -0.5762444703 -0.5777239992 0.4406966392 0.3741173123
1403636971.6516664028 1.7885216517 2.5559619414 -0.8863648718 -0.5678035076 -0.5801060393 0.4379432847 0.3863700809
1403636971.7516665459 1.8076526826 2.4609754151 -1.0008264063 -0.5596678943 -0.5819022245 0.4364375974 0.3970942871
1403636971.8516664505 1.8326554373 2.3778402871 -1.1215965562 -0.5562579328 -0.5802078191 0.4395707551 0.4008909454
1403636971.9516665936 1.8646454876 2.3035888561 -1.2308040516 -0.5553083468 -0.5803476992 0.4402033614 0.4013105887
1403636972.0516664982 1.9071598154 2.2391003545 -1.3169768829 -0.5544059950 -0.5809688920 0.4400162229 0.4018642344
1403636972.1516664028 1.9583215088 2.1852447317 -1.3766935509 -0.5548614474 -0.5823647932 0.4378012715 0.4016342471
1403636972.2516665459 2.0313881255 2.1460790772 -1.3936749276 -0.5605563284 -0.5835743462 0.4366448191 0.3931397806
1403636972.3516664505 2.0966511347 2.1171079863 -1.3963795233 -0.5635691097 -0.5865917474 0.4322797405 0.3891454823
1403636972.4516665936 2.1503267645 2.0972197483 -1.3659692324 -0.5633603697 -0.5884470205 0.4291437329 0.3901164626
1403636972.5516664982 2.2011494460 2.0888970956 -1.3060174724 -0.5612360816 -0.5879599663 0.4291881392 0.3938460103
1403636972.6516664028 2.2517033420 2.0881590411 -1.2243615475 -0.5579984589 -0.5879271930 0.4281230260 0.3996123249
1403636972.7516665459 2.2988839552 2.0897260503 -1.1548026786 -0.5574257064 -0.5879300073 0.4272564587 0.4013312932
1403636972.8516664505 2.3444883988 2.0889876921 -1.1080086282 -0.5579572193 -0.5878492791 0.4268911705 0.4010996074
1403636972.9516665936 2.3897940553 2.0943936732 -1.0921479403 -0.5607401175 -0.5866218222 0.4242458128 0.4018219118
1403636973.0516664982 2.4297587636 2.1032037792 -1.1048358005 -0.5688625574 -0.5822740582 0.4172669191 0.4040304817
1403636973.1516664028 2.4658893142 2.1133785671 -1.1371112531 -0.5766927893 -0.5765049805 0.4113027774 0.4073051184
1403636973.2516665459 2.4983179232 2.1225799519 -1.1898842325 -0.5818846095 -0.5712548902 0.4074290111 0.4111930843
1403636973.3516664505 2.5192691497 2.1310485099 -1.2603061136 -0.5856977856 -0.5669136314 0.4047931398 0.4143785135
1403636973.4516665936 2.5386403156 2.1358491834 -1.3450545451 -0.5887754467 -0.5641418039 0.4021798213 0.4163398729
1403636973.5516664982 2.5592438775 2.1432737993 -1.4464787104 -0.5890374457 -0.5624374267 0.4001127379 0.4202485284
1403636973.6516664028 2.5715664324 2.1443760133 -1.5527970242 -0.5885166782 -0.5594501919 0.4012152605 0.4238984748
1403636973.7516665459 2.5858152035 2.1427848047 -1.6532783241 -0.5866935326 -0.5577803357 0.4020099556 0.4278548720
1403636973.8516664505 2.6034615635 2.1359359845 -1.7209587862 -0.5846494441 -0.5574937002 0.4023783311 0.4306709654
1403636973.9516665936 2.6276992707 2.1254250895 -1.7632048102 -0.5851161356 -0.5559109186 0.4047490228 0.4298608927
1403636974.0516664982 2.6551882981 2.1153355002 -1.7760141290 -0.5905579127 -0.5543765015 0.4030143834 0.4260134424
1403636974.1516664028 2.6803765186 2.1080006199 -1.7906989624 -0.6010734119 -0.5481008745 0.3970743047 0.4250037429
1403636974.2516665459 2.7027337550 2.1144775753 -1.8169458171 -0.6126448489 -0.5370869013 0.3856486019 0.4329885743
1403636974.3516664505 2.7205688418 2.1285637268 -1.8616768367 -0.6256789307 -0.5221305234 0.3718293383 0.4445768049
1403636974.4516665936 2.7299489759 2.1441266545 -1.9273970343 -0.6397599494 -0.5029796280 0.3586507072 0.4572618190
1403636974.5516664982 2.7410293095 2.1563169537 -2.0118876917 -0.6541865192 -0.4816826129 0.3451315858 0.4700064329
1403636974.6516664028 2.7536605086 2.1670413790 -2.1095500003 -0.6690272427 -0.4602314879 0.3297260808 0.4815290622
1403636974.7516665459 2.7714341096 2.1702898153 -2.2015509073 -0.6856226103 -0.4398517780 0.3153986629 0.4868015335
1403636974.8516664505 2.7841741010 2.1692670953 -2.2584607577 -0.7030659127 -0.4199822912 0.3034974765 0.4870343718
1403636974.9516665936 2.7983738536 2.1736502898 -2.2823685091 -0.7198843799 -0.4002343502 0.2935447924 0.4851910956
1403636975.0516664982 2.8063531827 2.1921086258 -2.2737911730 -0.7323902979 -0.3829318589 0.2829248629 0.4867454827
1403636975.1516664028 2.8085422448 2.2244245145 -2.2552026434 -0.7362186666 -0.3697452610 0.2722842286 0.4971235418
1403636975.2516665459 2.8022724732 2.2657491647 -2.2500485476 -0.7347660373 -0.3609393821 0.2639685463 0.5100610154
1403636975.3516664505 2.7993998571 2.3077687385 -2.2597193702 -0.7323702159 -0.3549971155 0.2605896364 0.5193302959
1403636975.4516665936 2.8004487041 2.3442981022 -2.2999545418 -0.7324742277 -0.3538001772 0.2566867939 0.5219375730
1403636975.5516664982 2.7983595728 2.3697811971 -2.3536199500 -0.7349608528 -0.3555790207 0.2529779537 0.5190358946
1403636975.6516664028 2.7877543342 2.3900551119 -2.3840482515 -0.7372320034 -0.3589127435 0.2502864707 0.5148080208
1403636975.7516665459 2.7754868026 2.4135148096 -2.3814868171 -0.7381899456 -0.3628563101 0.2492666447 0.5111526604
1403636975.8516664505 2.7514252706 2.4388903301 -2.3500311046 -0.7394019331 -0.3635495592 0.2477614539 0.5096378727
1403636975.9516665936 2.7149118715 2.4758097103 -2.3183028808 -0.7438293605 -0.3564463502 0.2432635640 0.5103789967
1403636976.0516664982 2.6704492372 2.5207731175 -2.2940375397 -0.7485844984 -0.3397190047 0.2415787502 0.5156083340
1403636976.1516664028 2.6264713027 2.5712215672 -2.2867404834 -0.7542452036 -0.3145998423 0.2442979169 0.5219766661
1403636976.2516665459 2.5846892364 2.6284608858 -2.3022662787 -0.7619169292 -0.2871914850 0.2434912839 0.5269873229
1403636976.3516664505 2.5576358120 2.7057140045 -2.3456449245 -0.7700669614 -0.2622653355 0.2340363398 0.5323915481
1403636976.4516665936 2.5614450227 2.7914935518 -2.4125443680 -0.7775907151 -0.2397203063 0.2190605592 0.5384229990
1403636976.5516664982 2.5817313209 2.8808271624 -2.4926234974 -0.7831965718 -0.2269803261 0.1950050734 0.5450285156
1403636976.6516664028 2.6198467867 2.9720432037 -2.5963653751 -0.7860498637 -0.2201106276 0.1746877375 0.5506006881
1403636976.7516665459 2.6674076965 3.0565711391 -2.7121400167 -0.7884011597 -0.2134840277 0.1627746798 0.5534912691
1403636976.8516664505 2.7171301965 3.1478100540 -2.8504509071 -0.7939847041 -0.2081524689 0.1574730516 0.5490565339
1403636976.9516665936 2.7623824096 3.2331326819 -2.9858082166 -0.7990828336 -0.2038273177 0.1567694498 0.5434559681
1403636977.0516664982 2.7986291740 3.3200674956 -3.0770028990 -0.8013126255 -0.2019326918 0.1574125853 0.5406871020
1403636977.1516664028 2.8418661266 3.4190735740 -3.1353592869 -0.8024726552 -0.2015043528 0.1588551057 0.5387009271
1403636977.2516665459 2.8888590130 3.5345843860 -3.1610413870 -0.8031007859 -0.2026703508 0.1611895252 0.5366300342
1403636977.3516664505 2.9239530498 3.6663441574 -3.1904323443 -0.8004047344 -0.2048520322 0.1634656881 0.5391353030
1403636977.4516665936 2.9750319792 3.8132310221 -3.2245020141 -0.7949491311 -0.2083791649 0.1645004279 0.5455030815
1403636977.5516664982 3.0203964363 3.9553749037 -3.2701123304 -0.7896674085 -0.2109378259 0.1655874187 0.5518255380
1403636977.6516664028 3.0779095938 4.0987163762 -3.3447136262 -0.7867172396 -0.2123342445 0.1671752544 0.5550158446
1403636977.7516665459 3.1367170606 4.2469071276 -3.4384069452 -0.7889148235 -0.2087267428 0.1682651859 0.5529316190
1403636977.8516664505 3.2067941998 4.3842251242 -3.5317924081 -0.7938246563 -0.2023098184 0.1706769301 0.5475240068
1403636977.9516665936 3.2826325407 4.5391149995 -3.6403017152 -0.7941005389 -0.1991738588 0.1691603336 0.5487430087
1403636978.0516664982 3.3700183896 4.6888515371 -3.7285531172 -0.7922902306 -0.1994569970 0.1640122921 0.5528047258
1403636978.1516664028 3.4636200260 4.8446179650 -3.7889518345 -0.7925181154 -0.2003440506 0.1593355555 0.5535245965
1403636978.2516665459 3.5588151684 4.9912141865 -3.8204237285 -0.7942631759 -0.2021404879 0.1539538224 0.5518907964
1403636978.3516664505 3.6521452953 5.1461158667 -3.8227256575 -0.7963361067 -0.2030769613 0.1504042876 0.5495335324
1403636978.4516665936 3.7488543491 5.2932138958 -3.7912237671 -0.8001029869 -0.2055833546 0.1456848255 0.5443772830
1403636978.5516664982 3.8341460472 5.4501924274 -3.7705996769 -0.8056897803 -0.2070670161 0.1418178103 0.5365397818
1403636978.6516664028 3.9031028990 5.6217777641 -3.7654919557 -0.8105943737 -0.2076035304 0.1389458381 0.5296523289
1403636978.7516665459 3.9621565927 5.8035506772 -3.7785958387 -0.8133207459 -0.2081639662 0.1369401805 0.5257608909
1403636978.8516664505 4.0127138851 6.0007014263 -3.7989728877 -0.8131166571 -0.2083326289 0.1367551820 0.5260578275
1403636978.9516665936 4.0373115221 6.2225227534 -3.8338072445 -0.8078938480 -0.2065082563 0.1389927003 0.5341749711
1403636979.0516664982 4.0441254930 6.4433936651 -3.8916615394 -0.7983504715 -0.2041094374 0.1419893281 0.5484659451
1403636979.1516664028 4.0256239414 6.6515978373 -3.9639042793 -0.7923324032 -0.2025030216 0.1438796322 0.5572257536
1403636979.2516665459 4.0178922405 6.8643193949 -4.0749027095 -0.7941532868 -0.2031330876 0.1435746280 0.5544761780
1403636979.3516664505 4.0039892123 7.0660338386 -4.1790656082 -0.7998653129 -0.2054396282 0.1406685204 0.5460974342
1403636979.4516665936 3.9815967851 7.2763562158 -4.2496694448 -0.8051098713 -0.2074402559 0.1382085756 0.5382053744
1403636979.5516664982 3.9441349907 7.4897039683 -4.2818215326 -0.8084821112 -0.2082912784 0.1370134349 0.5331029336
1403636979.6516664028 3.8902979722 7.7260957735 -4.2874055425 -0.8100094547 -0.2075371582 0.1369221311 0.5310982407
1403636979.7516665459 3.8142302338 7.9641999462 -4.2756400408 -0.8108421638 -0.2078271954 0.1333174101 0.5306310492
1403636979.8516664505 3.7284824610 8.2320524110 -4.2288333378 -0.8069620727 -0.2060666875 0.1328251246 0.5373138932
1403636979.9516665936 3.6253753979 8.5006286978 -4.1898102438 -0.8026745895 -0.2029810815 0.1334596352 0.5447024047
1403636980.0516664982 3.5101055319 8.7620131435 -4.1735272827 -0.8007568443 -0.2014589184 0.1319556734 0.5484436897
1403636980.1516664028 3.3844395841 9.0277810730 -4.1757016531 -0.7997717605 -0.1993625247 0.1319638752 0.5506407635
1403636980.2516665459 3.2542471884 9.2848436059 -4.2065487850 -0.7997013068 -0.1971411892 0.1327348005 0.5513570932
1403636980.3516664505 3.1202643138 9.5409017571 -4.2594770600 -0.7967379987 -0.1941338994 0.1351892456 0.5560975260
1403636980.4516665936 2.9759982061 9.7806832412 -4.3172442958 -0.7936473615 -0.1908918195 0.1388479211 0.5607186761
1403636980.5516664982 2.8305346668 10.0214754555 -4.4022684732 -0.7920515221 -0.1875761930 0.1441765758 0.5627456558
1403636980.6516664028 2.6923937855 10.2495705793 -4.4905128004 -0.7911799466 -0.1846149357 0.1497332058 0.5634994097
1403636980.7516665459 2.5645611704 10.4683310047 -4.5556999155 -0.7912225426 -0.1870227998 0.1485275904 0.5629643998
1403636980.8516664505 2.4445372226 10.6763396797 -4.5971309537 -0.7934768502 -0.1935499050 0.1423426276 0.5591703665
1403636980.9516665936 2.3305140533 10.8748001042 -4.6104573247 -0.7958296240 -0.1989991563 0.1369895256 0.5552372604
1403636981.0516664982 2.2076206434 11.0707254273 -4.6158652015 -0.7964474970 -0.2009036531 0.1356853122 0.5539842983
1403636981.1516664028 2.0824058610 11.2558816914 -4.6297239881 -0.7957220430 -0.1978272406 0.1400886207 0.5550369280
1403636981.2516665459 1.9430750974 11.4398310255 -4.6643174906 -0.7960157446 -0.1893955191 0.1496512951 0.5550610432
1403636981.3516664505 1.8208195603 11.6218200879 -4.7095152002 -0.7956399903 -0.1795712836 0.1609330880 0.5557082879
1403636981.4516665936 1.7044526045 11.8061271630 -4.7812791727 -0.7961254359 -0.1781265142 0.1597582517 0.5558169990
1403636981.5516664982 1.6133216228 11.9884445797 -4.8652398259 -0.7969072393 -0.1842318161 0.1475148179 0.5560907016
1403636981.6516664028 1.5210405352 12.1678533239 -4.9270945325 -0.7989142891 -0.1912289277 0.1338539332 0.5543018856
1403636981.7516665459 1.4295183069 12.3495590959 -4.9517392187 -0.8006447331 -0.1938033312 0.1261079104 0.5527251352
1403636981.8516664505 1.3255452752 12.5249779912 -4.9419810002 -0.8049051054 -0.1944676345 0.1210079525 0.5474186569
1403636981.9516665936 1.2136367196 12.7066836916 -4.9090618084 -0.8107923085 -0.1940807898 0.1178237665 0.5395053657
1403636982.0516664982 1.0770545903 12.8939249619 -4.8765875279 -0.8172323859 -0.1926468534 0.1168799103 0.5304314319
1403636982.1516664028 0.9279791795 13.0993495848 -4.8631703699 -0.8220567850 -0.1906145894 0.1179457388 0.5234286229
1403636982.2516665459 0.7615155792 13.3237542253 -4.8587287130 -0.8234800565 -0.1866500106 0.1229002170 0.5214766598
1403636982.3516664505 0.5789789412 13.5750312826 -4.8664071962 -0.8211652142 -0.1816931098 0.1298532599 0.5251794319
1403636982.4516665936 0.3964173184 13.8547362495 -4.8823393378 -0.8138145855 -0.1776060297 0.1366256838 0.5361859203
1403636982.5516664982 0.2122866453 14.1457249377 -4.8739869255 -0.8059340861 -0.1760607048 0.1409573254 0.5473608586
1403636982.6516664028 0.0391060182 14.4408391288 -4.8501153009 -0.8044397636 -0.1768778509 0.1427025286 0.5488413987
1403636982.7516665459 -0.1245740857 14.7427426957 -4.8100631478 -0.8059290074 -0.1795387379 0.1422994219 0.5458893213
1403636982.8516664505 -0.2829230638 15.0536299454 -4.7734741580 -0.8078355875 -0.1831462763 0.1400679774 0.5424389981
1403636982.9516665936 -0.4378991050 15.3706127132 -4.7610627249 -0.8077887211 -0.1865518335 0.1367354781 0.5421984918
1403636983.0516664982 -0.5912287290 15.6979318713 -4.7750833232 -0.8045362878 -0.1873155651 0.1363367770 0.5468514643
1403636983.1516664028 -0.7437556335 16.0263933513 -4.8082582601 -0.8007157625 -0.1877744241 0.1358575137 0.5523927672
1403636983.2516665459 -0.8909116970 16.3585934315 -4.8633544365 -0.7981579373 -0.1896788356 0.1332711503 0.5560617295
1403636983.3516664505 -1.0629844938 16.6743210220 -4.9340892041 -0.7968229738 -0.1900079175 0.1312608898 0.5583374594
1403636983.4516665936 -1.2187794153 16.9890521524 -5.0157012658 -0.7958382812 -0.1898371569 0.1299557231 0.5601024853
1403636983.5516664982 -1.3837428467 17.2972195517 -5.0846035180 -0.7973971934 -0.1895339693 0.1285201281 0.5583163682
1403636983.6516664028 -1.5382593591 17.5936014608 -5.1317584672 -0.8010508010 -0.1901779057 0.1254079692 0.5535547124
1403636983.7516665459 -1.7148064335 17.8862546748 -5.1446798419 -0.8045183886 -0.1904144406 0.1220967063 0.5491674585
1403636983.8516664505 -1.8885675031 18.1815149969 -5.1264665127 -0.8072575500 -0.1910000044 0.1187437810 0.5456685448
1403636983.9516665936 -2.0759755945 18.4768734592 -5.0766083052 -0.8095680486 -0.1901181075 0.1174224593 0.5428320606
1403636984.0516664982 -2.3026977885 18.7671643640 -5.0160963539 -0.8116859463 -0.1886569084 0.1159402833 0.5404926884
1403636984.1516664028 -2.5163742294 19.0837877740 -4.9571504059 -0.8113255975 -0.1874074255 0.1150852733 0.5416498975
1403636984.2516665459 -2.7450587583 19.3998158641 -4.9210972238 -0.8080400458 -0.1847870394 0.1157312936 0.5472945296
1403636984.3516664505 -2.9856776312 19.7182162810 -4.9140937402 -0.8049111189 -0.1827931949 0.1160497885 0.5524827465
1403636984.4516665936 -3.2365022014 20.0291036614 -4.9366193360 -0.8028523331 -0.1817650903 0.1152138295 0.5559814355
1403636984.5516664982 -3.4879044366 20.3493270017 -4.9862633989 -0.8014011859 -0.1809196191 0.1151461203 0.5583597421
1403636984.6516664028 -3.7506879801 20.6505735119 -5.0295655452 -0.8007263181 -0.1808788542 0.1151386525 0.5593418403
1403636984.7516665459 -4.0157721631 20.9431466105 -5.0458063291 -0.7998841596 -0.1806026893 0.1168223110 0.5602861300
1403636984.8516664505 -4.2881344750 21.2309806584 -5.0389407937 -0.8003113469 -0.1779798136 0.1213152976 0.5595601242
1403636984.9516665936 -4.5601921469 21.5096904435 -5.0061779875 -0.8005049102 -0.1753017781 0.1252005564 0.5592727386
1403636985.0516664982 -4.8300051613 21.7804510152 -4.9615645754 -0.8008441327 -0.1749181151 0.1255402663 0.5588308955
1403636985.1516664028 -5.0903323881 22.0436488774 -4.9298410024 -0.8014640933 -0.1769632721 0.1220413398 0.5580727721
1403636985.2516665459 -5.3569400884 22.3042688037 -4.9513953459 -0.8006881927 -0.1780679626 0.1194575722 0.5593926235
1403636985.3516664505 -5.6261310937 22.5570114329 -5.0085452249 -0.8002396413 -0.1794409509 0.1185101126 0.5597971194
1403636985.4516665936 -5.8993777982 22.7948752238 -5.0699766998 -0.7990199330 -0.1868127106 0.1194233846 0.5589331025
1403636985.5516664982 -6.1776775074 23.0270255718 -5.0908175239 -0.7962360877 -0.1966233191 0.1234380736 0.5586684214
1403636985.6516664028 -6.4647348044 23.2553376592 -5.0950809490 -0.7927678194 -0.2056130075 0.1249858410 0.5600187632
1403636985.7516665459 -6.7709995985 23.4675029455 -5.0594177200 -0.7887671810 -0.2117856975 0.1265773280 0.5630020715
1403636985.8516664505 -7.0782233089 23.6586623894 -5.0092441846 -0.7816421273 -0.2142661630 0.1312158157 0.5708835310
1403636985.9516665936 -7.3837424656 23.8401663072 -4.9714560335 -0.7676366706 -0.2128692636 0.1394413899 0.5881978556
1403636986.0516664982 -7.7014458917 23.9802218936 -4.9654817635 -0.7603176371 -0.2138591401 0.1409656664 0.5969171130
1403636986.1516664028 -7.9992961932 24.0738589591 -4.9873840602 -0.7649734757 -0.2154714940 0.1411074846 0.5903188076
1403636986.2516665459 -8.3050857434 24.1334159183 -5.0309969500 -0.7752808983 -0.2185317880 0.1373772636 0.5764641132
1403636986.3516664505 -8.6069839037 24.1637841826 -5.0949603490 -0.7820078680 -0.2205666395 0.1349642703 0.5670967269
1403636986.4516665936 -8.9205136684 24.1825241328 -5.1625425591 -0.7864228196 -0.2176396019 0.1396144255 0.5609634254
1403636986.5516664982 -9.2312808564 24.1888535528 -5.2063104068 -0.7891308751 -0.2133410675 0.1463273382 0.5570873908
1403636986.6516664028 -9.5350271288 24.2005613868 -5.2146064643 -0.7904822998 -0.2108597882 0.1509087912 0.5548895567
1403636986.7516665459 -9.8452984326 24.1975340640 -5.1851624860 -0.7913846666 -0.2072881537 0.1562783044 0.5534609492
1403636986.8516664505 -10.1358554872 24.2027953662 -5.1385420166 -0.7913605766 -0.2044052677 0.1603451951 0.5534043212
1403636986.9516665936 -10.4127493719 24.2069761562 -5.0413421699 -0.7908521347 -0.2039525521 0.1603274755 0.5543025872
1403636987.0516664982 -10.6782317899 24.2161523417 -4.9151543512 -0.7896292464 -0.2054839899 0.1560254599 0.5567028283
1403636987.1516664028 -10.9361449944 24.2240602163 -4.7939402756 -0.7884267851 -0.2058325772 0.1531456474 0.5590729518
1403636987.2516665459 -11.1823810525 24.2280082036 -4.6913270334 -0.7875327737 -0.2038864592 0.1530767243 0.5610614571
1403636987.3516664505 -11.4220234127 24.2219113639 -4.6070320825 -0.7865600198 -0.2036028782 0.1519400872 0.5628351562
1403636987.4516665936 -11.6553160074 24.2047282192 -4.5536382706 -0.7838126219 -0.2057792762 0.1534733460 0.5654543265
1403636987.5516664982 -11.8783955320 24.1842382264 -4.5271037903 -0.7780143851 -0.2092307515 0.1543203314 0.5719277442
1403636987.6516664028 -12.0902425765 24.1465200841 -4.5058969578 -0.7741917732 -0.2116568252 0.1560657328 0.5757360278
1403636987.7516665459 -12.2968097247 24.0850455614 -4.4804710350 -0.7726597322 -0.2138610408 0.1575642108 0.5765708221
1403636987.8516664505 -12.4933405448 23.9951631216 -4.4403323695 -0.7725511386 -0.2149138535 0.1605576919 0.5754980463
1403636987.9516665936 -12.6742874843 23.8937731672 -4.3697472216 -0.7753238078 -0.2133930174 0.1664495463 0.5706408343
1403636988.0516664982 -12.8294808221 23.7626117501 -4.2967952958 -0.7807313347 -0.2098552481 0.1727687557 0.5626458166
1403636988.1516664028 -12.9740516846 23.6413799900 -4.2338082645 -0.7852953153 -0.2067654957 0.1773578845 0.5559707532
1403636988.2516665459 -13.1057643744 23.5239346198 -4.1941200866 -0.7864713077 -0.2030122538 0.1816055738 0.5543178894
1403636988.3516664505 -13.2049675582 23.4116101986 -4.1591383391 -0.7821722009 -0.1985109231 0.1861611940 0.5604855676
1403636988.4516665936 -13.2730408264 23.3017056817 -4.1090397388 -0.7768213150 -0.1964076776 0.1883739628 0.5678801977
1403636988.5516664982 -13.3161896293 23.1875868417 -4.0351091199 -0.7732756905 -0.1957155422 0.1890626139 0.5727088798
1403636988.6516664028 -13.3165338998 23.0617088865 -3.9462969071 -0.7716984385 -0.1953165065 0.1899467626 0.5746766131
1403636988.7516665459 -13.2862402800 22.9230694403 -3.8685203468 -0.7702474567 -0.1953190537 0.1898209271 0.5766605053
1403636988.8516664505 -13.2236073414 22.7755863736 -3.8045659356 -0.7684354696 -0.1940116450 0.1917201144 0.5788866973
1403636988.9516665936 -13.1158896638 22.6140700164 -3.7623096742 -0.7663482400 -0.1918797243 0.1945420449 0.5814171818
1403636989.0516664982 -12.9806988892 22.4401294283 -3.7499837669 -0.7647439355 -0.1893254932 0.1971450784 0.5834864084
1403636989.1516664028 -12.8026004344 22.2519837986 -3.7432051376 -0.7646941443 -0.1883878970 0.1973543543 0.5837843136
1403636989.2516665459 -12.5773179265 22.0446531544 -3.7455218513 -0.7663794537 -0.1902726679 0.1935015456 0.5822508022
1403636989.3516664505 -12.3183645984 21.8267202902 -3.7257836142 -0.7719349265 -0.1981351056 0.1806799958 0.5763798125
1403636989.4516665936 -12.0417936749 21.6026978617 -3.6721533586 -0.7800271164 -0.2045569486 0.1702058452 0.5663427608
1403636989.5516664982 -11.7448850303 21.3606796753 -3.5943478431 -0.7845434524 -0.2077225749 0.1643436217 0.5606550430
1403636989.6516664028 -11.4394631206 21.1275842039 -3.5113108321 -0.7860094009 -0.2113479119 0.1589734630 0.5587921974
1403636989.7516665459 -11.1373892751 20.8896376157 -3.4426326333 -0.7864395893 -0.2149299470 0.1537487312 0.5582823819
1403636989.8516664505 -10.8428254384 20.6518636238 -3.3924797384 -0.7866561550 -0.2151091690 0.1536082728 0.5579468054
1403636989.9516665936 -10.5557728674 20.4095852923 -3.3601895709 -0.7834929982 -0.2128735681 0.1566323321 0.5623965489
1403636990.0516664982 -10.2705709449 20.1630718203 -3.3390035373 -0.7793723577 -0.2107154314 0.1592689953 0.5681646963
1403636990.1516664028 -9.9792367663 19.9104910010 -3.2977086533 -0.7768816164 -0.2104326118 0.1603793763 0.5713593664
1403636990.2516665459 -9.6890543863 19.6451307478 -3.2361201855 -0.7778990339 -0.2126844702 0.1581708670 0.5697546718
1403636990.3516664505 -9.3864234845 19.3684316445 -3.1467986261 -0.7798710684 -0.2155421279 0.1560717190 0.5665547867
1403636990.4516665936 -9.0881398443 19.0846520554 -3.0588418593 -0.7820977161 -0.2181190660 0.1553401459 0.5626870130
1403636990.5516664982 -8.8000367343 18.8001125631 -2.9843160354 -0.7839598088 -0.2195635333 0.1561813183 0.5592908625
1403636990.6516664028 -8.5135711031 18.5137909497 -2.9382779516 -0.7857858587 -0.2212875181 0.1566955826 0.5558946960
1403636990.7516665459 -8.2359529600 18.2259530924 -2.9140686433 -0.7863730076 -0.2238690316 0.1553966767 0.5543933824
1403636990.8516664505 -7.9635398804 17.9470656746 -2.9050302805 -0.7861472546 -0.2257455783 0.1549257096 0.5540843370
1403636990.9516665936 -7.7017275400 17.6631350107 -2.9271792118 -0.7864540019 -0.2261651830 0.1549559735 0.5534691131
1403636991.0516664982 -7.4538519296 17.3856035302 -2.9611450842 -0.7852584057 -0.2260352799 0.1553135425 0.5551170976
1403636991.1516664028 -7.2087517946 17.1044702271 -3.0056561415 -0.7856704848 -0.2256761437 0.1547492283 0.5548376734
1403636991.2516665459 -6.9759189097 16.8287611283 -3.0509694311 -0.7863482127 -0.2257319904 0.1533827594 0.5542339632
1403636991.3516664505 -6.7524736496 16.5537211856 -3.0645123561 -0.7871022887 -0.2245647988 0.1533900562 0.5536353755
1403636991.4516665936 -6.5299702740 16.2834668780 -3.0463004766 -0.7878502922 -0.2246791622 0.1516558999 0.5530024224
1403636991.5516664982 -6.3290423184 16.0157417945 -2.9935540756 -0.7886145919 -0.2225036051 0.1520579706 0.5526821371
1403636991.6516664028 -6.1353845608 15.7486346885 -2.9293018827 -0.7903807145 -0.2176926232 0.1550208665 0.5512501963
1403636991.7516665459 -5.9384954316 15.4925103036 -2.8207897183 -0.7933185640 -0.2109021346 0.1603142848 0.5481471296
1403636991.8516664505 -5.7405007202 15.2451823678 -2.7161660900 -0.7952986321 -0.2047962989 0.1641571415 0.5464531038
1403636991.9516665936 -5.5402453134 15.0149804903 -2.6301913359 -0.7963005412 -0.2020058962 0.1638840829 0.5461145240
1403636992.0516664982 -5.3354073189 14.7910754482 -2.5655878408 -0.7948554484 -0.2031428214 0.1580163129 0.5495167468
1403636992.1516664028 -5.1301311436 14.5860900466 -2.5247551075 -0.7910584535 -0.2047618207 0.1525492928 0.5559027191
1403636992.2516665459 -4.9212161840 14.3754901839 -2.5038995910 -0.7881062560 -0.2050059505 0.1492308510 0.5608843398
1403636992.3516664505 -4.7102179093 14.1642511996 -2.4991941030 -0.7884689820 -0.2048789064 0.1465794160 0.5611201057
1403636992.4516665936 -4.5050253412 13.9485811640 -2.5028552032 -0.7921502715 -0.2052891528 0.1428809256 0.5567219703
1403636992.5516664982 -4.3048527066 13.7402696083 -2.4831617946 -0.7945879146 -0.2057108537 0.1390337495 0.5540602017
1403636992.6516664028 -4.1194681515 13.5356693412 -2.4417004912 -0.7959893408 -0.2045579438 0.1372672411 0.5529147506
1403636992.7516665459 -3.9392123663 13.3318131863 -2.3774465783 -0.7972858459 -0.2041426126 0.1351536666 0.5517196390
1403636992.8516664505 -3.7771806106 13.1361742996 -2.3282714449 -0.7973644160 -0.2038833648 0.1324119708 0.5523663927
1403636992.9516665936 -3.6325697683 12.9377396857 -2.3062083866 -0.7967249573 -0.2039155404 0.1293786365 0.5539936490
1403636993.0516664982 -3.4821035678 12.7441171567 -2.2833259518 -0.7949741151 -0.2003341870 0.1315951996 0.5572836561
1403636993.1516664028 -3.3628421614 12.5478387005 -2.2892379881 -0.7921843150 -0.1979628270 0.1398077885 0.5600968777
1403636993.2516665459 -3.2443609582 12.3467675906 -2.2704578542 -0.7891698468 -0.2028309893 0.1490577058 0.5602252610
1403636993.3516664505 -3.1422952257 12.1367471199 -2.2229741101 -0.7850305251 -0.2132256091 0.1591451865 0.5594056881
1403636993.4516665936 -3.0239692289 11.9312829944 -2.1399219959 -0.7801070650 -0.2271733335 0.1708868219 0.5573355702
1403636993.5516664982 -2.9119575284 11.7181455375 -2.0383081787 -0.7744898209 -0.2438465571 0.1820553979 0.5545811087
1403636993.6516664028 -2.7909695797 11.4976328710 -1.9204281666 -0.7708222217 -0.2595031834 0.1920807565 0.5491777338
1403636993.7516665459 -2.6705522028 11.2832126112 -1.8249163025 -0.7680305114 -0.2715078936 0.1987944810 0.5448792082
1403636993.8516664505 -2.5491738546 11.0709697555 -1.7574493107 -0.7653057128 -0.2804219354 0.2022915827 0.5429077450
1403636993.9516665936 -2.4225069762 10.8563851352 -1.7015563504 -0.7624363450 -0.2857434454 0.2064319371 0.5426116094
1403636994.0516664982 -2.2879189599 10.6441567283 -1.6606082439 -0.7568501177 -0.2886970717 0.2086549882 0.5479917846
1403636994.1516664028 -2.1639951282 10.4261125236 -1.6435961145 -0.7504277287 -0.2888037103 0.2115137706 0.5556190833
1403636994.2516665459 -2.0354099556 10.1980268255 -1.6469691305 -0.7449590757 -0.2876978783 0.2145120601 0.5623615229
1403636994.3516664505 -1.8920708048 9.9552787042 -1.6640998208 -0.7416258704 -0.2868930769 0.2159985426 0.5665933819
1403636994.4516665936 -1.7405191118 9.6879279150 -1.6932946937 -0.7402836573 -0.2860117493 0.2162135189 0.5687082734
1403636994.5516664982 -1.5742507248 9.3935255784 -1.7032025002 -0.7435700320 -0.2846443489 0.2177497702 0.5645053054
1403636994.6516664028 -1.3963828725 9.0783604391 -1.6961656552 -0.7493509185 -0.2845238020 0.2170269412 0.5571523255
1403636994.7516665459 -1.2121286165 8.7511592530 -1.6520920778 -0.7582638788 -0.2811819591 0.2207815322 0.5451863085
1403636994.8516664505 -1.0210462353 8.4321743635 -1.5922166040 -0.7651424910 -0.2765492304 0.2257790352 0.5358183638
1403636994.9516665936 -0.8195206711 8.1241722222 -1.5458890327 -0.7675202621 -0.2738066111 0.2281530955 0.5328121169
1403636995.0516664982 -0.5955783661 7.8276674519 -1.5218683416 -0.7641112408 -0.2747764595 0.2264450926 0.5379168421
1403636995.1516664028 -0.3699405457 7.5382369300 -1.5129511172 -0.7579373001 -0.2775985671 0.2231578815 0.5465076803
1403636995.2516665459 -0.1404034233 7.2451015304 -1.4895648001 -0.7539687594 -0.2799484084 0.2211325472 0.5515980376
1403636995.3516664505 0.1021618631 6.9477101154 -1.4369077941 -0.7523906376 -0.2830480696 0.2188048522 0.5530972386
1403636995.4516665936 0.3551457696 6.6388165615 -1.3635796092 -0.7546672756 -0.2870746076 0.2156624556 0.5491403991
1403636995.5516664982 0.6139299534 6.3289243117 -1.2505461677 -0.7573057254 -0.2886307249 0.2153150565 0.5448116825
1403636995.6516664028 0.8636342153 6.0260818800 -1.1297291985 -0.7589649230 -0.2886544588 0.2158937043 0.5422552512
1403636995.7516665459 1.1104128749 5.7061344891 -1.0311928008 -0.7594630673 -0.2874232276 0.2172464553 0.5416712244
1403636995.8516664505 1.3602309612 5.3919901343 -0.9520132289 -0.7631138991 -0.2826132166 0.2228202084 0.5367849678
1403636995.9516665936 1.6122357096 5.0892808406 -0.8923885733 -0.7667314570 -0.2793159715 0.2264356210 0.5318198666
1403636996.0516664982 1.8798100887 4.8032299752 -0.8675029435 -0.7675324168 -0.2810469627 0.2236948892 0.5309116598
1403636996.1516664028 2.1556331374 4.5241918621 -0.8503099992 -0.7669301169 -0.2844406763 0.2182750666 0.5322289853
1403636996.2516665459 2.4228510939 4.2595883068 -0.8102301841 -0.7662045548 -0.2878550802 0.2132664309 0.5334673959
1403636996.3516664505 2.6850958421 3.9974571731 -0.7465558618 -0.7649478873 -0.2915568743 0.2125480840 0.5335472151
1403636996.4516665936 2.9384901488 3.7393300852 -0.6416816032 -0.7627724784 -0.2978619698 0.2156110434 0.5319476206
1403636996.5516664982 3.1947524658 3.4813724834 -0.5146448601 -0.7579083243 -0.3087213403 0.2203216248 0.5307772486
1403636996.6516664028 3.4431956602 3.2296179386 -0.3809927402 -0.7527824531 -0.3219891936 0.2290203103 0.5264895392
1403636996.7516665459 3.6835734846 2.9852108484 -0.2959747349 -0.7465679534 -0.3380862426 0.2388484760 0.5208506399
1403636996.8516664505 3.9047766446 2.7313394085 -0.2614794284 -0.7394282883 -0.3551183841 0.2506551555 0.5141096505
1403636996.9516665936 4.1219262395 2.4819434089 -0.2648457837 -0.7314383952 -0.3721398659 0.2647819087 0.5063598870
1403636997.0516664982 4.3350259295 2.2476945622 -0.2817957715 -0.7221860060 -0.3896345453 0.2769436838 0.4999344856
1403636997.1516664028 4.5378024630 2.0212896260 -0.3230909118 -0.7153378610 -0.4038715888 0.2865518098 0.4930188077
1403636997.2516665459 4.7375407070 1.8064766614 -0.3714486391 -0.7100049983 -0.4140945772 0.2930375930 0.4884133009
1403636997.3516664505 4.9178636372 1.6025676520 -0.4260127002 -0.7065072286 -0.4208669358 0.2965927781 0.4855422559
1403636997.4516665936 5.0802338548 1.4159108299 -0.4531299670 -0.7041253036 -0.4243953823 0.2987418813 0.4846126336
1403636997.5516664982 5.2478696448 1.2519872448 -0.4503978100 -0.7030672537 -0.4264177477 0.2985608004 0.4844850769
1403636997.6516664028 5.3938279454 1.0861354645 -0.4076388897 -0.7039550090 -0.4264481925 0.2976300716 0.4837412789
1403636997.7516665459 5.5314245981 0.9334705695 -0.3380404999 -0.7045802246 -0.4265468922 0.2947733107 0.4844926739
1403636997.8516664505 5.6530778927 0.7888258977 -0.2386644165 -0.7057817041 -0.4259599616 0.2925032831 0.4846360765
1403636997.9516665936 5.7544864224 0.6513490523 -0.1130376471 -0.7070232996 -0.4242367660 0.2910389885 0.4852190509
1403636998.0516664982 5.8441849420 0.5234168841 0.0303758501 -0.7082647744 -0.4226831482 0.2893548676 0.4857712693
1403636998.1516664028 5.9205785493 0.4030892813 0.2013160841 -0.7089124612 -0.4204903341 0.2895216488 0.4866294444
1403636998.2516665459 5.9826178968 0.2886844802 0.3533759967 -0.7101822711 -0.4178320876 0.2909635799 0.4862074491
1403636998.3516664505 6.0351746233 0.1827448209 0.4762293241 -0.7109135854 -0.4168395791 0.2897576269 0.4867105474
1403636998.4516665936 6.0767229471 0.0774370632 0.5740158958 -0.7119005991 -0.4152168551 0.2901690477 0.4864097285
1403636998.5516664982 6.1121401973 -0.0067760283 0.6855067547 -0.7107407281 -0.4139120485 0.2904979692 0.4890146863
1403636998.6516664028 6.1357254066 -0.0818428811 0.8182757490 -0.7049711288 -0.4114414024 0.2928597229 0.4979607040
1403636998.7516665459 6.1407405631 -0.1573658475 0.9794051808 -0.6988419844 -0.4077251200 0.2968437414 0.5072118892
1403636998.8516664505 6.1561112438 -0.2215054426 1.1304051343 -0.6948951987 -0.4085323751 0.2942576494 0.5134534031
1403636998.9516665936 6.1820769340 -0.3056699855 1.2725927932 -0.6931543832 -0.4099371770 0.2909800276 0.5165453857
1403636999.0516664982 6.2189597824 -0.4007174982 1.3901767258 -0.6921646219 -0.4114554527 0.2879501396 0.5183601679
1403636999.1516664028 6.2448945363 -0.5169088071 1.4762882836 -0.6927724167 -0.4126241009 0.2852834416 0.5180937058
1403636999.2516665459 6.2787630640 -0.6407760109 1.5382622650 -0.6943975288 -0.4134407201 0.2835226154 0.5162303453
1403636999.3516664505 6.3251486142 -0.7743862849 1.5882941217 -0.6975027691 -0.4119090162 0.2853340211 0.5122551570
1403636999.4516665936 6.3606428782 -0.9213007490 1.6157942301 -0.6993071177 -0.4088638869 0.2892991711 0.5100057516
1403636999.5516664982 6.3955893475 -1.0774153220 1.6241938734 -0.6986778479 -0.4067580733 0.2915934728 0.5112439547
1403636999.6516664028 6.4403629782 -1.2325658757 1.6268810932 -0.6976807735 -0.4045134248 0.2944378250 0.5127541269
1403636999.7516665459 6.4824385059 -1.3903329700 1.6104547665 -0.6974352964 -0.4033534982 0.2952023677 0.5135616078
1403636999.8516664505 6.5383129872 -1.5671042997 1.5899426345 -0.6974774662 -0.4030280280 0.2945469248 0.5141358788
1403636999.9516665936 6.5911676306 -1.7433638878 1.5514555281 -0.6966899325 -0.4038434220 0.2923874773 0.5157937491
1403637000.0516664982 6.6722440571 -1.9184995812 1.5369220161 -0.6951114899 -0.4068897571 0.2885746672 0.5176730664
1403637000.1516664028 6.7480770808 -2.1163905833 1.5529144712 -0.6960943327 -0.4077451564 0.2874978660 0.5162766163
1403637000.2516665459 6.8267496738 -2.3260456625 1.5809777042 -0.6979676591 -0.4081575346 0.2872829620 0.5135339069
1403637000.3516664505 6.9116611935 -2.5356514509 1.6175809433 -0.6988026572 -0.4079332492 0.2878921748 0.5122337417
1403637000.4516665936 6.9868997575 -2.7503065824 1.6395179007 -0.6985336015 -0.4075994114 0.2882710905 0.5126532023
1403637000.5516664982 7.0745865946 -2.9714383657 1.6424889951 -0.6979016849 -0.4083251999 0.2872035357 0.5135347101
1403637000.6516664028 7.1613655501 -3.2041800143 1.6629535123 -0.6980043869 -0.4072040182 0.2888012194 0.5133893446
1403637000.7516665459 7.2543038815 -3.4397723489 1.7135451762 -0.6979303894 -0.4066372410 0.2895682908 0.5135070894
1403637000.8516664505 7.3526099441 -3.6835245191 1.7790939910 -0.6981393492 -0.4047744564 0.2911654152 0.5137915818
1403637000.9516665936 7.4532479095 -3.9290990088 1.8323839225 -0.6989513529 -0.4045860891 0.2902920975 0.5133299142
1403637001.0516664982 7.5493381824 -4.1881697843 1.8610044480 -0.6988468897 -0.4036764789 0.2906777116 0.5139696421
1403637001.1516664028 7.6696095797 -4.4442002771 1.8737734166 -0.6990717774 -0.4028587485 0.2912161922 0.5140005916
1403637001.2516665459 7.7916116376 -4.7051401156 1.8900440296 -0.6998067262 -0.4010826556 0.2928884899 0.5134389758
1403637001.3516664505 7.9139806817 -4.9713250968 1.9381594903 -0.7008316437 -0.4002510710 0.2936285395 0.5122659155
1403637001.4516665936 8.0511799444 -5.2373773208 2.0075616431 -0.7035620711 -0.4007024867 0.2927847355 0.5086403719
1403637001.5516664982 8.1727212894 -5.5022957362 2.0885661188 -0.7063013658 -0.4006484928 0.2908739639 0.5059757930
1403637001.6516664028 8.3175358362 -5.7507820059 2.1525612604 -0.7078705625 -0.3997079624 0.2911293844 0.5043773320
1403637001.7516665459 8.4543315111 -6.0091650642 2.1984626311 -0.7076793715 -0.3995816865 0.2896021922 0.5056233314
1403637001.8516664505 8.5974922779 -6.2687665573 2.2194146085 -0.7083393277 -0.3989949039 0.2894320673 0.5052598756
1403637001.9516665936 8.7417768516 -6.5220403025 2.2278381604 -0.7089540319 -0.3993683340 0.2882357898 0.5047863349
1403637002.0516664982 8.8804547710 -6.7734450856 2.2123540265 -0.7096676587 -0.4002473740 0.2865586172 0.5040416775
1403637002.1516664028 9.0361967547 -7.0220984536 2.1836758873 -0.7100918919 -0.3997891949 0.2870560414 0.5035245116
1403637002.2516665459 9.1748607876 -7.2630972838 2.1452697272 -0.7106214084 -0.4001286336 0.2864283727 0.5028648703
1403637002.3516664505 9.3121674439 -7.4983001533 2.0940519833 -0.7096989502 -0.4011182497 0.2851018971 0.5041313897
1403637002.4516665936 9.4356492332 -7.7382594333 2.0744663362 -0.7087982727 -0.4025163491 0.2831205906 0.5053991774
1403637002.5516664982 9.5726217268 -7.9654518670 2.0932613215 -0.7073766858 -0.4047673387 0.2801623482 0.5072382916
1403637002.6516664028 9.7125281054 -8.1999874621 2.1418360023 -0.7070338614 -0.4047531250 0.2800492702 0.5077897527
1403637002.7516665459 9.8297707397 -8.4375866731 2.1981969272 -0.7077894144 -0.4042452034 0.2790495022 0.5076921664
1403637002.8516664505 9.9420636062 -8.6777998364 2.2414766420 -0.7083704668 -0.4023220693 0.2801829966 0.5077851147
1403637002.9516665936 10.0579582382 -8.9236845607 2.2610225691 -0.7095047405 -0.3998036852 0.2819188798 0.5072295158
1403637003.0516664982 10.1734192350 -9.1653205770 2.2529941347 -0.7106931757 -0.3984397463 0.2821577267 0.5065056720
1403637003.1516664028 10.2815580918 -9.4050454989 2.2300730726 -0.7112545225 -0.3975857395 0.2813823525 0.5068200427
1403637003.2516665459 10.3790625191 -9.6509693482 2.1863082364 -0.7116336779 -0.3962454306 0.2807085938 0.5077103038
1403637003.3516664505 10.4776796386 -9.8919150614 2.1571352336 -0.7117227980 -0.3938371225 0.2826819288 0.5083639512
1403637003.4516665936 10.5786222753 -10.1328453786 2.1417564715 -0.7106506841 -0.3922208342 0.2835626827 0.5106178878
1403637003.5516664982 10.6804059684 -10.3718449577 2.1577237571 -0.7115676683 -0.3905573438 0.2842066418 0.5102577774
1403637003.6516664028 10.7872473038 -10.6061015897 2.2068720596 -0.7121774099 -0.3896241704 0.2844527871 0.5099832886
1403637003.7516665459 10.8946073886 -10.8386125773 2.2520857021 -0.7125577484 -0.3897994469 0.2839876503 0.5095771393
1403637003.8516664505 11.0015526545 -11.0748642408 2.2809883667 -0.7136279119 -0.3907332194 0.2838834033 0.5074179421
1403637003.9516665936 11.1224669401 -11.2996482484 2.2875847479 -0.7140130085 -0.3942886789 0.2814333976 0.5054869969
1403637004.0516664982 11.2372262722 -11.5205972151 2.2699876968 -0.7145238521 -0.3986283771 0.2780073237 0.5032524314
1403637004.1516664028 11.3425833695 -11.7432056149 2.2255586353 -0.7142714738 -0.4009478691 0.2768969196 0.5023795018
1403637004.2516665459 11.4408923047 -11.9622792790 2.1854675106 -0.7143387826 -0.4027119901 0.2767786855 0.5009358402
1403637004.3516664505 11.5249603372 -12.1746181635 2.1793964597 -0.7149724462 -0.4016288330 0.2793756149 0.4994576534
1403637004.4516665936 11.6044185169 -12.3827281412 2.2217607082 -0.7139109464 -0.3983670517 0.2830485080 0.5015160963
1403637004.5516664982 11.6807117165 -12.5849532869 2.3038221110 -0.7107682192 -0.3947041675 0.2852363656 0.5075996203
1403637004.6516664028 11.7599907521 -12.7897068755 2.4195639061 -0.7134929389 -0.3885317103 0.2899216133 0.5058817988
1403637004.7516665459 11.8410023822 -12.9816687595 2.5306194433 -0.7178564590 -0.3809195378 0.2963038204 0.5017832759
1403637004.8516664505 11.9313267888 -13.1659009881 2.5862754133 -0.7220640778 -0.3760494244 0.2992572282 0.4976498864
1403637004.9516665936 12.0274210730 -13.3324096439 2.5731956045 -0.7267712842 -0.3763912481 0.2956903312 0.4926462797
1403637005.0516664982 12.1287061287 -13.4805455833 2.5155440400 -0.7273997054 -0.3804445342 0.2879534996 0.4931880037
1403637005.1516664028 12.2328049160 -13.6108461872 2.4417861789 -0.7235400859 -0.3837943150 0.2811788418 0.5001301098
1403637005.2516665459 12.3332639599 -13.7312470138 2.3601418405 -0.7223818624 -0.3857060991 0.2776061767 0.5023246567
1403637005.3516664505 12.4292942394 -13.8475413949 2.2693494477 -0.7235238893 -0.3883533543 0.2743837104 0.5004082666
1403637005.4516665936 12.5154936283 -13.9587045286 2.1740833394 -0.7206045702 -0.3898652104 0.2749617632 0.5031204626
1403637005.5516664982 12.5930349805 -14.0680586371 2.0932327326 -0.7168268489 -0.3913056512 0.2761158049 0.5067536072
1403637005.6516664028 12.6678640487 -14.1790304665 2.0487297932 -0.7188497586 -0.3921572394 0.2781159623 0.5021147634
1403637005.7516665459 12.7386105470 -14.2880643835 2.0504819478 -0.7235448428 -0.3915958952 0.2811252327 0.4940689413
1403637005.8516664505 12.8016128485 -14.3840906972 2.0899487207 -0.7217939037 -0.3932480977 0.2803551984 0.4957524150
1403637005.9516665936 12.8555250370 -14.4692095757 2.1322338425 -0.7185317401 -0.3943579099 0.2794592612 0.5000964894
1403637006.0516664982 12.9038766505 -14.5527989391 2.1616856786 -0.7164679382 -0.3930921413 0.2810068427 0.5031773210
1403637006.1516664028 12.9500764061 -14.6375479849 2.1816246423 -0.7158945906 -0.3917457007 0.2830524043 0.5038963957
1403637006.2516665459 12.9949844271 -14.7182879380 2.1945172410 -0.7180323297 -0.3920651022 0.2831469681 0.5005420298
1403637006.3516664505 13.0374121721 -14.7940893128 2.1978681599 -0.7241839590 -0.3941079710 0.2807731857 0.4913277103
1403637006.4516665936 13.0712121209 -14.8596259375 2.1943466738 -0.7295318791 -0.3948025696 0.2800799975 0.4831866755
1403637006.5516664982 13.0915061024 -14.9090363922 2.1888126184 -0.7300660909 -0.3916045440 0.2868388358 0.4810123349
1403637006.6516664028 13.1011662822 -14.9403368924 2.1802479152 -0.7219471833 -0.3945758977 0.2924440099 0.4874203797
1403637006.7516665459 13.1092329889 -14.9628945697 2.1606322349 -0.7112114821 -0.4027540266 0.2992210181 0.4923760799
1403637006.8516664505 13.1195524307 -14.9822198926 2.1296451816 -0.7019913038 -0.4138534809 0.3090415345 0.4903333924
1403637006.9516665936 13.1349274807 -14.9997424709 2.0917098220 -0.6924675065 -0.4307446967 0.3180170048 0.4835420802
1403637007.0516664982 13.1508787024 -15.0116779835 2.0533811212 -0.6807530998 -0.4484136689 0.3256201134 0.4790322958
1403637007.1516664028 13.1662973372 -15.0165241286 2.0122441818 -0.6701909210 -0.4615295359 0.3323247883 0.4768593629
1403637007.2516665459 13.1818757978 -15.0189476307 1.9731307816 -0.6603608928 -0.4702066853 0.3382134849 0.4779548126
1403637007.3516664505 13.1979252557 -15.0227366080 1.9368618267 -0.6506881048 -0.4750611234 0.3425776424 0.4832830208
1403637007.4516665936 13.2234233406 -15.0353983369 1.8961457087 -0.6481956768 -0.4787152939 0.3436567615 0.4822593309
1403637007.5516664982 13.2551712392 -15.0586331877 1.8502580603 -0.6487699887 -0.4815701111 0.3425680696 0.4794109382
1403637007.6516664028 13.2945032282 -15.0904899243 1.7935641773 -0.6553752441 -0.4855149341 0.3376916498 0.4698115451
1403637007.7516665459 13.3298118469 -15.1281245964 1.7383250538 -0.6615727138 -0.4890345321 0.3314139043 0.4618783334
1403637007.8516664505 13.3491868642 -15.1670065096 1.6963397592 -0.6614369580 -0.4875129281 0.3312409851 0.4638013641
1403637007.9516665936 13.3551354263 -15.2099101297 1.6714298964 -0.6599287004 -0.4767968596 0.3431494597 0.4684093438
1403637008.0516664982 13.3639530605 -15.2505614739 1.6440183817 -0.6587680314 -0.4716155815 0.3466661793 0.4726795788
1403637008.1516664028 13.3831992502 -15.2905012359 1.6085360343 -0.6650232237 -0.4758293552 0.3370331737 0.4666253063
1403637008.2516665459 13.4008924626 -15.3296123396 1.5832047287 -0.6719432336 -0.4803203161 0.3273012535 0.4589755704
1403637008.3516664505 13.4036828591 -15.3641596157 1.5738463611 -0.6747178687 -0.4830409573 0.3202115734 0.4570468024
1403637008.4516665936 13.3836789662 -15.3973781390 1.5877100803 -0.6724123031 -0.4779323794 0.3247449725 0.4625830069
1403637008.5516664982 13.3496655866 -15.4300595183 1.6151770404 -0.6689851269 -0.4701119125 0.3327692254 0.4698066968
1403637008.6516664028 13.3134352732 -15.4600947084 1.6335989630 -0.6676158635 -0.4642463647 0.3381677835 0.4737160773
1403637008.7516665459 13.2792782747 -15.4909715151 1.6329275590 -0.6728977645 -0.4576395918 0.3450869321 0.4676426112
1403637008.8516664505 13.2519022738 -15.5134716540 1.6141144521 -0.6819739422 -0.4522741807 0.3510884902 0.4550785423
1403637008.9516665936 13.2274982544 -15.5113000946 1.5774510109 -0.6860144907 -0.4511132187 0.3511085415 0.4501152903
1403637009.0516664982 13.2048618691 -15.4795607805 1.5238512834 -0.6824740665 -0.4547694775 0.3443438254 0.4569914669
1403637009.1516664028 13.1831066742 -15.4280848678 1.4577085710 -0.6775827832 -0.4599584433 0.3359012582 0.4652850170
1403637009.2516665459 13.1602309772 -15.3672384831 1.3823474357 -0.6721424561 -0.4670124938 0.3247842354 0.4739610214
1403637009.3516664505 13.1334306873 -15.3071246496 1.2990238852 -0.6655258923 -0.4754660926 0.3118817385 0.4834636105
1403637009.4516665936 13.1425006147 -15.2709989237 1.2809761996 -0.6582008270 -0.4776945526 0.3338263842 0.4765915766
1403637009.5516664982 13.1508733193 -15.2547054909 1.2755688438 -0.6443795242 -0.4706641267 0.3722426479 0.4740102528
