1403638519.4778294563 2.1002244781 -5.8394147255 -0.7358808345 -0.7844288901 0.2944241474 -0.1932386485 0.5105336057
1403638519.5778293610 2.1002244781 -5.8394147255 -0.7358808345 -0.7844288901 0.2944241474 -0.1932386485 0.5105336057
1403638519.6778295040 2.1002244781 -5.8394147255 -0.7358808345 -0.7844288901 0.2944241474 -0.1932386485 0.5105336057
1403638519.7778294086 2.1002244781 -5.8394147255 -0.7358808345 -0.7844288901 0.2944241474 -0.1932386485 0.5105336057
1403638519.8778295517 2.1002244781 -5.8394147255 -0.7358808345 -0.7844288901 0.2944241474 -0.1932386485 0.5105336057
1403638519.9778294563 2.1002244781 -5.8394147255 -0.7358808345 -0.7844288901 0.2944241474 -0.1932386485 0.5105336057
1403638520.0778293610 2.1002244781 -5.8394147255 -0.7358808345 -0.7844288901 0.2944241474 -0.1932386485 0.5105336057
1403638520.1778295040 2.1002244781 -5.8394147255 -0.7358808345 -0.7844288901 0.2944241474 -0.1932386485 0.5105336057
1403638520.2778294086 2.1002244781 -5.8394147255 -0.7358808345 -0.7844288901 0.2944241474 -0.1932386485 0.5105336057
1403638520.3778295517 2.1002244781 -5.8394147255 -0.7358808345 -0.7844288901 0.2944241474 -0.1932386485 0.5105336057
1403638520.4778294563 2.1002244781 -5.8394147255 -0.7358808345 -0.7844288901 0.2944241474 -0.1932386485 0.5105336057
1403638520.5778293610 2.1002244781 -5.8394147255 -0.7358808345 -0.7844288901 0.2944241474 -0.1932386485 0.5105336057
1403638520.6778295040 2.1002244781 -5.8394147255 -0.7358808345 -0.7844288901 0.2944241474 -0.1932386485 0.5105336057
1403638520.7778294086 2.1002244781 -5.8394147255 -0.7358808345 -0.7844288901 0.2944241474 -0.1932386485 0.5105336057
1403638520.8778295517 2.1002244781 -5.8394147255 -0.7358808345 -0.7844288901 0.2944241474 -0.1932386485 0.5105336057
1403638520.9778294563 2.1002244781 -5.8394147255 -0.7358808345 -0.7844288901 0.2944241474 -0.1932386485 0.5105336057
1403638521.0778293610 2.1002244781 -5.8394147255 -0.7358808345 -0.7844288901 0.2944241474 -0.1932386485 0.5105336057
1403638521.1778295040 2.1002244781 -5.8394147255 -0.7358808345 -0.7844288901 0.2944241474 -0.1932386485 0.5105336057
1403638521.2778294086 2.1002244781 -5.8394147255 -0.7358808345 -0.7844288901 0.2944241474 -0.1932386485 0.5105336057
1403638521.3778295517 2.1002244781 -5.8394147255 -0.7358808345 -0.7844288901 0.2944241474 -0.1932386485 0.5105336057
1403638521.4778294563 2.1002244781 -5.8394147255 -0.7358808345 -0.7844288901 0.2944241474 -0.1932386485 0.5105336057
1403638521.5778293610 2.1002244781 -5.8394147255 -0.7358808345 -0.7844288901 0.2944241474 -0.1932386485 0.5105336057
1403638521.6778295040 2.1002244781 -5.8394147255 -0.7358808345 -0.7844288901 0.2944241474 -0.1932386485 0.5105336057
1403638521.7778294086 2.1002244781 -5.8394147255 -0.7358808345 -0.7844288901 0.2944241474 -0.1932386485 0.5105336057
1403638521.8778295517 2.1002244781 -5.8394147255 -0.7358808345 -0.7844288901 0.2944241474 -0.1932386485 0.5105336057
1403638521.9778294563 2.1002244781 -5.8394147255 -0.7358808345 -0.7844288901 0.2944241474 -0.1932386485 0.5105336057
1403638522.0778293610 2.0995358271 -5.8361007650 -0.7326718989 -0.7871300037 0.2911310035 -0.1909830181 0.5091115623
1403638522.1778295040 2.0966631913 -5.8334588077 -0.7128753485 -0.7886179300 0.2904902490 -0.1869673629 0.5086652937
1403638522.2778294086 2.0967292904 -5.8291857872 -0.6699145882 -0.7845458051 0.2876807387 -0.1841545614 0.5175082316
1403638522.3778295517 2.1003979210 -5.8244346145 -0.6037662691 -0.7805738073 0.2841348577 -0.1807308655 0.5266006725
1403638522.4778294563 2.1042981853 -5.8202895372 -0.5231915443 -0.7816899534 0.2831063014 -0.1710155543 0.5287393677
1403638522.5778293610 2.1082901849 -5.8157691396 -0.4371415655 -0.7840276573 0.2856974935 -0.1590178846 0.5276276028
1403638522.6778295040 2.1159466358 -5.8078644528 -0.3519902269 -0.7827242285 0.2815827937 -0.1558057623 0.5327086228
1403638522.7778294086 2.1219605815 -5.7961070159 -0.2637168893 -0.7795756391 0.2723298845 -0.1559031450 0.5420262599
1403638522.8778295517 2.1277281830 -5.7863542244 -0.1700868861 -0.7734453433 0.2718958783 -0.1463278229 0.5535730309
1403638522.9778294563 2.1365342378 -5.7846089285 -0.0802470809 -0.7667959774 0.2745464874 -0.1409546249 0.5628320789
1403638523.0778293610 2.1457396668 -5.7867782236 -0.0161893573 -0.7637667373 0.2751304503 -0.1410974150 0.5666172657
1403638523.1778295040 2.1515372027 -5.7973416872 0.0168058596 -0.7629352338 0.2743798067 -0.1422931592 0.5678012043
1403638523.2778294086 2.1600671468 -5.8063016766 -0.0009248130 -0.7606422715 0.2736591756 -0.1524376158 0.5685919132
1403638523.3778295517 2.1677610234 -5.8135722859 -0.0557367875 -0.7595325505 0.2743164171 -0.1570261959 0.5685099663
1403638523.4778294563 2.1762997343 -5.8209176412 -0.1386735462 -0.7640754167 0.2732183241 -0.1595115243 0.5622246691
1403638523.5778293610 2.1796454919 -5.8365751256 -0.2301387530 -0.7745198725 0.2722902391 -0.1611651564 0.5477251000
1403638523.6778295040 2.1805463179 -5.8510371074 -0.3251018851 -0.7845914011 0.2724504431 -0.1627340915 0.5326393759
1403638523.7778294086 2.1812803478 -5.8662087240 -0.4135820057 -0.7901925304 0.2712366247 -0.1634483351 0.5247009625
1403638523.8778295517 2.1785761937 -5.8824143284 -0.4934723070 -0.7918972147 0.2687756930 -0.1661768371 0.5225358237
1403638523.9778294563 2.1743364532 -5.8984155929 -0.5559538554 -0.7941337190 0.2631223783 -0.1747574484 0.5192090953
1403638524.0778293610 2.1688628740 -5.9078535438 -0.5827040156 -0.7998879451 0.2563740014 -0.1795788704 0.5120576882
1403638524.1778295040 2.1657409361 -5.9123607244 -0.5566479831 -0.8057634076 0.2531552196 -0.1765284623 0.5054655949
1403638524.2778294086 2.1685196374 -5.9112761142 -0.4813380946 -0.8068250951 0.2526039243 -0.1704320500 0.5061397432
1403638524.3778295517 2.1745413568 -5.9062549518 -0.3788710199 -0.8033857911 0.2533827704 -0.1635688701 0.5134332158
1403638524.4778294563 2.1836146785 -5.8987938048 -0.2661944816 -0.7962802778 0.2531493345 -0.1608404010 0.5253413167
1403638524.5778293610 2.1940906321 -5.8871893781 -0.1560026325 -0.7872980386 0.2516957091 -0.1629296204 0.5387624776
1403638524.6778295040 2.2017149337 -5.8789954136 -0.0507569717 -0.7792409455 0.2545481267 -0.1705552510 0.5467172088
1403638524.7778294086 2.2069904676 -5.8611263460 0.0202443487 -0.7736633382 0.2581041881 -0.1852022361 0.5482037933
1403638524.8778295517 2.2103117321 -5.8485044003 0.0691419758 -0.7712515066 0.2601964936 -0.1897852002 0.5490450582
1403638524.9778294563 2.2093316345 -5.8425662525 0.0905875163 -0.7706222135 0.2576149232 -0.1845359000 0.5529217458
1403638525.0778293610 2.2085634757 -5.8384247609 0.0664065247 -0.7693316767 0.2536318703 -0.1879027906 0.5554207296
1403638525.1778295040 2.2100834551 -5.8343556096 0.0052007066 -0.7697186893 0.2490167332 -0.1905936396 0.5560556361
1403638525.2778294086 2.2117758902 -5.8283416653 -0.0843725996 -0.7741575701 0.2454838809 -0.1889787138 0.5520006944
1403638525.3778295517 2.2070242022 -5.8319623583 -0.1804740305 -0.7844906334 0.2439607537 -0.1818299065 0.5403660629
1403638525.4778294563 2.1978315449 -5.8363522339 -0.2760046335 -0.7968754752 0.2463088616 -0.1671335573 0.5257259702
1403638525.5778293610 2.1901585736 -5.8427207845 -0.3616083065 -0.8054847448 0.2498474022 -0.1560975015 0.5142024617
1403638525.6778295040 2.1869161589 -5.8473013964 -0.4337329831 -0.8073966507 0.2536891144 -0.1536073192 0.5100561472
1403638525.7778294086 2.1854279956 -5.8494878707 -0.4895104579 -0.8041073607 0.2587678626 -0.1573454770 0.5115593286
1403638525.8778295517 2.1858097763 -5.8506892186 -0.5296278480 -0.7994183777 0.2616914104 -0.1662428007 0.5145980901
1403638525.9778294563 2.1937221524 -5.8644800012 -0.5514835730 -0.7978101799 0.2624103098 -0.1749221592 0.5138501575
1403638526.0778293610 2.2167468603 -5.8921674192 -0.5547047231 -0.7985623509 0.2649945005 -0.1785223446 0.5101037728
1403638526.1778295040 2.2538863000 -5.9313906135 -0.5408313872 -0.7975776369 0.2744929265 -0.1793242772 0.5063263277
1403638526.2778294086 2.2992366319 -5.9804711106 -0.5163128107 -0.7935014414 0.2828901400 -0.1834740160 0.5066220649
1403638526.3778295517 2.3489696099 -6.0384280638 -0.4896439083 -0.7865333082 0.2899539098 -0.1882077015 0.5117322995
1403638526.4778294563 2.4033131508 -6.1045740264 -0.4663157879 -0.7778547166 0.2989289085 -0.1923863501 0.5182384006
1403638526.5778293610 2.4644969578 -6.1803436723 -0.4492949718 -0.7689138810 0.3079271451 -0.1965334848 0.5247160244
1403638526.6778295040 2.5341886495 -6.2653884517 -0.4388174536 -0.7610830138 0.3143094283 -0.2036164153 0.5296249473
1403638526.7778294086 2.6080658523 -6.3605829011 -0.4327465635 -0.7562234792 0.3186005196 -0.2134051915 0.5301678816
1403638526.8778295517 2.6813585486 -6.4603662080 -0.4295243972 -0.7543401433 0.3215749976 -0.2213403527 0.5277962840
1403638526.9778294563 2.7491236361 -6.5535308413 -0.4280041366 -0.7549073294 0.3286437501 -0.2241767829 0.5213952239
1403638527.0778293610 2.8145053023 -6.6423816600 -0.4218223617 -0.7544194147 0.3426229660 -0.2289084249 0.5109420543
1403638527.1778295040 2.8773534044 -6.7115743621 -0.4175565838 -0.7504215969 0.3577478983 -0.2349899260 0.5036502784
1403638527.2778294086 2.9289261458 -6.7632831895 -0.4086305870 -0.7426577349 0.3698271689 -0.2467713585 0.5007906255
1403638527.3778295517 2.9637707650 -6.7912458002 -0.3987484396 -0.7349095052 0.3759670386 -0.2633635523 0.4991957976
1403638527.4778294563 2.9755270829 -6.7860463889 -0.3953620112 -0.7299533284 0.3787929805 -0.2742560453 0.4984652826
1403638527.5778293610 2.9626966992 -6.7483742428 -0.3941075320 -0.7288597406 0.3795718736 -0.2774203117 0.4977214502
1403638527.6778295040 2.9304135301 -6.6856182876 -0.3962015796 -0.7305674607 0.3763538936 -0.2758071239 0.4985572812
1403638527.7778294086 2.8884108461 -6.6063950641 -0.3997767362 -0.7344130698 0.3701249599 -0.2704495884 0.5005017253
1403638527.8778295517 2.8324015570 -6.5128390312 -0.3965339787 -0.7390629687 0.3666521436 -0.2567758103 0.5034067114
1403638527.9778294563 2.7812327074 -6.4039557421 -0.3989419050 -0.7413551292 0.3626014309 -0.2476904596 0.5075058728
1403638528.0778293610 2.7196811560 -6.3077242221 -0.3954098280 -0.7426983327 0.3554982380 -0.2426592867 0.5129684786
1403638528.1778295040 2.6618547846 -6.2081510905 -0.4019678910 -0.7460658378 0.3475600871 -0.2344175063 0.5173356591
1403638528.2778294086 2.6197846691 -6.1154016324 -0.4104530932 -0.7510269241 0.3383748697 -0.2228856578 0.5213281024
1403638528.3778295517 2.6032126230 -6.0243638129 -0.4231467535 -0.7534539696 0.3309553138 -0.2169697042 0.5250712746
1403638528.4778294563 2.6086466847 -5.9414138927 -0.4353384109 -0.7538328212 0.3276536268 -0.2190736502 0.5257241808
1403638528.5778293610 2.6281324356 -5.8645202321 -0.4463779266 -0.7538773726 0.3324353047 -0.2196411211 0.5224111916
1403638528.6778295040 2.6644644780 -5.7866816438 -0.4628273538 -0.7520814242 0.3401433307 -0.2180081719 0.5207191978
1403638528.7778294086 2.6991350167 -5.7084969617 -0.4558761064 -0.7494803002 0.3447172376 -0.2233712324 0.5191864773
1403638528.8778295517 2.7126919197 -5.6813243898 -0.4444841704 -0.7457026757 0.3515495984 -0.2203679395 0.5213236717
1403638528.9778294563 2.7085010794 -5.6804059240 -0.4184787091 -0.7429865107 0.3577941632 -0.2141155974 0.5235540971
1403638529.0778293610 2.6706673442 -5.6991901547 -0.3878542676 -0.7430877676 0.3595277031 -0.2150272260 0.5218464261
1403638529.1778295040 2.6118606558 -5.7329419684 -0.3762052069 -0.7461543678 0.3531589453 -0.2304863849 0.5151780714
1403638529.2778294086 2.5304825773 -5.7664573720 -0.3800478063 -0.7499083530 0.3480263370 -0.2405935795 0.5085566442
1403638529.3778295517 2.4482162355 -5.8058629704 -0.3924020466 -0.7564368675 0.3457263351 -0.2415988880 0.4999065353
1403638529.4778294563 2.3815690997 -5.8312378042 -0.4292377899 -0.7667383509 0.3468532345 -0.2350256076 0.4863826669
1403638529.5778293610 2.3290021325 -5.8507660622 -0.4731508179 -0.7773712370 0.3476616513 -0.2273674113 0.4723657442
1403638529.6778295040 2.2908985302 -5.8616495608 -0.5197294079 -0.7820649328 0.3463180844 -0.2265439848 0.4659571313
1403638529.7778294086 2.2634253942 -5.8635202288 -0.5622013403 -0.7790831437 0.3445640702 -0.2281299680 0.4714464703
1403638529.8778295517 2.2454675082 -5.8606293150 -0.5988550532 -0.7728462783 0.3433299526 -0.2308665617 0.4811795970
1403638529.9778294563 2.2406979138 -5.8527872372 -0.6264251666 -0.7704571672 0.3426986022 -0.2320879880 0.4848593481
1403638530.0778293610 2.2499516004 -5.8386025626 -0.6477086774 -0.7714534712 0.3436478449 -0.2320155953 0.4826328459
1403638530.1778295040 2.2677240291 -5.8202625906 -0.6667457165 -0.7714444181 0.3481271949 -0.2321928342 0.4793406447
1403638530.2778294086 2.2904134109 -5.8004725319 -0.6857921154 -0.7689195713 0.3535977016 -0.2343129460 0.4783605351
1403638530.3778295517 2.3125075868 -5.7858707606 -0.7044806430 -0.7663817691 0.3582531243 -0.2370794153 0.4776055210
1403638530.4778294563 2.3332397173 -5.7735832760 -0.7191922212 -0.7647182663 0.3618532103 -0.2374367905 0.4773803492
1403638530.5778293610 2.3494334161 -5.7675448612 -0.7300442482 -0.7634635862 0.3651473676 -0.2368026933 0.4771951769
1403638530.6778295040 2.3602240675 -5.7653925621 -0.7408233231 -0.7654785631 0.3681524474 -0.2360467481 0.4720045314
1403638530.7778294086 2.3675329097 -5.7638164977 -0.7521914668 -0.7680118684 0.3708093279 -0.2342157096 0.4666917758
1403638530.8778295517 2.3721648605 -5.7623852951 -0.7613722882 -0.7688445026 0.3704760869 -0.2322335127 0.4665760339
1403638530.9778294563 2.3743165847 -5.7608477494 -0.7670441734 -0.7668788399 0.3697687899 -0.2324033994 0.4702728430
1403638531.0778293610 2.3743258681 -5.7599574193 -0.7711774530 -0.7641417370 0.3673919436 -0.2350566535 0.4752461838
1403638531.1778295040 2.3721673072 -5.7576273092 -0.7705566772 -0.7628955991 0.3646327002 -0.2370934476 0.4783513310
1403638531.2778294086 2.3713760410 -5.7558024817 -0.7740602697 -0.7622903356 0.3628011570 -0.2402086093 0.4791540345
1403638531.3778295517 2.3702106492 -5.7545661303 -0.7745780875 -0.7609419888 0.3625170013 -0.2409119890 0.4811549928
1403638531.4778294563 2.3704580143 -5.7550933479 -0.7741870500 -0.7598845973 0.3624784579 -0.2415817741 0.4825173703
1403638531.5778293610 2.3703577000 -5.7556322824 -0.7749275798 -0.7605985316 0.3615374612 -0.2418969914 0.4819402281
1403638531.6778295040 2.3698717329 -5.7553086491 -0.7749136722 -0.7604872989 0.3620308739 -0.2411920873 0.4820986326
1403638531.7778294086 2.3701391884 -5.7552163436 -0.7748306932 -0.7604820345 0.3618683091 -0.2414656674 0.4820920385
1403638531.8778295517 2.3703666998 -5.7553425546 -0.7751962812 -0.7605059743 0.3618300224 -0.2414503101 0.4820907027
1403638531.9778294563 2.3703368789 -5.7554375658 -0.7751164984 -0.7605930889 0.3617564945 -0.2416395276 0.4819136132
1403638532.0778293610 2.3702786408 -5.7555348249 -0.7751156828 -0.7606623569 0.3615894966 -0.2416999752 0.4818993015
1403638532.1778295040 2.3702209443 -5.7554953888 -0.7751031895 -0.7605876967 0.3616780558 -0.2416321888 0.4819846729
1403638532.2778294086 2.3700708031 -5.7554698403 -0.7748875255 -0.7605289776 0.3618564142 -0.2414826868 0.4820183832
1403638532.3778295517 2.3700372577 -5.7553779578 -0.7748780503 -0.7605626589 0.3618265889 -0.2413726278 0.4820427533
1403638532.4778294563 2.3701615617 -5.7553627898 -0.7749288275 -0.7605590670 0.3618716208 -0.2413781884 0.4820118316
1403638532.5778293610 2.3700028784 -5.7553140590 -0.7747916869 -0.7605636118 0.3619352637 -0.2413768373 0.4819575497
1403638532.6778295040 2.3700476379 -5.7552993670 -0.7747194668 -0.7605769610 0.3618291711 -0.2414730551 0.4819679461
1403638532.7778294086 2.3700059381 -5.7554725947 -0.7748324368 -0.7606163389 0.3617783101 -0.2415163667 0.4819222800
1403638532.8778295517 2.3701331397 -5.7554617820 -0.7750176261 -0.7606015006 0.3617554646 -0.2414746331 0.4819837578
1403638532.9778294563 2.3700887517 -5.7554397723 -0.7749846397 -0.7606001654 0.3617889353 -0.2414966264 0.4819497216
1403638533.0778293610 2.3699701115 -5.7554366582 -0.7748400149 -0.7605901110 0.3618169367 -0.2414459471 0.4819699596
1403638533.1778295040 2.3699494380 -5.7554472110 -0.7747027173 -0.7606197957 0.3617397941 -0.2414653897 0.4819712785
1403638533.2778294086 2.3699116546 -5.7554649231 -0.7746670812 -0.7606088609 0.3618045535 -0.2414003486 0.4819725069
1403638533.3778295517 2.3700847149 -5.7554635480 -0.7749089952 -0.7605559865 0.3618484516 -0.2414648630 0.4819906736
1403638533.4778294563 2.3701039598 -5.7554283774 -0.7749160880 -0.7605867265 0.3617971356 -0.2415045851 0.4819607862
1403638533.5778293610 2.3701968531 -5.7553330488 -0.7751176789 -0.7605828598 0.3617968288 -0.2414738088 0.4819825388
1403638533.6778295040 2.3702260647 -5.7552178292 -0.7750931898 -0.7605849899 0.3618126962 -0.2414811642 0.4819635808
1403638533.7778294086 2.3700854494 -5.7553375114 -0.7749575704 -0.7605539656 0.3618822716 -0.2413804326 0.4820107610
1403638533.8778295517 2.3699372968 -5.7553004320 -0.7748430973 -0.7606935663 0.3615798478 -0.2413447449 0.4820352954
1403638533.9778294563 2.3700256957 -5.7552793173 -0.7749059948 -0.7605900075 0.3617732632 -0.2415180710 0.4819667705
1403638534.0778293610 2.3703055896 -5.7554342986 -0.7750961090 -0.7604173652 0.3621442958 -0.2416279616 0.4819054554
1403638534.1778295040 2.3700843653 -5.7552640702 -0.7749358173 -0.7605161227 0.3619532890 -0.2415299122 0.4819422634
1403638534.2778294086 2.3699460222 -5.7552940712 -0.7748660422 -0.7605931836 0.3618866663 -0.2412858099 0.4819929540
1403638534.3778295517 2.3700059226 -5.7552286242 -0.7749093325 -0.7605616313 0.3619162917 -0.2412811088 0.4820228514
1403638534.4778294563 2.3701600241 -5.7553357753 -0.7748601000 -0.7603914921 0.3622335684 -0.2414245385 0.4819811334
1403638534.5778293610 2.3699806686 -5.7552679361 -0.7747963332 -0.7605685393 0.3619780972 -0.2412840706 0.4819640562
1403638534.6778295040 2.3698282292 -5.7552234258 -0.7746932573 -0.7606296467 0.3618467533 -0.2410521551 0.4820822816
1403638534.7778294086 2.3698729988 -5.7553184449 -0.7748034867 -0.7606112936 0.3617496961 -0.2411763068 0.4821219830
1403638534.8778295517 2.3701537947 -5.7553549759 -0.7749251532 -0.7605838320 0.3618125173 -0.2414469582 0.4819826793
1403638534.9778294563 2.3701078883 -5.7553159718 -0.7748131973 -0.7605670711 0.3619256024 -0.2415721106 0.4818614988
1403638535.0778293610 2.3700457782 -5.7553295770 -0.7748817265 -0.7605811090 0.3618938698 -0.2415234671 0.4818875578
1403638535.1778295040 2.3700474323 -5.7553608072 -0.7747999659 -0.7606075358 0.3618471082 -0.2415617456 0.4818617746
1403638535.2778294086 2.3699212380 -5.7554533757 -0.7746950069 -0.7605863403 0.3619107878 -0.2414758605 0.4818904537
1403638535.3778295517 2.3698953872 -5.7552517299 -0.7746880208 -0.7606237135 0.3618606415 -0.2414465262 0.4818838217
1403638535.4778294563 2.3700195516 -5.7552317663 -0.7748021789 -0.7605928175 0.3619083416 -0.2414851415 0.4818774167
1403638535.5778293610 2.3701083233 -5.7552718701 -0.7749771588 -0.7605741152 0.3619006471 -0.2413862427 0.4819622586
1403638535.6778295040 2.3700825736 -5.7553570521 -0.7749478946 -0.7605899075 0.3618673505 -0.2414085177 0.4819511811
1403638535.7778294086 2.3700614083 -5.7554040665 -0.7748823444 -0.7605699701 0.3619205076 -0.2413991649 0.4819474141
1403638535.8778295517 2.3700519553 -5.7553724300 -0.7748788079 -0.7606161753 0.3618374257 -0.2414525013 0.4819101584
1403638535.9778294563 2.3700009765 -5.7554435314 -0.7748669501 -0.7606770242 0.3617973993 -0.2413433353 0.4818988496
1403638536.0778293610 2.3700281672 -5.7554061567 -0.7748297628 -0.7606566012 0.3617356303 -0.2414422143 0.4819279262
1403638536.1778295040 2.3701207141 -5.7552750536 -0.7748955303 -0.7606335393 0.3617679449 -0.2414714274 0.4819254327
1403638536.2778294086 2.3701431615 -5.7552714670 -0.7749840842 -0.7606238461 0.3618645524 -0.2413621709 0.4819229326
1403638536.3778295517 2.3700204278 -5.7553893826 -0.7748026203 -0.7605798270 0.3618803909 -0.2413973137 0.4819629098
1403638536.4778294563 2.3698436532 -5.7555105914 -0.7745721627 -0.7605527223 0.3619324852 -0.2413480349 0.4819912435
1403638536.5778293610 2.3698847935 -5.7555011142 -0.7746589066 -0.7606012844 0.3618869609 -0.2413520545 0.4819467807
1403638536.6778295040 2.3700244697 -5.7553995144 -0.7749447043 -0.7606460525 0.3617395982 -0.2414051410 0.4819601683
1403638536.7778294086 2.3700081139 -5.7553761354 -0.7749821245 -0.7606373548 0.3617308836 -0.2415950275 0.4818852820
1403638536.8778295517 2.3699748637 -5.7554049031 -0.7748399063 -0.7605650347 0.3619061084 -0.2414083788 0.4819614003
1403638536.9778294563 2.3701931470 -5.7553576902 -0.7750419429 -0.7605817932 0.3619034562 -0.2414108433 0.4819357104
1403638537.0778293610 2.3702228922 -5.7552386341 -0.7751008600 -0.7605456898 0.3618798508 -0.2413281335 0.4820518223
1403638537.1778295040 2.3702266968 -5.7552779981 -0.7751092730 -0.7605520071 0.3618334524 -0.2414004060 0.4820404975
1403638537.2778294086 2.3701148435 -5.7553899229 -0.7748163115 -0.7606073049 0.3618443045 -0.2414237450 0.4819334003
1403638537.3778295517 2.3700016266 -5.7554189061 -0.7746930933 -0.7606278129 0.3618653199 -0.2414601465 0.4818670130
1403638537.4778294563 2.3699928970 -5.7554050887 -0.7748411551 -0.7605754435 0.3618129807 -0.2414405491 0.4819987791
1403638537.5778293610 2.3699484675 -5.7554076435 -0.7748412319 -0.7605888500 0.3617937450 -0.2413820583 0.4820213576
1403638537.6778295040 2.3700887922 -5.7553292097 -0.7748836866 -0.7605761504 0.3618701506 -0.2414360130 0.4819570158
1403638537.7778294086 2.3700902105 -5.7552752177 -0.7748895394 -0.7605362877 0.3619179469 -0.2413478022 0.4820282078
1403638537.8778295517 2.3701559761 -5.7554301476 -0.7748642676 -0.7605327726 0.3618522688 -0.2414328640 0.4820404646
1403638537.9778294563 2.3701455473 -5.7553902045 -0.7747742619 -0.7605287097 0.3618825607 -0.2415680759 0.4819563868
1403638538.0778293610 2.3702480059 -5.7554392470 -0.7748324608 -0.7604796222 0.3619895499 -0.2413274085 0.4820740523
1403638538.1778295040 2.3702036438 -5.7554277532 -0.7746616077 -0.7605184740 0.3619532698 -0.2413836684 0.4820118316
1403638538.2778294086 2.3701863401 -5.7552523429 -0.7745896926 -0.7605543909 0.3618824693 -0.2415007746 0.4819496580
1403638538.3778295517 2.3702168790 -5.7554626854 -0.7746513772 -0.7604962836 0.3618131796 -0.2416072718 0.4820399900
1403638538.4778294563 2.3701672144 -5.7553786419 -0.7745971883 -0.7604789302 0.3618455624 -0.2415395217 0.4820770117
1403638538.5778293610 2.3702431455 -5.7553165799 -0.7745035945 -0.7604126707 0.3619509132 -0.2416121397 0.4820660542
1403638538.6778295040 2.3703482693 -5.7552433717 -0.7744395470 -0.7601976942 0.3620687896 -0.2413807170 0.4824323857
1403638538.7778294086 2.3705821599 -5.7551867046 -0.7737801663 -0.7594725984 0.3617346495 -0.2415217967 0.4837526614
1403638538.8778295517 2.3717513605 -5.7525049102 -0.7728369044 -0.7588706316 0.3609806712 -0.2413236155 0.4853568090
1403638538.9778294563 2.3765732857 -5.7469051816 -0.7682109271 -0.7546882170 0.3586793600 -0.2446469469 0.4918766951
1403638539.0778293610 2.3859169577 -5.7378274706 -0.7629834173 -0.7489142942 0.3581890893 -0.2489622908 0.4988443986
1403638539.1778295040 2.3979841151 -5.7257094729 -0.7508996985 -0.7437271626 0.3568971370 -0.2511234174 0.5063905316
1403638539.2778294086 2.4116119278 -5.7123659476 -0.7229965465 -0.7405353653 0.3548819961 -0.2528642266 0.5115914624
1403638539.3778295517 2.4242496310 -5.7002539847 -0.6793616965 -0.7416256265 0.3547140396 -0.2520703087 0.5105192843
1403638539.4778294563 2.4385265645 -5.6875997880 -0.6239283862 -0.7436990844 0.3544405489 -0.2507332649 0.5083467311
1403638539.5778293610 2.4535353243 -5.6742949477 -0.5613443586 -0.7448476296 0.3535075611 -0.2501187653 0.5076169976
1403638539.6778295040 2.4697999678 -5.6592386669 -0.5076288595 -0.7454783387 0.3533292251 -0.2484541477 0.5076327823
1403638539.7778294086 2.4866833735 -5.6436203656 -0.4765821939 -0.7471628030 0.3520805526 -0.2481768687 0.5061573591
1403638539.8778295517 2.5043597614 -5.6258650565 -0.4583018451 -0.7498118989 0.3523632037 -0.2460476976 0.5030733738
1403638539.9778294563 2.5237311887 -5.6057611103 -0.4418604865 -0.7541879518 0.3537330629 -0.2419562566 0.4975244954
1403638540.0778293610 2.5491334991 -5.5792592545 -0.4285028247 -0.7597701475 0.3556076849 -0.2384789511 0.4893059240
1403638540.1778295040 2.5812905829 -5.5454884174 -0.4154121761 -0.7636178127 0.3566935918 -0.2359892870 0.4837009140
1403638540.2778294086 2.6320496709 -5.4968093159 -0.4078655541 -0.7601275373 0.3539195792 -0.2389657968 0.4897370790
1403638540.3778295517 2.7027017684 -5.4344698425 -0.3791757328 -0.7554423423 0.3498713584 -0.2429006499 0.4978917295
1403638540.4778294563 2.7576033335 -5.3673671491 -0.3432796212 -0.7556617210 0.3437300180 -0.2414341232 0.5025282105
1403638540.5778293610 2.8172802547 -5.3023006773 -0.3328363703 -0.7599858762 0.3332354583 -0.2348222911 0.5061957022
1403638540.6778295040 2.8745489432 -5.2296842696 -0.3176300987 -0.7663855224 0.3173919136 -0.2274005933 0.5101025136
1403638540.7778294086 2.9300796725 -5.1476511292 -0.3091575483 -0.7740678627 0.2949483346 -0.2206853449 0.5149003810
1403638540.8778295517 2.9813946957 -5.0634949608 -0.2835131334 -0.7835143350 0.2688689380 -0.2110419464 0.5189181804
1403638540.9778294563 3.0304188943 -4.9766238180 -0.2770437811 -0.7914065957 0.2440139552 -0.1979370436 0.5243602929
1403638541.0778293610 3.0750594298 -4.8746506060 -0.2681637663 -0.7964616413 0.2252280116 -0.1852978242 0.5297036087
1403638541.1778295040 3.1100516389 -4.7648148174 -0.2759368018 -0.7994914218 0.2125418306 -0.1762889189 0.5334432058
1403638541.2778294086 3.1511008910 -4.6531739505 -0.2813376678 -0.8019760289 0.2040673070 -0.1709712833 0.5347520955
1403638541.3778295517 3.1828612449 -4.5360433497 -0.2755381026 -0.8030988614 0.2006038013 -0.1677197164 0.5354067896
1403638541.4778294563 3.2020237426 -4.3998384780 -0.2472631389 -0.8031390237 0.2002392219 -0.1666201873 0.5358261620
1403638541.5778293610 3.2164675811 -4.2628501300 -0.2151420569 -0.8020965254 0.1991210401 -0.1679149250 0.5373979468
1403638541.6778295040 3.2257628383 -4.1208489418 -0.1702088043 -0.8015983562 0.1957034771 -0.1642759428 0.5405123857
1403638541.7778294086 3.2141283776 -3.9738219380 -0.1071533655 -0.8024045228 0.1901723596 -0.1550150166 0.5440145219
1403638541.8778295517 3.1995071533 -3.8152479275 -0.0387874806 -0.8042355812 0.1813338069 -0.1434627257 0.5474866453
1403638541.9778294563 3.1790993388 -3.6577306458 0.0412039570 -0.8084137693 0.1678672215 -0.1310472458 0.5487389114
1403638542.0778293610 3.1478846119 -3.5057755363 0.0950588206 -0.8125495214 0.1513418697 -0.1168521866 0.5506400642
1403638542.1778295040 3.1154907063 -3.3507518819 0.1390630092 -0.8160348412 0.1316982775 -0.1013026144 0.5536067936
1403638542.2778294086 3.0819955666 -3.1929659639 0.1737863462 -0.8206806501 0.1087826173 -0.0854429139 0.5543907657
1403638542.3778295517 3.0501705525 -3.0343781283 0.1941910255 -0.8211872179 0.0859722027 -0.0723669128 0.5594849091
1403638542.4778294563 3.0169271996 -2.8688360232 0.2000399627 -0.8156023590 0.0624414812 -0.0700469724 0.5709529534
1403638542.5778293610 2.9802669449 -2.7111353873 0.2052446222 -0.8108469271 0.0408836954 -0.0767564443 0.5787609459
1403638542.6778295040 2.9169535504 -2.5589384099 0.2204762223 -0.8107777644 0.0308052034 -0.0763576305 0.5795342686
1403638542.7778294086 2.8417047988 -2.4109768268 0.2530089042 -0.8141536375 0.0331319254 -0.0649594021 0.5760524336
1403638542.8778295517 2.7517323396 -2.2628360023 0.3143988662 -0.8181557318 0.0377226428 -0.0555043930 0.5710669514
1403638542.9778294563 2.6495838573 -2.1232598951 0.3781110868 -0.8212945726 0.0420003849 -0.0491389618 0.5668302702
1403638543.0778293610 2.5482770912 -1.9800690278 0.4458177390 -0.8233169901 0.0459912042 -0.0446536898 0.5639503444
1403638543.1778295040 2.4458737746 -1.8391913054 0.4976087699 -0.8234514298 0.0485002384 -0.0439258524 0.5636009130
1403638543.2778294086 2.3387287695 -1.6996326245 0.5427906653 -0.8228656461 0.0506490545 -0.0437655878 0.5642795185
1403638543.3778295517 2.2290936697 -1.5592545276 0.5762398832 -0.8236151145 0.0518535874 -0.0437648336 0.5630754727
1403638543.4778294563 2.1216548560 -1.4190995981 0.5879909104 -0.8240884312 0.0473279392 -0.0408822534 0.5629981928
1403638543.5778293610 2.0022869990 -1.2611033835 0.6051418486 -0.8253369038 0.0358207278 -0.0348082067 0.5624271148
1403638543.6778295040 1.8871582840 -1.1174071677 0.6100005296 -0.8262176714 0.0171283595 -0.0268364458 0.5624506946
1403638543.7778294086 1.7663054056 -0.9793220590 0.6154112002 -0.8260957508 -0.0055229935 -0.0157052764 0.5632838106
1403638543.8778295517 1.6418488789 -0.8219545649 0.6313146281 -0.8244676771 -0.0300417648 -0.0035677773 0.5650998255
1403638543.9778294563 1.5062587209 -0.6746466420 0.6793472562 -0.8229413495 -0.0499831328 0.0115149853 0.5658061742
1403638544.0778293610 1.3562296560 -0.5286783370 0.7346869565 -0.8231581059 -0.0617173328 0.0279235401 0.5637570217
1403638544.1778295040 1.2234424155 -0.3688359505 0.7966525008 -0.8225120038 -0.0690037276 0.0396139678 0.5631547058
1403638544.2778294086 1.0846375670 -0.2080504422 0.8443893359 -0.8213328380 -0.0729757400 0.0466965613 0.5638318382
1403638544.3778295517 0.9471448386 -0.0417705909 0.8804159431 -0.8217230707 -0.0757341316 0.0487448621 0.5627250437
1403638544.4778294563 0.8179815493 0.1201313927 0.8973841792 -0.8225898864 -0.0766662513 0.0483775323 0.5613624312
1403638544.5778293610 0.6896210671 0.2930640944 0.9178851640 -0.8198580886 -0.0766994045 0.0489975010 0.5652867952
1403638544.6778295040 0.5641878401 0.4636164143 0.9506098572 -0.8136320726 -0.0783796086 0.0511558738 0.5737966225
1403638544.7778294086 0.4271039167 0.6314292299 0.9954010198 -0.8133625051 -0.0793699304 0.0520719337 0.5739602453
1403638544.8778295517 0.3013113617 0.7962538904 1.0291122691 -0.8172412880 -0.0804375658 0.0522885737 0.5682537992
1403638544.9778294563 0.1855849484 0.9572207788 1.0490909361 -0.8182666776 -0.0808376819 0.0532535460 0.5666294850
1403638545.0778293610 0.0617429884 1.1241880367 1.0632787396 -0.8172227096 -0.0811809655 0.0541233099 0.5680029586
1403638545.1778295040 -0.0599567459 1.2880959584 1.0576093160 -0.8173230773 -0.0823352123 0.0538359194 0.5677196438
1403638545.2778294086 -0.1723925472 1.4601925340 1.0421577246 -0.8173173712 -0.0839126829 0.0535531419 0.5675236007
1403638545.3778295517 -0.2879388298 1.6217771108 1.0143772457 -0.8144515549 -0.0841008837 0.0538690873 0.5715713669
1403638545.4778294563 -0.4115698538 1.7885110159 0.9811576968 -0.8147221929 -0.0847484329 0.0563646510 0.5708489096
1403638545.5778293610 -0.5301032916 1.9435404527 0.9541691123 -0.8150290784 -0.0917911425 0.0618475973 0.5687502634
1403638545.6778295040 -0.6523176853 2.0937070005 0.9395486812 -0.8138978657 -0.1042986533 0.0720218569 0.5670140274
1403638545.7778294086 -0.7779546564 2.2446807627 0.9430048407 -0.8126095810 -0.1224403907 0.0828001100 0.5637536353
1403638545.8778295517 -0.8942839359 2.3978013035 0.9628416645 -0.8094819881 -0.1444637123 0.0961342215 0.5609165341
1403638545.9778294563 -1.0153943707 2.5446567004 0.9988735836 -0.8056378569 -0.1693740090 0.1084272908 0.5572285089
1403638546.0778293610 -1.1345977821 2.7025813857 1.0369409085 -0.8011802482 -0.1913789322 0.1167062855 0.5548548973
1403638546.1778295040 -1.2566896494 2.8573277971 1.0678719157 -0.7974751436 -0.2058500914 0.1259871221 0.5529795477
1403638546.2778294086 -1.3788235101 3.0129409741 1.0857426563 -0.7956899528 -0.2147162804 0.1325001658 0.5506524529
1403638546.3778295517 -1.5124765118 3.1653078006 1.0970428320 -0.7951017332 -0.2172895594 0.1400674901 0.5486160583
1403638546.4778294563 -1.6399800023 3.3199129639 1.0871080373 -0.7951310671 -0.2186014771 0.1437721175 0.5470919105
1403638546.5778293610 -1.7811051203 3.4748624247 1.0735192048 -0.7944045049 -0.2222086352 0.1450720512 0.5463505331
1403638546.6778295040 -1.9070715115 3.6371556685 1.0813861424 -0.7919977664 -0.2294460082 0.1495361360 0.5456491651
1403638546.7778294086 -2.0485764912 3.7913404230 1.1098645860 -0.7898496229 -0.2364741507 0.1522643297 0.5450074523
1403638546.8778295517 -2.1913213265 3.9526199502 1.1465351585 -0.7883024386 -0.2423448538 0.1531059109 0.5444325643
1403638546.9778294563 -2.3362758276 4.1090020071 1.1820506905 -0.7869462109 -0.2475617988 0.1515572003 0.5444806993
1403638547.0778293610 -2.4863146124 4.2677262366 1.1979551506 -0.7856975376 -0.2514977955 0.1492958683 0.5451045606
1403638547.1778295040 -2.6441700079 4.4209391250 1.2106717960 -0.7851406537 -0.2549924551 0.1459748226 0.5451828618
1403638547.2778294086 -2.8141163343 4.5750416395 1.2077211978 -0.7843964921 -0.2569322034 0.1434896265 0.5460024844
1403638547.3778295517 -2.9911451099 4.7244230686 1.2009778779 -0.7850179417 -0.2541769497 0.1470019622 0.5454643275
1403638547.4778294563 -3.1786094127 4.8685962131 1.1908325976 -0.7867284405 -0.2494983320 0.1523907200 0.5436782245
1403638547.5778293610 -3.3663606481 5.0163013289 1.1617739993 -0.7887238454 -0.2451105743 0.1565478921 0.5415978762
1403638547.6778295040 -3.5525962911 5.1613321168 1.1306065510 -0.7893445642 -0.2431968212 0.1571951052 0.5413687875
1403638547.7778294086 -3.7537824915 5.3016321147 1.0885357452 -0.7890346019 -0.2437919909 0.1543325396 0.5423756349
1403638547.8778295517 -3.9584270328 5.4474761485 1.0419829563 -0.7873010889 -0.2466247408 0.1492446761 0.5450314296
1403638547.9778294563 -4.1651642058 5.5921884007 0.9990572045 -0.7872779012 -0.2470847181 0.1495241023 0.5447799474
1403638548.0778293610 -4.3741728403 5.7376559741 0.9681958438 -0.7876575164 -0.2492909643 0.1536164920 0.5420808291
1403638548.1778295040 -4.5966599937 5.8795172083 0.9661266605 -0.7862086617 -0.2555521561 0.1595371782 0.5395525225
1403638548.2778294086 -4.8151941198 6.0199914099 0.9799839456 -0.7833034695 -0.2658435406 0.1681615497 0.5361758852
1403638548.3778295517 -5.0449028398 6.1579898269 1.0022991063 -0.7785735999 -0.2798362492 0.1780669954 0.5327353643
1403638548.4778294563 -5.2825607606 6.2971521856 1.0487822354 -0.7734883479 -0.2931762891 0.1882042690 0.5294738825
1403638548.5778293610 -5.5165930751 6.4405747847 1.0836737184 -0.7688800410 -0.3033945650 0.1962350046 0.5275102307
1403638548.6778295040 -5.7631484696 6.5859927420 1.1168306012 -0.7657266069 -0.3105339138 0.2020934972 0.5257277530
1403638548.7778294086 -6.0061619171 6.7367520890 1.1377562876 -0.7636275336 -0.3156211865 0.2056791772 0.5243589730
1403638548.8778295517 -6.2562583505 6.8867981570 1.1664611071 -0.7625936636 -0.3189516699 0.2074313751 0.5231567271
1403638548.9778294563 -6.5034954937 7.0301105517 1.2120555172 -0.7619101353 -0.3200308601 0.2090981335 0.5228299578
1403638549.0778293610 -6.7612409117 7.1846478016 1.2792926084 -0.7619597724 -0.3205947061 0.2096643487 0.5221850253
1403638549.1778295040 -7.0162544620 7.3443224513 1.3537391933 -0.7614962404 -0.3197576344 0.2108168129 0.5229099373
1403638549.2778294086 -7.2787756975 7.4986272703 1.4465132531 -0.7620397889 -0.3185336872 0.2115760772 0.5225583353
1403638549.3778295517 -7.5396036112 7.6584916140 1.5516298459 -0.7626238555 -0.3159536677 0.2139372897 0.5223111822
1403638549.4778294563 -7.7980952648 7.8285394266 1.6425221010 -0.7631491364 -0.3134453996 0.2162338101 0.5221094870
1403638549.5778293610 -8.0605155551 7.9891763054 1.7192794627 -0.7624976377 -0.3117840385 0.2170889890 0.5236988034
1403638549.6778295040 -8.3154385638 8.1591985072 1.7840535758 -0.7613969267 -0.3105325120 0.2178987247 0.5257037424
1403638549.7778294086 -8.5952860897 8.3219430385 1.8494599933 -0.7618486471 -0.3108410665 0.2159443025 0.5256734048
1403638549.8778295517 -8.8543796266 8.4915563790 1.9299189338 -0.7633056521 -0.3104042066 0.2155802314 0.5239645731
1403638549.9778294563 -9.1106410861 8.6636601589 2.0308556943 -0.7641748292 -0.3100535402 0.2157652253 0.5228278877
1403638550.0778293610 -9.3643007998 8.8411306737 2.1484456404 -0.7644902911 -0.3097465033 0.2162036239 0.5223673914
1403638550.1778295040 -9.6112601375 9.0203607849 2.2657500149 -0.7647570694 -0.3092469777 0.2176349044 0.5216780424
1403638550.2778294086 -9.8702895487 9.2016140296 2.4121487250 -0.7648305773 -0.3102858161 0.2168961415 0.5212609368
1403638550.3778295517 -10.1106159215 9.3870273478 2.5490651893 -0.7639839412 -0.3111177713 0.2167364204 0.5220724031
1403638550.4778294563 -10.3563250193 9.5810479688 2.6746517764 -0.7638568406 -0.3098183669 0.2196884541 0.5217971730
1403638550.5778293610 -10.5977947419 9.7769343217 2.7931108156 -0.7636255977 -0.3075992042 0.2237034742 0.5217426873
1403638550.6778295040 -10.8424099173 9.9727872963 2.8969223067 -0.7610410295 -0.3047111619 0.2272526026 0.5256652108
1403638550.7778294086 -11.0823973128 10.1799762467 2.9951019375 -0.7596768489 -0.3030472290 0.2293406160 0.5276896285
1403638550.8778295517 -11.3158591280 10.3874723766 3.0831667627 -0.7546843626 -0.3003471597 0.2325556345 0.5349401588
1403638550.9778294563 -11.5289279983 10.5830918749 3.1528475817 -0.7491255420 -0.2975394535 0.2353532112 0.5430378089
1403638551.0778293610 -11.7292725860 10.7863152149 3.2230309886 -0.7458114060 -0.2957458468 0.2373637821 0.5476843760
1403638551.1778295040 -11.9206430374 10.9849247893 3.2973150920 -0.7452526019 -0.2930698283 0.2419787394 0.5478639656
1403638551.2778294086 -12.0825362265 11.1808975877 3.3871324651 -0.7464862885 -0.2917258162 0.2434132607 0.5462639048
1403638551.3778295517 -12.2336307653 11.3717811756 3.4805892092 -0.7525719334 -0.2862146423 0.2398463011 0.5423932296
1403638551.4778294563 -12.3599824086 11.5709616011 3.5672845252 -0.7609322126 -0.2731439230 0.2324439920 0.5406887790
1403638551.5778293610 -12.4792449083 11.7704075471 3.6344110760 -0.7692616539 -0.2523925323 0.2247495473 0.5422381013
1403638551.6778295040 -12.5767962305 11.9760027142 3.6947410293 -0.7784575977 -0.2292091960 0.2170140220 0.5425604366
1403638551.7778294086 -12.6643760774 12.1865215129 3.7419821360 -0.7851557509 -0.2068654190 0.2049768144 0.5465543439
1403638551.8778295517 -12.7054940981 12.4011497112 3.7774541006 -0.7893337504 -0.1887347615 0.1921078577 0.5517481230
1403638551.9778294563 -12.7366589873 12.6207394229 3.8248898945 -0.7897326763 -0.1804366671 0.1761392686 0.5592314970
1403638552.0778293610 -12.7485392034 12.8380856951 3.8850294825 -0.7892626156 -0.1752504994 0.1632045428 0.5654344023
1403638552.1778295040 -12.7525356265 13.0476856214 3.9629283282 -0.7927055452 -0.1707673403 0.1574253775 0.5636254826
1403638552.2778294086 -12.7209096544 13.2557630085 4.0529531138 -0.7959590319 -0.1687549751 0.1545430376 0.5604350341
1403638552.3778295517 -12.6897926325 13.4634317235 4.1410241994 -0.7959899530 -0.1658774478 0.1564769938 0.5607134895
1403638552.4778294563 -12.6493974070 13.6745147646 4.2127480087 -0.7907290353 -0.1618726001 0.1613855754 0.5678904385
1403638552.5778293610 -12.5893802898 13.8781435600 4.2761959600 -0.7862144097 -0.1599504239 0.1649140243 0.5736602902
1403638552.6778295040 -12.5131526277 14.0696660251 4.3155961595 -0.7844565296 -0.1617992946 0.1648155106 0.5755734435
1403638552.7778294086 -12.4337132291 14.2557874344 4.3430425329 -0.7846932491 -0.1637922620 0.1641846420 0.5748669437
1403638552.8778295517 -12.3223058883 14.4399332552 4.3594116238 -0.7848174361 -0.1681313104 0.1622676692 0.5739883780
1403638552.9778294563 -12.1954486562 14.6178773974 4.3868015974 -0.7850182472 -0.1751561098 0.1577955925 0.5728588306
1403638553.0778293610 -12.0637014963 14.7866151216 4.3888437166 -0.7849163612 -0.1810229120 0.1540005259 0.5722069985
1403638553.1778295040 -11.9229339254 14.9507559391 4.3826449814 -0.7809581308 -0.1809932842 0.1581105525 0.5764953445
1403638553.2778294086 -11.7547122803 15.1096669420 4.3772497677 -0.7743282852 -0.1802324163 0.1632465900 0.5841939180
1403638553.3778295517 -11.5881870386 15.2542806742 4.3833949183 -0.7698946038 -0.1829540423 0.1628362321 0.5892999906
1403638553.4778294563 -11.4087245479 15.3753697268 4.4053624396 -0.7661539593 -0.1879296116 0.1572104540 0.5941173663
1403638553.5778293610 -11.2161515067 15.4805781724 4.4428729250 -0.7633081574 -0.1921925936 0.1525375883 0.5976244205
1403638553.6778295040 -11.0123481576 15.5616035223 4.4889708343 -0.7631726503 -0.1946181023 0.1500039172 0.5976538505
1403638553.7778294086 -10.8021739434 15.6239485667 4.5561720263 -0.7644219996 -0.1961620138 0.1484417486 0.5959400290
1403638553.8778295517 -10.5792663355 15.6681899150 4.6301528549 -0.7666045704 -0.1970191638 0.1472295057 0.5931478352
1403638553.9778294563 -10.3548975306 15.6941070095 4.6993978519 -0.7695850106 -0.1962045514 0.1479281520 0.5893725030
1403638554.0778293610 -10.1245178526 15.7002766793 4.7597527676 -0.7728920499 -0.1959873547 0.1479870389 0.5850868930
1403638554.1778295040 -9.8835636498 15.6919630703 4.8068871921 -0.7768224823 -0.1984327928 0.1450524458 0.5797680965
1403638554.2778294086 -9.6486557072 15.6797928679 4.8395407992 -0.7844015337 -0.2020773723 0.1406405818 0.5692971072
1403638554.3778295517 -9.4156434458 15.6649446199 4.8675022583 -0.7891177058 -0.2052903249 0.1370189087 0.5624721749
1403638554.4778294563 -9.1840263482 15.6407754284 4.8823174497 -0.7911781116 -0.2068251779 0.1353472459 0.5594118917
1403638554.5778293610 -8.9654833158 15.6208477624 4.8995632900 -0.7919914824 -0.2061497770 0.1369899333 0.5581088778
1403638554.6778295040 -8.7565673179 15.5893313883 4.9198392580 -0.7929370167 -0.2015704206 0.1434242600 0.5568210976
1403638554.7778294086 -8.5453066628 15.5678899158 4.9504488377 -0.7923724684 -0.1983432226 0.1482842983 0.5575101831
1403638554.8778295517 -8.3192668688 15.5471186102 4.9871833660 -0.7916389062 -0.1965204213 0.1514608037 0.5583432557
1403638554.9778294563 -8.0985360471 15.5287692970 5.0299934516 -0.7910687326 -0.1934187684 0.1536246139 0.5596417769
1403638555.0778293610 -7.8780578527 15.5204426372 5.0604983269 -0.7925598346 -0.1883664598 0.1493885072 0.5604016947
1403638555.1778295040 -7.6537407838 15.5072539982 5.0798577785 -0.7957994620 -0.1798765056 0.1420629988 0.5605049183
1403638555.2778294086 -7.4185871692 15.4979708653 5.0801685463 -0.7985384437 -0.1700936343 0.1351403316 0.5613747414
1403638555.3778295517 -7.1907402377 15.4858561051 5.0773911158 -0.7998196318 -0.1644427988 0.1265389793 0.5632361931
1403638555.4778294563 -6.9592828894 15.4767963544 5.0637253454 -0.8006215565 -0.1607180679 0.1198193378 0.5646398429
1403638555.5778293610 -6.7266191693 15.4695613766 5.0486188063 -0.8009667642 -0.1576992414 0.1169193140 0.5656085802
1403638555.6778295040 -6.5070375707 15.4523091233 5.0412344323 -0.8020088416 -0.1553200521 0.1162643510 0.5649248623
1403638555.7778294086 -6.2783087514 15.4441349301 5.0506879597 -0.8031752691 -0.1551385070 0.1157948780 0.5634119958
1403638555.8778295517 -6.0459120139 15.4392773534 5.0768792008 -0.8035779629 -0.1561121261 0.1155228452 0.5626241497
1403638555.9778294563 -5.8162593988 15.4327026477 5.1206304279 -0.8029612056 -0.1581701107 0.1139883767 0.5632425485
1403638556.0778293610 -5.5837720733 15.4406976310 5.1689227288 -0.8035161373 -0.1597365482 0.1130709872 0.5621930310
1403638556.1778295040 -5.3640566908 15.4398221527 5.2152234157 -0.8077145943 -0.1587478453 0.1143589729 0.5561638977
1403638556.2778294086 -5.1543836312 15.4227182987 5.2466291983 -0.8111067964 -0.1582355693 0.1144408464 0.5513352538
1403638556.3778295517 -4.9388097454 15.4345009840 5.2701158400 -0.8134002675 -0.1582115209 0.1145033349 0.5479398743
1403638556.4778294563 -4.7231571484 15.4548530365 5.2866261819 -0.8166338449 -0.1583742470 0.1140396910 0.5431590101
1403638556.5778293610 -4.5131525983 15.4852439539 5.3033668317 -0.8191592595 -0.1569496099 0.1150939219 0.5395352785
1403638556.6778295040 -4.3076527359 15.5287377689 5.3302908532 -0.8194281826 -0.1502684265 0.1231283014 0.5392552967
1403638556.7778294086 -4.0995560610 15.5879262209 5.3697198860 -0.8148038456 -0.1468209190 0.1274342537 0.5461673936
1403638556.8778295517 -3.8982649895 15.6580508882 5.4240343479 -0.8119024420 -0.1432242232 0.1319328943 0.5503589356
1403638556.9778294563 -3.6809861129 15.7391345535 5.4848745780 -0.8097512864 -0.1413266013 0.1342368024 0.5534529128
1403638557.0778293610 -3.4535377433 15.8258128273 5.5302486449 -0.8088805923 -0.1432293447 0.1323687646 0.5546855436
1403638557.1778295040 -3.2165853822 15.9171257937 5.5583508174 -0.8077990211 -0.1453296191 0.1302693814 0.5562103304
1403638557.2778294086 -2.9815322296 16.0206593278 5.5784985273 -0.8072688259 -0.1467073588 0.1289736695 0.5569199101
1403638557.3778295517 -2.7451580343 16.1117574100 5.5920655515 -0.8070125912 -0.1489275519 0.1259785069 0.5573873677
1403638557.4778294563 -2.5007345236 16.2203960739 5.6064256410 -0.8056975530 -0.1542066863 0.1194616472 0.5592858534
1403638557.5778293610 -2.2572372573 16.3253992286 5.6370631962 -0.8045214671 -0.1579522805 0.1139810442 0.5610745116
1403638557.6778295040 -2.0090060675 16.4359247413 5.6830039202 -0.8040759867 -0.1601028053 0.1113536460 0.5616308974
1403638557.7778294086 -1.7744556392 16.5401425007 5.7277158164 -0.8035443931 -0.1598966345 0.1106745177 0.5625838832
1403638557.8778295517 -1.5418310455 16.6477493025 5.7653291851 -0.8040483580 -0.1612905794 0.1077183381 0.5620394529
1403638557.9778294563 -1.3156255098 16.7521436456 5.7874068743 -0.8057343154 -0.1623640706 0.1055420889 0.5597240294
1403638558.0778293610 -1.0909617778 16.8620316341 5.7933612351 -0.8096286962 -0.1615595708 0.1068376139 0.5540628156
1403638558.1778295040 -0.8772847898 16.9691986315 5.7932598776 -0.8156054102 -0.1609311576 0.1069045193 0.5453993043
1403638558.2778294086 -0.6569655327 17.0864074171 5.8082130687 -0.8200469072 -0.1611900299 0.1056546754 0.5388672692
1403638558.3778295517 -0.4601930155 17.2189254121 5.8345672153 -0.8223749274 -0.1632828199 0.1015856137 0.5354610748
1403638558.4778294563 -0.2735942769 17.3641254429 5.8729872377 -0.8270547353 -0.1654980916 0.0974821171 0.5282878792
1403638558.5778293610 -0.0940238645 17.5232096407 5.9388314998 -0.8290751725 -0.1633705364 0.0996902890 0.5253629912
1403638558.6778295040 0.0722504371 17.6934645548 6.0156846727 -0.8273772338 -0.1569556192 0.1072576894 0.5284956336
1403638558.7778294086 0.2331633580 17.8875940807 6.0994641474 -0.8249577937 -0.1512488821 0.1138848843 0.5325398082
1403638558.8778295517 0.3910581196 18.0936597566 6.1638851368 -0.8230587363 -0.1496037767 0.1154172873 0.5356042162
1403638558.9778294563 0.5407027590 18.3102953262 6.2182880000 -0.8182640379 -0.1501163041 0.1140816374 0.5430418396
1403638559.0778293610 0.6897855968 18.5382997169 6.2499744158 -0.8140814327 -0.1515438818 0.1121845458 0.5492909070
1403638559.1778295040 0.8469268814 18.7637167906 6.2740194346 -0.8110303428 -0.1530636871 0.1109268291 0.5536212870
1403638559.2778294086 0.9958331734 18.9964582629 6.2770138726 -0.8092437528 -0.1562634013 0.1077682087 0.5559607100
1403638559.3778295517 1.1397989632 19.2249394817 6.2674493946 -0.8081418868 -0.1601794542 0.1033671601 0.5572831089
1403638559.4778294563 1.2805768308 19.4550478978 6.2459981859 -0.8066657375 -0.1630256590 0.1004706841 0.5591231207
1403638559.5778293610 1.4167002006 19.6850845251 6.2171504206 -0.8052123469 -0.1652769092 0.0988071384 0.5608509331
1403638559.6778295040 1.5487498928 19.9141103378 6.1775026608 -0.8042607051 -0.1657663701 0.0991715697 0.5620064311
1403638559.7778294086 1.6641122036 20.1356606799 6.1477012573 -0.8036779369 -0.1667231252 0.0993180366 0.5625309776
1403638559.8778295517 1.7726413068 20.3548179156 6.1305243176 -0.8041477815 -0.1658218355 0.1008348575 0.5618556718
1403638559.9778294563 1.8807382355 20.5719106583 6.1215021787 -0.8054916850 -0.1589371359 0.0993739488 0.5621805320
1403638560.0778293610 1.9951447836 20.7905190490 6.0932021758 -0.8080178640 -0.1442625750 0.0929582414 0.5636082028
1403638560.1778295040 2.1013257810 21.0120548659 6.0503114681 -0.8105484495 -0.1239276201 0.0811666235 0.5666260982
1403638560.2778294086 2.2094540871 21.2271068416 5.9949034275 -0.8128670748 -0.1004787699 0.0665725897 0.5698414041
1403638560.3778295517 2.3099046339 21.4392796547 5.9295379439 -0.8112039269 -0.0747140818 0.0511445516 0.5777111994
1403638560.4778294563 2.4164798793 21.6501922716 5.8625712575 -0.8095909776 -0.0484723070 0.0348402167 0.5839512340
1403638560.5778293610 2.5167520485 21.8559412363 5.7852582732 -0.8085235192 -0.0201454645 0.0205899880 0.5877583955
1403638560.6778295040 2.6220266017 22.0445672196 5.6935260277 -0.8081442724 0.0098964585 0.0096972577 0.5888215844
1403638560.7778294086 2.7229550151 22.2214694360 5.6141454814 -0.8070725604 0.0368997250 0.0010438805 0.5892972109
1403638560.8778295517 2.8435717387 22.3800403711 5.5599329349 -0.8048347946 0.0603963631 -0.0109292753 0.5903166809
1403638560.9778294563 2.9637202696 22.5323403866 5.5141543586 -0.8010771761 0.0816585975 -0.0254647404 0.5924177398
1403638561.0778293610 3.1069437059 22.6615384785 5.4898205960 -0.7961156056 0.1012387655 -0.0398461282 0.5952839162
1403638561.1778295040 3.2495370320 22.7690330228 5.4897062235 -0.7911468700 0.1182515967 -0.0530298535 0.5977382576
1403638561.2778294086 3.3976414759 22.8553617337 5.4978349851 -0.7864851112 0.1309652605 -0.0619669135 0.6003743599
1403638561.3778295517 3.5471751082 22.9269965257 5.5165176306 -0.7891479344 0.1371628227 -0.0697704053 0.5946124690
1403638561.4778294563 3.7067455623 22.9750002112 5.5094274301 -0.7957304505 0.1357740023 -0.0803231766 0.5847449511
1403638561.5778293610 3.8588600850 23.0103405747 5.4938373544 -0.8005131697 0.1326593267 -0.0881306213 0.5777656633
1403638561.6778295040 4.0128597564 23.0357685617 5.4638751972 -0.8029610664 0.1307435046 -0.0907787571 0.5743856537
1403638561.7778294086 4.1593793560 23.0579531039 5.4308425231 -0.8039513079 0.1287684146 -0.0915128636 0.5733292123
1403638561.8778295517 4.2966796478 23.0682042023 5.3663419268 -0.8031583206 0.1281686334 -0.0945185733 0.5740868861
1403638561.9778294563 4.4461809518 23.0790288280 5.3139737710 -0.8024764202 0.1326572096 -0.0996960372 0.5731442750
1403638562.0778293610 4.5930674068 23.0869779755 5.2563762861 -0.8008442777 0.1412456973 -0.1073542071 0.5719905332
1403638562.1778295040 4.7353491760 23.0889532109 5.2150377989 -0.7990216512 0.1510994153 -0.1149845984 0.5705365104
1403638562.2778294086 4.8669667918 23.0825285539 5.1872476006 -0.7969124844 0.1588527129 -0.1220033530 0.5699223540
1403638562.3778295517 4.9945579173 23.0621334926 5.1766941440 -0.7931818065 0.1705928652 -0.1285774332 0.5702881200
1403638562.4778294563 5.1213293042 23.0470332417 5.1797984209 -0.7895896973 0.1864116299 -0.1365908951 0.5684555756
1403638562.5778293610 5.2455495143 23.0222190530 5.1907427094 -0.7844065956 0.2058030079 -0.1462311966 0.5665402474
1403638562.6778295040 5.3578813799 22.9906770205 5.2118639737 -0.7780792228 0.2293818456 -0.1548026203 0.5639262724
1403638562.7778294086 5.4829661552 22.9487919630 5.2409339351 -0.7701695471 0.2541975967 -0.1634296924 0.5617056046
1403638562.8778295517 5.6010998497 22.8976031021 5.2555565336 -0.7622016114 0.2773460590 -0.1762111952 0.5577432041
1403638562.9778294563 5.7384627553 22.8324157057 5.2596229329 -0.7547689787 0.2982913470 -0.1892569499 0.5527457535
1403638563.0778293610 5.8567297259 22.7597340886 5.2517787793 -0.7459834700 0.3203779247 -0.1975595530 0.5493968246
1403638563.1778295040 5.9865782686 22.6741002738 5.2266985921 -0.7387827177 0.3382003363 -0.2081150917 0.5445261583
1403638563.2778294086 6.1133665159 22.5844446444 5.1955723500 -0.7309126504 0.3497846409 -0.2199300426 0.5431833749
1403638563.3778295517 6.2408295923 22.4770225732 5.1576851919 -0.7203551803 0.3557796120 -0.2293227558 0.5494727979
1403638563.4778294563 6.3719442795 22.3496387329 5.1135583606 -0.7125065916 0.3599417404 -0.2326517297 0.5555623035
1403638563.5778293610 6.4846480224 22.2061192189 5.0607432142 -0.7132092720 0.3596151042 -0.2375203700 0.5528051963
1403638563.6778295040 6.6080325202 22.0305813995 5.0256442400 -0.7166788469 0.3606393677 -0.2354823192 0.5485059291
1403638563.7778294086 6.7135623236 21.8490900039 5.0084324774 -0.7188161417 0.3618575798 -0.2317334489 0.5464998216
1403638563.8778295517 6.8173091067 21.6487769315 5.0117214858 -0.7189210061 0.3610039432 -0.2291069059 0.5480317195
1403638563.9778294563 6.9101028234 21.4473635150 5.0242551472 -0.7183350041 0.3593292027 -0.2267979846 0.5508539009
1403638564.0778293610 7.0111424741 21.2149589553 5.0288722676 -0.7197744278 0.3576651297 -0.2224427764 0.5518329814
1403638564.1778295040 7.1152028659 20.9620697638 5.0332636625 -0.7215598636 0.3534048576 -0.2209500037 0.5528448840
1403638564.2778294086 7.2151371489 20.6899945652 5.0249354318 -0.7220132434 0.3476268874 -0.2228205218 0.5551607322
1403638564.3778295517 7.3103517305 20.4060258162 5.0369209371 -0.7225869671 0.3427759958 -0.2235967810 0.5571150431
1403638564.4778294563 7.4134645724 20.0918401911 5.0550243899 -0.7230016167 0.3381942895 -0.2246458512 0.5589521682
1403638564.5778293610 7.4901064756 19.7842927195 5.0773336296 -0.7246206200 0.3384319963 -0.2217287295 0.5578755340
1403638564.6778295040 7.5735254431 19.4572895397 5.1086170725 -0.7252019609 0.3418229208 -0.2161469327 0.5572429544
1403638564.7778294086 7.6569721227 19.1098894593 5.1248520227 -0.7246489192 0.3451246837 -0.2122178611 0.5574374190
1403638564.8778295517 7.7424235300 18.7398696599 5.1247875695 -0.7234339396 0.3472816694 -0.2102924605 0.5584047440
1403638564.9778294563 7.8249145405 18.3729293589 5.0840782923 -0.7223135619 0.3488842451 -0.2089587967 0.5593559896
1403638565.0778293610 7.9080653677 17.9855389279 5.0060708983 -0.7223762217 0.3498738378 -0.2076664150 0.5591382226
1403638565.1778295040 7.9990859016 17.5825360607 4.9043767376 -0.7232160547 0.3503867287 -0.2070825833 0.5579466661
1403638565.2778294086 8.0967631225 17.1561633639 4.7858373553 -0.7244416526 0.3501091972 -0.2079142152 0.5562189508
1403638565.3778295517 8.1913402805 16.7245445613 4.6578969780 -0.7259415007 0.3492845992 -0.2102380122 0.5539035878
1403638565.4778294563 8.3013515402 16.2787842307 4.5222192202 -0.7256237321 0.3480253282 -0.2133947660 0.5539054470
1403638565.5778293610 8.4050074038 15.8184387332 4.4039022605 -0.7243487690 0.3449924868 -0.2208974508 0.5545298560
1403638565.6778295040 8.5035861255 15.3552219075 4.3049091374 -0.7260325814 0.3393045665 -0.2323790802 0.5511343438
1403638565.7778294086 8.5958727596 14.8788766337 4.2116345809 -0.7299417608 0.3361197017 -0.2397176721 0.5447421497
1403638565.8778295517 8.6779133875 14.3989887335 4.1472619103 -0.7331564192 0.3337586924 -0.2453705963 0.5393329868
1403638565.9778294563 8.7488071870 13.9256278737 4.0873002568 -0.7346519184 0.3349378578 -0.2468408238 0.5358850604
1403638566.0778293610 8.8124335634 13.4576297918 4.0082215549 -0.7352782247 0.3356548998 -0.2480346964 0.5340229488
1403638566.1778295040 8.8655794246 12.9918160639 3.9190013334 -0.7349926503 0.3371881580 -0.2462131759 0.5342930115
1403638566.2778294086 8.9103664703 12.5254054607 3.8136613439 -0.7348816626 0.3364763796 -0.2469464062 0.5345559469
1403638566.3778295517 8.9390655070 12.0590063606 3.6885544026 -0.7360454564 0.3360584974 -0.2469516188 0.5332135317
1403638566.4778294563 8.9705686761 11.5988657006 3.5698792306 -0.7363111958 0.3371768462 -0.2435338731 0.5337123288
1403638566.5778293610 8.9898579991 11.1455348561 3.3980214667 -0.7395458859 0.3366722006 -0.2416909937 0.5303858742
1403638566.6778295040 9.0099773750 10.6990074526 3.2370067735 -0.7490337200 0.3383815001 -0.2360983709 0.5183666713
1403638566.7778294086 9.0241269260 10.2556646832 3.0378007272 -0.7602445533 0.3407209544 -0.2296510180 0.5031876990
1403638566.8778295517 9.0504529890 9.8281181544 2.8527527245 -0.7682395362 0.3423821796 -0.2236905211 0.4924885876
1403638566.9778294563 9.0814191326 9.4213744000 2.6536699159 -0.7727101026 0.3413228174 -0.2218291488 0.4870417441
1403638567.0778293610 9.1381632604 9.0240847440 2.4627888014 -0.7657494512 0.3369377790 -0.2262566251 0.4989074570
1403638567.1778295040 9.1907864504 8.6340190928 2.2667506054 -0.7548120997 0.3304838132 -0.2350347855 0.5155558097
1403638567.2778294086 9.2533900206 8.2679925742 2.0669855256 -0.7474931436 0.3256233105 -0.2424301430 0.5257861597
1403638567.3778295517 9.3111458153 7.9039603894 1.8548749727 -0.7459965015 0.3242009969 -0.2459376348 0.5271599502
1403638567.4778294563 9.3624888284 7.5420346940 1.6582316396 -0.7466650336 0.3253279671 -0.2468356817 0.5250954082
1403638567.5778293610 9.3966187498 7.2070419140 1.4694660609 -0.7492063897 0.3283502279 -0.2465228613 0.5197137601
1403638567.6778295040 9.4242979793 6.8680196802 1.3050847958 -0.7520678616 0.3299713552 -0.2480001616 0.5138178239
1403638567.7778294086 9.4596740662 6.5485401428 1.1655904387 -0.7550602076 0.3318408983 -0.2479084720 0.5082392061
1403638567.8778295517 9.4851199312 6.2373886238 1.0429675945 -0.7575694337 0.3350212378 -0.2453905715 0.5036196886
1403638567.9778294563 9.4921408733 5.9351226631 0.9129667067 -0.7575476942 0.3364426927 -0.2453583701 0.5027196792
1403638568.0778293610 9.5130342130 5.6511132473 0.8207125653 -0.7579361931 0.3348276566 -0.2484639990 0.5016859664
1403638568.1778295040 9.5411435997 5.3759935173 0.7403031118 -0.7575231596 0.3334633979 -0.2507293158 0.5020912617
1403638568.2778294086 9.5561395413 5.1249027476 0.6615992542 -0.7569313236 0.3337624198 -0.2521633791 0.5020669764
1403638568.3778295517 9.5888261313 4.8807339145 0.6163516304 -0.7575745564 0.3341611268 -0.2519274262 0.5009488045
1403638568.4778294563 9.5895980783 4.6584503584 0.5381562629 -0.7581068366 0.3346077730 -0.2523536523 0.4996291591
1403638568.5778293610 9.6158385786 4.4273096621 0.4513847723 -0.7594881864 0.3344742157 -0.2522808844 0.4976535432
1403638568.6778295040 9.6267550390 4.2233296133 0.3655657931 -0.7615568618 0.3337851049 -0.2527143755 0.4947262824
1403638568.7778294086 9.6399813204 4.0406445818 0.2904664853 -0.7627857233 0.3344114241 -0.2517461174 0.4929004282
1403638568.8778295517 9.6563014969 3.8723496866 0.2260729880 -0.7614608588 0.3358234616 -0.2503765985 0.4946832543
1403638568.9778294563 9.6746905352 3.7148022949 0.1745081279 -0.7615485694 0.3339248287 -0.2524677067 0.4947706967
1403638569.0778293610 9.6857064962 3.5827868021 0.1474440397 -0.7617294682 0.3330738405 -0.2541027830 0.4942284996
1403638569.1778295040 9.7038303985 3.4604356159 0.1404358237 -0.7626499334 0.3333028194 -0.2541061168 0.4926503740
1403638569.2778294086 9.7174193125 3.3472306717 0.1201457868 -0.7640367685 0.3328218839 -0.2553899967 0.4901564645
1403638569.3778295517 9.7246329483 3.2606657996 0.0854975496 -0.7638867559 0.3325383670 -0.2567171404 0.4898893430
1403638569.4778294563 9.7441734197 3.1738396232 0.0546427115 -0.7628210856 0.3316406662 -0.2576241577 0.4916790144
1403638569.5778293610 9.7563369810 3.1125236120 0.0182639830 -0.7617492894 0.3309397299 -0.2589168858 0.4931317893
1403638569.6778295040 9.7602973891 3.0698293918 -0.0124136974 -0.7602978781 0.3313968875 -0.2589208229 0.4950588317
1403638569.7778294086 9.7662769740 3.0385304414 -0.0318600585 -0.7596588879 0.3305643355 -0.2602892680 0.4958781011
1403638569.8778295517 9.7733076450 3.0185388102 -0.0254789902 -0.7589722734 0.3291497488 -0.2618572608 0.4970435655
1403638569.9778294563 9.7695496611 3.0128618854 -0.0214184731 -0.7571366906 0.3294131978 -0.2617364450 0.4997249345
1403638570.0778293610 9.7517332328 3.0208980849 -0.0198027560 -0.7559130811 0.3307841415 -0.2602422181 0.5014491534
1403638570.1778295040 9.7438695823 3.0320787327 -0.0283485519 -0.7551412273 0.3334658188 -0.2556441335 0.5031981236
1403638570.2778294086 9.7324091832 3.0424960373 -0.0601071229 -0.7529081007 0.3375167243 -0.2488289483 0.5072435384
1403638570.3778295517 9.7195943713 3.0718141359 -0.0853311541 -0.7500225696 0.3445468711 -0.2430307729 0.5095975296
1403638570.4778294563 9.7159783982 3.0895213624 -0.1528896599 -0.7435341088 0.3585116561 -0.2389048764 0.5114204547
1403638570.5778293610 9.7071076892 3.1067740283 -0.2035013732 -0.7311281389 0.3829850468 -0.2328349391 0.5143558978
1403638570.6778295040 9.7127399952 3.1197250161 -0.2641859165 -0.7155753536 0.4084304195 -0.2346039983 0.5158463625
1403638570.7778294086 9.7379753770 3.1088146411 -0.3436737567 -0.6949326590 0.4298820979 -0.2449432162 0.5217976640
1403638570.8778295517 9.7720972311 3.0679262460 -0.4156374000 -0.6749933092 0.4482502799 -0.2598324704 0.5253025856
1403638570.9778294563 9.8111669809 3.0048699768 -0.4988469076 -0.6594029771 0.4650180510 -0.2753379723 0.5226231214
1403638571.0778293610 9.8508683736 2.9163126578 -0.5760580794 -0.6498494987 0.4817764123 -0.2892369030 0.5117901244
1403638571.1778295040 9.8916478372 2.7857887212 -0.6753658750 -0.6473746291 0.4937923961 -0.3050017904 0.4940132255
1403638571.2778294086 9.9314496791 2.6344627290 -0.7500682352 -0.6458786345 0.5000105067 -0.3207876196 0.4795055639
1403638571.3778295517 9.9757257999 2.4704228655 -0.7985114060 -0.6432380025 0.5045426204 -0.3310042252 0.4712937717
1403638571.4778294563 10.0118099575 2.2856500933 -0.8295902388 -0.6387724052 0.5076567080 -0.3365164336 0.4701182523
1403638571.5778293610 10.0461754511 2.1059791218 -0.8374544971 -0.6351403223 0.5106520799 -0.3431099564 0.4670190382
1403638571.6778295040 10.0793662435 1.9218071559 -0.8681508020 -0.6310102094 0.5193536751 -0.3473354679 0.4598433956
1403638571.7778294086 10.1118142219 1.7056703662 -0.9020323004 -0.6255767171 0.5314436934 -0.3519629569 0.4498260205
1403638571.8778295517 10.1488291305 1.4833710985 -0.9453954199 -0.6163364821 0.5464717116 -0.3563987557 0.4409965263
1403638571.9778294563 10.1861956346 1.2657054124 -0.9878844508 -0.6030318736 0.5627744114 -0.3623262476 0.4340013958
1403638572.0778293610 10.2319976997 1.0243598273 -1.0058434368 -0.5895342650 0.5778691440 -0.3691881351 0.4268685086
1403638572.1778295040 10.2747248782 0.7708546639 -1.0088570207 -0.5774829235 0.5889332597 -0.3821811080 0.4166637606
1403638572.2778294086 10.3258106238 0.4951809463 -1.0009996884 -0.5674709245 0.6022471651 -0.3913795969 0.4026128577
1403638572.3778295517 10.3743551675 0.2210638784 -1.0067908541 -0.5559281550 0.6171548930 -0.3996155472 0.3877771770
1403638572.4778294563 10.4265099254 -0.0599466828 -1.0129110127 -0.5473853609 0.6275203926 -0.4088443191 0.3734082837
1403638572.5778293610 10.4870815153 -0.3401499939 -1.0250230091 -0.5404860263 0.6339985073 -0.4168582646 0.3635243256
1403638572.6778295040 10.5524846546 -0.6230881647 -1.0359114607 -0.5367883697 0.6381119049 -0.4208095816 0.3571984589
1403638572.7778294086 10.6194776899 -0.9012135822 -1.0212640006 -0.5379794018 0.6383852755 -0.4260114315 0.3486497720
1403638572.8778295517 10.7001865794 -1.1899128710 -0.9964412079 -0.5405893814 0.6383265687 -0.4274593242 0.3429006250
1403638572.9778294563 10.7907595604 -1.4657925140 -0.9567140442 -0.5429975455 0.6380316433 -0.4271785797 0.3399819831
1403638573.0778293610 10.8902443305 -1.7360915594 -0.9268219793 -0.5453369982 0.6376308325 -0.4260712999 0.3383751280
1403638573.1778295040 11.0051496877 -2.0030621358 -0.9059292120 -0.5474054671 0.6371116652 -0.4243350484 0.3381948365
1403638573.2778294086 11.1287743765 -2.2718367387 -0.8916054668 -0.5494294941 0.6358653541 -0.4227590083 0.3392304576
1403638573.3778295517 11.2682368435 -2.5432504997 -0.8716271448 -0.5506575471 0.6352099225 -0.4218775896 0.3395643083
1403638573.4778294563 11.4248323086 -2.8031002736 -0.8521748656 -0.5507031077 0.6352664118 -0.4240904338 0.3366154736
1403638573.5778293610 11.5942402156 -3.0567336472 -0.8102561165 -0.5505986972 0.6353746827 -0.4252889219 0.3350662921
1403638573.6778295040 11.7776438197 -3.2981658932 -0.7511607837 -0.5507951315 0.6359659025 -0.4271253273 0.3312643185
1403638573.7778294086 11.9685227964 -3.5363964502 -0.6743947436 -0.5461323755 0.6377324360 -0.4330953789 0.3278187935
1403638573.8778295517 12.1737592599 -3.7628432487 -0.6202077993 -0.5338764594 0.6390977057 -0.4472946072 0.3262783826
1403638573.9778294563 12.3870689307 -3.9837265572 -0.5556053784 -0.5145083194 0.6458872406 -0.4601498561 0.3261486956
1403638574.0778293610 12.6094122797 -4.2033240170 -0.5195629661 -0.4874645648 0.6585605821 -0.4682580275 0.3307728486
1403638574.1778295040 12.8304945651 -4.4204645223 -0.4874059265 -0.4578564313 0.6728057296 -0.4758584650 0.3335545830
1403638574.2778294086 13.0250758644 -4.6436869357 -0.4669969337 -0.4321343239 0.6865002952 -0.4836131981 0.3287788700
1403638574.3778295517 13.2183171881 -4.8750147586 -0.4598421052 -0.4121994215 0.6998761319 -0.4912322783 0.3145725444
1403638574.4778294563 13.3838824071 -5.1067952403 -0.4611575536 -0.3946083442 0.7120108590 -0.4987872659 0.2975500877
1403638574.5778293610 13.5502015137 -5.3489955208 -0.4607880079 -0.3793222892 0.7209897602 -0.5049142077 0.2852192305
1403638574.6778295040 13.6986196193 -5.5926120147 -0.4470701796 -0.3705583152 0.7249460708 -0.5125770522 0.2727718738
1403638574.7778294086 13.8272060771 -5.8227824013 -0.4065788499 -0.3694241178 0.7270070462 -0.5180570698 0.2580764391
1403638574.8778295517 13.9562315608 -6.0583219234 -0.3700453519 -0.3697871073 0.7316273081 -0.5157883996 0.2488801000
1403638574.9778294563 14.0797407884 -6.2838149392 -0.3342706878 -0.3709072975 0.7355052445 -0.5119718389 0.2436075698
1403638575.0778293610 14.2052951179 -6.5094452770 -0.3178281649 -0.3677450504 0.7399979224 -0.5056867602 0.2478861700
1403638575.1778295040 14.3277476513 -6.7343044898 -0.3014922848 -0.3639193402 0.7423255595 -0.5018785710 0.2542309532
1403638575.2778294086 14.4533099078 -6.9677257579 -0.3033422718 -0.3624295070 0.7426579833 -0.5002003840 0.2586572021
1403638575.3778295517 14.5715480683 -7.2053609388 -0.3138298474 -0.3655087869 0.7438923858 -0.4965651853 0.2577798709
1403638575.4778294563 14.6823427858 -7.4546006944 -0.3339437279 -0.3712628682 0.7444150728 -0.4931808934 0.2545244358
1403638575.5778293610 14.8001739086 -7.7146937076 -0.3548988135 -0.3769155495 0.7439339497 -0.4910960596 0.2516378496
1403638575.6778295040 14.9206095086 -7.9714161587 -0.3576938383 -0.3845997710 0.7413416439 -0.4923927202 0.2450407972
1403638575.7778294086 15.0495943468 -8.2421680364 -0.3501765739 -0.3917446981 0.7406572296 -0.4911402614 0.2382104181
1403638575.8778295517 15.1847226719 -8.5145089522 -0.3191222297 -0.3963191421 0.7402278614 -0.4896864682 0.2349489598
1403638575.9778294563 15.3427128351 -8.7910283409 -0.2705051909 -0.3968585057 0.7396471532 -0.4896783672 0.2358824112
1403638576.0778293610 15.5095443611 -9.0653282907 -0.2034725456 -0.3978780209 0.7385057249 -0.4905781193 0.2358717527
1403638576.1778295040 15.6889692725 -9.3406911689 -0.1233909640 -0.3964882441 0.7376648619 -0.4921288144 0.2376065105
1403638576.2778294086 15.8807439201 -9.6195643224 -0.0481516378 -0.3979627155 0.7353192035 -0.4956387519 0.2351033254
1403638576.3778295517 16.0797678716 -9.9027321351 0.0043360965 -0.4003187382 0.7329201072 -0.4990407995 0.2313683312
1403638576.4778294563 16.2920282642 -10.1749333644 0.0511781762 -0.4036758137 0.7313204529 -0.5011569932 0.2259599539
1403638576.5778293610 16.5140742892 -10.4460812572 0.0820083031 -0.4083893688 0.7298444370 -0.5029109239 0.2182334163
1403638576.6778295040 16.7527855083 -10.7011480533 0.1139153670 -0.4105814488 0.7283554007 -0.5048273704 0.2146406537
1403638576.7778294086 17.0099794918 -10.9532920650 0.1349924272 -0.4097025519 0.7240148574 -0.5109390391 0.2165354558
1403638576.8778295517 17.2767980171 -11.1900675573 0.1457951340 -0.4056692050 0.7205775515 -0.5163409289 0.2226938111
1403638576.9778294563 17.5509924536 -11.4140414041 0.1473214577 -0.3990587048 0.7200771879 -0.5180103573 0.2321772241
1403638577.0778293610 17.8341012069 -11.6286028308 0.1479293924 -0.3943202217 0.7219463834 -0.5160223876 0.2388009165
1403638577.1778295040 18.1202486961 -11.8338518425 0.1598765428 -0.3910138067 0.7230146803 -0.5149004997 0.2433833405
1403638577.2778294086 18.4014675054 -12.0326165460 0.1862406137 -0.3914169589 0.7231342458 -0.5147647902 0.2426661032
1403638577.3778295517 18.6863860255 -12.2175629450 0.2181164602 -0.3970147282 0.7198556543 -0.5187831490 0.2346298934
1403638577.4778294563 18.9736677020 -12.3907355375 0.2752740661 -0.4006435735 0.7175113560 -0.5215512019 0.2294483054
1403638577.5778293610 19.2705692331 -12.5562116395 0.3253414726 -0.4000087517 0.7192478957 -0.5190070784 0.2308833378
1403638577.6778295040 19.5693482425 -12.7105330726 0.3551969522 -0.3982777521 0.7209265595 -0.5166047746 0.2340069120
1403638577.7778294086 19.8628499783 -12.8440479630 0.3787877160 -0.3972384267 0.7224091093 -0.5144159038 0.2360148069
1403638577.8778295517 20.1581769070 -12.9783519919 0.3878689162 -0.3976685447 0.7222468518 -0.5141386614 0.2363908851
1403638577.9778294563 20.4654328698 -13.1161980113 0.3818797007 -0.3985724456 0.7211156455 -0.5149376642 0.2365828256
1403638578.0778293610 20.7713953665 -13.2372379847 0.3950230797 -0.3979107096 0.7207912192 -0.5147835727 0.2390082817
1403638578.1778295040 21.0845785951 -13.3484574031 0.4220828823 -0.3942232379 0.7221147725 -0.5126006575 0.2457211021
1403638578.2778294086 21.3970821731 -13.4560389220 0.4688969219 -0.3877328272 0.7258090411 -0.5073456767 0.2558610070
1403638578.3778295517 21.7021325919 -13.5627480697 0.5065521698 -0.3850619565 0.7264664194 -0.5065748119 0.2595299426
1403638578.4778294563 21.9949439924 -13.6549662341 0.5392851260 -0.3844844357 0.7266306359 -0.5067912583 0.2595038694
1403638578.5778293610 22.2969984658 -13.7657979243 0.5515865210 -0.3836758099 0.7271409383 -0.5067440528 0.2593634394
1403638578.6778295040 22.5827573777 -13.8775201476 0.5582637000 -0.3840300616 0.7259767339 -0.5087898828 0.2580921323
1403638578.7778294086 22.8788053294 -13.9928512792 0.5494325325 -0.3876618284 0.7236880482 -0.5120800715 0.2525231000
1403638578.8778295517 23.1622297412 -14.1012310692 0.5324733765 -0.3915046412 0.7212040277 -0.5153859255 0.2469133737
1403638578.9778294563 23.4503869083 -14.2166583377 0.5135748364 -0.3936116392 0.7195719874 -0.5171617299 0.2446012622
1403638579.0778293610 23.7314060807 -14.3078413889 0.5167505672 -0.3945475906 0.7187427695 -0.5176782653 0.2444386295
1403638579.1778295040 24.0215677070 -14.4046664021 0.5264905632 -0.3948720144 0.7179947634 -0.5183059461 0.2447826757
1403638579.2778294086 24.2931428738 -14.4807576194 0.5726852261 -0.3938853790 0.7185798009 -0.5170983559 0.2471976301
1403638579.3778295517 24.5760910599 -14.5507447301 0.6129004492 -0.3894638501 0.7210712141 -0.5136159749 0.2541118730
1403638579.4778294563 24.8429048177 -14.6197112433 0.6482446044 -0.3840481664 0.7233309014 -0.5105206047 0.2620460363
1403638579.5778293610 25.1080696877 -14.6996151580 0.6714542347 -0.3828234215 0.7200035420 -0.5121840477 0.2696453758
1403638579.6778295040 25.3760076924 -14.7705735264 0.6762418012 -0.3880118146 0.7089833282 -0.5184118274 0.2793539856
1403638579.7778294086 25.6158310308 -14.8296178150 0.6867289909 -0.4047894980 0.6955662336 -0.5196185524 0.2869314152
1403638579.8778295517 25.8458854436 -14.8886045758 0.6619953771 -0.4313708543 0.6833144293 -0.5108720709 0.2932751335
1403638579.9778294563 26.0694366191 -14.9334638967 0.6421859144 -0.4595486408 0.6678994967 -0.4981750713 0.3074848084
1403638580.0778293610 26.2736283709 -14.9516708718 0.6214709898 -0.4858218810 0.6418267951 -0.4924580290 0.3309388987
1403638580.1778295040 26.4695434260 -14.9806067081 0.5886216840 -0.5130254500 0.6133757777 -0.4818627613 0.3583061851
1403638580.2778294086 26.6502813621 -14.9741568490 0.5500627302 -0.5421644941 0.5878298835 -0.4632784786 0.3819512281
1403638580.3778295517 26.7969933343 -14.9776463266 0.5070206725 -0.5671245566 0.5700873006 -0.4384635816 0.4013974272
1403638580.4778294563 26.9442002935 -14.9863210848 0.4472271211 -0.5843326236 0.5593773674 -0.4159237128 0.4155235385
1403638580.5778293610 27.0803375777 -14.9946386577 0.3788037331 -0.5959686835 0.5501604105 -0.4010686622 0.4257802006
1403638580.6778295040 27.1927336755 -15.0063666442 0.3208549310 -0.6110018211 0.5404055199 -0.3865095066 0.4304056806
1403638580.7778294086 27.3181729008 -15.0284911836 0.2679118002 -0.6261559726 0.5302581804 -0.3755418518 0.4309562364
1403638580.8778295517 27.4417890395 -15.0489705896 0.2294926725 -0.6363260670 0.5229109530 -0.3696035401 0.4301703091
1403638580.9778294563 27.5576313303 -15.0610990743 0.2241416173 -0.6391084749 0.5201843153 -0.3648441953 0.4334020634
1403638581.0778293610 27.6621144362 -15.0837748118 0.2464982368 -0.6410783073 0.5186588318 -0.3634727547 0.4334733864
1403638581.1778295040 27.7879554785 -15.1076333652 0.2644311462 -0.6415751251 0.5170445041 -0.3657215030 0.4327749091
1403638581.2778294086 27.9108512543 -15.1306482719 0.2919217885 -0.6417406234 0.5167167562 -0.3689094199 0.4302076313
1403638581.3778295517 28.0239943414 -15.1390576095 0.3283238391 -0.6403218814 0.5171229341 -0.3722367533 0.4289656847
1403638581.4778294563 28.1346105236 -15.1537153380 0.3712097340 -0.6377802122 0.5178462826 -0.3752174741 0.4292825127
1403638581.5778293610 28.2503202967 -15.1651149751 0.4253606123 -0.6366535779 0.5192994903 -0.3774494773 0.4272378182
1403638581.6778295040 28.3596445091 -15.1822638255 0.4745300667 -0.6328372428 0.5174980037 -0.3835437284 0.4296592240
1403638581.7778294086 28.4792831441 -15.1764347084 0.5111750718 -0.6287060127 0.5179026628 -0.3868071346 0.4323029286
1403638581.8778295517 28.5792080415 -15.1695717876 0.5336711244 -0.6259396372 0.5167571983 -0.3908214462 0.4340739175
1403638581.9778294563 28.6713836865 -15.1691725797 0.5486832164 -0.6196668882 0.5125602843 -0.3978685069 0.4415830090
1403638582.0778293610 28.7399199349 -15.1664141437 0.5688913929 -0.6208621316 0.5146248647 -0.3957843256 0.4393702650
1403638582.1778295040 28.8107264293 -15.1621281500 0.5807862295 -0.6265426444 0.5200567581 -0.3881832053 0.4316237739
1403638582.2778294086 28.8616760211 -15.1567337931 0.6275557340 -0.6292829143 0.5212628624 -0.3868541759 0.4273545233
1403638582.3778295517 28.9133904357 -15.1403073579 0.6956712748 -0.6270502243 0.5179412963 -0.3909702437 0.4309142587
1403638582.4778294563 28.9540282332 -15.1159049274 0.7679039403 -0.6262709206 0.5160292130 -0.3937818555 0.4317805411
1403638582.5778293610 28.9965397413 -15.0917740854 0.8645305163 -0.6263601668 0.5148613292 -0.3948800872 0.4320422084
1403638582.6778295040 29.0164565575 -15.0636724920 0.9724539032 -0.6271920623 0.5154010684 -0.3942537068 0.4307619648
1403638582.7778294086 29.0374067427 -15.0317928735 1.0836641388 -0.6280582006 0.5174796196 -0.3918448474 0.4292031634
1403638582.8778295517 29.0466991084 -14.9849184722 1.1974652308 -0.6289917474 0.5186010551 -0.3913366598 0.4269402136
1403638582.9778294563 29.0448257218 -14.9423776343 1.3046340342 -0.6305912139 0.5205365208 -0.3893351427 0.4240455142
1403638583.0778293610 29.0352632188 -14.8988064578 1.3985993203 -0.6322948921 0.5229428984 -0.3869154137 0.4207497560
1403638583.1778295040 29.0402903265 -14.8599134032 1.4853374444 -0.6340552917 0.5239157627 -0.3857358618 0.4179641200
1403638583.2778294086 29.0416241702 -14.8010717387 1.5379997281 -0.6338868142 0.5254125240 -0.3842383434 0.4177201000
1403638583.3778295517 29.0510230691 -14.7386718676 1.5682971057 -0.6337161916 0.5247939594 -0.3850769211 0.4179842743
1403638583.4778294563 29.0467241662 -14.6766347678 1.6217436394 -0.6344297662 0.5251070357 -0.3848436058 0.4167215759
1403638583.5778293610 29.0584003632 -14.5964370645 1.6809890407 -0.6342722154 0.5251591876 -0.3851384355 0.4166232951
1403638583.6778295040 29.0443918941 -14.5573774529 1.7572662787 -0.6347217255 0.5239393825 -0.3859176447 0.4167534358
1403638583.7778294086 29.0467861211 -14.4717363615 1.8245101921 -0.6343740933 0.5237495282 -0.3861429224 0.4173123350
1403638583.8778295517 29.0426349349 -14.3910117849 1.9016711192 -0.6339036511 0.5230633618 -0.3870262165 0.4180688799
1403638583.9778294563 29.0428159809 -14.3068656633 1.9560026157 -0.6341404171 0.5227453805 -0.3873490660 0.4178084485
1403638584.0778293610 29.0470187235 -14.2211228729 1.9827755601 -0.6316314114 0.5192037167 -0.3919738654 0.4216939051
1403638584.1778295040 29.0524066514 -14.1133325484 2.0109331969 -0.6244293485 0.5128236865 -0.4008473054 0.4317653217
1403638584.2778294086 29.0430203282 -14.0160445822 2.0403812340 -0.6170374992 0.5075728650 -0.4072319364 0.4424891652
1403638584.3778295517 29.0126125967 -13.9256201231 2.0489571769 -0.6148631492 0.5054725930 -0.4097801507 0.4455569477
1403638584.4778294563 28.9749612092 -13.8136558260 2.0389857946 -0.6150043117 0.5048108662 -0.4108091619 0.4451645970
1403638584.5778293610 28.9015816018 -13.7174934227 2.0372138655 -0.6150617363 0.5049617265 -0.4103124168 0.4453722442
1403638584.6778295040 28.8257025128 -13.6008688870 2.0516236032 -0.6166197601 0.5066885219 -0.4076181352 0.4437276970
1403638584.7778294086 28.7216738649 -13.5043454977 2.0737097170 -0.6220991843 0.5110529825 -0.4009689593 0.4370827698
1403638584.8778295517 28.6032720865 -13.3901790297 2.1072431945 -0.6274362192 0.5182113971 -0.3910467546 0.4299571773
1403638584.9778294563 28.4771319833 -13.2806618660 2.1459145112 -0.6300025674 0.5212465658 -0.3873182729 0.4258912282
1403638585.0778293610 28.3689465316 -13.1871109399 2.1638048607 -0.6308120533 0.5222077698 -0.3858608994 0.4248371040
1403638585.1778295040 28.2490769664 -13.0706076518 2.1720099249 -0.6299898174 0.5236596096 -0.3839178202 0.4260288142
1403638585.2778294086 28.1262916244 -12.9558084481 2.1813718048 -0.6286904906 0.5223641124 -0.3858259879 0.4278110660
1403638585.3778295517 28.0219714495 -12.8545788010 2.1670048852 -0.6272798124 0.5208309127 -0.3871971293 0.4305038680
1403638585.4778294563 27.9001169854 -12.7311299343 2.1481877717 -0.6273730754 0.5211901408 -0.3870170138 0.4300949808
1403638585.5778293610 27.7728075148 -12.6166605458 2.1617489075 -0.6291917546 0.5219853223 -0.3852316631 0.4280719858
1403638585.6778295040 27.6505009117 -12.5098688594 2.1678777613 -0.6313995102 0.5228342140 -0.3837106013 0.4251414090
1403638585.7778294086 27.5359726311 -12.3773845078 2.2028894993 -0.6353466238 0.5268102671 -0.3782085229 0.4192420820
1403638585.8778295517 27.4161502563 -12.2512525720 2.2601528332 -0.6383659911 0.5301875933 -0.3735902848 0.4145120944
1403638585.9778294563 27.3108013753 -12.1246001199 2.3075839178 -0.6372437078 0.5320251204 -0.3719666659 0.4153438666
1403638586.0778293610 27.2169726119 -12.0038901315 2.3802072309 -0.6337387047 0.5299283744 -0.3760177060 0.4197164006
1403638586.1778295040 27.1320025164 -11.8663656379 2.4227830293 -0.6311873472 0.5283894522 -0.3794746416 0.4223814815
1403638586.2778294086 27.0240505346 -11.7617940717 2.4639180084 -0.6292489576 0.5260943684 -0.3827092403 0.4252106564
1403638586.3778295517 26.9288198362 -11.6393317265 2.5052258594 -0.6279476669 0.5214051585 -0.3896690866 0.4265869093
1403638586.4778294563 26.8358532424 -11.5205032577 2.5138043974 -0.6278910312 0.5160826261 -0.3977614694 0.4256728666
1403638586.5778293610 26.7439530633 -11.3950376319 2.5137521950 -0.6276959133 0.5145025726 -0.4000296216 0.4257478657
1403638586.6778295040 26.6353139289 -11.2583004499 2.5263232472 -0.6278429243 0.5172552726 -0.3966293822 0.4253767489
1403638586.7778294086 26.5314964012 -11.1202695663 2.5097829207 -0.6266305269 0.5196675466 -0.3931708941 0.4274300782
1403638586.8778295517 26.4194679215 -10.9750520693 2.4713657271 -0.6250145853 0.5201529466 -0.3921197524 0.4301625043
1403638586.9778294563 26.3104412621 -10.8360796209 2.4353199659 -0.6249845871 0.5198039879 -0.3924040483 0.4303686129
1403638587.0778293610 26.1846013703 -10.6941100122 2.4062440084 -0.6248555086 0.5202726876 -0.3916450815 0.4306809191
1403638587.1778295040 26.0539506749 -10.5526940043 2.3863837808 -0.6261044159 0.5208479110 -0.3903783218 0.4293197874
1403638587.2778294086 25.9296633453 -10.4161676191 2.3585349204 -0.6276858872 0.5212562571 -0.3891605047 0.4276171687
1403638587.3778295517 25.8024090955 -10.2707134870 2.3542038861 -0.6289920344 0.5222326139 -0.3878170013 0.4257230217
1403638587.4778294563 25.6692469559 -10.1312407199 2.3625193421 -0.6285771443 0.5237303649 -0.3859492462 0.4261929819
1403638587.5778293610 25.5410826782 -9.9894429051 2.3687636612 -0.6282616936 0.5247910981 -0.3850165378 0.4261969185
1403638587.6778295040 25.4117134903 -9.8469879769 2.3457875436 -0.6275569234 0.5251775528 -0.3849988704 0.4267747833
1403638587.7778294086 25.2832913602 -9.7037034122 2.3215896599 -0.6270634384 0.5254818500 -0.3850137776 0.4271120000
1403638587.8778295517 25.1547565975 -9.5598130208 2.2897162218 -0.6263531768 0.5262523477 -0.3845064687 0.4276621797
1403638587.9778294563 25.0275622739 -9.4237979837 2.2470653803 -0.6257021652 0.5266984629 -0.3842240842 0.4283192533
1403638588.0778293610 24.8849491902 -9.2795628247 2.2056798229 -0.6258542351 0.5255012217 -0.3857178088 0.4282250745
1403638588.1778295040 24.7504765759 -9.1385932540 2.1448040761 -0.6282184630 0.5214816599 -0.3912927922 0.4246038058
1403638588.2778294086 24.6034672408 -9.0102546669 2.1026500368 -0.6299969198 0.5194728449 -0.3932027409 0.4226623344
1403638588.3778295517 24.4693134479 -8.8627233389 2.0569515152 -0.6305228185 0.5189132766 -0.3937334816 0.4220710038
1403638588.4778294563 24.3243819968 -8.7165285893 2.0465845494 -0.6304116507 0.5198358483 -0.3920798719 0.4226407642
1403638588.5778293610 24.1859016924 -8.5666535081 2.0420223178 -0.6290568026 0.5212181669 -0.3902622456 0.4246345974
1403638588.6778295040 24.0512247002 -8.4134652319 2.0470109440 -0.6277558756 0.5221195756 -0.3887199227 0.4268612552
1403638588.7778294086 23.9010606567 -8.2503296294 2.0749766303 -0.6258889877 0.5229845344 -0.3880954981 0.4291060897
1403638588.8778295517 23.7604250475 -8.1031362763 2.0845771698 -0.6245396160 0.5246241165 -0.3860216264 0.4309374761
1403638588.9778294563 23.6019159909 -7.9467213335 2.0885682683 -0.6243626703 0.5248814244 -0.3863043890 0.4306270606
1403638589.0778293610 23.4535004368 -7.7940659105 2.0755726431 -0.6243659236 0.5253663384 -0.3865777988 0.4297848408
1403638589.1778295040 23.3020087768 -7.6456042123 2.0492517336 -0.6244433104 0.5246583840 -0.3880660135 0.4291956445
1403638589.2778294086 23.1516888128 -7.4980173339 2.0167051791 -0.6235073812 0.5244102553 -0.3883917869 0.4305627126
1403638589.3778295517 23.0040353282 -7.3548397153 1.9742687942 -0.6232306660 0.5242755444 -0.3885327933 0.4309999524
1403638589.4778294563 22.8393886257 -7.2090681070 1.9535466398 -0.6239432708 0.5251446858 -0.3877569799 0.4296072373
1403638589.5778293610 22.6852989884 -7.0737754603 1.9397955396 -0.6237963219 0.5252858779 -0.3870645372 0.4302719364
1403638589.6778295040 22.5211857446 -6.9274044100 1.9385224104 -0.6239161929 0.5257951600 -0.3866257238 0.4298704266
1403638589.7778294086 22.3624850045 -6.7943638621 1.9491989327 -0.6252322069 0.5264145303 -0.3862310399 0.4275488434
1403638589.8778295517 22.2003649744 -6.6559755995 1.9540793479 -0.6251078376 0.5275878321 -0.3856403940 0.4268170067
1403638589.9778294563 22.0415138473 -6.5250981253 1.9562493947 -0.6249560736 0.5280613350 -0.3856173043 0.4264744156
1403638590.0778293610 21.8743656807 -6.3999731651 1.9616579804 -0.6248947198 0.5287401641 -0.3849926865 0.4262875312
1403638590.1778295040 21.7123056191 -6.2728547900 1.9370320324 -0.6238305556 0.5284719289 -0.3859430840 0.4273181416
1403638590.2778294086 21.5477673147 -6.1396692706 1.9157475593 -0.6230534998 0.5286470596 -0.3860786168 0.4281120465
1403638590.3778295517 21.3898978917 -6.0141507192 1.8768114462 -0.6230971728 0.5291634150 -0.3860406152 0.4274443085
1403638590.4778294563 21.2246248758 -5.8869745367 1.8443995935 -0.6237681457 0.5296379680 -0.3856784517 0.4262030680
1403638590.5778293610 21.0687311526 -5.7627864550 1.8079211225 -0.6244874975 0.5307625173 -0.3841874123 0.4250959280
1403638590.6778295040 20.9166535798 -5.6321944446 1.7705891481 -0.6254981035 0.5321686396 -0.3819724186 0.4238463554
1403638590.7778294086 20.7546772998 -5.5099633176 1.7698967433 -0.6260765155 0.5330513851 -0.3806377556 0.4230831084
1403638590.8778295517 20.5943571672 -5.3956165582 1.7895664208 -0.6268900202 0.5333647936 -0.3802028627 0.4218728276
1403638590.9778294563 20.4351580002 -5.2841788417 1.8142345254 -0.6272800498 0.5342753911 -0.3787675730 0.4214316923
1403638591.0778293610 20.2875901248 -5.1699754466 1.8463422011 -0.6277437683 0.5357875519 -0.3768405085 0.4205480849
1403638591.1778295040 20.1411616899 -5.0586187397 1.8659827236 -0.6312461738 0.5384019081 -0.3735125251 0.4148976343
1403638591.2778294086 20.0152633563 -4.9513622591 1.8695809955 -0.6359452842 0.5424885984 -0.3676981129 0.4075264579
1403638591.3778295517 19.8922650662 -4.8332929836 1.8722945725 -0.6390105530 0.5465420532 -0.3621259177 0.4022711982
1403638591.4778294563 19.7913168419 -4.7182761520 1.8573945634 -0.6407732863 0.5495620017 -0.3579114864 0.3991122270
1403638591.5778293610 19.7102562922 -4.6087046090 1.8357643396 -0.6425803100 0.5527380616 -0.3535268473 0.3957144787
1403638591.6778295040 19.6489593195 -4.5030258999 1.8043850422 -0.6425145555 0.5537993130 -0.3520360944 0.3956664696
1403638591.7778294086 19.6042578081 -4.3916008492 1.7756504271 -0.6410590810 0.5522712591 -0.3548470946 0.3976471432
1403638591.8778295517 19.5890303662 -4.2887754481 1.7428020704 -0.6393004469 0.5506077165 -0.3570023066 0.4008434035
1403638591.9778294563 19.5890894908 -4.1909872640 1.7302596223 -0.6373401375 0.5487224961 -0.3592829092 0.4044959363
1403638592.0778293610 19.5955693098 -4.0789010590 1.7477285495 -0.6351794470 0.5471397283 -0.3614014990 0.4081349584
1403638592.1778295040 19.6278157828 -3.9792917577 1.7513399924 -0.6331127322 0.5441088345 -0.3621019673 0.4147240164
1403638592.2778294086 19.6712294426 -3.8781610199 1.7935381521 -0.6299492485 0.5373860589 -0.3621736260 0.4280308781
1403638592.3778295517 19.7122295336 -3.7848365200 1.8586799194 -0.6308534891 0.5282902332 -0.3578165075 0.4414755392
1403638592.4778294563 19.7550147371 -3.6985576254 1.9393355212 -0.6383050434 0.5166206809 -0.3492643563 0.4513138077
1403638592.5778293610 19.7958573071 -3.6240545079 2.0360822679 -0.6505605531 0.5062414568 -0.3411364628 0.4517925054
1403638592.6778295040 19.8381193678 -3.5540803683 2.1558155954 -0.6616378796 0.4988254286 -0.3333806886 0.4497397297
1403638592.7778294086 19.8921244114 -3.4967341396 2.2597760061 -0.6709754756 0.4944434917 -0.3263197628 0.4459068929
1403638592.8778295517 19.9583648804 -3.4427283778 2.3511920910 -0.6774046371 0.4919181628 -0.3208206106 0.4429600597
1403638592.9778294563 20.0393726189 -3.3889084981 2.4331795640 -0.6811153942 0.4894686052 -0.3193090500 0.4410714625
1403638593.0778293610 20.1235406926 -3.3436104449 2.5055896685 -0.6823666667 0.4884434811 -0.3181907274 0.4410820320
1403638593.1778295040 20.2300270318 -3.2965428615 2.5726703862 -0.6810971973 0.4868258641 -0.3194692686 0.4438992816
1403638593.2778294086 20.3399818406 -3.2537148273 2.6493937899 -0.6793533743 0.4819043665 -0.3274718806 0.4461046310
1403638593.3778295517 20.4665124204 -3.2019929086 2.7420072964 -0.6780752417 0.4756633915 -0.3376619279 0.4471495578
1403638593.4778294563 20.5925563371 -3.1465219528 2.8448490357 -0.6753426868 0.4703732855 -0.3474072780 0.4494100698
1403638593.5778293610 20.7086522861 -3.0896287687 2.9235614930 -0.6731020103 0.4678414611 -0.3530738751 0.4509954432
1403638593.6778295040 20.8329667799 -3.0338261714 2.9887570704 -0.6722430840 0.4669940800 -0.3555427991 0.4512151186
1403638593.7778294086 20.9430233011 -2.9688092867 3.0427980521 -0.6690588860 0.4662465226 -0.3581689099 0.4546310804
1403638593.8778295517 21.0395890924 -2.9047201089 3.1012772864 -0.6595328396 0.4625655403 -0.3598267894 0.4707167258
1403638593.9778294563 21.1245014798 -2.8377562823 3.1633167505 -0.6576135648 0.4584826947 -0.3563692375 0.4799364382
1403638594.0778293610 21.1870792605 -2.7681172225 3.2356809708 -0.6636707502 0.4586159687 -0.3470105999 0.4783264284
1403638594.1778295040 21.2357523661 -2.7120592014 3.3128129882 -0.6709823579 0.4564972927 -0.3427906371 0.4731674929
1403638594.2778294086 21.2794033190 -2.6571538874 3.3861985419 -0.6749340471 0.4529353857 -0.3423621926 0.4712766677
1403638594.3778295517 21.3118492929 -2.6054976125 3.4554316917 -0.6758573675 0.4478281061 -0.3455814207 0.4724831085
1403638594.4778294563 21.3399065114 -2.5564501756 3.5431128893 -0.6767369913 0.4424183787 -0.3495546514 0.4733968405
1403638594.5778293610 21.3506927942 -2.4972171005 3.6347044382 -0.6762126747 0.4443854677 -0.3445929867 0.4759344999
1403638594.6778295040 21.3550529725 -2.4417565925 3.7421041295 -0.6756310496 0.4475418269 -0.3392290271 0.4776532897
1403638594.7778294086 21.3461318432 -2.3825797190 3.8396777607 -0.6755402397 0.4496492372 -0.3370555279 0.4773410931
1403638594.8778295517 21.3392271536 -2.3283057071 3.9237307347 -0.6750059143 0.4513287296 -0.3355448591 0.4775762149
1403638594.9778294563 21.3280846447 -2.2579411196 3.9942064981 -0.6765317131 0.4526263027 -0.3355936590 0.4741425602
1403638595.0778293610 21.3030151707 -2.2118114568 4.0447041250 -0.6768959163 0.4547254306 -0.3337231815 0.4729329121
1403638595.1778295040 21.2733444374 -2.1691165824 4.0808054130 -0.6768313662 0.4559232979 -0.3332629369 0.4721960006
1403638595.2778294086 21.2435733595 -2.1291045673 4.1039818939 -0.6770556047 0.4562750117 -0.3333731935 0.4714563985
1403638595.3778295517 21.2119304966 -2.0923479421 4.1138486548 -0.6766558494 0.4567021680 -0.3331951774 0.4717424774
1403638595.4778294563 21.1744391054 -2.0546241065 4.1128081731 -0.6769407135 0.4569326375 -0.3330563167 0.4712083669
1403638595.5778293610 21.1366115135 -2.0193478159 4.1092268841 -0.6777638045 0.4570047959 -0.3327472566 0.4701724206
1403638595.6778295040 21.0967664588 -1.9916400168 4.1052921357 -0.6785090440 0.4551357123 -0.3348063831 0.4694482361
1403638595.7778294086 21.0525262743 -1.9655147328 4.1180999829 -0.6803197240 0.4526924395 -0.3379978329 0.4668962340
1403638595.8778295517 21.0077680315 -1.9252475814 4.1271190716 -0.6809728481 0.4521041398 -0.3391803399 0.4656549407
1403638595.9778294563 20.9633234967 -1.8948058010 4.1143160956 -0.6814299564 0.4507540391 -0.3411463633 0.4648582252
1403638596.0778293610 20.9100859007 -1.8559832904 4.0692619314 -0.6838737097 0.4463974802 -0.3474897085 0.4607569222
1403638596.1778295040 20.8554508641 -1.8100494024 4.0259080376 -0.6880200816 0.4393905943 -0.3568779148 0.4540951739
1403638596.2778294086 20.7875786323 -1.7622288815 3.9984507389 -0.6928298976 0.4317703820 -0.3660921411 0.4466963337
1403638596.3778295517 20.7135325977 -1.6864986213 3.9834906349 -0.6956157735 0.4246591363 -0.3742387241 0.4424123539
1403638596.4778294563 20.6172864685 -1.5860250950 3.9857269201 -0.6968658034 0.4199447526 -0.3796482494 0.4403313111
1403638596.5778293610 20.5113225484 -1.4601947330 4.0168741087 -0.6996130569 0.4148578860 -0.3852675169 0.4358938465
1403638596.6778295040 20.3914464483 -1.3260391625 4.0683600587 -0.7020088134 0.4092596824 -0.3912770195 0.4319634618
1403638596.7778294086 20.2518769143 -1.1391762896 4.1203032846 -0.7031827556 0.4059334846 -0.3948127580 0.4299708181
1403638596.8778295517 20.1075837190 -0.9184759197 4.2092196277 -0.7040507404 0.4026927700 -0.3978911610 0.4287583375
1403638596.9778294563 19.9297330324 -0.6635713019 4.2885781910 -0.7030515491 0.4014130653 -0.4001382551 0.4295060502
1403638597.0778293610 19.7355712633 -0.3813007789 4.3620345800 -0.7027959208 0.3998602776 -0.4029041692 0.4287865233
1403638597.1778295040 19.5229573200 -0.0611592631 4.4193442030 -0.7011363127 0.3990744329 -0.4057584948 0.4295433761
1403638597.2778294086 19.2930071191 0.2769704734 4.4471000410 -0.6971481903 0.4009922830 -0.4050526890 0.4348814884
1403638597.3778295517 19.0362996307 0.6524022341 4.4812862164 -0.6937657327 0.4051143447 -0.4019486319 0.4393276376
1403638597.4778294563 18.7644286956 1.0414896910 4.5050801291 -0.6883784599 0.4104978349 -0.3960282644 0.4480940050
1403638597.5778293610 18.4722896113 1.4497478514 4.5078148947 -0.6804332615 0.4178340596 -0.3873485536 0.4608539610
1403638597.6778295040 18.1675083672 1.8717984088 4.5078730643 -0.6770531226 0.4207948362 -0.3844748269 0.4655210869
1403638597.7778294086 17.8487568931 2.2990283697 4.4928462093 -0.6805916703 0.4167647373 -0.3871236582 0.4617763586
1403638597.8778295517 17.5012623131 2.7426067197 4.4708087339 -0.6872146145 0.4071847736 -0.3903588184 0.4577735539
1403638597.9778294563 17.1357264951 3.1964823812 4.4532664529 -0.6922992117 0.3994554511 -0.3909298073 0.4564329413
1403638598.0778293610 16.7585772472 3.6516130947 4.4315595102 -0.6935137412 0.3969062631 -0.3852804514 0.4615875678
1403638598.1778295040 16.3615160073 4.1330416036 4.4354868557 -0.6916609576 0.4063764554 -0.3659215082 0.4717676822
1403638598.2778294086 15.9448631695 4.6140860511 4.4486113701 -0.6906197938 0.4151231614 -0.3495543609 0.4780468702
1403638598.3778295517 15.5277990656 5.0836167711 4.4529986886 -0.6906550122 0.4207029846 -0.3386418993 0.4809639456
1403638598.4778294563 15.1062455210 5.5648874154 4.4335831279 -0.6918848551 0.4235014932 -0.3339698557 0.4800062167
1403638598.5778293610 14.6893276450 6.0314230835 4.4066867242 -0.6947473802 0.4224162818 -0.3287144276 0.4804553961
1403638598.6778295040 14.2650397316 6.4974885722 4.3672236970 -0.7000968845 0.4154935582 -0.3244923448 0.4815954460
1403638598.7778294086 13.8456111709 6.9537687530 4.3225058940 -0.7061058340 0.4063053830 -0.3169809021 0.4856476033
1403638598.8778295517 13.4363146118 7.3933919256 4.2949214697 -0.7126421193 0.3931459819 -0.3092130069 0.4918991391
1403638598.9778294563 13.0145213407 7.8370867606 4.2731906242 -0.7209199989 0.3790923536 -0.3002844982 0.4963794545
1403638599.0778293610 12.6019451922 8.2640845329 4.2682341628 -0.7284369105 0.3641723919 -0.2896473892 0.5028543790
1403638599.1778295040 12.1952743209 8.6786930115 4.2717508634 -0.7363585436 0.3481383747 -0.2787423726 0.5088009994
1403638599.2778294086 11.7788916237 9.0958149391 4.2856658919 -0.7452114624 0.3312558386 -0.2684084002 0.5127244645
1403638599.3778295517 11.3638457069 9.5070733580 4.3031083561 -0.7544729403 0.3163277708 -0.2560224560 0.5149367202
1403638599.4778294563 10.9509064350 9.9163591685 4.3333003683 -0.7613961063 0.3047007310 -0.2467599799 0.5162779737
1403638599.5778293610 10.5462599243 10.3106040737 4.3688426131 -0.7667706802 0.2975389996 -0.2400468974 0.5156653515
1403638599.6778295040 10.1478164472 10.7102567595 4.3801052300 -0.7699054871 0.2934283669 -0.2357580572 0.5153285097
1403638599.7778294086 9.7528215137 11.0985385893 4.3870108003 -0.7705604409 0.2921938050 -0.2341474522 0.5157851858
1403638599.8778295517 9.3704051165 11.4954675690 4.3828021293 -0.7710660941 0.2946336045 -0.2313184825 0.5149173500
1403638599.9778294563 8.9879247651 11.8824455602 4.3761087992 -0.7695256193 0.2995706346 -0.2273182202 0.5161532552
1403638600.0778293610 8.6128908348 12.2705124267 4.3582791974 -0.7680541699 0.3070864991 -0.2202240530 0.5170029406
1403638600.1778295040 8.2494417785 12.6610870589 4.3480090144 -0.7658299199 0.3187780421 -0.2075155760 0.5184808380
1403638600.2778294086 7.9059542330 13.0437507708 4.3187678570 -0.7642703447 0.3293994665 -0.1963146120 0.5185049709
1403638600.3778295517 7.5825958336 13.4016221535 4.2758909655 -0.7627944066 0.3374517326 -0.1877523742 0.5186714446
1403638600.4778294563 7.2883996800 13.7556974287 4.2447900489 -0.7617279136 0.3435829639 -0.1807989846 0.5186839690
1403638600.5778293610 7.0123681894 14.0995761341 4.2288602690 -0.7621208644 0.3442406774 -0.1818876341 0.5172881524
1403638600.6778295040 6.7740542621 14.4246313913 4.2321645548 -0.7626399235 0.3472021022 -0.1780611141 0.5158733245
1403638600.7778294086 6.5569151997 14.7469211030 4.2510795256 -0.7661753845 0.3483323451 -0.1761719985 0.5104931777
1403638600.8778295517 6.3875780462 15.0475428887 4.2732698756 -0.7730570323 0.3407326660 -0.1845769316 0.5022105450
1403638600.9778294563 6.2374074739 15.3438359184 4.2937505493 -0.7797526003 0.3285893395 -0.1991741320 0.4943122428
1403638601.0778293610 6.1033051857 15.6491916430 4.3097588318 -0.7829159401 0.3211292175 -0.2075665362 0.4907492125
1403638601.1778295040 5.9909901007 15.9576342023 4.3122823865 -0.7838765178 0.3143855322 -0.2156028908 0.4901170631
1403638601.2778294086 5.8848957870 16.2759609131 4.3115827624 -0.7806212678 0.3050196669 -0.2277996386 0.4956821196
1403638601.3778295517 5.7845946293 16.6065944081 4.3087077159 -0.7773332659 0.2996065305 -0.2280259647 0.5039772613
1403638601.4778294563 5.6888166989 16.9481184206 4.3131756056 -0.7748637219 0.2937799459 -0.2183601336 0.5153624044
1403638601.5778293610 5.5934872442 17.2899463076 4.3328443087 -0.7755666835 0.2788502676 -0.2107352378 0.5256705311
1403638601.6778295040 5.4983530704 17.6227016245 4.3659282575 -0.7803924490 0.2591589697 -0.2012303618 0.5322880757
1403638601.7778294086 5.3996751623 17.9505478861 4.4150988671 -0.7869772579 0.2341550455 -0.1898114736 0.5383398691
1403638601.8778295517 5.3058081192 18.2705528600 4.4674792794 -0.7928109350 0.2048669868 -0.1772379259 0.5459551782
1403638601.9778294563 5.2041410429 18.5950950996 4.5433386005 -0.7985653874 0.1819347160 -0.1623800638 0.5502960985
1403638602.0778293610 5.1058113483 18.9157278187 4.5955701253 -0.8032238024 0.1651822615 -0.1502392531 0.5522449733
1403638602.1778295040 4.9868087571 19.2387361101 4.6384479783 -0.8045780673 0.1487984259 -0.1452414257 0.5562536205
1403638602.2778294086 4.8549597265 19.5775976817 4.6548317866 -0.8041637675 0.1298685824 -0.1395990398 0.5629981301
1403638602.3778295517 4.7169128996 19.8960067630 4.6934626897 -0.7986564355 0.1141464308 -0.1210239489 0.5783352784
1403638602.4778294563 4.5401884563 20.2237501134 4.7593426254 -0.7808545589 0.1008568414 -0.0961638961 0.6089717238
1403638602.5778293610 4.3831805726 20.4890990388 4.8144753519 -0.7623071219 0.0888324327 -0.0687186528 0.6373965779
1403638602.6778295040 4.2321172165 20.7102873784 4.8663267777 -0.7572271638 0.0723378286 -0.0497207312 0.6472264750
1403638602.7778294086 4.0736912582 20.8828875376 4.9426286827 -0.7601765200 0.0523468194 -0.0373402717 0.6465270088
1403638602.8778295517 3.9174077659 21.0074787599 5.0343246933 -0.7639500070 0.0327763270 -0.0240174660 0.6439947674
1403638602.9778294563 3.7631401213 21.0845987806 5.1389866488 -0.7697041155 0.0180982176 -0.0005155513 0.6381439989
1403638603.0778293610 3.5965342759 21.1464744098 5.2431910234 -0.7705437572 0.0028166993 0.0199155767 0.6370696619
1403638603.1778295040 3.4640705261 21.1621938550 5.3198833661 -0.7688638064 -0.0133847260 0.0327274028 0.6384341887
1403638603.2778294086 3.3366067015 21.1441732518 5.3782218262 -0.7819519270 -0.0269797469 0.0375490031 0.6216215484
1403638603.3778295517 3.2355730763 21.1055768598 5.4176384966 -0.7991388402 -0.0365088843 0.0396321345 0.5987265732
1403638603.4778294563 3.1125260559 21.0632429112 5.4523243916 -0.8096419808 -0.0399120602 0.0414570621 0.5840960557
1403638603.5778293610 3.0194145753 21.0115055482 5.4737051344 -0.8091612924 -0.0450607752 0.0431606459 0.5842642279
1403638603.6778295040 2.9308640925 20.9568646896 5.4810875851 -0.8026786090 -0.0503120174 0.0424003106 0.5927714274
1403638603.7778294086 2.8505518883 20.8944328427 5.4692564048 -0.7965873110 -0.0593976831 0.0331405388 0.6006848391
1403638603.8778295517 2.7659092544 20.8159497958 5.4428300463 -0.7910268042 -0.0668689345 0.0236438859 0.6076562411
1403638603.9778294563 2.6725317909 20.7320790922 5.4070086402 -0.7856428767 -0.0720540569 0.0156836296 0.6142698974
1403638604.0778293610 2.5787074742 20.6186580431 5.3613790080 -0.7832252735 -0.0760521672 0.0086029463 0.6170090989
1403638604.1778295040 2.4751878649 20.4800838746 5.3291299158 -0.7829845567 -0.0773116753 0.0075531718 0.6171718063
1403638604.2778294086 2.3565859399 20.3137179308 5.3191225710 -0.7855851004 -0.0723639358 0.0154815945 0.6143124865
1403638604.3778295517 2.2184362794 20.1361304550 5.3068876930 -0.7915597909 -0.0664716851 0.0239357037 0.6069939823
1403638604.4778294563 2.0893604801 19.9393196967 5.3162944665 -0.7995194238 -0.0651933956 0.0255092803 0.5965465520
1403638604.5778293610 1.9540133976 19.7374308330 5.3341739728 -0.8043789334 -0.0646176915 0.0258105546 0.5900278814
1403638604.6778295040 1.8241523723 19.5301739196 5.3467057455 -0.8070490697 -0.0620684798 0.0298135961 0.5864558401
1403638604.7778294086 1.6815130717 19.3130210774 5.3400103885 -0.8079231548 -0.0584231892 0.0344412030 0.5853722836
1403638604.8778295517 1.5502747530 19.0971451909 5.3405763744 -0.8107918602 -0.0565948148 0.0368576246 0.5814250612
1403638604.9778294563 1.4205970119 18.8791936484 5.3511963703 -0.8171586056 -0.0561641852 0.0374645348 0.5724454614
1403638605.0778293610 1.2960194805 18.6692667565 5.3721884444 -0.8239989365 -0.0557345645 0.0383632379 0.5625368191
1403638605.1778295040 1.1819041543 18.4603428599 5.4075189471 -0.8283462819 -0.0563416352 0.0383299324 0.5560565383
1403638605.2778294086 1.0641302556 18.2717657944 5.4553514112 -0.8302360505 -0.0587253409 0.0351892568 0.5531917851
1403638605.3778295517 0.9446154983 18.0976906663 5.4900131043 -0.8273319938 -0.0645229835 0.0270136186 0.5573408482
1403638605.4778294563 0.8228779790 17.9398481139 5.5116005715 -0.8197989599 -0.0730779370 0.0152557949 0.5677645120
1403638605.5778293610 0.6988783629 17.7804499063 5.5227642142 -0.8133173521 -0.0800460007 0.0061469888 0.5762549237
1403638605.6778295040 0.5600592199 17.6239582083 5.5263715304 -0.8090939427 -0.0851633039 -0.0007439450 0.5814754081
1403638605.7778294086 0.4077799294 17.4608140687 5.5391955829 -0.8086003449 -0.0867044043 -0.0023626201 0.5819297609
1403638605.8778295517 0.2327924934 17.2981478472 5.5652199370 -0.8090330689 -0.0882364364 -0.0049318254 0.5810813211
1403638605.9778294563 0.0399092104 17.1350044872 5.6057442425 -0.8090094967 -0.0903734813 -0.0091346733 0.5807347293
1403638606.0778293610 -0.1765081518 16.9670975849 5.6437234061 -0.8093549268 -0.0909880330 -0.0118979641 0.5801070753
1403638606.1778295040 -0.4028752477 16.8003643094 5.6765740324 -0.8097055251 -0.0925508540 -0.0152386221 0.5792918836
1403638606.2778294086 -0.6527031931 16.6294838640 5.6904616334 -0.8109257593 -0.0924147978 -0.0167223289 0.5775632276
1403638606.3778295517 -0.9250797484 16.4564163438 5.6882515070 -0.8172932392 -0.0849546314 -0.0078601333 0.5698707661
1403638606.4778294563 -1.2059065176 16.2849562486 5.6732177742 -0.8247168907 -0.0752648115 0.0045661801 0.5604965729
1403638606.5778293610 -1.4954694639 16.1218611444 5.6455801635 -0.8312718790 -0.0679663903 0.0156360985 0.5514736126
1403638606.6778295040 -1.7884361462 15.9686419542 5.6075663569 -0.8351650771 -0.0689522773 0.0241509580 0.5451253146
1403638606.7778294086 -2.0930586014 15.8329595372 5.5614363764 -0.8384933831 -0.0776529204 0.0320069520 0.5383998751
1403638606.8778295517 -2.3869453505 15.7132144243 5.5054246654 -0.8396075795 -0.0909803289 0.0436924435 0.5337346369
1403638606.9778294563 -2.6962767968 15.6162397976 5.4680692636 -0.8385249348 -0.1079366448 0.0565727243 0.5310603933
1403638607.0778293610 -3.0034574748 15.5466842531 5.4417592041 -0.8354831834 -0.1243018085 0.0722893405 0.5303688923
1403638607.1778295040 -3.3028849330 15.4959286449 5.4297672811 -0.8288221945 -0.1344319460 0.0881456004 0.5359217992
1403638607.2778294086 -3.6045855566 15.4681275137 5.4228185527 -0.8177617780 -0.1432362573 0.0981153774 0.5487462271
1403638607.3778295517 -3.9044199203 15.4549532351 5.4027857936 -0.8099980901 -0.1460642658 0.1085451296 0.5574820887
1403638607.4778294563 -4.1936915481 15.4440435643 5.3643187718 -0.8075211530 -0.1481649903 0.1143572111 0.5593560148
1403638607.5778293610 -4.4698171605 15.4381492852 5.3129092110 -0.8070379380 -0.1499294160 0.1168768121 0.5590623826
1403638607.6778295040 -4.7399693669 15.4343874889 5.2540535809 -0.8054411349 -0.1503647026 0.1178360891 0.5610433945
1403638607.7778294086 -4.9995857185 15.4377944228 5.1816984332 -0.8041222093 -0.1513124433 0.1156462526 0.5631322769
1403638607.8778295517 -5.2477409238 15.4440768542 5.1013962835 -0.8054029044 -0.1487699310 0.1176393983 0.5615644586
1403638607.9778294563 -5.4892320884 15.4515573817 5.0119815799 -0.8083400418 -0.1441071592 0.1215385584 0.5577166685
1403638608.0778293610 -5.7235833406 15.4619986050 4.9123905286 -0.8062806739 -0.1421055172 0.1207482457 0.5613709629
1403638608.1778295040 -5.9400536637 15.4830014657 4.7977682017 -0.8034215521 -0.1436213274 0.1150102300 0.5662679321
1403638608.2778294086 -6.1471121084 15.5062787581 4.6828335606 -0.7989875315 -0.1445761036 0.1109771758 0.5730625980
1403638608.3778295517 -6.3462179641 15.5228956455 4.5534834462 -0.7929943019 -0.1453489873 0.1083018852 0.5816394164
1403638608.4778294563 -6.5364990182 15.5357821990 4.4156081924 -0.7928210636 -0.1451587211 0.1083243922 0.5819188371
1403638608.5778293610 -6.7275113765 15.5353024684 4.2669387013 -0.7945263891 -0.1452545090 0.1070880665 0.5797940072
1403638608.6778295040 -6.9062128680 15.5336139382 4.1249002405 -0.7906381278 -0.1425084018 0.1110289358 0.5850258812
1403638608.7778294086 -7.0758876553 15.5179735560 3.9958630275 -0.7908062160 -0.1423965312 0.1113916070 0.5847569294
1403638608.8778295517 -7.2284436204 15.4939145787 3.8717078372 -0.7944584195 -0.1427344388 0.1120143212 0.5795821697
1403638608.9778294563 -7.3729876594 15.4673779902 3.7626575972 -0.7985591662 -0.1422487096 0.1134663083 0.5737542675
1403638609.0778293610 -7.5114670692 15.4354929019 3.6690557909 -0.8012271773 -0.1418252592 0.1144018285 0.5699410740
1403638609.1778295040 -7.6394119441 15.4008296603 3.5902746488 -0.8011331346 -0.1401894456 0.1164802231 0.5700569950
1403638609.2778294086 -7.7637463987 15.3667037863 3.5110167727 -0.7992681808 -0.1347056710 0.1240388990 0.5723976842
1403638609.3778295517 -7.8663042098 15.3363394895 3.4144160672 -0.7995754800 -0.1350366120 0.1230460892 0.5721047326
1403638609.4778294563 -7.9443230670 15.3127480822 3.3085679594 -0.8002912684 -0.1375236546 0.1199255040 0.5711733569
1403638609.5778293610 -8.0244218777 15.2809070934 3.1845020268 -0.8009138336 -0.1395160652 0.1165146229 0.5705231295
1403638609.6778295040 -8.0914521610 15.2542772563 3.0506564970 -0.8005070642 -0.1413223243 0.1145489599 0.5710472630
1403638609.7778294086 -8.1608433716 15.2124538143 2.9187194903 -0.8009308654 -0.1419040930 0.1131343836 0.5705905611
1403638609.8778295517 -8.2179202011 15.1853000236 2.7960722411 -0.8010650871 -0.1416800748 0.1139590754 0.5702936189
1403638609.9778294563 -8.2646943696 15.1529855934 2.6927387137 -0.8003394495 -0.1411337203 0.1145915391 0.5713202410
1403638610.0778293610 -8.3021853570 15.1273615999 2.6033768060 -0.7972775147 -0.1397394753 0.1168383874 0.5754739220
1403638610.1778295040 -8.3403849220 15.0847099014 2.5269597295 -0.7941108644 -0.1397232881 0.1160610938 0.5799958278
1403638610.2778294086 -8.3678293305 15.0414416937 2.4399021154 -0.7922521956 -0.1384569507 0.1175173621 0.5825425315
1403638610.3778295517 -8.3887210254 14.9853642168 2.3374569381 -0.7917598270 -0.1377566533 0.1179381306 0.5832924465
1403638610.4778294563 -8.3909328727 14.9397083030 2.2234570948 -0.7901234524 -0.1379203056 0.1174390208 0.5855689504
1403638610.5778293610 -8.3806062916 14.8811471846 2.1031326209 -0.7844145041 -0.1376849256 0.1177759415 0.5931825811
1403638610.6778295040 -8.3733554233 14.8067156566 1.9831205245 -0.7786909644 -0.1362962470 0.1193167674 0.6006889579
1403638610.7778294086 -8.3668263738 14.7179325525 1.8859360530 -0.7849639128 -0.1371547399 0.1192071366 0.5922920661
1403638610.8778295517 -8.3270540487 14.6247262424 1.7853947822 -0.7922293089 -0.1389733948 0.1193974926 0.5820681716
1403638610.9778294563 -8.2814383540 14.5164443639 1.6960558310 -0.7928037382 -0.1391506842 0.1204513119 0.5810256459
1403638611.0778293610 -8.2286556829 14.4062448655 1.6147961647 -0.7895226990 -0.1383741190 0.1221363295 0.5853112231
1403638611.1778295040 -8.1616237411 14.2903033738 1.5183994859 -0.7886953407 -0.1388878379 0.1233065247 0.5860591515
1403638611.2778294086 -8.0997126640 14.1590903957 1.4202656947 -0.7887872104 -0.1395053359 0.1224447663 0.5859695190
1403638611.3778295517 -8.0019131949 14.0460752039 1.3349253990 -0.7880824150 -0.1452127967 0.1153957846 0.5869609559
1403638611.4778294563 -7.9019783805 13.9126284771 1.2650766534 -0.7868511012 -0.1544015568 0.1019617920 0.5887523220
1403638611.5778293610 -7.8101088608 13.7661135218 1.2057398537 -0.7883804651 -0.1592827267 0.0932960740 0.5868399253
1403638611.6778295040 -7.7144709818 13.6110800635 1.1540740458 -0.7905822188 -0.1592527256 0.0926890718 0.5839752226
1403638611.7778294086 -7.6324679706 13.4503164986 1.1106169971 -0.7946534312 -0.1532981074 0.1007550135 0.5786830236
1403638611.8778295517 -7.5531544243 13.2819975130 1.0475949902 -0.7984631288 -0.1471918773 0.1081776562 0.5736625994
1403638611.9778294563 -7.4757654689 13.1130195091 0.9800425212 -0.8007975804 -0.1434279002 0.1121114095 0.5705985494
1403638612.0778293610 -7.3856788086 12.9462873793 0.9127318382 -0.8026134873 -0.1426400596 0.1124605178 0.5681707800
1403638612.1778295040 -7.3027515019 12.7735172226 0.8609162989 -0.8034073255 -0.1405675543 0.1139907689 0.5672596730
1403638612.2778294086 -7.2022960970 12.6098177860 0.8149741087 -0.8030279795 -0.1399333736 0.1144540528 0.5678600047
1403638612.3778295517 -7.0988036827 12.4575474810 0.7847027266 -0.8027361179 -0.1408762087 0.1124891816 0.5684318806
1403638612.4778294563 -6.9993721224 12.3025097805 0.7547829366 -0.8014754345 -0.1407525233 0.1107316895 0.5705824638
1403638612.5778293610 -6.8693096711 12.1608403526 0.7034648288 -0.7994143025 -0.1425874521 0.1070300818 0.5737160910
1403638612.6778295040 -6.7687564230 12.0023480733 0.6425834500 -0.7985223524 -0.1454306069 0.0999801659 0.5755136469
1403638612.7778294086 -6.6714939665 11.8418349382 0.5711024283 -0.7976675999 -0.1454861117 0.0960379151 0.5773533669
1403638612.8778295517 -6.5691796149 11.6838080609 0.4993662981 -0.7958151989 -0.1438213081 0.0949926023 0.5804911766
1403638612.9778294563 -6.4777557719 11.5157763442 0.4430839039 -0.7957915228 -0.1415379458 0.0955158735 0.5809987780
1403638613.0778293610 -6.3888471159 11.3474197673 0.3990556116 -0.7979860270 -0.1393753919 0.0971313396 0.5782372383
1403638613.1778295040 -6.2972331809 11.1715403381 0.3666245144 -0.8000527658 -0.1384051949 0.0977039273 0.5755115260
1403638613.2778294086 -6.2090903595 10.9972250729 0.3545270069 -0.8005845338 -0.1384510034 0.0970693484 0.5748680418
1403638613.3778295517 -6.1145350649 10.8229706427 0.3567092990 -0.8004384587 -0.1392167190 0.0961926557 0.5750338703
1403638613.4778294563 -6.0233052198 10.6506010456 0.3562236133 -0.7997424465 -0.1384176360 0.0963448438 0.5761685937
1403638613.5778293610 -5.9380284896 10.4727083335 0.3482443263 -0.7996052942 -0.1337701597 0.0948890492 0.5776962751
1403638613.6778295040 -5.8433514896 10.2969718403 0.3074155426 -0.7977945617 -0.1273588123 0.0979085286 0.5811346576
1403638613.7778294086 -5.7463492173 10.1106076433 0.2599243189 -0.7938659302 -0.1207943096 0.0993897195 0.5876285419
1403638613.8778295517 -5.6567052171 9.9208641812 0.1988675878 -0.7931002248 -0.1123440075 0.0945207909 0.5911316922
1403638613.9778294563 -5.5585691633 9.7257604058 0.1276519691 -0.7952445245 -0.1010023549 0.0857439937 0.5916355619
1403638614.0778293610 -5.4494082967 9.5242587908 0.0383109645 -0.7984788816 -0.0870087498 0.0730117980 0.5912108173
1403638614.1778295040 -5.3446627453 9.3130125842 -0.0448312519 -0.8034989635 -0.0712891654 0.0581004768 0.5881595065
1403638614.2778294086 -5.2343658282 9.0993665742 -0.1144211209 -0.8070833473 -0.0555803518 0.0467423381 0.5859543061
1403638614.3778295517 -5.1217923843 8.8769302527 -0.1686777670 -0.8100060434 -0.0444061005 0.0382398852 0.5834860916
1403638614.4778294563 -5.0097532355 8.6547521342 -0.1989684898 -0.8113884813 -0.0344997838 0.0348409231 0.5824470855
1403638614.5778293610 -4.8978638355 8.4292004767 -0.2152976028 -0.8125305443 -0.0251928784 0.0308978253 0.5815537447
1403638614.6778295040 -4.7795183937 8.2101102940 -0.2113195051 -0.8131959096 -0.0120330020 0.0277228839 0.5812048358
1403638614.7778294086 -4.6591292122 7.9871887291 -0.1914953724 -0.8166269332 0.0068947300 0.0271265833 0.5764868282
1403638614.8778295517 -4.5209600595 7.7663152408 -0.1560014026 -0.8209559181 0.0271013573 0.0212319632 0.5699527180
1403638614.9778294563 -4.3731238043 7.5536444918 -0.1062897344 -0.8228509811 0.0481697862 0.0083517617 0.5661503181
1403638615.0778293610 -4.2020558397 7.3507964314 -0.0433192162 -0.8224729912 0.0701036764 -0.0104393212 0.5643710427
1403638615.1778295040 -4.0229976257 7.1500814905 0.0348389146 -0.8178373317 0.0919988355 -0.0347950994 0.5669811410
1403638615.2778294086 -3.8290969029 6.9568746020 0.1167406505 -0.8124176930 0.1127170050 -0.0624868863 0.5686543395
1403638615.3778295517 -3.6389026968 6.7602220987 0.1887702022 -0.8067072654 0.1375841672 -0.0857425104 0.5682800426
1403638615.4778294563 -3.4481384226 6.5648395935 0.2511740217 -0.8004847837 0.1629627628 -0.1071783380 0.5667274943
1403638615.5778293610 -3.2583601452 6.3717926645 0.2936102444 -0.7948483574 0.1867646687 -0.1246160140 0.5637427573
1403638615.6778295040 -3.0811234734 6.1731475452 0.3349250287 -0.7906434724 0.2037608932 -0.1379470015 0.5606558861
1403638615.7778294086 -2.9031831022 5.9775686971 0.3828877201 -0.7874147272 0.2158730681 -0.1456287674 0.5587209750
1403638615.8778295517 -2.7314899498 5.7753045183 0.4446025761 -0.7842969116 0.2274099660 -0.1507590668 0.5571667305
1403638615.9778294563 -2.5602622875 5.5762105813 0.5038474818 -0.7815528453 0.2391312672 -0.1577448834 0.5541732029
1403638616.0778293610 -2.3897543643 5.3717297990 0.5506443884 -0.7776567303 0.2510431325 -0.1664132988 0.5518459653
1403638616.1778295040 -2.2221095769 5.1702121832 0.5755529184 -0.7738221027 0.2646253258 -0.1757954114 0.5479678491
1403638616.2778294086 -2.0542915164 4.9636909731 0.5635065386 -0.7682509794 0.2819542127 -0.1860247205 0.5437711448
1403638616.3778295517 -1.8841678684 4.7579026270 0.5160109454 -0.7619457794 0.3001632936 -0.1984617005 0.5384733790
1403638616.4778294563 -1.7170464109 4.5469868338 0.4545480528 -0.7561131121 0.3169782778 -0.2080792211 0.5334048846
1403638616.5778293610 -1.5524655061 4.3381850339 0.3774621830 -0.7530811484 0.3293750509 -0.2159122631 0.5270320241
1403638616.6778295040 -1.3868412785 4.1347391659 0.2953433109 -0.7539392289 0.3400900193 -0.2188080164 0.5177233526
1403638616.7778294086 -1.2207330505 3.9315047998 0.2025408008 -0.7582228258 0.3527204956 -0.2111372118 0.5060706237
1403638616.8778295517 -1.0417908247 3.7264102746 0.1142186789 -0.7613698485 0.3609307241 -0.2040313276 0.4984136671
1403638616.9778294563 -0.8532827405 3.5304000199 0.0319120177 -0.7602909986 0.3582431654 -0.2100752951 0.4994875397
1403638617.0778293610 -0.6441252361 3.3410651693 -0.0230279900 -0.7586215170 0.3523547462 -0.2175180355 0.5030163327
1403638617.1778295040 -0.4257052650 3.1562989927 -0.0691903326 -0.7582131411 0.3448081053 -0.2249970718 0.5055655456
1403638617.2778294086 -0.2105253767 2.9796884612 -0.0913941118 -0.7620692570 0.3412768851 -0.2255846614 0.5018885292
1403638617.3778295517 0.0101823870 2.8109263705 -0.0906358480 -0.7670176351 0.3399608297 -0.2233565383 0.4962080597
1403638617.4778294563 0.2417111088 2.6546974617 -0.0820133788 -0.7707191029 0.3378910460 -0.2218276532 0.4925588267
1403638617.5778293610 0.4783951205 2.5138239527 -0.0536632966 -0.7724879335 0.3354466025 -0.2215452710 0.4915848476
1403638617.6778295040 0.7197212546 2.3869233898 -0.0063338959 -0.7726665220 0.3313016809 -0.2236394413 0.4931643157
1403638617.7778294086 0.9681523382 2.2707536172 0.0680619382 -0.7723008723 0.3282350900 -0.2247761980 0.4952663417
1403638617.8778295517 1.2216807310 2.1717511418 0.1447722547 -0.7734470537 0.3251286772 -0.2258164552 0.4950534587
1403638617.9778294563 1.4749693306 2.0856394525 0.2270144090 -0.7726014118 0.3243770111 -0.2245852044 0.4974214502
1403638618.0778293610 1.7298787012 2.0140883585 0.3086752511 -0.7729139332 0.3230843304 -0.2241997118 0.4979508576
1403638618.1778295040 1.9890380434 1.9499585056 0.3681141971 -0.7730212346 0.3230606076 -0.2219789599 0.4987939014
1403638618.2778294086 2.2466121370 1.9004895735 0.4167134565 -0.7735892630 0.3216985012 -0.2224087161 0.4986021354
1403638618.3778295517 2.5183082380 1.8517603199 0.4653030512 -0.7735403667 0.3202535839 -0.2224187369 0.4996026907
1403638618.4778294563 2.7750709106 1.8199635813 0.4979409690 -0.7740075675 0.3190815832 -0.2222830576 0.4996893745
1403638618.5778293610 3.0430751837 1.8030599070 0.5292651481 -0.7734260438 0.3179624583 -0.2238955378 0.5005824788
1403638618.6778295040 3.3024284836 1.7903472537 0.5523449116 -0.7720963176 0.3207327574 -0.2275486486 0.4992187768
1403638618.7778294086 3.5647029139 1.7948262786 0.5780065551 -0.7701536610 0.3231967525 -0.2305122390 0.4992707735
1403638618.8778295517 3.8410591452 1.7994328748 0.6371457014 -0.7674922769 0.3254848589 -0.2338902262 0.5003104772
1403638618.9778294563 4.1045805299 1.8191901163 0.6982339221 -0.7605843049 0.3322937680 -0.2414108232 0.5028053115
1403638619.0778293610 4.3710933625 1.8443726096 0.7407093194 -0.7521824426 0.3437319828 -0.2538493534 0.5016277533
1403638619.1778295040 4.6338386116 1.8735002430 0.7748898018 -0.7421723181 0.3599530605 -0.2671388053 0.4982478331
1403638619.2778294086 4.8921311625 1.9040448564 0.7827797759 -0.7299505608 0.3808201638 -0.2803415285 0.4935147506
1403638619.3778295517 5.1470018976 1.9433759253 0.7639147597 -0.7168135325 0.4021160753 -0.2951501930 0.4872036384
1403638619.4778294563 5.3946424964 1.9656244549 0.7448082588 -0.7053061034 0.4200961904 -0.3045585504 0.4830181992
1403638619.5778293610 5.6300640565 2.0109906827 0.7121866082 -0.6961977191 0.4335486498 -0.3107192022 0.4804142812
1403638619.6778295040 5.8550654138 2.0524647377 0.6781056684 -0.6873218994 0.4476082543 -0.3075191557 0.4823561196
1403638619.7778294086 6.0740710494 2.0898210154 0.6359755698 -0.6809037939 0.4576766435 -0.3041764892 0.4841268189
1403638619.8778295517 6.2923157941 2.1133817744 0.5904274894 -0.6767901118 0.4628161712 -0.3040134820 0.4851104400
1403638619.9778294563 6.5133086172 2.1228445356 0.5350473590 -0.6747769513 0.4657763254 -0.3050601526 0.4844241778
1403638620.0778293610 6.7280355205 2.1286668460 0.4810122032 -0.6719095868 0.4662381023 -0.3079816977 0.4861139918
1403638620.1778295040 6.9360208368 2.1292201059 0.4567186533 -0.6695683050 0.4642965019 -0.3136119513 0.4876008484
1403638620.2778294086 7.1400177008 2.1072636855 0.4353521696 -0.6706091298 0.4632928659 -0.3158770342 0.4856591549
1403638620.3778295517 7.3477628002 2.0697284333 0.4421331839 -0.6729291281 0.4617508337 -0.3174646838 0.4828754815
1403638620.4778294563 7.5315279707 2.0081237844 0.4395214122 -0.6746803487 0.4597870554 -0.3179699417 0.4819724131
1403638620.5778293610 7.7179591079 1.9616046273 0.4485575050 -0.6765494610 0.4587207635 -0.3172830230 0.4808196868
1403638620.6778295040 7.8976716041 1.9040412420 0.4439867926 -0.6789952589 0.4594679260 -0.3134735348 0.4791544702
1403638620.7778294086 8.0794649617 1.8355088840 0.4280549028 -0.6821637658 0.4609026057 -0.3085015115 0.4764957524
1403638620.8778295517 8.2559110567 1.7696081670 0.3960149790 -0.6866754398 0.4575773556 -0.3103206641 0.4720178910
1403638620.9778294563 8.4308033660 1.7122028325 0.3665044308 -0.6891521219 0.4524685077 -0.3147956436 0.4703672026
1403638621.0778293610 8.6058917257 1.6406231476 0.3292136055 -0.6893747836 0.4472622271 -0.3192287869 0.4720295431
1403638621.1778295040 8.7853930909 1.5640361934 0.3144340322 -0.6891162511 0.4450389022 -0.3187773412 0.4748054072
1403638621.2778294086 8.9564712046 1.4904071856 0.3134000980 -0.6891512320 0.4421161858 -0.3196961336 0.4768629151
1403638621.3778295517 9.1208547913 1.4184517984 0.3175295166 -0.6910101101 0.4397552973 -0.3207553733 0.4756430350
1403638621.4778294563 9.2737366471 1.3585892702 0.3086966806 -0.6899831841 0.4373876134 -0.3223733793 0.4782161495
1403638621.5778293610 9.4298781608 1.2878768317 0.2965755416 -0.6889869066 0.4345633768 -0.3234150890 0.4815126106
1403638621.6778295040 9.5588643033 1.2358314787 0.2544272858 -0.6882068834 0.4332927254 -0.3242216460 0.4832277145
1403638621.7778294086 9.6863753212 1.1675371729 0.2214491125 -0.6873032773 0.4315416356 -0.3257960995 0.4850184772
1403638621.8778295517 9.8047683952 1.0982884963 0.1698840393 -0.6846774010 0.4285485941 -0.3290962487 0.4891406936
1403638621.9778294563 9.9158056117 1.0202901063 0.1151165536 -0.6826845301 0.4268262143 -0.3303553394 0.4925713805
1403638622.0778293610 10.0009206512 0.9570759439 0.0681616956 -0.6821178565 0.4278723556 -0.3289959159 0.4933580490
1403638622.1778295040 10.0764442632 0.8953173316 0.0000982775 -0.6823859198 0.4301299423 -0.3257010245 0.4932104336
1403638622.2778294086 10.1389707572 0.8236934115 -0.0610329654 -0.6809262358 0.4321465060 -0.3234523565 0.4949418469
1403638622.3778295517 10.1815545736 0.7531265741 -0.1173854146 -0.6812321497 0.4328890708 -0.3240074757 0.4935068048
1403638622.4778294563 10.2193921008 0.6715434758 -0.1414868228 -0.6824973858 0.4315452914 -0.3267193088 0.4911420092
1403638622.5778293610 10.2429770946 0.5929572432 -0.1368152449 -0.6828702349 0.4303575040 -0.3297338868 0.4896490835
1403638622.6778295040 10.2591547260 0.5005446865 -0.1239017125 -0.6797327420 0.4271437000 -0.3348998227 0.4933089983
1403638622.7778294086 10.2443325499 0.4165142847 -0.0915900331 -0.6696943052 0.4219715134 -0.3428950018 0.5058385091
1403638622.8778295517 10.2152009942 0.3262348988 -0.0514305544 -0.6652735075 0.4199724691 -0.3464522648 0.5108865956
1403638622.9778294563 10.1559905430 0.2336658135 -0.0110218178 -0.6679211994 0.4234568490 -0.3433133271 0.5066572094
1403638623.0778293610 10.0845581799 0.1322097267 0.0198332913 -0.6729081110 0.4290546936 -0.3366477939 0.4997749563
1403638623.1778295040 9.9929128772 0.0209999849 0.0419402697 -0.6753396982 0.4339980182 -0.3299051948 0.4967137753
1403638623.2778294086 9.8884463400 -0.0861772515 0.0391005571 -0.6775858169 0.4372868515 -0.3255457079 0.4936371768
1403638623.3778295517 9.7764984590 -0.2036781826 0.0471322217 -0.6796707961 0.4398772862 -0.3219976385 0.4907882464
1403638623.4778294563 9.6556384568 -0.3230088258 0.0441482169 -0.6813851376 0.4402940728 -0.3216654056 0.4882486975
1403638623.5778293610 9.5358231837 -0.4515655708 0.0297164605 -0.6817006577 0.4396557911 -0.3227815250 0.4876464762
1403638623.6778295040 9.4120208416 -0.5833982099 0.0453605520 -0.6824546303 0.4392016135 -0.3237685089 0.4863451170
1403638623.7778294086 9.2721137132 -0.7088875389 0.0704766914 -0.6835044343 0.4392964174 -0.3253085148 0.4837506756
1403638623.8778295517 9.1305713951 -0.8368809090 0.1140700300 -0.6845121428 0.4397405009 -0.3260344738 0.4814280217
1403638623.9778294563 8.9921164267 -0.9688240401 0.1591083646 -0.6853697289 0.4407198034 -0.3265021927 0.4789892564
1403638624.0778293610 8.8394027429 -1.0970906188 0.1762363226 -0.6844773317 0.4433606432 -0.3249658458 0.4788729701
1403638624.1778295040 8.6934008571 -1.2331777548 0.2039490930 -0.6836054800 0.4457929645 -0.3225165138 0.4795156711
1403638624.2778294086 8.5440359402 -1.3644261635 0.2083618039 -0.6823678171 0.4482307547 -0.3205136711 0.4803481440
1403638624.3778295517 8.3936661767 -1.4993921876 0.2041852008 -0.6813668680 0.4497055970 -0.3200967705 0.4806684146
1403638624.4778294563 8.2422458285 -1.6374141834 0.1890394844 -0.6810896893 0.4498635962 -0.3214176126 0.4800315597
1403638624.5778293610 8.0848335596 -1.7671235731 0.1650552202 -0.6716284461 0.4516397914 -0.3213753326 0.4915837922
1403638624.6778295040 7.9325778226 -1.9267592125 0.1344263021 -0.6685771073 0.4479206208 -0.3247825727 0.4968783046
1403638624.7778294086 7.7658280672 -2.0725372686 0.1141172711 -0.6775263538 0.4408119322 -0.3272344007 0.4894492082
1403638624.8778295517 7.5943369526 -2.2347528170 0.1022778186 -0.6860022802 0.4351237526 -0.3261602016 0.4834125716
1403638624.9778294563 7.4119014256 -2.3787350535 0.1059422942 -0.6895816542 0.4343696859 -0.3190048906 0.4837726718
1403638625.0778293610 7.2372682684 -2.5461712376 0.1244825399 -0.6910185248 0.4339475331 -0.3116983255 0.4868542809
1403638625.1778295040 7.0565121978 -2.7040074428 0.1299252902 -0.6918406459 0.4344783191 -0.3056960005 0.4890143824
1403638625.2778294086 6.8643790281 -2.8431689928 0.1277967223 -0.6929710183 0.4335936322 -0.3040804470 0.4892063079
1403638625.3778295517 6.7004644361 -3.0101673781 0.1150723445 -0.6935551741 0.4326039373 -0.3028644498 0.4900083459
1403638625.4778294563 6.5206979073 -3.1637144933 0.1320999718 -0.6933156421 0.4321385348 -0.3024617211 0.4910057172
1403638625.5778293610 6.3496777646 -3.3231204135 0.1509078873 -0.6939776357 0.4317046490 -0.3028280469 0.4902257758
1403638625.6778295040 6.1747137843 -3.4944959195 0.1982778339 -0.6957264169 0.4321758231 -0.3020522905 0.4878044942
1403638625.7778294086 6.0005649268 -3.6553413218 0.2319343616 -0.6994448285 0.4348250992 -0.2987022110 0.4821628917
1403638625.8778295517 5.8433065008 -3.8271121604 0.2603227960 -0.7019097226 0.4359408663 -0.2973233061 0.4784110722
1403638625.9778294563 5.6857657134 -3.9917087721 0.2725508794 -0.7021922741 0.4361922277 -0.2980357240 0.4773228026
1403638626.0778293610 5.5334034929 -4.1469428787 0.2786112603 -0.7027292854 0.4383299452 -0.2960558571 0.4758038881
1403638626.1778295040 5.3927737423 -4.3130588829 0.2699158902 -0.7029336639 0.4387485418 -0.2960066015 0.4751463702
1403638626.2778294086 5.2581689840 -4.4648978788 0.2658971835 -0.7021878870 0.4369553909 -0.2995767851 0.4756636496
1403638626.3778295517 5.1247556030 -4.6248729633 0.2413000581 -0.7022254379 0.4312235885 -0.3078954546 0.4755271182
1403638626.4778294563 4.9987718843 -4.7713172701 0.2220862609 -0.7019564030 0.4287551656 -0.3108848483 0.4762109063
1403638626.5778293610 4.8745427758 -4.9214642135 0.1796128544 -0.7043425517 0.4287828367 -0.3103158037 0.4730232033
1403638626.6778295040 4.7502693783 -5.0637262848 0.1418461096 -0.7058777210 0.4299213812 -0.3082212591 0.4710667729
1403638626.7778294086 4.6356026555 -5.1968665342 0.1097281337 -0.7088826744 0.4328485324 -0.3036776941 0.4668054842
1403638626.8778295517 4.5245140124 -5.3275677837 0.0973795465 -0.7114483369 0.4335788222 -0.3017174598 0.4634838113
1403638626.9778294563 4.4178762544 -5.4465821850 0.0990446987 -0.7122485848 0.4338580789 -0.3007804192 0.4626016214
1403638627.0778293610 4.3292022969 -5.5609563016 0.1123942876 -0.7126109947 0.4336067577 -0.2999592447 0.4628122744
1403638627.1778295040 4.2404268779 -5.6547087333 0.1000195342 -0.7124732156 0.4336062065 -0.2994837962 0.4633325270
1403638627.2778294086 4.1646654388 -5.7560382186 0.0890087773 -0.7130572105 0.4322808931 -0.3006954397 0.4628875636
1403638627.3778295517 4.0960594491 -5.8389596218 0.0641093721 -0.7130560968 0.4302445428 -0.3030451085 0.4632540323
1403638627.4778294563 4.0371305694 -5.9186391640 0.0397807448 -0.7135822243 0.4300245318 -0.3029757207 0.4626932287
1403638627.5778293610 3.9793711172 -5.9925922742 0.0193182907 -0.7127286538 0.4293226263 -0.3046174860 0.4635818545
1403638627.6778295040 3.9281777580 -6.0534949540 -0.0171902453 -0.7101640919 0.4274819504 -0.3081479315 0.4668736414
1403638627.7778294086 3.8879303530 -6.1173052659 -0.0473897792 -0.7088087354 0.4258991674 -0.3105297338 0.4687977818
1403638627.8778295517 3.8442441003 -6.1689635390 -0.0837699967 -0.7082271476 0.4256017713 -0.3116488611 0.4692040357
1403638627.9778294563 3.7986737637 -6.2139484359 -0.1191300770 -0.7100406572 0.4263349349 -0.3109266476 0.4662675286
1403638628.0778293610 3.7599637065 -6.2521704309 -0.1529760449 -0.7109864425 0.4267787721 -0.3110405824 0.4643403002
1403638628.1778295040 3.7220328347 -6.2785783850 -0.1830204077 -0.7114172759 0.4273472959 -0.3116748006 0.4627294748
1403638628.2778294086 3.6939747232 -6.2922822804 -0.2069407328 -0.7114263644 0.4280710038 -0.3116612131 0.4620552262
1403638628.3778295517 3.6609227846 -6.3007861890 -0.2255253912 -0.7113761396 0.4295959412 -0.3101902574 0.4617069629
1403638628.4778294563 3.6319956819 -6.2999132989 -0.2345961150 -0.7071394764 0.4331716512 -0.3060506827 0.4675992527
1403638628.5778293610 3.6065221350 -6.2938527683 -0.2341749939 -0.6984613484 0.4362201760 -0.3024153620 0.4800090121
1403638628.6778295040 3.5845542412 -6.2915137122 -0.2330680826 -0.6933343785 0.4385908227 -0.2993721932 0.4871363462
1403638628.7778294086 3.5639667809 -6.2957769421 -0.2405441264 -0.6946152351 0.4383426464 -0.3003960334 0.4848996006
1403638628.8778295517 3.5444706570 -6.3058044692 -0.2595827899 -0.6961496907 0.4358031973 -0.3042030610 0.4826092406
1403638628.9778294563 3.5284071693 -6.3187661211 -0.2876352671 -0.6977866205 0.4330653385 -0.3084073405 0.4800345376
1403638629.0778293610 3.5102124317 -6.3329744387 -0.3075831755 -0.7000004306 0.4302784803 -0.3120952357 0.4769238833
1403638629.1778295040 3.4896012148 -6.3467393161 -0.3193637521 -0.7017950428 0.4287847337 -0.3136717055 0.4745918575
1403638629.2778294086 3.4694130825 -6.3564667305 -0.3244173467 -0.7025060899 0.4282352026 -0.3139288753 0.4738654515
1403638629.3778295517 3.4475576345 -6.3608885353 -0.3281681115 -0.7053600525 0.4293335803 -0.3129965456 0.4692259963
1403638629.4778294563 3.4267205833 -6.3590069292 -0.3305277573 -0.7090026819 0.4324212305 -0.3091546351 0.4634117910
1403638629.5778293610 3.4098319955 -6.3499143180 -0.3302885224 -0.7108103828 0.4361247781 -0.3042197409 0.4604281995
1403638629.6778295040 3.4006341277 -6.3327142057 -0.3231645953 -0.7059483014 0.4434888830 -0.2950367712 0.4668060733
1403638629.7778294086 3.4014959141 -6.3147809965 -0.3138865308 -0.6987717327 0.4468348028 -0.2916599959 0.4764359048
1403638629.8778295517 3.4099552781 -6.3015082708 -0.3139134483 -0.6921961831 0.4462515872 -0.2934456238 0.4854004851
1403638629.9778294563 3.4247888686 -6.2968634175 -0.3362491527 -0.6893531196 0.4378000051 -0.3064241180 0.4891090797
1403638630.0778293610 3.4368038767 -6.2981055621 -0.3786802652 -0.6881306220 0.4309594856 -0.3163060710 0.4906125134
1403638630.1778295040 3.4416841116 -6.3030767168 -0.4419526512 -0.6919205931 0.4285567828 -0.3190638245 0.4855751771
1403638630.2778294086 3.4416095521 -6.3089077100 -0.5180557375 -0.6964409556 0.4293142558 -0.3175753390 0.4793799841
1403638630.3778295517 3.4405631418 -6.3026366936 -0.5706414909 -0.7144185186 0.4367629227 -0.3034546059 0.4547082931
1403638630.4778294563 3.4639562351 -6.2740355653 -0.5362144495 -0.6981302606 0.4290088059 -0.3132623386 0.4800336352
1403638630.5778293610 3.4835909339 -6.2485380017 -0.5332850518 -0.6969107003 0.4297837468 -0.3130835602 0.4812276916
