1403638128.8450970650 -2.9915196890 -18.0630525943 -5.3619954350 -0.7945660855 0.2781943129 -0.1796357693 0.5089240125
1403638128.9450969696 -2.9915196890 -18.0630525943 -5.3619954350 -0.7945660855 0.2781943129 -0.1796357693 0.5089240125
1403638129.0450971127 -2.9915196890 -18.0630525943 -5.3619954350 -0.7945660855 0.2781943129 -0.1796357693 0.5089240125
1403638129.1450970173 -2.9915196890 -18.0630525943 -5.3619954350 -0.7945660855 0.2781943129 -0.1796357693 0.5089240125
1403638129.2450971603 -2.9872520418 -18.0533652784 -5.3202403500 -0.7903145278 0.2795811325 -0.1794156261 0.5148275154
1403638129.3450970650 -2.9706177506 -18.0528486683 -5.2338964565 -0.7695904369 0.2999002019 -0.1622741075 0.5398680787
1403638129.4450969696 -2.9605556689 -18.0563230689 -5.1651886245 -0.7597006377 0.3145346453 -0.1487539102 0.5493588737
1403638129.5450971127 -2.9678776879 -18.0547513748 -5.1476090906 -0.7767317037 0.3035554404 -0.1526073844 0.5303328589
1403638129.6450970173 -2.9745250012 -18.0496813828 -5.1198036321 -0.7917205831 0.2849104523 -0.1650703420 0.5145447839
1403638129.7450971603 -2.9704972018 -18.0429863577 -5.0499873944 -0.7896223418 0.2815002482 -0.1694530991 0.5182082736
1403638129.8450970650 -2.9754839357 -18.0341119754 -4.9581215867 -0.7933044900 0.2804150150 -0.1665407456 0.5141007544
1403638129.9450969696 -2.9840381517 -18.0199248736 -4.8262274595 -0.8003441432 0.2747872469 -0.1661292397 0.5063025746
1403638130.0450971127 -2.9821232747 -17.9992029474 -4.6264587788 -0.7923112536 0.2768982078 -0.1638500509 0.5183853979
1403638130.1450970173 -2.9789117106 -17.9803227586 -4.4069889909 -0.7844181042 0.2792541792 -0.1588474936 0.5305401163
1403638130.2450971603 -2.9820624865 -17.9651498756 -4.1937165410 -0.7862127121 0.2732641352 -0.1562823731 0.5317632026
1403638130.3450970650 -2.9805105885 -17.9498055131 -3.9572769425 -0.7781582933 0.2771155183 -0.1497199294 0.5433788759
1403638130.4450969696 -2.9855817096 -17.9459787125 -3.7168680301 -0.7732089762 0.2796390750 -0.1418878686 0.5511966071
1403638130.5450971127 -2.9924166921 -17.9493297982 -3.5119433454 -0.7792969439 0.2692281898 -0.1453439108 0.5468890222
1403638130.6450970173 -3.0018889987 -17.9479428770 -3.3004779968 -0.7771264714 0.2660974840 -0.1494922800 0.5503804454
1403638130.7450971603 -3.0122597303 -17.9544000724 -3.0706054147 -0.7652738104 0.2753943208 -0.1411354951 0.5644419679
1403638130.8450970650 -3.0036972803 -17.9545696872 -2.9020744076 -0.7600638433 0.2805533556 -0.1308596345 0.5713742424
1403638130.9450969696 -2.9960559637 -17.9513970954 -2.7402975264 -0.7546887735 0.2818620578 -0.1304519918 0.5779108178
1403638131.0450971127 -2.9913828092 -17.9715485308 -2.7137843748 -0.7415634422 0.2858230029 -0.1368542447 0.5913203767
1403638131.1450970173 -2.9925711183 -17.9678357502 -2.8042260939 -0.7435763053 0.2835672319 -0.1417724014 0.5887142680
1403638131.2450971603 -3.0031873203 -17.9704363225 -2.9502694868 -0.7597548215 0.2732879917 -0.1489623971 0.5708734440
1403638131.3450970650 -2.9992257614 -17.9691860990 -3.1169048582 -0.7691288466 0.2675232295 -0.1516411299 0.5602473621
1403638131.4450969696 -2.9905230950 -17.9844108982 -3.3069803298 -0.7680599548 0.2693672516 -0.1530184847 0.5604556476
1403638131.5450971127 -2.9925460519 -18.0062072857 -3.5154511612 -0.7708826184 0.2673226582 -0.1586521355 0.5559748959
1403638131.6450970173 -2.9883330569 -18.0223862026 -3.7653629508 -0.7751283020 0.2652790603 -0.1593767983 0.5508195456
1403638131.7450971603 -2.9797754434 -18.0493610813 -4.0534249829 -0.7759697123 0.2625301405 -0.1631356451 0.5498506089
1403638131.8450970650 -2.9770291269 -18.0803523603 -4.3001167875 -0.7792256785 0.2575044079 -0.1726624176 0.5446893715
1403638131.9450969696 -2.9781526337 -18.1078068568 -4.5140762401 -0.7808272725 0.2554457678 -0.1779167006 0.5416658360
1403638132.0450971127 -2.9809162951 -18.1285657832 -4.6571955985 -0.7888118565 0.2443296079 -0.1840398269 0.5331118456
1403638132.1450970173 -2.9884980570 -18.1319800512 -4.6691178156 -0.7977594416 0.2331894275 -0.1870712614 0.5236476939
1403638132.2450971603 -2.9908446968 -18.1241330653 -4.5005205661 -0.7925899950 0.2339035720 -0.1829289787 0.5325666227
1403638132.3450970650 -2.9945159380 -18.1118573602 -4.2223823072 -0.7831628094 0.2378374474 -0.1763870116 0.5467878791
1403638132.4450969696 -3.0060035941 -18.1035206382 -3.9000688966 -0.7766311587 0.2431718739 -0.1621342898 0.5580537207
1403638132.5450971127 -3.0124999258 -18.1236942178 -3.5415995779 -0.7597751678 0.2533494144 -0.1474251922 0.5803633183
1403638132.6450970173 -3.0174156572 -18.1000324653 -3.2855942423 -0.7475075978 0.2597303305 -0.1385378582 0.5954660431
1403638132.7450971603 -3.0517772873 -18.0734654890 -3.0956969862 -0.7537185335 0.2618344269 -0.1324925636 0.5880449181
1403638132.8450970650 -3.0921055744 -18.0495372359 -2.9881543665 -0.7511177717 0.2655282362 -0.1298640675 0.5902983761
1403638132.9450969696 -3.1155880657 -18.0351297493 -2.9595164787 -0.7397593579 0.2706898227 -0.1260679237 0.6029842377
1403638133.0450971127 -3.1065853101 -18.0443786290 -3.0387670133 -0.7420898895 0.2619327377 -0.1270874795 0.6037736408
1403638133.1450970173 -3.0413214499 -18.0752634835 -3.1610133752 -0.7513737720 0.2541789564 -0.1351825450 0.5937644250
1403638133.2450971603 -2.9307300786 -18.1467785423 -3.2751105630 -0.7513664616 0.2605586204 -0.1468470589 0.5882121956
1403638133.3450970650 -2.7929269179 -18.2580417769 -3.4017652677 -0.7525927677 0.2701681952 -0.1631560977 0.5779215864
1403638133.4450969696 -2.6221984926 -18.4007816480 -3.5376604259 -0.7549951580 0.2804223419 -0.1799598812 0.5647654936
1403638133.5450971127 -2.4170214179 -18.5771723146 -3.6685523992 -0.7494160945 0.2995896412 -0.1928714054 0.5580521349
1403638133.6450970173 -2.2512364083 -18.7714362043 -3.7772782752 -0.7458049558 0.3198174515 -0.1924041674 0.5517901793
1403638133.7450971603 -2.1328948017 -18.9523739747 -3.8714107649 -0.7436844459 0.3357910771 -0.1976856190 0.5432294115
1403638133.8450970650 -2.0129771211 -19.0797636547 -3.9952686874 -0.7417384437 0.3459952553 -0.2132632594 0.5335074007
1403638133.9450969696 -1.9255912019 -19.1368834440 -4.0790002426 -0.7404945623 0.3534269751 -0.2223480155 0.5266104220
1403638134.0450971127 -1.8797117076 -19.0664750438 -4.1234958880 -0.7397478787 0.3541850522 -0.2263522643 0.5254433149
1403638134.1450970173 -1.8769567959 -18.8980498071 -4.1513014207 -0.7470650244 0.3466943980 -0.2275978185 0.5195152324
1403638134.2450971603 -1.8825022685 -18.6722708893 -4.1123998575 -0.7407992736 0.3471302593 -0.2295670895 0.5272721979
1403638134.3450970650 -1.8954402921 -18.3961856363 -4.0800835589 -0.7346054806 0.3525685270 -0.2251492727 0.5341891301
1403638134.4450969696 -1.9423828703 -18.0849196694 -4.0785086391 -0.7363703015 0.3567518689 -0.2155714149 0.5329313728
1403638134.5450971127 -1.9968413253 -17.8129503914 -4.0721812786 -0.7334487814 0.3616478766 -0.2082341725 0.5365652129
1403638134.6450970173 -2.1193539476 -17.5601021077 -4.0591248141 -0.7329004543 0.3637929874 -0.1998962570 0.5390297513
1403638134.7450971603 -2.2662534340 -17.3206182872 -4.0519133432 -0.7395032705 0.3621547991 -0.1935303170 0.5334086903
1403638134.8450970650 -2.4087833344 -17.1185167623 -4.0236406246 -0.7472581935 0.3581518518 -0.1924396550 0.5256419147
1403638134.9450969696 -2.5510537025 -16.9412684354 -3.9848777367 -0.7451570210 0.3564288094 -0.1950077739 0.5288397546
1403638135.0450971127 -2.6688189589 -16.8009275678 -3.9911518712 -0.7453211603 0.3538380599 -0.1969562223 0.5296255676
1403638135.1450970173 -2.7842562769 -16.7071549178 -4.0122127934 -0.7530934537 0.3471228204 -0.1970432642 0.5230009079
1403638135.2450971603 -2.8443527284 -16.7020723832 -4.0397590356 -0.7582774247 0.3439016182 -0.1976340634 0.5173855441
1403638135.3450970650 -2.8546125891 -16.7441727372 -4.1061727378 -0.7563492855 0.3436340264 -0.2009462558 0.5191069413
1403638135.4450969696 -2.8354817304 -16.8585086439 -4.1596612552 -0.7556355291 0.3445983436 -0.2082419884 0.5166257863
1403638135.5450971127 -2.7849266445 -17.0008825271 -4.2064091368 -0.7597687045 0.3457080428 -0.2125274667 0.5080054533
1403638135.6450970173 -2.6774363262 -17.1979622455 -4.1957598793 -0.7595621934 0.3483563487 -0.2208330194 0.5029372786
1403638135.7450971603 -2.5310371597 -17.4147687274 -4.1990554408 -0.7489774113 0.3606697014 -0.2227876208 0.5092306745
1403638135.8450970650 -2.4841062823 -17.6421361145 -4.2309213173 -0.7482831579 0.3652769052 -0.2239854843 0.5064342019
1403638135.9450969696 -2.4453126437 -17.8386164238 -4.2272597455 -0.7576891243 0.3610486831 -0.2327089766 0.4913222685
1403638136.0450971127 -2.3776738147 -18.0547374600 -4.1471738626 -0.7566874236 0.3612170158 -0.2438211406 0.4873373184
1403638136.1450970173 -2.2831939285 -18.2891891764 -4.0241928581 -0.7426999245 0.3693587597 -0.2512360139 0.4988500718
1403638136.2450971603 -2.1863081166 -18.5456958039 -3.9645473266 -0.7329180153 0.3770815644 -0.2533695576 0.5064035386
1403638136.3450970650 -2.0825833216 -18.7723489858 -4.0026949349 -0.7319736534 0.3788216009 -0.2636718911 0.5011844962
1403638136.4450969696 -2.0291545532 -18.9471539008 -4.0515621412 -0.7343079792 0.3801741991 -0.2690214111 0.4938490158
1403638136.5450971127 -2.0179603639 -19.0130868928 -4.0560737590 -0.7331403836 0.3884575986 -0.2677861646 0.4897922438
1403638136.6450970173 -2.0595987224 -18.9802090784 -3.9999569775 -0.7296371460 0.3946176900 -0.2587425298 0.4949331441
1403638136.7450971603 -2.1512660808 -18.8745794645 -3.9272510725 -0.7302268226 0.3927070316 -0.2462857140 0.5018897507
1403638136.8450970650 -2.2807935587 -18.7268891858 -3.8260033015 -0.7280876785 0.3895733782 -0.2281598165 0.5158139331
1403638136.9450969696 -2.4174419240 -18.5586675801 -3.7710131204 -0.7169026245 0.3904039971 -0.2106400716 0.5378346459
1403638137.0450971127 -2.5602527946 -18.3604757559 -3.8478496341 -0.7119218693 0.3884276942 -0.2004061314 0.5496622244
1403638137.1450970173 -2.6825912163 -18.1858010319 -4.0202363858 -0.7203766266 0.3802916803 -0.1993927722 0.5446818118
1403638137.2450971603 -2.7963939692 -18.0684299348 -4.2329946382 -0.7348151812 0.3694476197 -0.1988099481 0.5329443783
1403638137.3450970650 -2.8882773679 -17.9784960147 -4.4594585617 -0.7444334684 0.3619753790 -0.1970969667 0.5253050749
1403638137.4450969696 -2.9664109804 -17.9218320425 -4.6717323581 -0.7528154321 0.3574438508 -0.2010931340 0.5148440251
1403638137.5450971127 -3.0153063295 -17.8857458012 -4.8739007561 -0.7650637304 0.3503618378 -0.2082380204 0.4985589213
1403638137.6450970173 -3.0429233568 -17.8654060791 -5.0323352839 -0.7719876379 0.3452850466 -0.2175771198 0.4873125490
1403638137.7450971603 -3.0583227870 -17.8555264369 -5.1438183445 -0.7689001304 0.3486047265 -0.2239704689 0.4869338386
1403638137.8450970650 -3.0758063231 -17.8567250785 -5.2321188552 -0.7703983809 0.3513618398 -0.2253872651 0.4819043193
1403638137.9450969696 -3.0932716027 -17.8617857194 -5.3042812695 -0.7807890969 0.3475744396 -0.2280724604 0.4664154242
1403638138.0450971127 -3.1064650734 -17.8608426049 -5.3480397570 -0.7877336159 0.3430440293 -0.2284855576 0.4578109810
1403638138.1450970173 -3.1057943182 -17.8584332675 -5.3567241235 -0.7810713149 0.3449672264 -0.2301176329 0.4668737396
1403638138.2450971603 -3.1028202214 -17.8587664396 -5.3662111664 -0.7746592898 0.3487470597 -0.2299842058 0.4747480786
1403638138.3450970650 -3.1048943794 -17.8595607529 -5.3671107504 -0.7706664302 0.3485623288 -0.2326791932 0.4800395290
1403638138.4450969696 -3.1084790846 -17.8631020761 -5.3676274847 -0.7679722021 0.3476665137 -0.2345239040 0.4840921715
1403638138.5450971127 -3.1075794816 -17.8626776319 -5.3677121162 -0.7676791590 0.3477928692 -0.2344114311 0.4845204947
1403638138.6450970173 -3.1085883170 -17.8625843106 -5.3679704395 -0.7676088249 0.3480189953 -0.2341348309 0.4846032933
1403638138.7450971603 -3.1082731164 -17.8624308072 -5.3680274400 -0.7676389592 0.3479076538 -0.2340688061 0.4846673981
1403638138.8450970650 -3.1083760475 -17.8627077863 -5.3686830312 -0.7678286901 0.3474778577 -0.2342861370 0.4845701673
1403638138.9450969696 -3.1083993041 -17.8622040758 -5.3687270820 -0.7677706298 0.3478928019 -0.2340724871 0.4844676761
1403638139.0450971127 -3.1087732463 -17.8615709889 -5.3680058995 -0.7676077356 0.3480675961 -0.2338023672 0.4847306116
1403638139.1450970173 -3.1093523230 -17.8611206428 -5.3679489621 -0.7675269147 0.3482747746 -0.2334853864 0.4848625485
1403638139.2450971603 -3.1095047680 -17.8608453415 -5.3677400223 -0.7674629586 0.3484873863 -0.2332304826 0.4849336973
1403638139.3450970650 -3.1095597550 -17.8608864996 -5.3677032399 -0.7674718589 0.3485129490 -0.2333045424 0.4848656109
1403638139.4450969696 -3.1094280228 -17.8612096493 -5.3676376613 -0.7675162194 0.3483392939 -0.2334282912 0.4848606212
1403638139.5450971127 -3.1090905477 -17.8613798359 -5.3679788998 -0.7675091846 0.3483405389 -0.2334882600 0.4848419876
1403638139.6450970173 -3.1089628714 -17.8612199252 -5.3680088115 -0.7675672971 0.3482656095 -0.2336463868 0.4847276303
1403638139.7450971603 -3.1088309032 -17.8613903052 -5.3680237875 -0.7675764958 0.3481951425 -0.2335953673 0.4847882736
1403638139.8450970650 -3.1090446952 -17.8612908074 -5.3678012974 -0.7675947612 0.3482798116 -0.2336377334 0.4846781045
1403638139.9450969696 -3.1093586081 -17.8615294954 -5.3675307790 -0.7675496256 0.3483047800 -0.2335499498 0.4847739405
1403638140.0450971127 -3.1092820124 -17.8611720361 -5.3676771454 -0.7675981440 0.3482553866 -0.2335878169 0.4847143558
1403638140.1450970173 -3.1089927246 -17.8611936209 -5.3679171809 -0.7675753505 0.3483186836 -0.2335447339 0.4847257299
1403638140.2450971603 -3.1087668436 -17.8611130672 -5.3679217769 -0.7675201055 0.3483281719 -0.2335090459 0.4848235738
1403638140.3450970650 -3.1087292129 -17.8613159055 -5.3677225754 -0.7675351526 0.3483215633 -0.2334384313 0.4848385059
1403638140.4450969696 -3.1088104793 -17.8611314433 -5.3677961909 -0.7675445243 0.3483299374 -0.2335885417 0.4847453466
1403638140.5450971127 -3.1090221021 -17.8612314103 -5.3679024587 -0.7675456057 0.3483162664 -0.2335092676 0.4847916498
1403638140.6450970173 -3.1091916281 -17.8610293565 -5.3677645863 -0.7675869776 0.3482821002 -0.2336108380 0.4847017505
1403638140.7450971603 -3.1090083878 -17.8610981377 -5.3676973649 -0.7675713560 0.3483232276 -0.2335502050 0.4847261539
1403638140.8450970650 -3.1089149334 -17.8611093997 -5.3677841223 -0.7675497448 0.3483096640 -0.2335978356 0.4847471697
1403638140.9450969696 -3.1091648046 -17.8611709743 -5.3677807643 -0.7675391415 0.3483049499 -0.2335989046 0.4847668305
1403638141.0450971127 -3.1090928170 -17.8611823417 -5.3678078636 -0.7675496026 0.3483245499 -0.2335570197 0.4847563656
1403638141.1450970173 -3.1090792217 -17.8611254126 -5.3678321105 -0.7675757246 0.3482953696 -0.2336269190 0.4847022852
1403638141.2450971603 -3.1089803310 -17.8611663683 -5.3677063020 -0.7675513478 0.3483598846 -0.2334950628 0.4847580581
1403638141.3450970650 -3.1088753314 -17.8611319156 -5.3678748886 -0.7675269921 0.3484084433 -0.2334226648 0.4847965889
1403638141.4450969696 -3.1089196564 -17.8611343852 -5.3680582516 -0.7675764955 0.3482991774 -0.2335836501 0.4847191816
1403638141.5450971127 -3.1089533423 -17.8612462065 -5.3679533940 -0.7675754129 0.3482979937 -0.2335262075 0.4847494235
1403638141.6450970173 -3.1091848960 -17.8611557252 -5.3676636600 -0.7675696954 0.3483019287 -0.2335998862 0.4847201486
1403638141.7450971603 -3.1091355459 -17.8611919361 -5.3676901547 -0.7675742528 0.3482762260 -0.2335671000 0.4847471988
1403638141.8450970650 -3.1089844003 -17.8612420679 -5.3677290601 -0.7675763838 0.3482993724 -0.2335279387 0.4847460614
1403638141.9450969696 -3.1091778222 -17.8613024104 -5.3678467556 -0.7675680044 0.3483162723 -0.2336347103 0.4846957347
1403638142.0450971127 -3.1093257542 -17.8611469160 -5.3679606122 -0.7675709260 0.3482967627 -0.2335264362 0.4847573025
1403638142.1450970173 -3.1093996716 -17.8611563957 -5.3677731614 -0.7676006262 0.3482382536 -0.2333733664 0.4848260195
1403638142.2450971603 -3.1086263017 -17.8615540897 -5.3678557219 -0.7674006659 0.3486873289 -0.2338409914 0.4845944235
1403638142.3450970650 -3.1086382646 -17.8613671058 -5.3679815577 -0.7674209971 0.3486867621 -0.2337765951 0.4845937049
1403638142.4450969696 -3.1088984515 -17.8612704624 -5.3679469387 -0.7675222719 0.3484770214 -0.2336968434 0.4846226502
1403638142.5450971127 -3.1091787544 -17.8611543077 -5.3678208160 -0.7675054001 0.3485076517 -0.2334661666 0.4847385135
1403638142.6450970173 -3.1095004316 -17.8609037258 -5.3679256796 -0.7676317182 0.3481969954 -0.2333464383 0.4848193863
1403638142.7450971603 -3.1092369323 -17.8607889893 -5.3679578693 -0.7675921770 0.3482446686 -0.2334264336 0.4848092415
1403638142.8450970650 -3.1087310196 -17.8610217740 -5.3680132440 -0.7675447020 0.3483890417 -0.2335347255 0.4847285199
1403638142.9450969696 -3.1091717187 -17.8611263821 -5.3679013156 -0.7675995811 0.3482384905 -0.2334136213 0.4848081251
1403638143.0450971127 -3.1093391536 -17.8610828614 -5.3678355874 -0.7676548262 0.3481285640 -0.2333240371 0.4848427214
1403638143.1450970173 -3.1093159744 -17.8610350837 -5.3677622643 -0.7676745034 0.3481480461 -0.2334712671 0.4847266882
1403638143.2450971603 -3.1091635186 -17.8612676155 -5.3679704432 -0.7675830468 0.3482595004 -0.2333794696 0.4848356524
1403638143.3450970650 -3.1090266441 -17.8613933628 -5.3676636707 -0.7676276934 0.3482260349 -0.2334063639 0.4847760537
1403638143.4450969696 -3.1091869786 -17.8613840236 -5.3675689207 -0.7676643348 0.3480778229 -0.2335654482 0.4847478516
1403638143.5450971127 -3.1090865395 -17.8613672063 -5.3679551374 -0.7676175738 0.3481921604 -0.2335096014 0.4847666923
1403638143.6450970173 -3.1089833914 -17.8612737752 -5.3678945867 -0.7675653427 0.3483711798 -0.2335155514 0.4847179108
1403638143.7450971603 -3.1089387833 -17.8610733839 -5.3680236179 -0.7675845910 0.3482751925 -0.2335749888 0.4847277696
1403638143.8450970650 -3.1088866913 -17.8607919081 -5.3681625899 -0.7675287534 0.3482938035 -0.2336082703 0.4847867729
1403638143.9450969696 -3.1087429678 -17.8611086992 -5.3679778234 -0.7675274591 0.3483093630 -0.2336537240 0.4847557369
1403638144.0450971127 -3.1089749444 -17.8612593566 -5.3677191022 -0.7675700181 0.3483326630 -0.2334761770 0.4847571537
1403638144.1450970173 -3.1088531176 -17.8612215755 -5.3678747335 -0.7675311760 0.3483674247 -0.2335713625 0.4847478209
1403638144.2450971603 -3.1090795553 -17.8612054134 -5.3678425910 -0.7675620622 0.3482912724 -0.2335353414 0.4847709919
1403638144.3450970650 -3.1092029761 -17.8610995724 -5.3678628904 -0.7676071904 0.3483034369 -0.2335050537 0.4847053817
1403638144.4450969696 -3.1090566467 -17.8611744750 -5.3679569113 -0.7675503389 0.3483009895 -0.2335250862 0.4847875124
1403638144.5450971127 -3.1089136425 -17.8611650218 -5.3678443939 -0.7675694508 0.3482907757 -0.2335951553 0.4847308296
1403638144.6450970173 -3.1091263201 -17.8613313549 -5.3676858410 -0.7675429098 0.3483111288 -0.2334779301 0.4848147021
1403638144.7450971603 -3.1091180740 -17.8613919722 -5.3675255406 -0.7675703704 0.3483112554 -0.2334485591 0.4847852785
1403638144.8450970650 -3.1090040130 -17.8612537990 -5.3675898816 -0.7674952779 0.3483802348 -0.2334313191 0.4848628977
1403638144.9450969696 -3.1090116758 -17.8612887187 -5.3677192388 -0.7675526340 0.3483158356 -0.2334978384 0.4847863367
1403638145.0450971127 -3.1090669325 -17.8610565701 -5.3678818672 -0.7676032194 0.3482354455 -0.2335949568 0.4847172044
1403638145.1450970173 -3.1091418939 -17.8612157795 -5.3677959695 -0.7676074455 0.3482513578 -0.2335856123 0.4847035828
1403638145.2450971603 -3.1092242832 -17.8612995362 -5.3676616121 -0.7676139810 0.3482804083 -0.2335768423 0.4846765851
1403638145.3450970650 -3.1090138455 -17.8611314950 -5.3678138194 -0.7675645495 0.3483183122 -0.2335369664 0.4847468423
1403638145.4450969696 -3.1089137401 -17.8613906858 -5.3678951824 -0.7675288582 0.3483184229 -0.2336288843 0.4847589839
1403638145.5450971127 -3.1089854789 -17.8612013165 -5.3675639068 -0.7675079130 0.3483427102 -0.2336298874 0.4847742109
1403638145.6450970173 -3.1089388844 -17.8611326020 -5.3677922652 -0.7675229669 0.3483432052 -0.2335930181 0.4847677882
1403638145.7450971603 -3.1089437959 -17.8610904408 -5.3677439141 -0.7675122431 0.3483276891 -0.2335757285 0.4848042458
1403638145.8450970650 -3.1089103202 -17.8610593794 -5.3677965319 -0.7675551981 0.3483125889 -0.2334969979 0.4847850145
1403638145.9450969696 -3.1089066360 -17.8611952592 -5.3680394662 -0.7675392770 0.3483284308 -0.2335739071 0.4847617893
1403638146.0450971127 -3.1091444985 -17.8612043240 -5.3676675019 -0.7675493258 0.3482940177 -0.2334886388 0.4848116801
1403638146.1450970173 -3.1089837908 -17.8612674853 -5.3676120426 -0.7675579866 0.3483075431 -0.2334859865 0.4847895282
1403638146.2450971603 -3.1089924650 -17.8611663896 -5.3678238837 -0.7675092757 0.3483267307 -0.2335222919 0.4848353737
1403638146.3450970650 -3.1086671738 -17.8607187076 -5.3678051859 -0.7675361651 0.3482875345 -0.2335964801 0.4847852236
1403638146.4450969696 -3.1089002978 -17.8609513001 -5.3674501831 -0.7675494357 0.3483149544 -0.2335163370 0.4847831233
1403638146.5450971127 -3.1089881114 -17.8609986789 -5.3676143313 -0.7675167377 0.3482860352 -0.2336232076 0.4848041790
1403638146.6450970173 -3.1087352533 -17.8610738438 -5.3676442564 -0.7674683861 0.3483916764 -0.2336290949 0.4848019824
1403638146.7450971603 -3.1086355817 -17.8610056550 -5.3676773117 -0.7675002876 0.3483154616 -0.2335752450 0.4848321902
1403638146.8450970650 -3.1088129272 -17.8611001842 -5.3674458602 -0.7674666145 0.3483842933 -0.2335260470 0.4848597376
1403638146.9450969696 -3.1087872110 -17.8610251420 -5.3673045484 -0.7675449757 0.3483070269 -0.2334713249 0.4848175592
1403638147.0450971127 -3.1086672902 -17.8607662654 -5.3676332636 -0.7676020699 0.3482218091 -0.2335695919 0.4847410439
1403638147.1450970173 -3.1094868351 -17.8602480225 -5.3679336922 -0.7677115799 0.3482630734 -0.2332898310 0.4846726901
1403638147.2450971603 -3.1095808335 -17.8602783401 -5.3679327663 -0.7677417586 0.3482898190 -0.2332120589 0.4846430952
1403638147.3450970650 -3.1092091684 -17.8603261608 -5.3675914850 -0.7676706786 0.3483269012 -0.2332725890 0.4846999054
1403638147.4450969696 -3.1091045187 -17.8603833739 -5.3674303043 -0.7675948567 0.3483181634 -0.2332616405 0.4848315172
1403638147.5450971127 -3.1084851355 -17.8607903404 -5.3663523097 -0.7670525940 0.3482890962 -0.2333088510 0.4856871458
1403638147.6450970173 -3.1078147257 -17.8604379348 -5.3664605746 -0.7672675617 0.3476303705 -0.2330052264 0.4859652032
1403638147.7450971603 -3.1048513638 -17.8565206473 -5.3644395838 -0.7668552371 0.3470546056 -0.2327925490 0.4871280891
1403638147.8450970650 -3.0864551076 -17.8441472011 -5.3528370507 -0.7619567939 0.3478501915 -0.2368475211 0.4922655181
1403638147.9450969696 -3.0506129084 -17.8163046108 -5.3144194540 -0.7534425210 0.3474440101 -0.2429904610 0.5025561294
1403638148.0450971127 -3.0043772886 -17.7767237500 -5.2390523721 -0.7479350673 0.3460111678 -0.2467106372 0.5099051563
1403638148.1450970173 -2.9533188848 -17.7328979360 -5.1202602179 -0.7447676909 0.3430350245 -0.2490893816 0.5153664119
1403638148.2450971603 -2.9040509367 -17.6874855863 -4.9375424937 -0.7441025928 0.3402840998 -0.2486655651 0.5183468910
1403638148.3450970650 -2.8615784269 -17.6483223970 -4.6715977328 -0.7444684186 0.3370877269 -0.2478638390 0.5202904528
1403638148.4450969696 -2.8226647620 -17.6128485083 -4.4271226471 -0.7464759389 0.3346021982 -0.2465290975 0.5196522354
1403638148.5450971127 -2.7895016792 -17.5776632010 -4.3019584199 -0.7521324498 0.3331986573 -0.2449720005 0.5130927321
1403638148.6450970173 -2.7599970909 -17.5427043996 -4.2901391830 -0.7569167658 0.3323861811 -0.2422365667 0.5078561628
1403638148.7450971603 -2.7253411824 -17.4922192007 -4.3267889406 -0.7602643054 0.3320453920 -0.2390707701 0.5045683408
1403638148.8450970650 -2.6714147996 -17.4146235332 -4.3456241297 -0.7620822201 0.3316026830 -0.2363444451 0.5034000930
1403638148.9450969696 -2.6223940672 -17.3307797419 -4.2782580136 -0.7620561121 0.3301933241 -0.2356817681 0.5046750983
1403638149.0450971127 -2.5485613321 -17.2105680926 -4.1438689601 -0.7596532207 0.3275531049 -0.2365948419 0.5095672954
1403638149.1450970173 -2.4693509103 -17.0828240819 -3.9337973733 -0.7571028339 0.3252560233 -0.2380033197 0.5141577949
1403638149.2450971603 -2.3939213945 -16.9535382353 -3.7004368387 -0.7555335041 0.3248089052 -0.2379044497 0.5167879373
1403638149.3450970650 -2.3122185036 -16.8098331304 -3.5160717851 -0.7539363881 0.3257637236 -0.2363765755 0.5192148241
1403638149.4450969696 -2.2412104683 -16.6690783293 -3.3587625179 -0.7531328269 0.3251234389 -0.2366744199 0.5206447094
1403638149.5450971127 -2.1720265120 -16.5204062228 -3.2208008658 -0.7529778213 0.3238524709 -0.2380661122 0.5210263947
1403638149.6450970173 -2.1260173934 -16.3708791281 -3.0968143746 -0.7543687434 0.3211977986 -0.2374170974 0.5209538320
1403638149.7450971603 -2.0714694979 -16.2194660900 -2.9583154039 -0.7564510574 0.3159957510 -0.2342769682 0.5225349608
1403638149.8450970650 -2.0316871200 -16.0694632967 -2.9123334981 -0.7586172980 0.3119176817 -0.2308928042 0.5233504256
1403638149.9450969696 -1.9951466780 -15.9306112946 -2.9014931180 -0.7598341693 0.3086770548 -0.2288187996 0.5244163117
1403638150.0450971127 -1.9598421677 -15.7945785326 -2.9213101637 -0.7617214241 0.3035623776 -0.2314016993 0.5235299500
1403638150.1450970173 -1.9412588662 -15.6406353618 -2.9966673724 -0.7643509128 0.2969406670 -0.2374166143 0.5207948479
1403638150.2450971603 -1.9351282353 -15.4735162309 -3.0827935886 -0.7660423820 0.2915055141 -0.2433763400 0.5186246825
1403638150.3450970650 -1.9581745012 -15.2878584232 -3.1992590009 -0.7689330197 0.2923838705 -0.2414543010 0.5147363442
1403638150.4450969696 -1.9853441960 -15.1084876552 -3.2979091570 -0.7744338631 0.2954147804 -0.2298556876 0.5100477057
1403638150.5450971127 -2.0461885209 -14.8660377551 -3.3513453973 -0.7798118936 0.2941531797 -0.2179874269 0.5077881440
1403638150.6450970173 -2.0889503505 -14.6035038185 -3.3553669385 -0.7831774269 0.2907138238 -0.2096085016 0.5081169814
1403638150.7450971603 -2.1345100974 -14.3120764848 -3.3228562899 -0.7842026003 0.2856976391 -0.2056151319 0.5110044601
1403638150.8450970650 -2.1790258990 -13.9853336223 -3.2120815084 -0.7854727255 0.2770032249 -0.2027707089 0.5149619894
1403638150.9450969696 -2.2177785915 -13.6176539762 -3.1832134825 -0.7851559829 0.2678989043 -0.2011520562 0.5208628513
1403638151.0450971127 -2.2439668758 -13.2606213050 -3.1440199432 -0.7853561099 0.2576980365 -0.1976771121 0.5270021460
1403638151.1450970173 -2.3038792078 -12.8903260421 -3.1162858132 -0.7875020549 0.2421470585 -0.1924300229 0.5330816090
1403638151.2450971603 -2.3615803029 -12.5426630112 -3.1161444946 -0.7929305552 0.2246115466 -0.1799747624 0.5370473654
1403638151.3450970650 -2.4559644436 -12.1571279412 -3.1642939197 -0.7989783058 0.2059044963 -0.1657935809 0.5401384025
1403638151.4450969696 -2.5557838330 -11.7747738655 -3.1989647130 -0.8036641404 0.1871186612 -0.1490265031 0.5448868299
1403638151.5450971127 -2.6591415789 -11.3954541783 -3.1883989816 -0.8075751668 0.1684630258 -0.1350214627 0.5488276264
1403638151.6450970173 -2.7847635155 -10.9956334419 -3.1293240442 -0.8102713481 0.1540285500 -0.1244979304 0.5515757550
1403638151.7450971603 -2.8844904071 -10.6224960429 -3.0388739585 -0.8122539987 0.1431331276 -0.1174638222 0.5531352455
1403638151.8450970650 -2.9985652864 -10.2163763739 -2.9208807976 -0.8140139806 0.1364205432 -0.1125487380 0.5532661713
1403638151.9450969696 -3.1203263703 -9.7989037159 -2.7698434642 -0.8154271821 0.1319981884 -0.1112277364 0.5525245511
1403638152.0450971127 -3.2582415060 -9.3710861460 -2.6173237907 -0.8162037411 0.1304392221 -0.1101698710 0.5519598372
1403638152.1450970173 -3.3787778178 -8.9543463832 -2.4877366239 -0.8164950593 0.1291493302 -0.1107734964 0.5517114293
1403638152.2450971603 -3.5216965783 -8.5119623495 -2.3945079972 -0.8164951368 0.1284405754 -0.1121082078 0.5516071609
1403638152.3450970650 -3.6853511035 -8.0633725465 -2.3518074313 -0.8162417305 0.1273420457 -0.1154703488 0.5515433250
1403638152.4450969696 -3.8495586248 -7.6156925593 -2.3467529342 -0.8167831012 0.1268043407 -0.1183955691 0.5502440495
1403638152.5450971127 -4.0447884721 -7.1426361229 -2.3519532669 -0.8171242198 0.1265748528 -0.1206366677 0.5493028404
1403638152.6450970173 -4.2491542971 -6.6684075864 -2.4050255930 -0.8179538176 0.1289215170 -0.1179143479 0.5481122159
1403638152.7450971603 -4.4772607641 -6.1660285626 -2.4365001649 -0.8185889372 0.1281706289 -0.1117175534 0.5486379773
1403638152.8450970650 -4.7303545448 -5.6602688260 -2.4187699339 -0.8175624218 0.1234869095 -0.1026789786 0.5529915885
1403638152.9450969696 -4.9635162266 -5.1611104898 -2.3485966108 -0.8153107263 0.1139116970 -0.0930373872 0.5600326682
1403638153.0450971127 -5.2078066286 -4.6560621702 -2.2355703057 -0.8179809228 0.1018904078 -0.0827143127 0.5600749032
1403638153.1450970173 -5.4720019319 -4.1336844955 -2.0886911830 -0.8226420764 0.0922187599 -0.0740675777 0.5561202283
1403638153.2450971603 -5.7222579510 -3.6124190346 -1.9693274407 -0.8253249169 0.0844943707 -0.0691530899 0.5540012030
1403638153.3450970650 -5.9700271133 -3.0822626169 -1.8737994355 -0.8272671696 0.0753911777 -0.0639536247 0.5530417111
1403638153.4450969696 -6.2388321150 -2.5565794158 -1.8226561812 -0.8289692756 0.0621925398 -0.0583569291 0.5527535589
1403638153.5450971127 -6.4962119837 -1.9915087110 -1.7357452296 -0.8313890244 0.0432605001 -0.0570253306 0.5510616398
1403638153.6450970173 -6.7735916165 -1.4209406491 -1.6285033301 -0.8325391444 0.0245286382 -0.0511066699 0.5510580979
1403638153.7450971603 -7.1052039535 -0.8227337445 -1.4905509074 -0.8313681182 0.0095550727 -0.0380202895 0.5543376320
1403638153.8450970650 -7.4227915467 -0.2092509798 -1.3867661452 -0.8296296428 -0.0036629223 -0.0273632541 0.5576311425
1403638153.9450969696 -7.7653834599 0.4086049605 -1.3163977539 -0.8259004543 -0.0116613579 -0.0185281650 0.5633907697
1403638154.0450971127 -8.1205854420 1.0440791008 -1.2755800566 -0.8236756774 -0.0153951941 -0.0114024551 0.5667374617
1403638154.1450970173 -8.4962112487 1.6865856235 -1.2566180136 -0.8202235964 -0.0192475635 -0.0096675076 0.5716374048
1403638154.2450971603 -8.8522800558 2.3175438332 -1.2938346966 -0.8159790792 -0.0221826549 -0.0107544421 0.5775555506
1403638154.3450970650 -9.2324163572 2.9318335196 -1.3422196253 -0.8120345478 -0.0224623139 -0.0109277943 0.5830745415
1403638154.4450969696 -9.6151053411 3.5071738631 -1.3903290023 -0.8063055953 -0.0214624554 -0.0106843469 0.5910131088
1403638154.5450971127 -10.0300179336 4.0660319774 -1.4559474570 -0.8048441871 -0.0199857895 -0.0101571975 0.5930625886
1403638154.6450970173 -10.4469169216 4.5717107186 -1.5032143894 -0.8072184362 -0.0211849612 -0.0058210336 0.5898438007
1403638154.7450971603 -10.8938403523 5.0319134760 -1.5073639623 -0.8119035685 -0.0277793515 -0.0016310644 0.5831279814
1403638154.8450970650 -11.3458899257 5.4738139101 -1.4664227895 -0.8149114479 -0.0370880217 -0.0011038597 0.5783965700
1403638154.9450969696 -11.8173574398 5.8959410300 -1.3715606323 -0.8158692890 -0.0467413863 -0.0006997299 0.5763436965
1403638155.0450971127 -12.3015091529 6.2986367137 -1.2303116249 -0.8144785449 -0.0569156116 0.0040914459 0.5773807869
1403638155.1450970173 -12.8269459034 6.6901150951 -1.0719405001 -0.8122934751 -0.0674641377 0.0111613888 0.5792264875
1403638155.2450971603 -13.3589971655 7.0727923550 -0.9436062763 -0.8091925583 -0.0745439288 0.0188976339 0.5824890435
1403638155.3450970650 -13.9030602642 7.4344411658 -0.8586066990 -0.8050579029 -0.0819265512 0.0229836831 0.5870618055
1403638155.4450969696 -14.4539069376 7.7677754783 -0.8129299307 -0.8009538753 -0.0923997399 0.0271664818 0.5909290650
1403638155.5450971127 -15.0467841433 8.0657011247 -0.8080436760 -0.7985045849 -0.1019809222 0.0373031052 0.5921138384
1403638155.6450970173 -15.6685041342 8.3052114267 -0.8246899213 -0.7948164258 -0.1106614348 0.0540237358 0.5942241430
1403638155.7450971603 -16.2512523463 8.5447764818 -0.8663298019 -0.7901544721 -0.1234005486 0.0719574319 0.5960288104
1403638155.8450970650 -16.8514442521 8.7198965329 -0.9329969304 -0.7880731819 -0.1394291279 0.0884134041 0.5930288764
1403638155.9450969696 -17.4642976042 8.8235417471 -0.9979270282 -0.7902192982 -0.1590299669 0.1041148838 0.5826002242
1403638156.0450971127 -18.0449340072 8.9049379870 -1.0397903175 -0.7934305199 -0.1820647214 0.1191844495 0.5684325064
1403638156.1450970173 -18.6286752541 8.9551517603 -1.0170434926 -0.7939188480 -0.2029900278 0.1347560760 0.5570715496
1403638156.2450971603 -19.1925829153 9.0218908671 -0.9574618014 -0.7919666465 -0.2199526569 0.1493618682 0.5496368727
1403638156.3450970650 -19.7281050901 9.1004934616 -0.8566722380 -0.7919979340 -0.2359603296 0.1599297950 0.5398930043
1403638156.4450969696 -20.2773610712 9.1931110001 -0.8186387162 -0.7917081600 -0.2460535120 0.1681942186 0.5332603149
1403638156.5450971127 -20.8406827427 9.3249537022 -0.7963756729 -0.7910896904 -0.2522142403 0.1732192311 0.5296793149
1403638156.6450970173 -21.3950957631 9.4759192897 -0.8227850736 -0.7902863959 -0.2554967434 0.1755651352 0.5285316545
1403638156.7450971603 -21.9238576900 9.6676604320 -0.8906991978 -0.7898973113 -0.2571021992 0.1763762690 0.5280644927
1403638156.8450970650 -22.4759254425 9.8664894178 -0.9665910199 -0.7905355559 -0.2567664221 0.1754853967 0.5275693460
1403638156.9450969696 -23.0265841071 10.0956081042 -1.0727058242 -0.7912858591 -0.2558843029 0.1735894321 0.5275003523
1403638157.0450971127 -23.5679732270 10.3386295054 -1.1067587569 -0.7930448718 -0.2536262887 0.1719378554 0.5264892314
1403638157.1450970173 -24.1407119039 10.6076624154 -1.1293423483 -0.7959984557 -0.2519351148 0.1694307842 0.5236490866
1403638157.2450971603 -24.6833095335 10.9412138115 -1.1003839856 -0.7981693386 -0.2501902595 0.1680927702 0.5216084370
1403638157.3450970650 -25.2653514955 11.2684423843 -1.0210109676 -0.7961046239 -0.2524701247 0.1674341748 0.5238721802
1403638157.4450969696 -25.8422891517 11.6312966028 -0.9504892302 -0.7925703862 -0.2569144478 0.1650082426 0.5278251882
1403638157.5450971127 -26.4260266068 12.0260299163 -0.9162700470 -0.7873127288 -0.2621633243 0.1682144491 0.5320836002
1403638157.6450970173 -27.0551509609 12.4236983848 -0.9064224805 -0.7791231722 -0.2719778925 0.1737913691 0.5373934021
1403638157.7450971603 -27.6711435226 12.8046811162 -0.8914521023 -0.7694448950 -0.2875049949 0.1800840625 0.5411701784
1403638157.8450970650 -28.2968244023 13.1716398645 -0.8511915989 -0.7612709120 -0.3041364746 0.1919504720 0.5395578001
1403638157.9450969696 -28.9099471288 13.5289814104 -0.7307316355 -0.7540350782 -0.3195324121 0.2068503700 0.5352971724
1403638158.0450971127 -29.5244551448 13.8764890149 -0.6243552873 -0.7499773623 -0.3320968014 0.2188052136 0.5285545847
1403638158.1450970173 -30.1449588510 14.2034552234 -0.5313887280 -0.7476476676 -0.3387878481 0.2314459239 0.5221863111
1403638158.2450971603 -30.7551294207 14.5453526226 -0.4841340254 -0.7457684013 -0.3433202310 0.2399874073 0.5180412676
1403638158.3450970650 -31.3574651000 14.8962393895 -0.4712274377 -0.7432091241 -0.3491447120 0.2405181849 0.5175801103
1403638158.4450969696 -31.9421972203 15.2540145979 -0.4832955413 -0.7404141978 -0.3535277136 0.2383283729 0.5196196283
1403638158.5450971127 -32.5356547178 15.6119791239 -0.5273597842 -0.7374259071 -0.3566371800 0.2352049073 0.5231554309
1403638158.6450970173 -33.1243783939 15.9669592478 -0.5659402673 -0.7361143691 -0.3569935666 0.2334946478 0.5255201979
1403638158.7450971603 -33.7141494468 16.3089550090 -0.5809787121 -0.7378764388 -0.3538791014 0.2359553899 0.5240543833
1403638158.8450970650 -34.3087393162 16.6107744113 -0.6019420285 -0.7432938761 -0.3501905454 0.2380725698 0.5178824647
1403638158.9450969696 -34.8911981513 16.9400221312 -0.5737094741 -0.7482183589 -0.3475371589 0.2392355282 0.5120093483
1403638159.0450971127 -35.4726832182 17.2721556960 -0.4966949987 -0.7542279356 -0.3476293552 0.2366557291 0.5042698865
1403638159.1450970173 -36.0675060161 17.6220137690 -0.3978022687 -0.7623519516 -0.3490771118 0.2317942491 0.4931897181
1403638159.2450971603 -36.6542628822 17.9963925974 -0.3215218115 -0.7674538098 -0.3512053437 0.2266199461 0.4861202078
1403638159.3450970650 -37.2976159688 18.4249289607 -0.2558544859 -0.7616411256 -0.3453731002 0.2330024435 0.4963165107
1403638159.4450969696 -37.9391859949 18.8714757489 -0.1858990504 -0.7499590236 -0.3369801826 0.2432207415 0.5146352984
1403638159.5450971127 -38.5376326054 19.3303879574 -0.1266749815 -0.7393313964 -0.3254003067 0.2587827552 0.5296557488
1403638159.6450970173 -39.1202548766 19.7842399193 0.0029899055 -0.7347797014 -0.3133270723 0.2753038194 0.5349137718
1403638159.7450971603 -39.6234351219 20.2350851435 0.1502278148 -0.7333871189 -0.3065375430 0.2852071750 0.5355697302
1403638159.8450970650 -40.0454062544 20.7041661971 0.3421003391 -0.7295367295 -0.3096272218 0.2812457975 0.5411173120
1403638159.9450969696 -40.3726001412 21.1817986567 0.5931098871 -0.7263140880 -0.3202583622 0.2672327120 0.5463415641
1403638160.0450971127 -40.6427660677 21.5992482022 0.8738564980 -0.7246432222 -0.3277283943 0.2581527535 0.5484919834
1403638160.1450970173 -40.8582921830 22.0097775085 1.2113213289 -0.7277794870 -0.3334083834 0.2522297731 0.5436506321
1403638160.2450971603 -41.0300802482 22.3973457669 1.5909700472 -0.7374759925 -0.3407463401 0.2444319867 0.5294091953
1403638160.3450970650 -41.1920240012 22.7695436861 2.0076320188 -0.7452241218 -0.3462765760 0.2382676581 0.5176505234
1403638160.4450969696 -41.3618809037 23.1542087355 2.4537634928 -0.7491706431 -0.3490302347 0.2351887064 0.5114758207
1403638160.5450971127 -41.5262923326 23.5377521277 2.8698336978 -0.7507754831 -0.3496486814 0.2339908951 0.5092447688
1403638160.6450970173 -41.7134454750 23.9404484370 3.2590185242 -0.7520549625 -0.3493561374 0.2340474064 0.5075287521
1403638160.7450971603 -41.9114160002 24.3504535344 3.6235725705 -0.7502503019 -0.3469491352 0.2373849428 0.5102932207
1403638160.8450970650 -42.1247029328 24.7726662485 3.9804706500 -0.7469427311 -0.3363475783 0.2456239453 0.5182815262
1403638160.9450969696 -42.3756874320 25.2121459222 4.3233152164 -0.7444031604 -0.3203709667 0.2491561961 0.5302335036
1403638161.0450971127 -42.5264496666 25.6522907276 4.6388177073 -0.7456184098 -0.3051215081 0.2436896187 0.5399716862
1403638161.1450970173 -42.6591347249 26.0939204624 4.9390462509 -0.7512946036 -0.2903702860 0.2318147748 0.5454387462
1403638161.2450971603 -42.7264525252 26.5579176613 5.2125716591 -0.7605618054 -0.2745503583 0.2144464483 0.5478873623
1403638161.3450970650 -42.7866167087 27.0123495581 5.4679126645 -0.7705741938 -0.2555372149 0.1963836019 0.5498632780
1403638161.4450969696 -42.8212206096 27.4340638441 5.6889027659 -0.7819363176 -0.2413112167 0.1800026498 0.5458420450
1403638161.5450971127 -42.8268030417 27.8495300706 5.9035880743 -0.7904827996 -0.2321458565 0.1669798967 0.5416299095
1403638161.6450970173 -42.8385563296 28.2764623215 6.0938625077 -0.7958423142 -0.2231918273 0.1603967661 0.5395306262
1403638161.7450971603 -42.8560685225 28.7116440504 6.2626296340 -0.7982260838 -0.2146154821 0.1601728357 0.5395553509
1403638161.8450970650 -42.8766220150 29.1712316926 6.3877397007 -0.7973330248 -0.2068037935 0.1580677739 0.5445243956
1403638161.9450969696 -42.8437836099 29.6336326594 6.5049583260 -0.7964318572 -0.1978233995 0.1534881790 0.5504576081
1403638162.0450971127 -42.8228934344 30.1065221147 6.6047126153 -0.7975651986 -0.1902859425 0.1489528948 0.5527151610
1403638162.1450970173 -42.8002042684 30.5773096170 6.7416822984 -0.8000755918 -0.1849926185 0.1461870478 0.5516213606
1403638162.2450971603 -42.7418061289 31.0614227672 6.9054339869 -0.8037634194 -0.1801958494 0.1461702565 0.5478394633
1403638162.3450970650 -42.6549462338 31.5571939411 7.0694114112 -0.8060740969 -0.1758618837 0.1478776524 0.5453891713
1403638162.4450969696 -42.5555581390 32.0755908480 7.1981208331 -0.8051748526 -0.1726873679 0.1501345369 0.5471125574
1403638162.5450971127 -42.4378643572 32.6037989122 7.3070068637 -0.8035656325 -0.1736709376 0.1479273024 0.5497619420
1403638162.6450970173 -42.2999946948 33.1400641297 7.4439239428 -0.8027646389 -0.1779759391 0.1428375989 0.5509000998
1403638162.7450971603 -42.1390990749 33.6905977663 7.6076652880 -0.8029120417 -0.1825529273 0.1384418716 0.5503094859
1403638162.8450970650 -41.9499585167 34.2536825901 7.8521987268 -0.8053616785 -0.1790514549 0.1387508755 0.5477968035
1403638162.9450969696 -41.7865599318 34.8325775169 8.1416225665 -0.8047214207 -0.1692377044 0.1426468896 0.5508483451
1403638163.0450971127 -41.5854300447 35.4175605032 8.4304569435 -0.7990567504 -0.1617443807 0.1434642466 0.5610392810
1403638163.1450970173 -41.3506424354 36.0138513959 8.6339531454 -0.7972944531 -0.1534211850 0.1409778577 0.5664880746
1403638163.2450971603 -41.0391196687 36.6125241910 8.7437240204 -0.7999002885 -0.1472995272 0.1297516479 0.5671215810
1403638163.3450970650 -40.7130974414 37.1844036904 8.7730249217 -0.8023839263 -0.1388546514 0.1152565023 0.5688720061
1403638163.4450969696 -40.4005748149 37.7562801820 8.7761835859 -0.8041709066 -0.1268562058 0.1009335799 0.5718645543
1403638163.5450971127 -40.0702860987 38.3175304967 8.7849238659 -0.8060772447 -0.1155801965 0.0911184550 0.5732173418
1403638163.6450970173 -39.7142305250 38.8488357993 8.8518670465 -0.8082635639 -0.1085611032 0.0848689197 0.5724698809
1403638163.7450971603 -39.3273400883 39.3894549732 8.9774796067 -0.8089605729 -0.1043277378 0.0807205457 0.5728723314
1403638163.8450970650 -38.9553110421 39.9032812579 9.1364039196 -0.8083759371 -0.1012069877 0.0796960933 0.5743988359
1403638163.9450969696 -38.5926290909 40.3837006484 9.3418492798 -0.8091573616 -0.0984533728 0.0813117345 0.5735500845
1403638164.0450971127 -38.2320858581 40.8473153708 9.5915112078 -0.8107124116 -0.0947757020 0.0865440400 0.5712031873
1403638164.1450970173 -37.8267224237 41.3217414976 9.8787102601 -0.8104347836 -0.0931256130 0.0913897062 0.5711138269
1403638164.2450971603 -37.3997103948 41.7738353386 10.1710490747 -0.8089334356 -0.0923514814 0.0953373029 0.5727204374
1403638164.3450970650 -36.9698284100 42.2169390572 10.4433470477 -0.8071560908 -0.0918593841 0.0989550144 0.5746901807
1403638164.4450969696 -36.4809113059 42.6648940380 10.6580689644 -0.8060091807 -0.0932634882 0.1005023508 0.5758041332
1403638164.5450971127 -35.9873225498 43.0815291142 10.8447818706 -0.8062318621 -0.0918463370 0.1040106264 0.5750967088
1403638164.6450970173 -35.4339885177 43.5147691990 11.0122781255 -0.8069649643 -0.0892036619 0.1058104160 0.5741553874
1403638164.7450971603 -34.8473998392 43.9307844904 11.1411297045 -0.8067165034 -0.0862452604 0.0985196629 0.5762500449
1403638164.8450970650 -34.2322849641 44.3330175148 11.2423188115 -0.8031541911 -0.0905426607 0.0812687348 0.5832158817
1403638164.9450969696 -33.6036910549 44.7211642415 11.3234487680 -0.7998720963 -0.0934335010 0.0677509927 0.5889691107
1403638165.0450971127 -32.9788726722 45.0690234408 11.3958060747 -0.7960006894 -0.0844829103 0.0703437387 0.5952287785
1403638165.1450970173 -32.3527508112 45.3780086400 11.4248877632 -0.7975055031 -0.0715150009 0.0737585656 0.5945000010
1403638165.2450971603 -31.7067734627 45.6606763940 11.4096429213 -0.8057334237 -0.0659584151 0.0697540528 0.5844463274
1403638165.3450970650 -31.0692421401 45.9205000012 11.3664623602 -0.8143013357 -0.0589963352 0.0692104045 0.5732736580
1403638165.4450969696 -30.3865277244 46.1704230237 11.3106252669 -0.8155518741 -0.0536449923 0.0687960590 0.5720703259
1403638165.5450971127 -29.6876010068 46.4178268054 11.2373257984 -0.8084743178 -0.0522340126 0.0636326971 0.5827450259
1403638165.6450970173 -28.9897082934 46.6525257716 11.1363721810 -0.7986861955 -0.0531049342 0.0568334273 0.5966994122
1403638165.7450971603 -28.2618583229 46.8491066879 11.0084326648 -0.7918828008 -0.0549731273 0.0508725372 0.6060623483
1403638165.8450970650 -27.5371108012 46.9844174142 10.8367136684 -0.7951040127 -0.0572269476 0.0468448599 0.6019470447
1403638165.9450969696 -26.7797545854 47.0845242797 10.6873009814 -0.8020926489 -0.0593409455 0.0448654252 0.5925479968
1403638166.0450971127 -26.0415957065 47.1491258328 10.6010981087 -0.8101835000 -0.0607114102 0.0447115281 0.5813068899
1403638166.1450970173 -25.3002408422 47.2038702884 10.5730345505 -0.8147959343 -0.0661016713 0.0396151273 0.5746031641
1403638166.2450971603 -24.5846262616 47.2461121616 10.6501359150 -0.8166579176 -0.0699408905 0.0383425575 0.5715837347
1403638166.3450970650 -23.8865170821 47.2930761820 10.8382138901 -0.8167735175 -0.0741201738 0.0367972552 0.5709931550
1403638166.4450969696 -23.2172780143 47.3328800544 11.1293470883 -0.8172607318 -0.0768668548 0.0355960378 0.5700081622
1403638166.5450971127 -22.5684366999 47.3812954517 11.4273526779 -0.8170982387 -0.0780506810 0.0371404782 0.5699817053
1403638166.6450970173 -21.9285864287 47.4196064240 11.6917606270 -0.8169247699 -0.0787061217 0.0387784528 0.5700311380
1403638166.7450971603 -21.3266075125 47.4666341611 11.9021720122 -0.8178591616 -0.0758252860 0.0447818082 0.5686400509
1403638166.8450970650 -20.7358912914 47.5165883969 12.0552236022 -0.8238724706 -0.0687161847 0.0567781465 0.5597217882
1403638166.9450969696 -20.1404947184 47.5758627153 12.1437372478 -0.8333272866 -0.0636507358 0.0652981955 0.5452067157
1403638167.0450971127 -19.5375419947 47.6807947928 12.2179489821 -0.8396754972 -0.0648187314 0.0637123987 0.5354291005
1403638167.1450970173 -18.8984161989 47.8490570768 12.2988292039 -0.8412777985 -0.0689764867 0.0584773453 0.5329862194
1403638167.2450971603 -18.2856711497 48.0709367878 12.4318432966 -0.8401570412 -0.0735184089 0.0522638270 0.5347893811
1403638167.3450970650 -17.6703801608 48.3458092507 12.6100718441 -0.8379883949 -0.0753717659 0.0491004822 0.5382227137
1403638167.4450969696 -17.0794019649 48.6691887957 12.8066941549 -0.8360727690 -0.0744525860 0.0490503067 0.5413254149
1403638167.5450971127 -16.4894369079 49.0233702586 13.0005953026 -0.8321834098 -0.0718532899 0.0510308031 0.5474520383
1403638167.6450970173 -15.9141130085 49.4107007748 13.1545215504 -0.8281000386 -0.0636215851 0.0582567444 0.5539032151
1403638167.7450971603 -15.3153439113 49.8101295472 13.2586341029 -0.8257687758 -0.0519366236 0.0614846267 0.5582366494
1403638167.8450970650 -14.7032992312 50.2349185712 13.3208947370 -0.8253674385 -0.0366868071 0.0619169591 0.5599901426
1403638167.9450969696 -14.0653534040 50.6758103475 13.3671170972 -0.8246221229 -0.0214921101 0.0561360071 0.5624812818
1403638168.0450971127 -13.3987659691 51.1413793124 13.3821475945 -0.8242058745 -0.0078343611 0.0469145540 0.5642892200
1403638168.1450970173 -12.6820409036 51.6046649355 13.4406505150 -0.8237563045 0.0034139394 0.0388975549 0.5655978042
1403638168.2450971603 -11.9315629884 52.0855528208 13.5291158752 -0.8234558068 0.0136585695 0.0263369944 0.5666042186
1403638168.3450970650 -11.1541677783 52.5660411854 13.6770247685 -0.8231918816 0.0247686993 0.0118781031 0.5670983585
1403638168.4450969696 -10.3487939424 53.0426122803 13.8670294376 -0.8223597325 0.0352993679 -0.0032365396 0.5678626153
1403638168.5450971127 -9.5287955437 53.5223441888 14.0287270116 -0.8263006831 0.0382106630 -0.0208930308 0.5615430594
1403638168.6450970173 -8.7174225249 53.9815152623 14.1488551860 -0.8313763479 0.0382472951 -0.0362668263 0.5532045099
1403638168.7450971603 -7.9358882598 54.4931490364 14.2144127886 -0.8343262103 0.0377560856 -0.0462775727 0.5480261299
1403638168.8450970650 -7.1736634443 55.0055169278 14.2434742503 -0.8361087890 0.0383631688 -0.0497314882 0.5449560894
1403638168.9450969696 -6.4436776979 55.5586655327 14.2551348519 -0.8371863885 0.0378103360 -0.0512153770 0.5432000687
1403638169.0450971127 -5.7469390914 56.1417076486 14.2307696222 -0.8345354509 0.0353281212 -0.0511816081 0.5474330535
1403638169.1450970173 -5.0581982677 56.7554771087 14.1924161053 -0.8282757796 0.0365111398 -0.0440257836 0.5573938464
1403638169.2450971603 -4.4082054460 57.3810874348 14.1219086368 -0.8238606576 0.0417161943 -0.0327676300 0.5643045795
1403638169.3450970650 -3.7537869742 58.0082151469 14.0280228611 -0.8168804747 0.0560258203 -0.0194552682 0.5737498497
1403638169.4450969696 -3.0998686894 58.6401665591 13.9136014795 -0.8085779588 0.0738245969 -0.0124627299 0.5836062832
1403638169.5450971127 -2.3523789790 59.2261546222 13.8170864679 -0.8026942147 0.0895677961 -0.0164546261 0.5893970248
1403638169.6450970173 -1.6137225808 59.7788250328 13.7414025676 -0.8000508168 0.1030725501 -0.0311172888 0.5901918792
1403638169.7450971603 -0.8311395566 60.3005942093 13.6824784828 -0.8003560094 0.1151586360 -0.0522715812 0.5860344943
1403638169.8450970650 -0.0273849614 60.7723275324 13.6802905244 -0.8001834820 0.1247113124 -0.0812952439 0.5809858578
1403638169.9450969696 0.7789006689 61.2190048098 13.7133539490 -0.7959215326 0.1354777361 -0.1107035933 0.5795682974
1403638170.0450971127 1.5428321694 61.6366131201 13.8037527049 -0.7860231560 0.1514363414 -0.1324843557 0.5845361651
1403638170.1450970173 2.2929936751 61.9676962120 13.8980202108 -0.7782741307 0.1733814141 -0.1446464357 0.5859229227
1403638170.2450971603 2.9832066271 62.3014859905 13.9159845905 -0.7719545462 0.1986125097 -0.1533836450 0.5840485485
1403638170.3450970650 3.6587342931 62.5601420807 13.9187759702 -0.7670761276 0.2243530146 -0.1600099440 0.5793589191
1403638170.4450969696 4.3402451226 62.8169444447 13.8717051936 -0.7637441364 0.2482648575 -0.1688369622 0.5714486284
1403638170.5450971127 4.9762686715 63.0172480051 13.8432547497 -0.7562587673 0.2733028231 -0.1731182042 0.5686900132
1403638170.6450970173 5.6378155888 63.1504772100 13.8485931096 -0.7453318779 0.2941768713 -0.1815475842 0.5700709033
1403638170.7450971603 6.2975164371 63.2321810895 13.8917263726 -0.7364036553 0.3123125908 -0.1924078573 0.5684625920
1403638170.8450970650 6.9309794769 63.2478608852 13.9851658131 -0.7291154072 0.3288557599 -0.2046837487 0.5642244015
1403638170.9450969696 7.5637643064 63.1853129290 14.0511509289 -0.7229385478 0.3441039789 -0.2183655141 0.5579146978
1403638171.0450971127 8.1844850322 63.1217495115 14.0684307880 -0.7145149364 0.3592545251 -0.2316358145 0.5538496558
1403638171.1450970173 8.7918084899 62.9617714612 14.0740633585 -0.7070938151 0.3715006656 -0.2412167085 0.5511987770
1403638171.2450971603 9.3988295907 62.7376646501 14.0750749476 -0.7008471076 0.3811799587 -0.2461773954 0.5503742916
1403638171.3450970650 9.9874107831 62.4608607223 14.0492920101 -0.6966568774 0.3869515839 -0.2500934842 0.5499008239
1403638171.4450969696 10.5512893725 62.1651378048 14.0087009428 -0.6920789832 0.3923327288 -0.2543344588 0.5499233528
1403638171.5450971127 11.0927428330 61.7846081423 13.9732959432 -0.6865937736 0.3983718857 -0.2558467503 0.5517529076
1403638171.6450970173 11.6558514450 61.3047705698 13.9139016377 -0.6809565776 0.4045051332 -0.2586644716 0.5529615066
1403638171.7450971603 12.1501247567 60.7891174291 13.8657333309 -0.6739182431 0.4137819844 -0.2618262064 0.5532320567
1403638171.8450970650 12.6748786627 60.1841122362 13.8016117508 -0.6670910995 0.4219698651 -0.2647029674 0.5539523779
1403638171.9450969696 13.1266916415 59.5046868423 13.7817223202 -0.6593251669 0.4271151228 -0.2708978263 0.5563068973
1403638172.0450971127 13.5694934782 58.7146181287 13.7955466137 -0.6566805814 0.4288475821 -0.2790339582 0.5540761821
1403638172.1450970173 13.9717071229 57.8489093004 13.8340192261 -0.6562058955 0.4297038704 -0.2847996639 0.5510331731
1403638172.2450971603 14.3375446559 56.9122924211 13.8478508646 -0.6568448961 0.4308691579 -0.2873771004 0.5480154682
1403638172.3450970650 14.6446397612 55.9338185022 13.8146164019 -0.6573612087 0.4308409495 -0.2898022787 0.5461382213
1403638172.4450969696 14.9255354918 54.8813014453 13.7165926184 -0.6567175573 0.4302790634 -0.2901280461 0.5471815918
1403638172.5450971127 15.2155435351 53.7501424426 13.5257817984 -0.6545309800 0.4294514255 -0.2886747552 0.5512055469
1403638172.6450970173 15.4185731718 52.5973268106 13.3073550439 -0.6530237296 0.4290373448 -0.2861831662 0.5546045084
1403638172.7450971603 15.6247532537 51.3543309312 13.0224075819 -0.6539048099 0.4280652863 -0.2835854187 0.5556508981
1403638172.8450970650 15.7638504709 50.0426393491 12.7617428243 -0.6540311201 0.4278563022 -0.2796243410 0.5576670212
1403638172.9450969696 15.8992467700 48.6443940401 12.4183973789 -0.6560943678 0.4276703338 -0.2745695368 0.5578976927
1403638173.0450971127 15.9823654348 47.1885635765 12.0981038928 -0.6599688281 0.4290820455 -0.2675457719 0.5556518731
1403638173.1450970173 16.0362617443 45.6575353071 11.7130105206 -0.6648746647 0.4310431514 -0.2601721223 0.5517734577
1403638173.2450971603 16.1335002628 44.0669869958 11.2565254142 -0.6704194142 0.4282469096 -0.2611129389 0.5467745666
1403638173.3450970650 16.1966043778 42.4457125077 10.7925902264 -0.6767492174 0.4243668521 -0.2657774716 0.5397088171
1403638173.4450969696 16.2920429328 40.7798953075 10.2901058759 -0.6830646379 0.4155325055 -0.2796883055 0.5315354073
1403638173.5450971127 16.3224389220 39.1172828797 9.7908849653 -0.6887279149 0.4102254344 -0.2887877678 0.5234219878
1403638173.6450970173 16.3128824202 37.5040206361 9.2244839824 -0.6902142210 0.4088913929 -0.2930007242 0.5201564510
1403638173.7450971603 16.3078061075 35.8471829148 8.6564762054 -0.6905604200 0.4094941157 -0.2938805163 0.5187245104
1403638173.8450970650 16.2844419782 34.1813076078 8.0662150193 -0.6907747623 0.4117749211 -0.2929076581 0.5171815407
1403638173.9450969696 16.2352696250 32.5248912412 7.5143930818 -0.6906655674 0.4117917512 -0.2943893844 0.5164721852
1403638174.0450971127 16.1625375135 30.8955177271 6.9902128182 -0.6917602633 0.4131053286 -0.2940958335 0.5141199921
1403638174.1450970173 16.0758289566 29.2300150667 6.5120293244 -0.6922405559 0.4130279576 -0.2948674437 0.5130926911
1403638174.2450971603 15.9876798877 27.6070681000 6.0037951050 -0.6963958330 0.4144831010 -0.2932108878 0.5072119656
1403638174.3450970650 15.8897780237 25.9732127479 5.5028107068 -0.7013659066 0.4165203489 -0.2896655366 0.5006900648
1403638174.4450969696 15.7704466140 24.4056395019 4.9740962243 -0.7050143156 0.4181576410 -0.2874611543 0.4954443328
1403638174.5450971127 15.6802815378 22.8270323348 4.4507858564 -0.7073514886 0.4203009855 -0.2834642048 0.4925941512
1403638174.6450970173 15.6011408929 21.2394619965 3.9779253508 -0.7126329915 0.4193640363 -0.2841503577 0.4853314318
1403638174.7450971603 15.5176739319 19.7420360408 3.5161824500 -0.7174057020 0.4195041609 -0.2839629609 0.4782367140
1403638174.8450970650 15.4459752702 18.2422222257 3.0903200337 -0.7202718432 0.4200428273 -0.2831558572 0.4739148190
1403638174.9450969696 15.4230962981 16.7979128780 2.7287826361 -0.7219732341 0.4197636219 -0.2840607882 0.4710229502
1403638175.0450971127 15.4315186536 15.3890918711 2.4031285852 -0.7215886789 0.4192195812 -0.2860141556 0.4709146674
1403638175.1450970173 15.4805464761 14.0194293858 2.1181766813 -0.7210831740 0.4194783645 -0.2880205915 0.4702351506
1403638175.2450971603 15.5121800389 12.6947818344 1.8384362466 -0.7213042730 0.4196006684 -0.2901065169 0.4685014767
1403638175.3450970650 15.5902462861 11.4319006517 1.6198517667 -0.7246916565 0.4221737920 -0.2885301358 0.4618892217
1403638175.4450969696 15.6949244689 10.2135009123 1.4416143603 -0.7304787465 0.4226950963 -0.2887908883 0.4520281842
1403638175.5450971127 15.8351856173 9.0879995025 1.3448720985 -0.7380446132 0.4233199203 -0.2879768138 0.4394994297
1403638175.6450970173 16.0168924031 8.0047842795 1.2360909827 -0.7441983818 0.4272952146 -0.2816783963 0.4292375208
1403638175.7450971603 16.2751806910 6.9987915836 1.1813327218 -0.7489153329 0.4297484241 -0.2759702931 0.4222351400
1403638175.8450970650 16.5852544955 6.0987969224 1.0970357275 -0.7526072073 0.4297483304 -0.2744360351 0.4166336841
1403638175.9450969696 16.9710766265 5.2652420763 0.9678044004 -0.7546511046 0.4258871334 -0.2779015057 0.4145993404
1403638176.0450971127 17.4247427198 4.5158291755 0.8216782662 -0.7527550685 0.4175904588 -0.2876492968 0.4198045946
1403638176.1450970173 17.9130726628 3.9214943445 0.6825997985 -0.7440650321 0.4066810206 -0.3028577592 0.4350344275
1403638176.2450971603 18.4290999206 3.3527437823 0.5597536768 -0.7292360056 0.4033483731 -0.3082561901 0.4588061239
1403638176.3450970650 18.9571749211 2.8395511241 0.4548129230 -0.7210471104 0.4000722234 -0.3130819857 0.4711825027
1403638176.4450969696 19.4277455101 2.3965515102 0.3902594943 -0.7188175726 0.3990946207 -0.3160536400 0.4734288518
1403638176.5450971127 19.9043573433 1.9973861525 0.3607069519 -0.7189681876 0.3990063852 -0.3171796487 0.4725206030
1403638176.6450970173 20.3357857589 1.6266858338 0.3633741991 -0.7203394870 0.3995791106 -0.3172641565 0.4698840418
1403638176.7450971603 20.7560496821 1.2994821748 0.3945868810 -0.7206191146 0.3997997201 -0.3170537711 0.4694093967
1403638176.8450970650 21.1518528500 1.0374938135 0.5193894921 -0.7199587240 0.4024772469 -0.3134999172 0.4705202476
1403638176.9450969696 21.5236288171 0.8069023431 0.6068017652 -0.7197064808 0.4045147248 -0.3111173332 0.4707402934
1403638177.0450971127 21.8769782787 0.6174178661 0.6732315134 -0.7213705130 0.4038211055 -0.3121456577 0.4681006154
1403638177.1450970173 22.2189971593 0.4685665205 0.7047221175 -0.7225206259 0.4022965231 -0.3150027239 0.4657195901
1403638177.2450971603 22.5567778371 0.3269530495 0.6759303075 -0.7233191962 0.4007710452 -0.3170531625 0.4644019831
1403638177.3450970650 22.8606792381 0.2546193668 0.6196936726 -0.7233707178 0.4004228493 -0.3179071070 0.4640381640
1403638177.4450969696 23.1547466025 0.2021393655 0.4985050276 -0.7233029402 0.4016542555 -0.3171809715 0.4635762581
1403638177.5450971127 23.4550720471 0.1862334153 0.4044523798 -0.7199133731 0.4079097217 -0.3095906046 0.4684955194
1403638177.6450970173 23.7289222584 0.2040997458 0.2893568803 -0.7154830268 0.4163468209 -0.2992694311 0.4745283666
1403638177.7450971603 24.0092203496 0.2613631336 0.1143244571 -0.7101129970 0.4245748816 -0.2917736320 0.4799415060
1403638177.8450970650 24.2769341329 0.3288057315 -0.0450679282 -0.7010682360 0.4299505868 -0.2898812420 0.4895045320
1403638177.9450969696 24.5497074821 0.3570046228 -0.2353247690 -0.6927769166 0.4312346500 -0.2924903679 0.4985440855
1403638178.0450971127 24.8680561154 0.3171373823 -0.3439719699 -0.6883153792 0.4301415204 -0.2982390932 0.5022485983
1403638178.1450970173 25.1586166110 0.2597062984 -0.4294419296 -0.6842777121 0.4329135267 -0.3074357460 0.4998331254
1403638178.2450971603 25.4534102723 0.1600707671 -0.4169792161 -0.6761781255 0.4416060161 -0.3158148981 0.4980243159
1403638178.3450970650 25.7003711711 0.0529098103 -0.3868966799 -0.6656818310 0.4546817413 -0.3255226208 0.4941328135
1403638178.4450969696 25.9262113247 -0.1096802420 -0.3681767261 -0.6542292433 0.4716362948 -0.3350555552 0.4871150557
1403638178.5450971127 26.1223684526 -0.2980780355 -0.3204699135 -0.6445311970 0.4926295520 -0.3421911022 0.4741317435
1403638178.6450970173 26.2996033085 -0.5086995193 -0.3257535425 -0.6338516310 0.5142505353 -0.3475436568 0.4615104587
1403638178.7450971603 26.4666365124 -0.7562228757 -0.3625616571 -0.6209852714 0.5326333326 -0.3559371531 0.4516500512
1403638178.8450970650 26.6310438013 -1.0548972986 -0.4386694048 -0.6106080846 0.5481663463 -0.3648839611 0.4399217188
1403638178.9450969696 26.7816139217 -1.3639240254 -0.5117216566 -0.6048599214 0.5609078948 -0.3699100023 0.4274264840
1403638179.0450971127 26.9484629086 -1.6706332134 -0.6171345609 -0.6035207922 0.5706348076 -0.3720613422 0.4143777592
1403638179.1450970173 27.1145048264 -2.0256164824 -0.7559148421 -0.6032849237 0.5765422257 -0.3755363868 0.4032601953
1403638179.2450971603 27.3154539473 -2.3874689979 -0.9353823851 -0.6022492607 0.5813273561 -0.3816641034 0.3920291382
1403638179.3450970650 27.5428359003 -2.7573930722 -1.1037211363 -0.5986578870 0.5882199495 -0.3877478413 0.3811267989
1403638179.4450969696 27.8012123395 -3.1106882856 -1.2788553040 -0.5849585996 0.5961263991 -0.3983563637 0.3791687758
1403638179.5450971127 28.1168442109 -3.4734920648 -1.4730712806 -0.5655840969 0.6050385814 -0.4114539906 0.3804583525
1403638179.6450970173 28.4203515955 -3.8519694160 -1.6480797931 -0.5479137933 0.6165817075 -0.4225657748 0.3755737464
1403638179.7450971603 28.7095882945 -4.2520781758 -1.8316825198 -0.5306322631 0.6281476450 -0.4343861439 0.3676528464
1403638179.8450970650 29.0400017966 -4.6180512851 -1.9183718788 -0.5141470340 0.6401819510 -0.4453258185 0.3570781602
1403638179.9450969696 29.3230604409 -5.0314046976 -1.9798121699 -0.5010731299 0.6536025231 -0.4504710891 0.3446813865
1403638180.0450971127 29.6002362618 -5.4411651625 -2.0362521984 -0.4930695594 0.6664210909 -0.4498249256 0.3322993764
1403638180.1450970173 29.8869355266 -5.8689276164 -2.0655325610 -0.4852066931 0.6745980654 -0.4504731375 0.3264442794
1403638180.2450971603 30.1842471408 -6.3062832187 -2.0846888363 -0.4810995643 0.6776995460 -0.4533908081 0.3220299827
1403638180.3450970650 30.4938261163 -6.7561833362 -2.1569210922 -0.4788124083 0.6810907594 -0.4524035372 0.3196640340
1403638180.4450969696 30.8158439574 -7.2137061819 -2.2810772954 -0.4802083861 0.6811238586 -0.4535294862 0.3158816239
1403638180.5450971127 31.1518318091 -7.6820013669 -2.4014338585 -0.4821520211 0.6786527617 -0.4568896078 0.3133875297
1403638180.6450970173 31.4854331166 -8.1680951600 -2.5116779617 -0.4859414372 0.6775154065 -0.4568688829 0.3100074473
1403638180.7450971603 31.8447893403 -8.6303236936 -2.6055429817 -0.4909705833 0.6782286501 -0.4530675990 0.3060776621
1403638180.8450970650 32.2484809458 -9.1048592381 -2.6446215308 -0.4935667808 0.6789707705 -0.4489365247 0.3063437979
1403638180.9450969696 32.6802068758 -9.6016573481 -2.6676694670 -0.4946248232 0.6779060335 -0.4469036448 0.3099464895
1403638181.0450971127 33.1330476848 -10.0915119381 -2.6918132741 -0.4939544949 0.6763678097 -0.4461224183 0.3154525809
1403638181.1450970173 33.6045555520 -10.5936927916 -2.7507387914 -0.4930253406 0.6761223374 -0.4441551051 0.3201731422
1403638181.2450971603 34.1082434841 -11.0928945573 -2.8412877314 -0.4891737950 0.6735221866 -0.4469028422 0.3276502893
1403638181.3450970650 34.6383739100 -11.6388604913 -2.9366897293 -0.4783286315 0.6741234804 -0.4521802293 0.3351004234
1403638181.4450969696 35.1561241140 -12.1945394846 -3.0636879402 -0.4625071328 0.6804680518 -0.4566477590 0.3384127757
1403638181.5450971127 35.6572761180 -12.8130884853 -3.2248337807 -0.4397079785 0.6859896714 -0.4683220438 0.3416863000
1403638181.6450970173 36.1108822580 -13.4512603315 -3.3766847696 -0.4198023519 0.6905303337 -0.4840417720 0.3356149679
1403638181.7450971603 36.5013444244 -14.1086741334 -3.4868906394 -0.4074082864 0.6992967308 -0.4941042796 0.3175901940
1403638181.8450970650 36.8510022161 -14.8088850847 -3.5614848654 -0.3968994710 0.7086249376 -0.5026212581 0.2961306782
1403638181.9450969696 37.1509839921 -15.4950312029 -3.5726744709 -0.3872191893 0.7190006885 -0.5072032430 0.2753982202
1403638182.0450971127 37.4381424250 -16.1700364298 -3.5385022020 -0.3788605028 0.7298025649 -0.5053625195 0.2616517909
1403638182.1450970173 37.7282158927 -16.8537377647 -3.4649021006 -0.3722534367 0.7382051032 -0.5029700082 0.2519955859
1403638182.2450971603 38.0077735536 -17.5374604250 -3.3796096142 -0.3657685163 0.7456169248 -0.4986814104 0.2481645521
1403638182.3450970650 38.2865846161 -18.2307432537 -3.3329858380 -0.3602738915 0.7511617671 -0.4939396618 0.2489625139
1403638182.4450969696 38.5663460924 -18.9461943691 -3.2808095330 -0.3609494618 0.7537524179 -0.4912957063 0.2453595473
1403638182.5450971127 38.8482449150 -19.6909383252 -3.1743694598 -0.3681452887 0.7525888017 -0.4922545065 0.2361453847
1403638182.6450970173 39.1588234597 -20.4594397989 -3.0320197107 -0.3748167232 0.7505239142 -0.4935076451 0.2295135778
1403638182.7450971603 39.4988902857 -21.2430802689 -2.8414704826 -0.3776484766 0.7492931146 -0.4930192592 0.2299423116
1403638182.8450970650 39.8556482506 -22.0258436513 -2.6577978130 -0.3788449795 0.7472729707 -0.4940128240 0.2324024923
1403638182.9450969696 40.2430508140 -22.8075147841 -2.4997446138 -0.3781411838 0.7439631625 -0.4971591834 0.2374043056
1403638183.0450971127 40.6559336562 -23.6233421359 -2.3881248450 -0.3767613848 0.7383176383 -0.5038086990 0.2431351860
1403638183.1450970173 41.0737750601 -24.4226005320 -2.3102903260 -0.3787286047 0.7321693946 -0.5112395156 0.2431599869
1403638183.2450971603 41.4827037760 -25.2188894291 -2.2581864061 -0.3825083825 0.7304398177 -0.5122277705 0.2403491650
1403638183.3450970650 41.9053576248 -25.9993016915 -2.2423430383 -0.3859474158 0.7340107424 -0.5063121669 0.2364758167
1403638183.4450969696 42.3381463254 -26.7780179349 -2.2567021054 -0.3894872782 0.7385150491 -0.4991746373 0.2317754600
1403638183.5450971127 42.7857266306 -27.5524447067 -2.2882600074 -0.3933075038 0.7405161438 -0.4955587013 0.2266420566
1403638183.6450970173 43.3041444442 -28.3362492194 -2.3449228151 -0.3922863613 0.7400965881 -0.4963506369 0.2280449434
1403638183.7450971603 43.8437627886 -29.1154749213 -2.3529078952 -0.3897301668 0.7332933869 -0.5063752278 0.2323259232
1403638183.8450970650 44.4014981990 -29.8764547618 -2.3122351897 -0.3884291884 0.7255134233 -0.5173953294 0.2346382562
1403638183.9450969696 44.9441282322 -30.5763408537 -2.2057318439 -0.3863953178 0.7225689334 -0.5219787855 0.2369196960
1403638184.0450971127 45.5237914172 -31.2729953203 -2.0850401378 -0.3859205114 0.7243262096 -0.5200079342 0.2366614657
1403638184.1450970173 46.0968338233 -31.9381658585 -1.9483199024 -0.3881942250 0.7296221499 -0.5128389169 0.2322778667
1403638184.2450971603 46.6840974512 -32.5757993101 -1.8169048182 -0.3890589187 0.7353394198 -0.5051378445 0.2296624776
1403638184.3450970650 47.2812417771 -33.1999196948 -1.7142043740 -0.3888537334 0.7354998728 -0.5054495994 0.2288086834
1403638184.4450969696 47.9695731141 -33.8392149316 -1.6700613822 -0.3864007593 0.7327151065 -0.5100711965 0.2316255609
1403638184.5450971127 48.6381242269 -34.4454507718 -1.6261448176 -0.3852375389 0.7302852300 -0.5140492888 0.2324410683
1403638184.6450970173 49.2810052148 -35.0461421159 -1.5761077839 -0.3837210519 0.7289686294 -0.5162261088 0.2342509257
1403638184.7450971603 49.9608926636 -35.6201134469 -1.5294790055 -0.3827292084 0.7295250995 -0.5157941434 0.2350912245
1403638184.8450970650 50.6324412954 -36.1730893135 -1.4711890273 -0.3823940211 0.7299538614 -0.5154544675 0.2350507704
1403638184.9450969696 51.3466030604 -36.7081424217 -1.4156206655 -0.3823915977 0.7280844228 -0.5185136033 0.2341225800
1403638185.0450971127 52.0516411013 -37.2475156679 -1.3626357147 -0.3812123281 0.7287312157 -0.5177748086 0.2356633697
1403638185.1450970173 52.7610456269 -37.7398246517 -1.2971794315 -0.3830432821 0.7289424311 -0.5172412281 0.2332001030
1403638185.2450971603 53.4870035036 -38.2048089170 -1.2106544931 -0.3860061097 0.7275956593 -0.5187713209 0.2290854786
1403638185.3450970650 54.2024113157 -38.6810439041 -1.1457050788 -0.3879902409 0.7255780729 -0.5211137847 0.2268048864
1403638185.4450969696 54.9393455471 -39.1085987380 -1.0783166526 -0.3920849304 0.7196522031 -0.5256578747 0.2281532658
1403638185.5450971127 55.7029795117 -39.4604962710 -0.9924090511 -0.4011302613 0.7109836884 -0.5286491201 0.2326517056
1403638185.6450970173 56.4379712056 -39.7731273990 -0.9026585452 -0.4112554850 0.7027160273 -0.5286988015 0.2398680644
1403638185.7450971603 57.1664256318 -40.0596256767 -0.7947487441 -0.4158867588 0.6980539157 -0.5254507402 0.2523102340
1403638185.8450970650 57.9182983838 -40.3031790053 -0.7021517111 -0.4137691965 0.7033458530 -0.5113120017 0.2695546326
1403638185.9450969696 58.6942324651 -40.5268549853 -0.6473038770 -0.4105920182 0.7107638456 -0.4953949611 0.2842758920
1403638186.0450971127 59.4187678618 -40.7769338456 -0.6265720427 -0.4128793266 0.7120096676 -0.4902413428 0.2867687583
1403638186.1450970173 60.0892968709 -41.0234520259 -0.5980242241 -0.4187613585 0.7100733488 -0.4913196535 0.2811401109
1403638186.2450971603 60.7838898693 -41.2860369891 -0.6170973838 -0.4229429913 0.7082524100 -0.4931125639 0.2762928685
1403638186.3450970650 61.4805637153 -41.5750782375 -0.5897642405 -0.4256790584 0.7067174832 -0.4950201527 0.2725853747
1403638186.4450969696 62.1873233345 -41.8338328937 -0.5201689530 -0.4261996838 0.7063160151 -0.4957831522 0.2714232532
1403638186.5450971127 62.8657441645 -42.0986730377 -0.4164885300 -0.4266372976 0.7053709953 -0.4979022432 0.2693060182
1403638186.6450970173 63.5527642559 -42.3279931555 -0.2977421717 -0.4280532790 0.7049376789 -0.4992829693 0.2656120776
1403638186.7450971603 64.3073110624 -42.5536025649 -0.2608163645 -0.4319341915 0.7015487363 -0.5034895413 0.2603084835
1403638186.8450970650 65.0176087211 -42.7462810810 -0.2298853553 -0.4400369411 0.6955076577 -0.5062582351 0.2575639491
1403638186.9450969696 65.7446391320 -42.9024350017 -0.2334433076 -0.4509707856 0.6897032339 -0.5032758727 0.2600926673
1403638187.0450971127 66.4974187634 -43.0771263287 -0.2608347478 -0.4623945991 0.6817128019 -0.4962006539 0.2743060361
1403638187.1450970173 67.2699352615 -43.1811830396 -0.1818008965 -0.4744983004 0.6688405002 -0.4893962652 0.2966395857
1403638187.2450971603 68.0640404185 -43.2582420020 -0.0784560753 -0.4876987243 0.6532900197 -0.4818780454 0.3211785390
1403638187.3450970650 68.7809555874 -43.2882290393 0.1015406994 -0.5023056602 0.6356418028 -0.4766856363 0.3412027645
1403638187.4450969696 69.4893689075 -43.3291949986 0.3002679178 -0.5135934629 0.6204103011 -0.4736104911 0.3563788936
1403638187.5450971127 70.1518131840 -43.3538086617 0.5129321098 -0.5237462934 0.6125826740 -0.4670013031 0.3637884971
1403638187.6450970173 70.7322959062 -43.3779224394 0.6980047765 -0.5329304495 0.6118127329 -0.4571785779 0.3642225470
1403638187.7450971603 71.3224885051 -43.3882272980 0.8881597444 -0.5400605214 0.6102515315 -0.4532302063 0.3612617909
1403638187.8450970650 71.9130766195 -43.3647704251 1.0153644299 -0.5437501790 0.6078717198 -0.4541479202 0.3585768839
1403638187.9450969696 72.5529539599 -43.2904094051 1.1593694034 -0.5464453277 0.6036456310 -0.4598231393 0.3543615902
1403638188.0450971127 73.1332747050 -43.2575813904 1.2012139278 -0.5458671323 0.5982502087 -0.4687763732 0.3526676532
1403638188.1450970173 73.6556527689 -43.1732379035 1.2750135463 -0.5460925693 0.5933148287 -0.4773222488 0.3491760167
1403638188.2450971603 74.1611631766 -42.9910904946 1.3659414718 -0.5400322857 0.5909426162 -0.4831508126 0.3545662803
1403638188.3450970650 74.5695687552 -42.8469563576 1.3627412189 -0.5271281908 0.5882469105 -0.4877629139 0.3717375184
1403638188.4450969696 74.9871268496 -42.6539825521 1.3494898652 -0.5157599803 0.5850734457 -0.4930769565 0.3854293980
1403638188.5450971127 75.2824135888 -42.3380896251 1.3918831247 -0.5074151921 0.5835430127 -0.4961026395 0.3948285023
1403638188.6450970173 75.5884424208 -42.0356268173 1.3308417473 -0.5076916566 0.5825843757 -0.4943663257 0.3980534675
1403638188.7450971603 75.7005359098 -41.7189991206 1.3448932017 -0.5148453624 0.5831755507 -0.4860669343 0.3982203729
1403638188.8450970650 75.6819302606 -41.3595737447 1.3899857670 -0.5246921102 0.5842693257 -0.4770251938 0.3946827955
1403638188.9450969696 75.6383872402 -40.9848087214 1.5052309015 -0.5316748819 0.5848123792 -0.4698492195 0.3931386676
1403638189.0450971127 75.5156825682 -40.6736602145 1.6580021565 -0.5377444770 0.5837257479 -0.4634033853 0.3941477275
1403638189.1450970173 75.3730874325 -40.2728291622 1.8546431476 -0.5445770104 0.5787920408 -0.4569469938 0.3995436123
1403638189.2450971603 75.1463542246 -39.9011285745 2.0060473076 -0.5542109490 0.5722825453 -0.4464398626 0.4074731421
1403638189.3450970650 74.8559758968 -39.5320039717 2.1524422476 -0.5686622732 0.5650842013 -0.4330199670 0.4120640395
1403638189.4450969696 74.5627861651 -39.1503741749 2.2259890248 -0.5867604942 0.5620893195 -0.4166366113 0.4076538402
1403638189.5450971127 74.2652206682 -38.7614493470 2.3137382053 -0.5999008122 0.5604967218 -0.4028713655 0.4045455514
1403638189.6450970173 73.9569339057 -38.3737458851 2.5173473642 -0.6078721905 0.5588726649 -0.3940376606 0.4035926986
1403638189.7450971603 73.6410795769 -38.1333517663 2.6849917028 -0.6139503948 0.5612634411 -0.3826264648 0.4020513037
1403638189.8450970650 73.4103377091 -37.7835803419 2.7634322475 -0.6182317926 0.5637134373 -0.3756514256 0.3986259119
1403638189.9450969696 73.1756904808 -37.4749001629 2.9040914586 -0.6226265735 0.5652993346 -0.3716891752 0.3932174581
1403638190.0450971127 73.0037122037 -37.1830250306 2.9781851600 -0.6208792138 0.5630084740 -0.3757589989 0.3953930131
1403638190.1450970173 72.8690216174 -36.8448679381 3.0275487611 -0.6152303473 0.5580982080 -0.3846468190 0.4025727694
1403638190.2450971603 72.7397006409 -36.5746559124 3.0342990190 -0.6100106611 0.5502123978 -0.3971445726 0.4091814990
1403638190.3450970650 72.6253753891 -36.2745934864 2.9107663777 -0.6110845665 0.5348116354 -0.4134426416 0.4118462691
1403638190.4450969696 72.4583546339 -35.9773198745 2.9349397338 -0.6179316758 0.5191171603 -0.4235617408 0.4114283288
1403638190.5450971127 72.2973559478 -35.5590562542 2.7876070361 -0.6224305368 0.5128401549 -0.4223909105 0.4137162325
1403638190.6450970173 72.1155102819 -35.1882812960 2.6943324797 -0.6266296019 0.5107917385 -0.4164104559 0.4159681167
1403638190.7450971603 71.9338243926 -34.7160194103 2.5696905957 -0.6282427661 0.5097524897 -0.4115159722 0.4196641881
1403638190.8450970650 71.6731630049 -34.3031713861 2.5328578545 -0.6270213144 0.5138375069 -0.4008644892 0.4267586543
1403638190.9450969696 71.4374269103 -33.8236232973 2.5190966129 -0.6271422066 0.5162685500 -0.3942337036 0.4298130103
1403638191.0450971127 71.1351481671 -33.3704708499 2.6042499122 -0.6248921857 0.5159591835 -0.3922540522 0.4352385964
1403638191.1450970173 70.8454350060 -32.8924208654 2.6781607342 -0.6245914179 0.5162219758 -0.3911454836 0.4363549508
1403638191.2450971603 70.5140856299 -32.4196993397 2.7685114822 -0.6295348063 0.5204097857 -0.3851731568 0.4295360543
1403638191.3450970650 70.1849648047 -31.9640993160 2.8837759018 -0.6342752294 0.5247622666 -0.3791386969 0.4225793954
1403638191.4450969696 69.8700135376 -31.4976448798 3.0691741251 -0.6369877642 0.5270061686 -0.3770706394 0.4175270285
1403638191.5450971127 69.5683112800 -31.0217570923 3.1883466461 -0.6368457394 0.5281571381 -0.3770254674 0.4163284024
1403638191.6450970173 69.2874150432 -30.5379688857 3.2716236350 -0.6371539410 0.5274641808 -0.3792577301 0.4147046752
1403638191.7450971603 69.0638965302 -30.0081180541 3.2071356609 -0.6388220363 0.5251525493 -0.3839043061 0.4107781515
1403638191.8450970650 68.7963918828 -29.5280489111 3.2509469419 -0.6411841971 0.5231630914 -0.3870291439 0.4066837186
1403638191.9450969696 68.5692596395 -29.0117637105 3.2116225549 -0.6407245838 0.5232909651 -0.3874473909 0.4068452936
1403638192.0450971127 68.3278508088 -28.5596443881 3.2830816430 -0.6414847378 0.5220525538 -0.3879127899 0.4067949479
1403638192.1450970173 68.1034183292 -27.9918796088 3.3413074548 -0.6406812369 0.5226080760 -0.3871001964 0.4081198225
1403638192.2450971603 67.9137381093 -27.4405602538 3.4174623458 -0.6379755694 0.5220175581 -0.3872760412 0.4129190113
1403638192.3450970650 67.7601958352 -26.8263478156 3.5988667692 -0.6326779836 0.5205785146 -0.3889638759 0.4212169067
1403638192.4450969696 67.5683872912 -26.2168685564 3.8014440192 -0.6303539179 0.5198235778 -0.3897331609 0.4249064008
1403638192.5450971127 67.3764848376 -25.5977839872 4.0714892759 -0.6281110449 0.5184900727 -0.3914798565 0.4282383469
1403638192.6450970173 67.1794802123 -25.0082221544 4.2880901684 -0.6228597617 0.5144612486 -0.3974314328 0.4352282128
1403638192.7450971603 66.9508494054 -24.4346688905 4.4910410769 -0.6161298759 0.5120403297 -0.4011014348 0.4442030119
1403638192.8450970650 66.6962701406 -23.8478582187 4.7075611043 -0.6096957376 0.5103896322 -0.4030207051 0.4531532216
1403638192.9450969696 66.3676384373 -23.2665365088 4.9267653309 -0.5974308331 0.5094023147 -0.4031188333 0.4701923944
1403638193.0450971127 65.9579321636 -22.7600176444 5.1668129140 -0.5889814035 0.5089156323 -0.3989013114 0.4847509972
1403638193.1450970173 65.5015736207 -22.2431167928 5.3029158086 -0.5952970216 0.5065649372 -0.3919948325 0.4851324270
1403638193.2450971603 64.9639394633 -21.7834244132 5.5334612935 -0.6077228399 0.5031847461 -0.3862543119 0.4777924944
1403638193.3450970650 64.3763794376 -21.3834508445 5.7741066215 -0.6181688767 0.4980883972 -0.3841187050 0.4714106585
1403638193.4450969696 63.7594219768 -21.0137913221 6.1191479281 -0.6246397293 0.4912016754 -0.3866595391 0.4680176530
1403638193.5450971127 63.0497975049 -20.7422774950 6.4756545585 -0.6268049345 0.4868632888 -0.3869438465 0.4694189725
1403638193.6450970173 62.3848487810 -20.4045279285 6.6798450025 -0.6315185962 0.4875639529 -0.3830404384 0.4655595311
1403638193.7450971603 61.6468562264 -20.0606100900 6.8673502905 -0.6378608212 0.4932639796 -0.3742039013 0.4580345615
1403638193.8450970650 60.8676925139 -19.7837924743 7.0932737548 -0.6432185186 0.4962605561 -0.3692785379 0.4512524340
1403638193.9450969696 60.1004545432 -19.5175202325 7.2312326943 -0.6460874122 0.4987505214 -0.3661605360 0.4469288926
1403638194.0450971127 59.3406525468 -19.2331646014 7.3719645661 -0.6462399113 0.5002067137 -0.3645856090 0.4463681825
1403638194.1450970173 58.6016011859 -18.9739360024 7.4598041376 -0.6420310267 0.4974882485 -0.3697750582 0.4511851169
1403638194.2450971603 57.8329686701 -18.7051427784 7.4709921337 -0.6372541599 0.4947965838 -0.3750153903 0.4565598903
1403638194.3450970650 57.0333554222 -18.4996598827 7.4666493585 -0.6377596681 0.4962294773 -0.3733713110 0.4556454496
1403638194.4450969696 56.2564723345 -18.2161119812 7.5169085768 -0.6403465344 0.5002754596 -0.3689860570 0.4511430706
1403638194.5450971127 55.4697845385 -18.0422555786 7.6113588244 -0.6436542977 0.5031458330 -0.3654767887 0.4460718918
1403638194.6450970173 54.6536999762 -17.8361783120 7.7066676711 -0.6467885950 0.5064054789 -0.3617747093 0.4408367771
1403638194.7450971603 53.8884223671 -17.6013478453 7.8098345283 -0.6506847129 0.5100448895 -0.3579113398 0.4340081657
1403638194.8450970650 53.1391888793 -17.4259143533 7.9064964525 -0.6538656549 0.5123466804 -0.3554016936 0.4285443042
1403638194.9450969696 52.4268958698 -17.2308476996 7.9410510715 -0.6560621948 0.5127589710 -0.3554636899 0.4246247748
1403638195.0450971127 51.7482245821 -17.0442047386 7.9612637703 -0.6571704382 0.5136205869 -0.3543944995 0.4227593246
1403638195.1450970173 51.1020997947 -16.8006631391 7.9212126670 -0.6585363325 0.5143434433 -0.3534860598 0.4205096035
1403638195.2450971603 50.5192346543 -16.6227596796 7.8414067745 -0.6630654195 0.5194985731 -0.3456330322 0.4135254395
1403638195.3450970650 49.9688542168 -16.4029404158 7.7958774778 -0.6681414405 0.5247425099 -0.3376338993 0.4052599955
1403638195.4450969696 49.4908239238 -16.1575806399 7.6752726902 -0.6652234033 0.5227205942 -0.3411372909 0.4097149654
1403638195.5450971127 49.0905314970 -15.9262619727 7.5856253777 -0.6565523597 0.5168007782 -0.3501035839 0.4234187468
1403638195.6450970173 48.7110967130 -15.6789675030 7.4838382358 -0.6511081820 0.5119647952 -0.3569914429 0.4318649020
1403638195.7450971603 48.3519117913 -15.4528978748 7.3717592978 -0.6515128420 0.5120301898 -0.3562247218 0.4318102001
1403638195.8450970650 48.0204810791 -15.2259683169 7.2993517229 -0.6544856243 0.5138729319 -0.3526838668 0.4280154991
1403638195.9450969696 47.7547757730 -15.0100927753 7.2176938168 -0.6590200792 0.5162455435 -0.3480846675 0.4219243277
1403638196.0450971127 47.4945141173 -14.7359920593 7.2146192181 -0.6612112658 0.5176733272 -0.3457465021 0.4186565951
1403638196.1450970173 47.2829640332 -14.5084774231 7.2485668863 -0.6596724156 0.5156033654 -0.3487124625 0.4211710960
1403638196.2450971603 47.1165236795 -14.2793741207 7.3975966884 -0.6551501368 0.5114165031 -0.3542786637 0.4286234794
1403638196.3450970650 46.9868907477 -14.0183488426 7.5017308019 -0.6523493728 0.5082996851 -0.3587409223 0.4328702768
1403638196.4450969696 46.8712141945 -13.7493934277 7.6438455098 -0.6522852504 0.5097555953 -0.3569054250 0.4327721142
1403638196.5450971127 46.7403581130 -13.5324847152 7.7100476086 -0.6527674653 0.5121104813 -0.3540707597 0.4315916916
1403638196.6450970173 46.6387990687 -13.2721067892 7.6828500796 -0.6568607166 0.5163533396 -0.3487112449 0.4246336013
1403638196.7450971603 46.5608294722 -13.0218640858 7.6259547720 -0.6597557180 0.5203863227 -0.3435054744 0.4194334951
1403638196.8450970650 46.5626634798 -12.8240412855 7.4957327703 -0.6600708858 0.5207136783 -0.3430758301 0.4188826395
1403638196.9450969696 46.6126469331 -12.5892637316 7.4270616057 -0.6565941978 0.5172651644 -0.3481138376 0.4244261599
1403638197.0450971127 46.6769724383 -12.3352138218 7.3949999799 -0.6523799815 0.5141179122 -0.3530848089 0.4305975496
1403638197.1450970173 46.7670283715 -12.0864701242 7.4241535856 -0.6506801122 0.5121442699 -0.3562303735 0.4329244270
1403638197.2450971603 46.8631665466 -11.8429893002 7.4451948986 -0.6506715278 0.5089828374 -0.3606508782 0.4330057485
1403638197.3450970650 46.9764227087 -11.5971702700 7.5189403964 -0.6506109259 0.5008515811 -0.3720537069 0.4329308905
1403638197.4450969696 47.0989556262 -11.3221214426 7.6224385475 -0.6500422527 0.4957472819 -0.3793177548 0.4333563697
1403638197.5450971127 47.2029803087 -11.0552703405 7.7999766704 -0.6485093114 0.4949552480 -0.3797686471 0.4361545026
1403638197.6450970173 47.2749080335 -10.7765684692 7.9742940505 -0.6479644670 0.4939939426 -0.3807793349 0.4371717423
1403638197.7450971603 47.3288928547 -10.4688801453 8.1860389126 -0.6488825580 0.4937362327 -0.3804056559 0.4364258189
1403638197.8450970650 47.3804099511 -10.1243778503 8.3712102898 -0.6465769142 0.4945330131 -0.3792083356 0.4399732165
1403638197.9450969696 47.4093193319 -9.8086115841 8.5664579819 -0.6402970263 0.4934658094 -0.3798024927 0.4497346770
1403638198.0450971127 47.4216379731 -9.4810086815 8.6283257048 -0.6329458077 0.4906897425 -0.3832911199 0.4600990094
1403638198.1450970173 47.4038776427 -9.1598652551 8.5718213739 -0.6338610851 0.4930310796 -0.3799979151 0.4590665135
1403638198.2450971603 47.3484589979 -8.8561033187 8.4115915191 -0.6366313536 0.4957353930 -0.3765762817 0.4551233281
1403638198.3450970650 47.2660302789 -8.5701606379 8.2107148036 -0.6393531048 0.4960635186 -0.3757005167 0.4516610617
1403638198.4450969696 47.1608377766 -8.2565369045 7.9525214049 -0.6447799192 0.4953764259 -0.3766020748 0.4438827883
1403638198.5450971127 47.0532270237 -7.9729214128 7.6925074329 -0.6496175769 0.4909676631 -0.3817077486 0.4373179075
1403638198.6450970173 46.9174358408 -7.6747529265 7.4179635205 -0.6542843313 0.4793022749 -0.3968884845 0.4297218565
1403638198.7450971603 46.7517314921 -7.3689760626 7.1535883087 -0.6578094167 0.4672856205 -0.4113388472 0.4239472526
1403638198.8450970650 46.5333845440 -6.9823493843 6.9433971370 -0.6583295843 0.4608487350 -0.4185711723 0.4231061045
1403638198.9450969696 46.2655073995 -6.4882643674 6.8049213231 -0.6588208173 0.4612421055 -0.4180878597 0.4223900950
1403638199.0450971127 45.9608404736 -5.9337118105 6.6944296566 -0.6586408941 0.4640156501 -0.4148067357 0.4228676165
1403638199.1450970173 45.5970270546 -5.2996962247 6.6361970608 -0.6575171348 0.4663989256 -0.4127880488 0.4239684970
1403638199.2450971603 45.1997584888 -4.6258857602 6.6554895521 -0.6543196444 0.4680670834 -0.4110093792 0.4287776796
1403638199.3450970650 44.7652897372 -3.9228938111 6.7270242107 -0.6514842261 0.4673126903 -0.4121246818 0.4328283717
1403638199.4450969696 44.2735597548 -3.1260024966 6.8692895023 -0.6531198956 0.4652918813 -0.4157478010 0.4290590090
1403638199.5450971127 43.7628698745 -2.2636949833 6.9937233215 -0.6575032036 0.4643427493 -0.4170405370 0.4220811994
1403638199.6450970173 43.1517715353 -1.3851196073 7.2052208033 -0.6620544047 0.4615670321 -0.4125616922 0.4224129381
1403638199.7450971603 42.5349753768 -0.4140579013 7.4395664537 -0.6643028418 0.4613510376 -0.4003726052 0.4307652858
1403638199.8450970650 41.8656770505 0.6150229232 7.6918623023 -0.6656807395 0.4665681337 -0.3835703945 0.4382431770
1403638199.9450969696 41.1624587827 1.6273809187 7.8906425247 -0.6669699029 0.4688881392 -0.3720756152 0.4436832181
1403638200.0450971127 40.4928066519 2.6476177927 8.0429594912 -0.6697756028 0.4655892218 -0.3653578933 0.4484873781
1403638200.1450970173 39.8161435941 3.6787860646 8.1796969028 -0.6769622067 0.4537539972 -0.3643148852 0.4506707724
1403638200.2450971603 39.1101494956 4.7333674719 8.3489857807 -0.6810672170 0.4375440588 -0.3643499963 0.4603821486
1403638200.3450970650 38.3823774156 5.7812720702 8.5390557176 -0.6854477679 0.4216770859 -0.3600216099 0.4719472779
1403638200.4450969696 37.6074934784 6.8261774785 8.7681920576 -0.6931732536 0.4056336176 -0.3574841520 0.4766311884
1403638200.5450971127 36.7900437582 7.8878164889 9.0377211787 -0.7017254188 0.3916953146 -0.3568486066 0.4762512877
1403638200.6450970173 35.9280130248 8.9476817306 9.3410435716 -0.7106691721 0.3774568933 -0.3537057101 0.4768310939
1403638200.7450971603 35.0260670383 10.0587578810 9.6453670751 -0.7198295019 0.3638752297 -0.3507217171 0.4758514291
1403638200.8450970650 34.0744629835 11.1807459021 9.9577539747 -0.7266578769 0.3576075176 -0.3438345195 0.4752504776
1403638200.9450969696 33.0884019635 12.3736597540 10.2089927276 -0.7280886202 0.3600294806 -0.3317278742 0.4798149140
1403638201.0450971127 32.0848509221 13.5458235323 10.4269727293 -0.7257046862 0.3656608189 -0.3184271246 0.4881076113
1403638201.1450970173 31.0775383417 14.6942841509 10.6024891171 -0.7246186968 0.3687199191 -0.3116146417 0.4918024813
1403638201.2450971603 30.0382534920 15.8963592913 10.7456767334 -0.7212421465 0.3721978819 -0.3081228531 0.4963253068
1403638201.3450970650 28.9998011044 17.1023623878 10.8160522187 -0.7215634649 0.3736099901 -0.3086047674 0.4944945287
1403638201.4450969696 27.9611827200 18.2543594181 10.8688326110 -0.7208609823 0.3736165625 -0.3108374507 0.4941155610
1403638201.5450971127 26.9005750165 19.4274894199 10.8662359381 -0.7190800732 0.3741442688 -0.3130135454 0.4949367988
1403638201.6450970173 25.8246370110 20.6008949980 10.8209926828 -0.7170721763 0.3742469729 -0.3155924664 0.4961331398
1403638201.7450971603 24.7408330619 21.7212086415 10.7229830012 -0.7160410952 0.3756572182 -0.3156483280 0.4965208329
1403638201.8450970650 23.6489931146 22.8814994023 10.6049994912 -0.7146311670 0.3770572845 -0.3151117563 0.4978299714
1403638201.9450969696 22.5201896325 24.0234958004 10.4541550879 -0.7166707784 0.3757319180 -0.3138182465 0.4967158436
1403638202.0450971127 21.4332154845 25.0783865818 10.3189937344 -0.7197316335 0.3709354003 -0.3071985881 0.5000223315
1403638202.1450970173 20.2846425358 26.1761878272 10.2266081028 -0.7232602897 0.3715389755 -0.2944137071 0.5021692066
1403638202.2450971603 19.1464525444 27.2785006907 10.1743107730 -0.7268142831 0.3736632743 -0.2825272632 0.5022898575
1403638202.3450970650 18.0302517493 28.3449720469 10.1527089955 -0.7300765096 0.3739257551 -0.2747584965 0.5016727902
1403638202.4450969696 16.9333805984 29.3688820193 10.1215403983 -0.7324782627 0.3722427389 -0.2722641617 0.5007825518
1403638202.5450971127 15.8658305432 30.3807962531 10.0622884298 -0.7333689572 0.3725404984 -0.2687722035 0.5011437443
1403638202.6450970173 14.8200173164 31.3943094831 9.9703702459 -0.7344874212 0.3738748522 -0.2656184138 0.5001926441
1403638202.7450971603 13.8116329600 32.3636951833 9.8464231073 -0.7346188429 0.3739358146 -0.2651371735 0.5002093976
1403638202.8450970650 12.8132470347 33.3386851796 9.6487205239 -0.7338359283 0.3727557398 -0.2673798347 0.5010449210
1403638202.9450969696 11.8501726371 34.2917297438 9.4954647520 -0.7330368456 0.3730569156 -0.2679643436 0.5016778162
1403638203.0450971127 10.9101271384 35.2055716180 9.3221744794 -0.7314007362 0.3733323286 -0.2675572759 0.5040724548
1403638203.1450970173 10.0083468242 36.0914336072 9.2180860980 -0.7309974012 0.3719924869 -0.2691568793 0.5047959622
1403638203.2450971603 9.1103559230 36.9652908449 9.1501684454 -0.7288663239 0.3683414232 -0.2743115514 0.5077712582
1403638203.3450970650 8.2166911956 37.8308143490 9.1234575954 -0.7269133237 0.3687340593 -0.2735998358 0.5106616720
1403638203.4450969696 7.3416551826 38.6459146871 9.0822430205 -0.7252598429 0.3687883545 -0.2723532893 0.5136311864
1403638203.5450971127 6.4561758543 39.4398706760 9.0208839291 -0.7256570021 0.3700247216 -0.2702687300 0.5132820221
1403638203.6450970173 5.5673217683 40.2118587509 8.9228371309 -0.7267404726 0.3714653242 -0.2680391482 0.5118757793
1403638203.7450971603 4.7060885944 40.9397920961 8.8699092162 -0.7260258634 0.3716625820 -0.2672810934 0.5131414892
1403638203.8450970650 3.8394346188 41.6484881375 8.8780096283 -0.7265879054 0.3703989016 -0.2682738955 0.5127414420
1403638203.9450969696 2.9781103695 42.3250467751 8.9166773441 -0.7273076930 0.3695768027 -0.2682072614 0.5123488767
1403638204.0450971127 2.1544711310 42.9825602504 8.9888599789 -0.7284644831 0.3700044315 -0.2654766645 0.5118186769
1403638204.1450970173 1.3403265731 43.6119010583 9.0951692840 -0.7305410911 0.3714747817 -0.2613798478 0.5098987900
1403638204.2450971603 0.5287058696 44.2060206064 9.2585529057 -0.7316614319 0.3763744715 -0.2536797233 0.5085866733
1403638204.3450970650 -0.2303701361 44.7868143180 9.4296613132 -0.7320918933 0.3858945801 -0.2403199896 0.5073195594
1403638204.4450969696 -0.9539444124 45.3286312997 9.6112671130 -0.7327580828 0.3931056365 -0.2313355775 0.5049924764
1403638204.5450971127 -1.6082838186 45.8313253358 9.7563109718 -0.7316965665 0.3955075672 -0.2292702125 0.5055977339
1403638204.6450970173 -2.2212602956 46.3039924926 9.8649983659 -0.7314255033 0.3922760329 -0.2286988569 0.5087564054
1403638204.7450971603 -2.7976509128 46.7427400493 9.9338808481 -0.7367449125 0.3806522774 -0.2303918461 0.5091467124
1403638204.8450970650 -3.3257185513 47.1395355048 9.9531995175 -0.7451575666 0.3599890221 -0.2345206730 0.5100472123
1403638204.9450969696 -3.8356302568 47.5314919386 9.9305768449 -0.7548810019 0.3329362920 -0.2345200404 0.5141093747
1403638205.0450971127 -4.3306258999 47.9281796823 9.8575172540 -0.7659413375 0.3025870120 -0.2256235314 0.5204507563
1403638205.1450970173 -4.8463572567 48.3243507152 9.7925913384 -0.7781096863 0.2693428116 -0.2067794477 0.5284335587
1403638205.2450971603 -5.3641262197 48.7177080756 9.7575418049 -0.7889019178 0.2314860859 -0.1824426470 0.5392241061
1403638205.3450970650 -5.8845255019 49.1145677935 9.7788433926 -0.7969587680 0.1918543514 -0.1552432946 0.5513149277
1403638205.4450969696 -6.4319134378 49.5095099781 9.8350497148 -0.8020078588 0.1512515506 -0.1326486915 0.5624150492
1403638205.5450971127 -6.9883409042 49.8979931971 9.9488749866 -0.8050509426 0.1137880528 -0.1227148703 0.5691101119
1403638205.6450970173 -7.5170424746 50.2488297948 10.0818428028 -0.8039014129 0.0837766412 -0.1212177668 0.5762206572
1403638205.7450971603 -8.1170496122 50.5980874714 10.2694531500 -0.8013916984 0.0622855156 -0.1199671807 0.5826660586
1403638205.8450970650 -8.7793326869 50.9298570415 10.4799690591 -0.8019204379 0.0450430773 -0.1107983871 0.5853361854
1403638205.9450969696 -9.5079861134 51.2290878829 10.7519543026 -0.8044410565 0.0282395481 -0.0956089515 0.5856074136
1403638206.0450971127 -10.2891774461 51.4889331683 11.0250679061 -0.8067906224 0.0114488067 -0.0757349497 0.5858515459
1403638206.1450970173 -11.1261326091 51.7367381013 11.3438492527 -0.8063359968 -0.0067252353 -0.0578666657 0.5885817534
1403638206.2450971603 -12.0163812329 51.9426428818 11.6681922054 -0.8051678436 -0.0245522941 -0.0419825738 0.5910493990
1403638206.3450970650 -12.9313026103 52.1260285768 11.9580668573 -0.8034900440 -0.0353223913 -0.0202673455 0.5939236588
1403638206.4450969696 -13.8577832257 52.2707578179 12.2096194674 -0.8020813893 -0.0406768294 -0.0034345559 0.5958179624
1403638206.5450971127 -14.7689665723 52.3925360880 12.4157541235 -0.7997096111 -0.0438335754 0.0076533023 0.5987358203
1403638206.6450970173 -15.6879684900 52.4629002455 12.6009299991 -0.7978888348 -0.0468708788 0.0132765462 0.6008329730
1403638206.7450971603 -16.6017126397 52.4996203176 12.7155733728 -0.7974869249 -0.0533684112 0.0203650465 0.6006260751
1403638206.8450970650 -17.4969781670 52.4872620446 12.8074843077 -0.7975326274 -0.0602474586 0.0270624443 0.5996495444
1403638206.9450969696 -18.3820251302 52.4535753211 12.8393513623 -0.7951482625 -0.0643714060 0.0329116011 0.6020900176
1403638207.0450971127 -19.2668544707 52.3855276495 12.8321709530 -0.7925124173 -0.0665363074 0.0374242338 0.6050590178
1403638207.1450970173 -20.0992115344 52.2715042988 12.7898180509 -0.7906957509 -0.0684383770 0.0394492971 0.6070915672
1403638207.2450971603 -20.9325294418 52.1028795410 12.7089979693 -0.7893058428 -0.0718298073 0.0435898926 0.6082242075
1403638207.3450970650 -21.7541208831 51.8913208898 12.5780150267 -0.7864028311 -0.0797935555 0.0510254884 0.6104096782
1403638207.4450969696 -22.5586559773 51.6099859581 12.4479639105 -0.7826173134 -0.0931501304 0.0611073644 0.6124533321
1403638207.5450971127 -23.3473506592 51.2589370574 12.3404361309 -0.7808355142 -0.1094380986 0.0746568028 0.6105289217
1403638207.6450970173 -24.0891215974 50.8530752761 12.2668730510 -0.7846943055 -0.1238322369 0.0864879592 0.6011990160
1403638207.7450971603 -24.8058293987 50.4061071769 12.2375385574 -0.7902844280 -0.1333622157 0.0968701962 0.5901535455
1403638207.8450970650 -25.4895973793 49.9446943197 12.2421298763 -0.7949992799 -0.1394228337 0.1040611213 0.5811270958
1403638207.9450969696 -26.1266215750 49.4828332798 12.2871972252 -0.8001990111 -0.1431706133 0.1077824687 0.5723343931
1403638208.0450971127 -26.7364130730 49.0160727549 12.3573939108 -0.8015809957 -0.1450596524 0.1083702012 0.5698083046
1403638208.1450970173 -27.3268671225 48.5560607652 12.4261778548 -0.7984678826 -0.1432203233 0.1106061452 0.5741979277
1403638208.2450971603 -27.8915113804 48.0890374663 12.4493311563 -0.7943315430 -0.1420200127 0.1102211229 0.5802749520
1403638208.3450970650 -28.4135096972 47.6055511251 12.4286486693 -0.7957247365 -0.1415380788 0.1083679276 0.5788311569
1403638208.4450969696 -28.9211943747 47.1114784556 12.3623730063 -0.7988046356 -0.1423042647 0.1062809720 0.5747738733
1403638208.5450971127 -29.4167898581 46.6254896777 12.2899116812 -0.8000938146 -0.1466733664 0.1096340943 0.5712417849
1403638208.6450970173 -29.8736288229 46.1403776038 12.2788394126 -0.7988404197 -0.1572081800 0.1158516466 0.5689621850
1403638208.7450971603 -30.3162271146 45.6571315913 12.3047437042 -0.7971976014 -0.1647923257 0.1247333839 0.5672398581
1403638208.8450970650 -30.7116218994 45.1815966098 12.3472516792 -0.7942809468 -0.1720576554 0.1313778846 0.5676740193
1403638208.9450969696 -31.1098031204 44.6911962706 12.3979980226 -0.7918309194 -0.1790357051 0.1339004482 0.5683490841
1403638209.0450971127 -31.4599750057 44.2107334899 12.3691142545 -0.7902717884 -0.1830146437 0.1367319482 0.5685776244
1403638209.1450970173 -31.8145359185 43.7350046478 12.3232463169 -0.7898661119 -0.1852620253 0.1390056579 0.5678617211
1403638209.2450971603 -32.1353357583 43.2597956193 12.2458620109 -0.7898364239 -0.1864042463 0.1403958239 0.5671868237
1403638209.3450970650 -32.4312429640 42.7896877172 12.1145303135 -0.7904921417 -0.1861885123 0.1423496172 0.5658556337
1403638209.4450969696 -32.7110764822 42.3228787074 11.9632588581 -0.7906279815 -0.1857033590 0.1440978813 0.5653825766
1403638209.5450971127 -32.9564747478 41.8532351721 11.7531962509 -0.7879682087 -0.1848333493 0.1454091865 0.5690333062
1403638209.6450970173 -33.1919804935 41.3913008334 11.4429083573 -0.7876516004 -0.1830013634 0.1465184291 0.5697787354
1403638209.7450971603 -33.4168708672 40.8936669699 11.0270775386 -0.7887866545 -0.1825915401 0.1451081825 0.5686998844
1403638209.8450970650 -33.5972041963 40.4411491399 10.5076278158 -0.7875442529 -0.1850270935 0.1411209586 0.5706346462
1403638209.9450969696 -33.7768365676 39.9533656437 9.9241011507 -0.7843719986 -0.1853274442 0.1392488978 0.5753468960
1403638210.0450971127 -33.9384410007 39.4628664953 9.3400781319 -0.7797137356 -0.1850069113 0.1389023929 0.5818290629
1403638210.1450970173 -34.0649049723 38.9675927816 8.7698346461 -0.7756244348 -0.1829841004 0.1413555669 0.5873177665
1403638210.2450971603 -34.1694689861 38.4553627054 8.2283101996 -0.7732851625 -0.1816156794 0.1432411506 0.5903624100
1403638210.3450970650 -34.2283242677 37.8628791879 7.7090706000 -0.7731525633 -0.1824014290 0.1417041140 0.5906646906
1403638210.4450969696 -34.3055955873 37.2487176696 7.1873814489 -0.7741889982 -0.1817518975 0.1415558992 0.5895418308
1403638210.5450971127 -34.3052016132 36.6537932983 6.6677695098 -0.7737389985 -0.1808497661 0.1426492525 0.5901461811
1403638210.6450970173 -34.2848339616 35.9996319498 6.1086048569 -0.7727243587 -0.1795981740 0.1433252666 0.5916920055
1403638210.7450971603 -34.2506494709 35.3096244869 5.5395444343 -0.7728293557 -0.1780574505 0.1444233028 0.5917535305
1403638210.8450970650 -34.1328090416 34.6013914306 4.9987242793 -0.7740068528 -0.1778681321 0.1448834942 0.5901568372
1403638210.9450969696 -34.0696916417 33.8786999934 4.4917825332 -0.7779984110 -0.1775974540 0.1448171354 0.5849834306
1403638211.0450971127 -33.9502189404 33.1075750787 4.0550670891 -0.7814561400 -0.1772573155 0.1455188915 0.5802847556
1403638211.1450970173 -33.7762361510 32.3470974078 3.6543525519 -0.7846279839 -0.1776771520 0.1457614599 0.5757980143
1403638211.2450971603 -33.5745078730 31.5754054865 3.3061731486 -0.7867640846 -0.1775891582 0.1464479294 0.5727280071
1403638211.3450970650 -33.3747989261 30.7989960484 3.0017185260 -0.7882739236 -0.1752934059 0.1443099179 0.5719012946
1403638211.4450969696 -33.0699542390 30.0462854753 2.6664106066 -0.7904245231 -0.1677577296 0.1391404722 0.5724738827
1403638211.5450971127 -32.7749471509 29.2897693778 2.3043603267 -0.7932336895 -0.1555653321 0.1313874328 0.5738615546
1403638211.6450970173 -32.5082558411 28.5507528424 1.9069484081 -0.7961789982 -0.1370581297 0.1237022461 0.5762046739
1403638211.7450971603 -32.1615008260 27.8369117109 1.5264710232 -0.8003658172 -0.1146767976 0.1128938101 0.5775108470
1403638211.8450970650 -31.8264205030 27.0903431748 1.1075615148 -0.8052059346 -0.0876123717 0.1017810687 0.5775881658
1403638211.9450969696 -31.4139441142 26.3866055932 0.7093778499 -0.8083624490 -0.0622831116 0.0875714009 0.5787937584
1403638212.0450971127 -30.9920556359 25.6489891040 0.3802295850 -0.8108221484 -0.0384375117 0.0721239094 0.5795585761
1403638212.1450970173 -30.5374707055 24.9296040175 0.0616157592 -0.8118384172 -0.0179115478 0.0531890511 0.5811785316
1403638212.2450971603 -30.0376216269 24.2199144245 -0.1742294340 -0.8120815836 0.0022234375 0.0336736612 0.5825672858
1403638212.3450970650 -29.5062200004 23.4885215670 -0.3615780638 -0.8124900767 0.0229706105 0.0164568876 0.5822897880
1403638212.4450969696 -28.9649005683 22.7543240589 -0.5144126166 -0.8118647428 0.0429449953 -0.0022328792 0.5822597196
1403638212.5450971127 -28.3789734307 22.0478006903 -0.6248024734 -0.8099954150 0.0657403545 -0.0158119303 0.5825252066
1403638212.6450970173 -27.7869384599 21.3169339174 -0.6986929058 -0.8088777901 0.0880979812 -0.0305356054 0.5805368577
1403638212.7450971603 -27.1647630169 20.6033588015 -0.7287396434 -0.8082278865 0.1086287646 -0.0484457536 0.5767325932
1403638212.8450970650 -26.5415192811 19.8793588106 -0.7082284423 -0.8047210635 0.1320970770 -0.0646540368 0.5751471358
1403638212.9450969696 -25.9020988250 19.1459683795 -0.6561499594 -0.8011684964 0.1573177852 -0.0806843101 0.5717256309
1403638213.0450971127 -25.2492398668 18.4160452675 -0.5679474612 -0.7971578943 0.1827665167 -0.0984731055 0.5669556768
1403638213.1450970173 -24.5734499533 17.6811490346 -0.4574475474 -0.7924421322 0.2106013854 -0.1132405372 0.5611230741
1403638213.2450971603 -23.8831459821 16.9400694150 -0.3838028321 -0.7897576287 0.2410428004 -0.1237562891 0.5503322971
1403638213.3450970650 -23.1751460615 16.1923072098 -0.3436273005 -0.7865307638 0.2734256958 -0.1307107646 0.5380728970
1403638213.4450969696 -22.4292924396 15.4536693057 -0.3365505305 -0.7805961033 0.3057678217 -0.1367096300 0.5277179548
1403638213.5450971127 -21.6255759521 14.7187456565 -0.3479415220 -0.7714777543 0.3324458969 -0.1476584093 0.5220141707
1403638213.6450970173 -20.7669755447 13.9686856921 -0.3868800362 -0.7606032566 0.3409997060 -0.1739311880 0.5243565852
1403638213.7450971603 -19.8672769189 13.2251437074 -0.4141790043 -0.7513750153 0.3407433582 -0.1995896555 0.5286714667
1403638213.8450970650 -18.9511116115 12.4822473673 -0.3986823458 -0.7467783983 0.3391278987 -0.2175218676 0.5291488725
1403638213.9450969696 -18.0502605772 11.6874968441 -0.3348107726 -0.7461578437 0.3382421737 -0.2257454092 0.5271429735
1403638214.0450971127 -17.1677400639 10.9358965547 -0.2473150085 -0.7487684143 0.3390214494 -0.2260942661 0.5227730880
1403638214.1450970173 -16.2987618980 10.1719419210 -0.1456980803 -0.7553677452 0.3396324471 -0.2232528537 0.5140306739
1403638214.2450971603 -15.3946407046 9.4046873441 -0.0327014506 -0.7627058428 0.3388734440 -0.2184819209 0.5056779969
1403638214.3450970650 -14.5172779029 8.6908383098 0.0638834953 -0.7681687641 0.3377418516 -0.2142639847 0.4999381325
1403638214.4450969696 -13.6124586593 8.0000999709 0.1167325912 -0.7711819105 0.3342648869 -0.2124944843 0.4983889449
1403638214.5450971127 -12.6901968854 7.3445044543 0.1423396689 -0.7678033956 0.3287664178 -0.2144433061 0.5063641542
1403638214.6450970173 -11.7453716032 6.6948971524 0.1321670056 -0.7631152819 0.3232394585 -0.2169227060 0.5158641863
1403638214.7450971603 -10.8202984649 6.0857543873 0.1008772600 -0.7585118130 0.3178006685 -0.2194890243 0.5248686816
1403638214.8450970650 -9.9041731479 5.4881943427 0.0194028833 -0.7558082616 0.3138012244 -0.2203660135 0.5307744186
1403638214.9450969696 -9.0089599759 4.8886566641 -0.0642363336 -0.7545122348 0.3107371253 -0.2210520480 0.5341251900
1403638215.0450971127 -8.1182225657 4.2735546603 -0.2195323493 -0.7539969724 0.3093357021 -0.2203583618 0.5359497938
1403638215.1450970173 -7.2579456634 3.6792022041 -0.3699218383 -0.7549748417 0.3079344230 -0.2207289612 0.5352271529
1403638215.2450971603 -6.4258996941 3.0872661437 -0.5433633755 -0.7574579982 0.3072177044 -0.2213775709 0.5318520792
1403638215.3450970650 -5.6105216280 2.4859112867 -0.7402427450 -0.7598735135 0.3053163264 -0.2243186864 0.5282568611
1403638215.4450969696 -4.8137892109 1.9073769563 -0.9254151442 -0.7606745020 0.3016744382 -0.2294260879 0.5270014284
1403638215.5450971127 -4.0571626655 1.3377380119 -1.0685222634 -0.7609072203 0.3012072519 -0.2303574863 0.5265261835
1403638215.6450970173 -3.3368173653 0.8007017477 -1.1310031223 -0.7589888211 0.3007311352 -0.2311395290 0.5292176035
1403638215.7450971603 -2.6354694770 0.2597726379 -1.1631399426 -0.7574905793 0.3035297213 -0.2275720508 0.5313084718
1403638215.8450970650 -1.9686358135 -0.2548304444 -1.2364677486 -0.7553417450 0.3089293396 -0.2269902898 0.5315043930
1403638215.9450969696 -1.3315252102 -0.7785047931 -1.3023396427 -0.7536790587 0.3131450675 -0.2294410131 0.5303441002
1403638216.0450971127 -0.7083027213 -1.2812686423 -1.4301908852 -0.7522219636 0.3168594337 -0.2309112830 0.5295679336
1403638216.1450970173 -0.1162990851 -1.7936577377 -1.5694323986 -0.7515233653 0.3184191442 -0.2340839667 0.5282296627
1403638216.2450971603 0.4553665650 -2.3043226572 -1.6311106010 -0.7501805842 0.3188535774 -0.2373387280 0.5284238975
1403638216.3450970650 1.0111683551 -2.7975763799 -1.6946626028 -0.7489282358 0.3189713659 -0.2400454558 0.5289063665
1403638216.4450969696 1.5262413352 -3.2896823406 -1.7086920337 -0.7475968713 0.3190246989 -0.2421845093 0.5297818636
1403638216.5450971127 1.9918066178 -3.7884509523 -1.6840189996 -0.7478683818 0.3193616736 -0.2429046518 0.5288651388
1403638216.6450970173 2.4489819058 -4.2808655238 -1.7312139420 -0.7496775066 0.3183555243 -0.2451836799 0.5258501301
1403638216.7450971603 2.8676191516 -4.7323115500 -1.8310027426 -0.7514050550 0.3170772934 -0.2470718388 0.5232666050
1403638216.8450970650 3.2745026793 -5.2065893368 -1.9154817013 -0.7476778636 0.3171564002 -0.2521458269 0.5261293682
1403638216.9450969696 3.6596504317 -5.6535327809 -2.0510606307 -0.7428329720 0.3229197871 -0.2572602596 0.5270096257
1403638217.0450971127 4.0084354682 -6.1276463393 -2.1739921071 -0.7382605591 0.3357796334 -0.2592245676 0.5244292214
1403638217.1450970173 4.3189215495 -6.5553724163 -2.3466273801 -0.7345621792 0.3507325810 -0.2630193065 0.5179053059
1403638217.2450971603 4.6046978494 -6.9749563330 -2.5372841508 -0.7315487384 0.3621421057 -0.2685676402 0.5114303092
1403638217.3450970650 4.8699739488 -7.3963405388 -2.6869323425 -0.7294905108 0.3695570816 -0.2732921665 0.5065397811
1403638217.4450969696 5.1141012087 -7.8332384490 -2.7630475193 -0.7282571024 0.3750333618 -0.2759897198 0.5028133301
1403638217.5450971127 5.3270517418 -8.2554421464 -2.8214939468 -0.7287112239 0.3757997273 -0.2817616158 0.4983622266
1403638217.6450970173 5.5424880247 -8.6384195940 -2.8310766114 -0.7302918329 0.3734734833 -0.2879107989 0.4942658880
1403638217.7450971603 5.7197086763 -8.9900096371 -2.7883644454 -0.7325227762 0.3698000911 -0.2943682581 0.4899036676
1403638217.8450970650 5.8827393319 -9.3297402229 -2.6911451052 -0.7353933060 0.3664402386 -0.2981261673 0.4858384767
1403638217.9450969696 6.0115773213 -9.6084488211 -2.5892832409 -0.7351414762 0.3631364191 -0.3010891707 0.4868719159
1403638218.0450971127 6.1215868295 -9.8324791878 -2.5541238148 -0.7339298146 0.3609536055 -0.3017502296 0.4899043997
1403638218.1450970173 6.1864400486 -10.0415449522 -2.5252584147 -0.7327828901 0.3600000659 -0.3009610094 0.4927998168
1403638218.2450971603 6.2338310586 -10.2210804400 -2.5016289888 -0.7308203096 0.3578852816 -0.3010378891 0.4971880828
1403638218.3450970650 6.2359079975 -10.3793914584 -2.5290047532 -0.7270524568 0.3571495131 -0.2989477879 0.5044493735
1403638218.4450969696 6.1877788492 -10.5042732016 -2.4993194939 -0.7261337621 0.3587948509 -0.2935908853 0.5077404914
1403638218.5450971127 6.1011860895 -10.6130613491 -2.4636477474 -0.7266970774 0.3595902185 -0.2908407059 0.5079546400
1403638218.6450970173 6.0016401194 -10.7099387280 -2.3776298923 -0.7282509705 0.3612732853 -0.2872116782 0.5065980549
1403638218.7450971603 5.8798219619 -10.7942543527 -2.2882799121 -0.7313167175 0.3662538265 -0.2847584597 0.4999466101
1403638218.8450970650 5.7333814510 -10.8603534004 -2.2697992979 -0.7315371502 0.3740040897 -0.2864839828 0.4928501459
1403638218.9450969696 5.5556837750 -10.8895669736 -2.2431893797 -0.7274810066 0.3852194970 -0.2829613285 0.4922501505
1403638219.0450971127 5.4017500461 -10.9371380601 -2.2291298355 -0.7206736970 0.3978753576 -0.2747301485 0.4968379694
1403638219.1450970173 5.2821697855 -11.0066863004 -2.2501578509 -0.7156923269 0.4040845812 -0.2730857891 0.4999242906
1403638219.2450971603 5.1505200231 -11.0779679346 -2.2823129795 -0.7125714922 0.4004571013 -0.2828088289 0.5018915668
1403638219.3450970650 5.0084884824 -11.1536078951 -2.3281918562 -0.7080361640 0.3949397467 -0.2938499328 0.5063196657
1403638219.4450969696 4.8646515666 -11.2327795944 -2.3644195177 -0.7016840657 0.3903178020 -0.3017420570 0.5140459283
1403638219.5450971127 4.6785961802 -11.3317244298 -2.3471890175 -0.6999606405 0.3892632492 -0.3036086609 0.5160920515
1403638219.6450970173 4.4453938615 -11.4540894645 -2.3014463539 -0.7012788510 0.3923682686 -0.2988295138 0.5147388042
1403638219.7450971603 4.1869347109 -11.5660398638 -2.2783791741 -0.7022694679 0.3974046187 -0.2914797899 0.5137379639
1403638219.8450970650 3.9104611168 -11.7079021171 -2.2521352959 -0.7033020631 0.4042345646 -0.2814976047 0.5125619215
1403638219.9450969696 3.6332413700 -11.9050774079 -2.2850696193 -0.7034495317 0.4103262882 -0.2725819025 0.5123379744
1403638220.0450971127 3.3545246037 -12.1118954270 -2.3404077060 -0.7045547510 0.4144656281 -0.2664638971 0.5107032774
1403638220.1450970173 3.1007057443 -12.3560523561 -2.4242235521 -0.7071414705 0.4137284885 -0.2674003173 0.5072245545
1403638220.2450971603 2.8591243640 -12.6042854746 -2.4740346520 -0.7122961239 0.4056252060 -0.2796165016 0.4999170293
1403638220.3450970650 2.6451963175 -12.8871647350 -2.4710119260 -0.7171185171 0.3984746982 -0.2896260184 0.4930270954
1403638220.4450969696 2.4191722871 -13.1527428051 -2.4387222765 -0.7186425031 0.3958049132 -0.2940605537 0.4903262325
1403638220.5450971127 2.1799811356 -13.4046244915 -2.3505761245 -0.7184040650 0.3951564885 -0.2959132460 0.4900839723
1403638220.6450970173 1.9592796526 -13.6708969412 -2.2590004129 -0.7180660262 0.3953836178 -0.2972598933 0.4895809766
1403638220.7450971603 1.7189254507 -13.8982229941 -2.2304064559 -0.7172606480 0.3968161876 -0.2974517136 0.4894860102
1403638220.8450970650 1.4809153537 -14.1209641780 -2.2346400943 -0.7161025013 0.3983945198 -0.2968808783 0.4902456101
1403638220.9450969696 1.2221226013 -14.3321272880 -2.2722996901 -0.7161372224 0.4002820602 -0.2961358063 0.4891066706
1403638221.0450971127 0.9785142722 -14.5623446744 -2.3471248109 -0.7165747906 0.4008626819 -0.2959004510 0.4881317475
1403638221.1450970173 0.7288894877 -14.7461710525 -2.4361128052 -0.7169605965 0.4019523897 -0.2959846311 0.4866157392
1403638221.2450971603 0.4741299223 -14.9314841794 -2.4940147014 -0.7178392055 0.4035231243 -0.2946156307 0.4848480107
1403638221.3450970650 0.2034560076 -15.0945289456 -2.4895282949 -0.7184858209 0.4059299465 -0.2921827877 0.4833510342
1403638221.4450969696 -0.0311064483 -15.2642538131 -2.4807888254 -0.7180626859 0.4085307774 -0.2894050190 0.4834597377
1403638221.5450971127 -0.2466409698 -15.4249178990 -2.4995533783 -0.7172171970 0.4102429971 -0.2873843988 0.4844691766
1403638221.6450970173 -0.4764764149 -15.5724688059 -2.5139768115 -0.7160145070 0.4107209018 -0.2876096918 0.4857079697
1403638221.7450971603 -0.6645833372 -15.6925289335 -2.5774410754 -0.7128229402 0.4114782891 -0.2872616082 0.4899488157
1403638221.8450970650 -0.8700438463 -15.8770864357 -2.6097720858 -0.7119975511 0.4108371726 -0.2871173315 0.4917681799
1403638221.9450969696 -1.0674373981 -16.0123439166 -2.5889075575 -0.7120451203 0.4071421236 -0.2916764156 0.4920893276
1403638222.0450971127 -1.2582333307 -16.1625402564 -2.5303310356 -0.7132864519 0.4048137476 -0.2946510162 0.4904376066
1403638222.1450970173 -1.4479596894 -16.3331468547 -2.4540126595 -0.7167041498 0.4049112517 -0.2941838990 0.4856314173
1403638222.2450971603 -1.6249636274 -16.4647157666 -2.4326713922 -0.7199470536 0.4066415470 -0.2921164565 0.4806109322
1403638222.3450970650 -1.8143636641 -16.6076862322 -2.4337606502 -0.7226970740 0.4086509097 -0.2893237451 0.4764505680
1403638222.4450969696 -1.9725119476 -16.7333328576 -2.4642823723 -0.7249811105 0.4102261733 -0.2872476039 0.4728696334
1403638222.5450971127 -2.1289891459 -16.8233315916 -2.5105672184 -0.7246361954 0.4102267476 -0.2873062008 0.4733619617
1403638222.6450970173 -2.2640307375 -16.8948679781 -2.5751726603 -0.7193851545 0.4082865054 -0.2902440332 0.4811917811
1403638222.7450971603 -2.3744213179 -16.9574601803 -2.6649239689 -0.7160724419 0.4066056521 -0.2928326135 0.4859641573
1403638222.8450970650 -2.4756982728 -17.0350821287 -2.7587769137 -0.7138017538 0.4052634703 -0.2947743614 0.4892408934
1403638222.9450969696 -2.5816198476 -17.1334279242 -2.8233472594 -0.7073396720 0.4018058041 -0.2987318533 0.4989809256
1403638223.0450971127 -2.7269056851 -17.1956949540 -2.9372477345 -0.7069213453 0.4016914362 -0.2985250805 0.4997889334
1403638223.1450970173 -2.8957023914 -17.2747805118 -2.9739660553 -0.7123802999 0.4036764714 -0.2960631181 0.4918396537
1403638223.2450971603 -3.0563425838 -17.3588164643 -2.9925104756 -0.7199203576 0.4118567166 -0.2847973313 0.4806029586
1403638223.3450970650 -3.1951788727 -17.4317090781 -3.0169530371 -0.7211617982 0.4148028328 -0.2808108531 0.4785494076
1403638223.4450969696 -3.3021549557 -17.4922673071 -3.0440314709 -0.7161205691 0.4180902471 -0.2766202326 0.4856471174
1403638223.5450971127 -3.3826753433 -17.5620189552 -3.0785877349 -0.7097250042 0.4222896293 -0.2708866261 0.4945526496
1403638223.6450970173 -3.4572221144 -17.6494674439 -3.1345488156 -0.7105146446 0.4172824771 -0.2784676623 0.4934572273
1403638223.7450971603 -3.5142537274 -17.7517893611 -3.2053536744 -0.7139182881 0.4099493013 -0.2890404698 0.4885876126
1403638223.8450970650 -3.5674388968 -17.8684494834 -3.2907448701 -0.7166272594 0.4052509082 -0.2955114224 0.4846545901
1403638223.9450969696 -3.6434122204 -17.9593522287 -3.3691988574 -0.7181147787 0.4020975503 -0.3000531436 0.4822829415
1403638224.0450971127 -3.7034859224 -18.0476476095 -3.4658224042 -0.7205069500 0.4020869600 -0.2999897354 0.4787504258
1403638224.1450970173 -3.7735928339 -18.1175325274 -3.5682663630 -0.7252734688 0.4053119556 -0.2947134399 0.4720641932
1403638224.2450971603 -3.8305793700 -18.1646497696 -3.6709947725 -0.7279013463 0.4076904958 -0.2911567358 0.4681621993
1403638224.3450970650 -3.8689944617 -18.1801726070 -3.7457341705 -0.7239913289 0.4062641744 -0.2935643460 0.4739261029
1403638224.4450969696 -3.8977338267 -18.1715664977 -3.8113735745 -0.7165275075 0.4085595010 -0.2912300721 0.4846158378
1403638224.5450971127 -3.9238723149 -18.1575262819 -3.8842764064 -0.7098672336 0.4059092992 -0.2952317522 0.4941299059
1403638224.6450970173 -3.9535665368 -18.1463365582 -3.9635036782 -0.7124927758 0.4055459452 -0.2954022728 0.4905344310
1403638224.7450971603 -4.0012551399 -18.1436391147 -4.0472486661 -0.7216824795 0.4098777227 -0.2890184369 0.4771194759
1403638224.8450970650 -4.0327275193 -18.1222295010 -4.0961800269 -0.7240273276 0.4113231556 -0.2867939947 0.4736527158
1403638224.9450969696 -4.0431536976 -18.0788343853 -4.1019888796 -0.7156805026 0.4130704902 -0.2842209585 0.4862022574
1403638225.0450971127 -4.0425096743 -18.0373238119 -4.0872363071 -0.7086106897 0.4138458515 -0.2820095463 0.4970645003
1403638225.1450970173 -4.0365417769 -18.0160769307 -4.0735232119 -0.7093239415 0.4100962016 -0.2863268286 0.4966866202
1403638225.2450971603 -4.0314988574 -18.0095346727 -4.0567270606 -0.7169461185 0.4084116201 -0.2869537379 0.4866680224
1403638225.3450970650 -4.0181421362 -18.0018449124 -4.0261709669 -0.7212427739 0.4075225394 -0.2875733993 0.4806618156
1403638225.4450969696 -3.9926153777 -17.9807095810 -4.0093735467 -0.7179036818 0.4047760281 -0.2915515937 0.4855598202
1403638225.5450971127 -3.9617233234 -17.9560200826 -4.0314748926 -0.7090641963 0.3991833018 -0.2996514041 0.4980860299
1403638225.6450970173 -3.9485604420 -17.9371673616 -4.0986785588 -0.7000479710 0.3939421497 -0.3068726429 0.5104621456
1403638225.7450971603 -3.9747779296 -17.9300748141 -4.2347333632 -0.7023917864 0.3939315368 -0.3065536461 0.5074333303
1403638225.8450970650 -4.0338292674 -17.9408554681 -4.4294838407 -0.7125392875 0.3989927688 -0.2993480109 0.4934402726
1403638225.9450969696 -4.1071968004 -17.9441996980 -4.6478243150 -0.7216677949 0.4036491597 -0.2924640121 0.4803412863
1403638226.0450971127 -4.1798950672 -17.9107535487 -4.8032687508 -0.7300808178 0.4084557724 -0.2818709640 0.4697814824
1403638226.1450970173 -4.1821247299 -17.8282591792 -4.7259207950 -0.7241638590 0.4206131234 -0.2622515007 0.4794741455
1403638226.2450971603 -4.1692536428 -17.7625410910 -4.8170308848 -0.7341516843 0.4074748899 -0.2836615259 0.4631648273
1403638226.3450970650 -4.2048257305 -17.7398463209 -4.8191497819 -0.7310082390 0.4069256039 -0.2832434375 0.4688407646
1403638226.4450969696 -4.2039256975 -17.7369569919 -4.8185520609 -0.7308612928 0.4067281670 -0.2836605861 0.4689889559
1403638226.5450971127 -4.2051927379 -17.7365593077 -4.8196188279 -0.7305813054 0.4061859766 -0.2839540238 0.4697169583
1403638226.6450970173 -4.2059395333 -17.7363155633 -4.8188746310 -0.7304600730 0.4064603291 -0.2836659746 0.4698422048
1403638226.7450971603 -4.2065799672 -17.7374971306 -4.8178943723 -0.7306669206 0.4070478895 -0.2830437721 0.4693869298
1403638226.8450970650 -4.2072137789 -17.7373589329 -4.8184539484 -0.7304542216 0.4067833185 -0.2833183646 0.4697815091
1403638226.9450969696 -4.2051930847 -17.7376445428 -4.8182663471 -0.7307005495 0.4065333056 -0.2837508940 0.4693536071
1403638227.0450971127 -4.2048178537 -17.7384981440 -4.8192558323 -0.7309016330 0.4059908075 -0.2842097870 0.4692324201
1403638227.1450970173 -4.2048201159 -17.7387665493 -4.8186479238 -0.7309155197 0.4061581361 -0.2840992716 0.4691328974
1403638227.2450971603 -4.2055661433 -17.7383722042 -4.8187071240 -0.7308642110 0.4063125024 -0.2838985461 0.4692006724
1403638227.3450970650 -4.2055816123 -17.7378520997 -4.8184050920 -0.7307256648 0.4066575577 -0.2835155469 0.4693490899
1403638227.4450969696 -4.2054214567 -17.7376775252 -4.8188010441 -0.7306936981 0.4066782313 -0.2835007931 0.4693898552
1403638227.5450971127 -4.2055517151 -17.7378294032 -4.8187054868 -0.7307715385 0.4064771264 -0.2837153053 0.4693132534
1403638227.6450970173 -4.2053056415 -17.7381956962 -4.8185865955 -0.7308308699 0.4063238784 -0.2838891864 0.4692484153
1403638227.7450971603 -4.2054511539 -17.7381308661 -4.8190111179 -0.7308004341 0.4063857725 -0.2838349496 0.4692750269
