1.403636580763555765e+09 4.610995835707759838e+00 -1.799189086618007805e+00 7.322003191298858127e-01 -6.951942788600518064e-01 -4.848395180559464945e-01 3.128698148422818792e-01 4.286584133457388424e-01
1.403636580863555670e+09 4.603859273154978560e+00 -1.794729685237025807e+00 8.040501539529951724e-01 -6.884504402973631310e-01 -4.805059708974371846e-01 3.110810137308028245e-01 4.453971329976136317e-01
1.403636580963555574e+09 4.597062083130149190e+00 -1.791686363801914483e+00 8.788946735309532965e-01 -6.810300342140066521e-01 -4.751733325237709193e-01 3.112315759126629278e-01 4.621074579701600626e-01
1.403636581063555717e+09 4.591897840613445858e+00 -1.790579440461366190e+00 9.470392137821574963e-01 -6.737613341606053519e-01 -4.709666427459461291e-01 3.183763965825869291e-01 4.720938001179647014e-01
1.403636581163555622e+09 4.587372627230376310e+00 -1.788206659588303049e+00 1.006218788247579710e+00 -6.688516577891902015e-01 -4.625117181995473947e-01 3.267494614101858486e-01 4.816172337748189647e-01
1.403636581263555765e+09 4.586008188577741507e+00 -1.785508072403501956e+00 1.052952977980771809e+00 -6.627425512603545288e-01 -4.530748533899524588e-01 3.366306690590126771e-01 4.921130770701702128e-01
1.403636581363555670e+09 4.588796638857115084e+00 -1.784279139482793486e+00 1.078012081322165194e+00 -6.561427379068739407e-01 -4.486818602513485965e-01 3.420642787574076915e-01 5.011519978725366142e-01
1.403636581463555574e+09 4.591809453159564569e+00 -1.782951495806073927e+00 1.069400912286736505e+00 -6.554353688275739165e-01 -4.510768054897394963e-01 3.364774316454004488e-01 5.037034155456443507e-01
1.403636581563555717e+09 4.594495494961813087e+00 -1.782094419881371072e+00 1.029995938431176539e+00 -6.611970125498319861e-01 -4.554512385674842623e-01 3.290386692499364107e-01 4.971078696025164612e-01
1.403636581663555622e+09 4.595966306488159958e+00 -1.781734059298036854e+00 9.742125531530897442e-01 -6.682806345173916140e-01 -4.583627565355252731e-01 3.259171651435311401e-01 4.869112633889178254e-01
1.403636581763555765e+09 4.598538184926913353e+00 -1.780004344990862242e+00 9.109912486846057922e-01 -6.705956825559934442e-01 -4.613992256267691605e-01 3.244425590815318006e-01 4.818186494781057094e-01
1.403636581863555670e+09 4.603218664191873088e+00 -1.780901673873067859e+00 8.453762212529596365e-01 -6.716977942102135835e-01 -4.646485395104580363e-01 3.254081261449993656e-01 4.764801773659965156e-01
1.403636581963555574e+09 4.607826232598512206e+00 -1.783927830427208150e+00 7.823232879867122458e-01 -6.791786384421131251e-01 -4.665235934580526100e-01 3.208364593116950769e-01 4.670504043540032457e-01
1.403636582063555717e+09 4.611334740696465317e+00 -1.786978257385343216e+00 7.273619099978007041e-01 -6.888218057931089211e-01 -4.699234611084130986e-01 3.106735474005187236e-01 4.562657202874089157e-01
1.403636582163555622e+09 4.614843143957209293e+00 -1.791360561165978638e+00 6.912926324298744873e-01 -6.951938123834956462e-01 -4.764821123202546138e-01 3.042467247389104568e-01 4.439642894965484810e-01
1.403636582263555765e+09 4.615779299758368204e+00 -1.794755648475691245e+00 6.840706350640151090e-01 -6.980062647250625529e-01 -4.812834579971677629e-01 3.013029373872029848e-01 4.363141384194391126e-01
1.403636582363555670e+09 4.612675818556848384e+00 -1.796593518420199098e+00 7.118928365417986903e-01 -6.967827032295814682e-01 -4.813638308330022708e-01 3.041846941049552444e-01 4.361816120816286446e-01
1.403636582463555574e+09 4.608520167359290376e+00 -1.797411142227083314e+00 7.629058316984100863e-01 -6.903678733784576194e-01 -4.764390540904358540e-01 3.118224709339411649e-01 4.462788072102102932e-01
1.403636582563555717e+09 4.604003307181637972e+00 -1.796078632859141821e+00 8.243677194443409517e-01 -6.846907087278055748e-01 -4.723845089363798433e-01 3.144427201177379394e-01 4.573590327780878706e-01
1.403636582663555622e+09 4.601138199988665356e+00 -1.792918379142740770e+00 8.883356154250838799e-01 -6.825642469059991502e-01 -4.690453321342760162e-01 3.126836072629571861e-01 4.651144880539820337e-01
1.403636582763555765e+09 4.598525949671955715e+00 -1.788370462628005919e+00 9.524787137321918395e-01 -6.817228267411373777e-01 -4.635943233502298755e-01 3.146661544861461546e-01 4.704460671303533070e-01
1.403636582863555670e+09 4.594956614049799271e+00 -1.781232316402355131e+00 1.015205141077982098e+00 -6.808463104770832164e-01 -4.522283494233214629e-01 3.174893382179946877e-01 4.807684906537669223e-01
1.403636582963555574e+09 4.594046072287540916e+00 -1.774980788471623105e+00 1.069348508852559831e+00 -6.755087829540674660e-01 -4.417594729774864115e-01 3.236685360672062473e-01 4.937358918963450916e-01
1.403636583063555717e+09 4.595185958559135031e+00 -1.772089887936207031e+00 1.101882163491626709e+00 -6.688668301305916719e-01 -4.364578245760230013e-01 3.285236035169725732e-01 5.041765294513834705e-01
1.403636583163555622e+09 4.596425289753472754e+00 -1.769987693985544341e+00 1.103994894227114720e+00 -6.671523664604673831e-01 -4.362590553996565923e-01 3.261125601083712522e-01 5.081696120859269250e-01
1.403636583263555765e+09 4.596523597908937830e+00 -1.769781614114171342e+00 1.076391476220309062e+00 -6.674679557657761109e-01 -4.395141746207954503e-01 3.233162952116018785e-01 5.067350309421094767e-01
1.403636583363555670e+09 4.596229201733048164e+00 -1.768536700305538556e+00 1.028442422073039708e+00 -6.691090411625819634e-01 -4.426615651749579161e-01 3.218341807764011908e-01 5.027589778764068873e-01
1.403636583463555574e+09 4.597714941067444272e+00 -1.767632368335773974e+00 9.671100045070528672e-01 -6.703145679968530724e-01 -4.478510923952960798e-01 3.214152678616482572e-01 4.967896985213733907e-01
1.403636583563555717e+09 4.600362355439878925e+00 -1.767174423541741035e+00 9.002141990784277015e-01 -6.726822304033147626e-01 -4.534952852011576718e-01 3.174540363759429940e-01 4.909822583236213567e-01
1.403636583663555622e+09 4.602641632665112503e+00 -1.767682804361755622e+00 8.317368379327362282e-01 -6.795267488805636358e-01 -4.589439407926930725e-01 3.108858961646596142e-01 4.805869498138510831e-01
1.403636583763555765e+09 4.606180534689040762e+00 -1.770285720943262309e+00 7.708801426848423954e-01 -6.923668473012474234e-01 -4.633199897620817742e-01 3.064382038377645445e-01 4.604979512155080723e-01
1.403636583863555670e+09 4.610509356543994741e+00 -1.772750991299772760e+00 7.203393429670826853e-01 -7.018884413305331860e-01 -4.675250465738977068e-01 2.992547640670261133e-01 4.463401538466573171e-01
1.403636583963555574e+09 4.615629845709482204e+00 -1.775366696917945797e+00 6.828094343232478103e-01 -7.025145247398927317e-01 -4.750525357061180509e-01 2.926889931976580095e-01 4.417370078560444169e-01
1.403636584063555717e+09 4.619302096170949667e+00 -1.779891083942598540e+00 6.678354853248206213e-01 -6.998998134563639839e-01 -4.802619581333693599e-01 2.953745455704092082e-01 4.384547645113726633e-01
1.403636584163555622e+09 4.618489532765551964e+00 -1.782002774657763355e+00 6.804175263037730570e-01 -6.980921170335556702e-01 -4.828071198904743122e-01 2.986654396712113413e-01 4.363068143688281775e-01
1.403636584263555765e+09 4.614491197184301008e+00 -1.781590324494619848e+00 7.189589270451217651e-01 -6.964515341025985240e-01 -4.829738779385669423e-01 3.000382154346847297e-01 4.377996838211383746e-01
1.403636584363555670e+09 4.608620841666603241e+00 -1.779462173100022193e+00 7.733929185373088488e-01 -6.940339616144187707e-01 -4.820874267611877650e-01 3.005175490713110631e-01 4.422643731805038225e-01
1.403636584463555574e+09 4.600912508688076663e+00 -1.774041459621112482e+00 8.382501320591340122e-01 -6.907447673178118697e-01 -4.806685678955029406e-01 2.958536486369743312e-01 4.519955894127046792e-01
1.403636584563555717e+09 4.593113052235444194e+00 -1.769599165205251623e+00 9.088193079995269263e-01 -6.861325459777900537e-01 -4.748344050970791930e-01 2.993812311795609471e-01 4.627367453569562472e-01
1.403636584663555622e+09 4.585748903861161629e+00 -1.765274468687264564e+00 9.793898509204217451e-01 -6.800779851413578658e-01 -4.635816020414028626e-01 3.055618552256634812e-01 4.787671511349207987e-01
1.403636584763555765e+09 4.581973188299889088e+00 -1.762622532652264873e+00 1.042114696488106507e+00 -6.725408734030002833e-01 -4.520435167340197680e-01 3.113695040530980451e-01 4.963813700440392607e-01
1.403636584863555670e+09 4.583008595936956198e+00 -1.763057521025927166e+00 1.094001460642048507e+00 -6.670371999646089733e-01 -4.434082188040893158e-01 3.180122331672260438e-01 5.072659508742459744e-01
1.403636584963555574e+09 4.584717420489066164e+00 -1.765364135849038618e+00 1.124122597943787438e+00 -6.658294354609525234e-01 -4.372521153782282788e-01 3.234737449696599154e-01 5.107313254406049552e-01
1.403636585063555717e+09 4.583236048478018354e+00 -1.765732070516091046e+00 1.123898911396871814e+00 -6.690053406693527993e-01 -4.345782858278943728e-01 3.214061770052806244e-01 5.101682438427763699e-01
1.403636585163555622e+09 4.580699744133925222e+00 -1.764455575516383101e+00 1.098693396363315422e+00 -6.729967470085366221e-01 -4.346181274739407963e-01 3.174693369625667394e-01 5.073417801398987237e-01
1.403636585263555765e+09 4.579092236207323197e+00 -1.760716292658742077e+00 1.055120997201102639e+00 -6.765368949625651940e-01 -4.367248748261112201e-01 3.083273684882211763e-01 5.064616938166769389e-01
1.403636585363555670e+09 4.578466230242426604e+00 -1.756001603600267469e+00 1.002074146272531774e+00 -6.774779563118709103e-01 -4.421101021721637325e-01 2.991651969234387920e-01 5.060261467736323349e-01
1.403636585463555574e+09 4.579819814490648788e+00 -1.753396474220344059e+00 9.492547131687217865e-01 -6.790287705493815995e-01 -4.493423223660890642e-01 2.949108269168506657e-01 5.000390087423822738e-01
1.403636585563555717e+09 4.587071067976089545e+00 -1.755018188964096115e+00 9.009414761057026322e-01 -6.808817492133064642e-01 -4.591571222722378165e-01 2.942813335298589128e-01 4.888489310521130782e-01
1.403636585663555622e+09 4.598930259355366701e+00 -1.759613575983404177e+00 8.640630140361866829e-01 -6.840700537160483430e-01 -4.685291286878245920e-01 2.979527004603980123e-01 4.730251636734633669e-01
1.403636585763555765e+09 4.611454821740633037e+00 -1.764949745315877783e+00 8.427299038461621983e-01 -6.904607844338563893e-01 -4.747558045464167487e-01 3.005184269829236920e-01 4.555869908724102246e-01
1.403636585863555670e+09 4.622159078337426230e+00 -1.770305467662164567e+00 8.344750697478586776e-01 -6.989619931168432609e-01 -4.790536887915844977e-01 3.012280340634027609e-01 4.372886540119728660e-01
1.403636585963555574e+09 4.630942754924139315e+00 -1.774435364037163954e+00 8.344988806511521862e-01 -7.092173859268138258e-01 -4.827746450318406435e-01 2.955479179284067337e-01 4.202270455619213085e-01
1.403636586063555717e+09 4.636021040139977956e+00 -1.776386356013974988e+00 8.361354830461098508e-01 -7.236268433655034249e-01 -4.836524486907030074e-01 2.777408983678013588e-01 4.065765534437650874e-01
1.403636586163555622e+09 4.639320694827157254e+00 -1.780583390858352821e+00 8.405255232661947851e-01 -7.372644987363399238e-01 -4.811895065479504519e-01 2.612486675035780026e-01 3.957863709361382210e-01
1.403636586263555765e+09 4.644554926279496954e+00 -1.787200334405727897e+00 8.454523113125193001e-01 -7.468219005814181743e-01 -4.822567941277909886e-01 2.516526680697656060e-01 3.825655080935971286e-01
1.403636586363555670e+09 4.652544443667012253e+00 -1.792306006849570643e+00 8.492001727411925271e-01 -7.569582929301559293e-01 -4.836598724146571326e-01 2.423020011510806926e-01 3.665747001884929746e-01
1.403636586463555574e+09 4.663078459712511226e+00 -1.796219624512614743e+00 8.515166194729100191e-01 -7.654978467232191885e-01 -4.865370028946353065e-01 2.329337374070324096e-01 3.507658270898291741e-01
1.403636586563555717e+09 4.673779298207344723e+00 -1.796427061793153479e+00 8.546311143046150249e-01 -7.694403696252268832e-01 -4.921458230192856664e-01 2.253835283738640227e-01 3.390520190375096998e-01
1.403636586663555622e+09 4.680232250504302804e+00 -1.791119339062887006e+00 8.593172270547986269e-01 -7.705691543793409259e-01 -4.935570720784192567e-01 2.241970242954015591e-01 3.352018633861881813e-01
1.403636586763555765e+09 4.682592534559200992e+00 -1.782747719879969273e+00 8.630412630109987049e-01 -7.679285061801068846e-01 -4.928490725304526254e-01 2.302098393427562950e-01 3.382144748109465748e-01
1.403636586863555670e+09 4.682003695621881789e+00 -1.773974728442405446e+00 8.643490126553894370e-01 -7.640235012184662944e-01 -4.927018053443877887e-01 2.361113849326492986e-01 3.431682306121061621e-01
1.403636586963555574e+09 4.679042806606706684e+00 -1.769994673885241454e+00 8.634324758743725514e-01 -7.595732759586665273e-01 -4.954986065364749281e-01 2.397891058401159514e-01 3.464545483757262567e-01
1.403636587063555717e+09 4.675058084877067088e+00 -1.766574728441571596e+00 8.631505122507073802e-01 -7.563093931577626883e-01 -4.999472485570225500e-01 2.408705445844494253e-01 3.464537937924619393e-01
1.403636587163555622e+09 4.671406051983026053e+00 -1.761101226530476627e+00 8.630318880940279769e-01 -7.558012981699475663e-01 -5.043606116685719343e-01 2.376763766547761447e-01 3.433579925707033742e-01
1.403636587263555765e+09 4.669219828213551082e+00 -1.750437577386942722e+00 8.619191499470071349e-01 -7.564303913899305121e-01 -5.050349372569706841e-01 2.368308868801295708e-01 3.415609845270616840e-01
1.403636587363555670e+09 4.668356718334218058e+00 -1.732504906833755687e+00 8.609586325426160647e-01 -7.584430823225686291e-01 -5.030548497727812540e-01 2.356590221923383077e-01 3.408294797350678307e-01
1.403636587463555574e+09 4.669849319423798661e+00 -1.708680100222748077e+00 8.603241167434083625e-01 -7.612391036726805504e-01 -5.003545602754693178e-01 2.347218814691077460e-01 3.392137665407428671e-01
1.403636587563555717e+09 4.674625806382588067e+00 -1.679355398970781899e+00 8.603527389218442734e-01 -7.642180028763447819e-01 -4.971565154895291050e-01 2.343599461797355732e-01 3.374635666448042581e-01
1.403636587663555622e+09 4.681027988507160842e+00 -1.645283367293210564e+00 8.613628393389385351e-01 -7.663588597861966667e-01 -4.918956843558067726e-01 2.345385862520061870e-01 3.401828703774531504e-01
1.403636587763555765e+09 4.687280571937004758e+00 -1.608826806669021003e+00 8.634941138643105196e-01 -7.682685642760683775e-01 -4.834494507300167720e-01 2.362304548370103285e-01 3.467494973918964773e-01
1.403636587863555670e+09 4.694546591884606990e+00 -1.572908904350261317e+00 8.639208083436016317e-01 -7.710334264336947685e-01 -4.761494243170236729e-01 2.350382519497430656e-01 3.514913955773210086e-01
1.403636587963555574e+09 4.703229194673546054e+00 -1.539839111151651174e+00 8.608917371956092968e-01 -7.760438287377018352e-01 -4.720172627921643826e-01 2.278180775915288614e-01 3.507913953146821195e-01
1.403636588063555717e+09 4.711573481455932466e+00 -1.511398877330440760e+00 8.563987099142861270e-01 -7.832495031590898105e-01 -4.685358353968001044e-01 2.165966034603658552e-01 3.465260424838148556e-01
1.403636588163555622e+09 4.718275685793569707e+00 -1.489440545235019453e+00 8.514630553951307856e-01 -7.859094477727760486e-01 -4.682954309414807392e-01 2.129924228400052189e-01 3.430451239612180014e-01
1.403636588263555765e+09 4.722807460255587841e+00 -1.474630539512880922e+00 8.476075087302755717e-01 -7.855089346693238106e-01 -4.685799327198615361e-01 2.141837510342751161e-01 3.428321469754575523e-01
1.403636588363555670e+09 4.724870737409754717e+00 -1.468065405599485729e+00 8.452139890929279975e-01 -7.840953256674109140e-01 -4.681825437639770549e-01 2.186345701863481039e-01 3.438001609956565785e-01
1.403636588463555574e+09 4.725236873988277964e+00 -1.469570882971559245e+00 8.440930150165225632e-01 -7.840309222309129744e-01 -4.666383873229011936e-01 2.210534992480549521e-01 3.444988808873208352e-01
1.403636588563555717e+09 4.724317978894695180e+00 -1.478273772786475426e+00 8.456391551543335217e-01 -7.842477786458664779e-01 -4.666199839258327042e-01 2.181988266290716683e-01 3.458474871208058188e-01
1.403636588663555622e+09 4.721707949170987462e+00 -1.495634117025866683e+00 8.495144840314080570e-01 -7.834327477482891933e-01 -4.671594547802018216e-01 2.194827800767888415e-01 3.461538426982923577e-01
1.403636588763555765e+09 4.718619339113317324e+00 -1.520474101763237496e+00 8.513079143400072990e-01 -7.822788463864677189e-01 -4.705298140149519748e-01 2.213473049404760529e-01 3.429968968006850139e-01
1.403636588863555670e+09 4.712941026321359139e+00 -1.550397961538581670e+00 8.518224733934094406e-01 -7.813004252194528654e-01 -4.739637516075725365e-01 2.231322247033211970e-01 3.393228816524524460e-01
1.403636588963555574e+09 4.705480687610260837e+00 -1.586139896036666386e+00 8.538369005149811786e-01 -7.788319882490808421e-01 -4.772851940363881384e-01 2.271348163599892500e-01 3.376823253158877658e-01
1.403636589063555717e+09 4.697390717208369537e+00 -1.626050162065454607e+00 8.579997720446874698e-01 -7.743413817574189562e-01 -4.809770211831371212e-01 2.328222478230397574e-01 3.388957516854318452e-01
1.403636589163555622e+09 4.688177114739128015e+00 -1.668039445017726718e+00 8.636786754066847482e-01 -7.694802304256387337e-01 -4.845751360367152039e-01 2.380155238875643064e-01 3.412267910168155227e-01
1.403636589263555765e+09 4.677761851318930297e+00 -1.712554546181088710e+00 8.687407780069458241e-01 -7.667600595841110867e-01 -4.877774348896276591e-01 2.408721045959547891e-01 3.407826495973368952e-01
1.403636589363555670e+09 4.667293872570280833e+00 -1.758341916870905353e+00 8.711860680338818774e-01 -7.646744348664934465e-01 -4.935881355665847625e-01 2.414983835560068071e-01 3.366337651355660876e-01
1.403636589463555574e+09 4.656316483747956703e+00 -1.803255569111563705e+00 8.720019493728456972e-01 -7.623142683567615263e-01 -4.988756963159258762e-01 2.410222875137702225e-01 3.345269089425010334e-01
1.403636589563555717e+09 4.645115498116259012e+00 -1.848510243170947476e+00 8.721572662344474480e-01 -7.601207806573472281e-01 -5.005917670072776993e-01 2.440217536291960365e-01 3.347800253496746037e-01
1.403636589663555622e+09 4.634374164220560921e+00 -1.892686215399016048e+00 8.716209239377463724e-01 -7.572806330302488398e-01 -5.029219107680129586e-01 2.465250025438944781e-01 3.358884005551384666e-01
1.403636589763555765e+09 4.624035344475554865e+00 -1.935961844400265974e+00 8.702479874907762536e-01 -7.550827944711775430e-01 -5.059312337777741586e-01 2.496290116403500348e-01 3.340193358612022489e-01
1.403636589863555670e+09 4.615480072548518997e+00 -1.974911346286259750e+00 8.668347862272963722e-01 -7.532811045505753977e-01 -5.123040428754168651e-01 2.514843251684981684e-01 3.269063770792999257e-01
1.403636589963555574e+09 4.608450660544235689e+00 -2.007862515762727895e+00 8.631298265490203736e-01 -7.515849947242170259e-01 -5.181274327102268762e-01 2.550180979856167540e-01 3.187941794925164274e-01
1.403636590063555717e+09 4.602436319540847975e+00 -2.033706976448200088e+00 8.610812900867242936e-01 -7.476671104560175252e-01 -5.210983635083723531e-01 2.617462037481999015e-01 3.177094778483184334e-01
1.403636590163555622e+09 4.598839401891144263e+00 -2.049965835447300044e+00 8.620259509115291152e-01 -7.432566689830119033e-01 -5.220872185351986827e-01 2.692335963247952102e-01 3.201682852258705969e-01
1.403636590263555765e+09 4.599309359368510819e+00 -2.054412166396688555e+00 8.637309516371222129e-01 -7.411034950749322281e-01 -5.229401739780489278e-01 2.710634183644325956e-01 3.222170188741066976e-01
1.403636590363555670e+09 4.603902174907764433e+00 -2.047373695301527352e+00 8.655565418737971584e-01 -7.421122004279931961e-01 -5.232006741958260543e-01 2.671852551334403802e-01 3.227112888267679169e-01
1.403636590463555574e+09 4.612354840376313270e+00 -2.029138680994165167e+00 8.675083378920790400e-01 -7.440710755701586132e-01 -5.209967683687636297e-01 2.621721211582715427e-01 3.258625181522796788e-01
1.403636590563555717e+09 4.623369515184255540e+00 -2.001788402320773042e+00 8.705984664495395320e-01 -7.449326597273816519e-01 -5.181040734317986507e-01 2.579481964051971166e-01 3.318225874411989129e-01
1.403636590663555622e+09 4.635842368865820795e+00 -1.968132409914051140e+00 8.730948468518378025e-01 -7.462144162083749199e-01 -5.145857627416000613e-01 2.547993795367076708e-01 3.368127284028156754e-01
1.403636590763555765e+09 4.648355340545053060e+00 -1.929813167012681463e+00 8.736328139580794572e-01 -7.497155754029432018e-01 -5.109569838162909550e-01 2.504638203068151880e-01 3.378126572597712207e-01
1.403636590863555670e+09 4.660495129300755934e+00 -1.888453922756052394e+00 8.720203684477692008e-01 -7.543674516643602557e-01 -5.084797306007610151e-01 2.475139641575041238e-01 3.333390900939078305e-01
1.403636590963555574e+09 4.672662153003510177e+00 -1.843996334961325978e+00 8.694062603480621210e-01 -7.574415311277523655e-01 -5.068233397837190735e-01 2.438058736697711337e-01 3.316189456853186335e-01
1.403636591063555717e+09 4.683497301772018062e+00 -1.799945769399871498e+00 8.667209354454392667e-01 -7.574414373123107280e-01 -5.061344246726416918e-01 2.448453764177378478e-01 3.319053401956812976e-01
1.403636591163555622e+09 4.692798882217925183e+00 -1.757926175465760021e+00 8.651560218864835505e-01 -7.582239136717737749e-01 -5.044774039470898419e-01 2.465256439012248335e-01 3.313972729853852939e-01
1.403636591263555765e+09 4.700771107740867372e+00 -1.719480586791405363e+00 8.623929757985802080e-01 -7.603512078114540440e-01 -5.028059590220310682e-01 2.449594860265356944e-01 3.302227408238476158e-01
1.403636591363555670e+09 4.707137684438030156e+00 -1.687490969253435891e+00 8.573593157739806125e-01 -7.633135594299794713e-01 -5.004695179664457871e-01 2.412569173160769853e-01 3.296631180825548846e-01
1.403636591463555574e+09 4.710282111067539468e+00 -1.663887386249649047e+00 8.501238520664731180e-01 -7.658836656380144658e-01 -4.971627579781048301e-01 2.396634165617986811e-01 3.298679274352209201e-01
1.403636591563555717e+09 4.709774136615814122e+00 -1.643691037083055306e+00 8.418422073617325418e-01 -7.675143930186740793e-01 -4.913657479809357964e-01 2.365398312201727749e-01 3.369425269488017238e-01
1.403636591663555622e+09 4.705225572545248980e+00 -1.627309694064283496e+00 8.342086362833772695e-01 -7.676623464865430790e-01 -4.792424216023846162e-01 2.348662668182577296e-01 3.547662044703695505e-01
1.403636591763555765e+09 4.699810459571014398e+00 -1.617013229691498299e+00 8.298773928772803510e-01 -7.628683582326387658e-01 -4.695236676491419958e-01 2.369208797583373660e-01 3.760955865990345814e-01
1.403636591863555670e+09 4.694122906738053658e+00 -1.608483429437533641e+00 8.294896199179411234e-01 -7.589562026507473691e-01 -4.587223991901221432e-01 2.392811328746664024e-01 3.953527316073996434e-01
1.403636591963555574e+09 4.688278487383382043e+00 -1.599823672030103339e+00 8.303417045755377979e-01 -7.614510120858012376e-01 -4.494759961717400554e-01 2.382471260289270865e-01 4.017486676989575067e-01
1.403636592063555717e+09 4.679663925254626378e+00 -1.585815968045161117e+00 8.297465982594433020e-01 -7.702334708268163688e-01 -4.413924602647747442e-01 2.313690156667337350e-01 3.979717012915516272e-01
1.403636592163555622e+09 4.666868663012598617e+00 -1.566825788920270357e+00 8.279925914764981743e-01 -7.792185283741039914e-01 -4.331047565434555935e-01 2.241240014018135718e-01 3.937095209587520572e-01
1.403636592263555765e+09 4.650682941427347394e+00 -1.547329338039636459e+00 8.260837864795367302e-01 -7.858167805639711956e-01 -4.302707262249273468e-01 2.172523544883851188e-01 3.875054890026749521e-01
1.403636592363555670e+09 4.629317847916864181e+00 -1.531169552333221384e+00 8.249713168215501158e-01 -7.894468788137708470e-01 -4.308769553687128440e-01 2.165267090276569995e-01 3.797826472352789917e-01
1.403636592463555574e+09 4.601067241766351401e+00 -1.521641548386840181e+00 8.255378624547968780e-01 -7.878998241207474384e-01 -4.366550239966078273e-01 2.216158423382396381e-01 3.734068499555538434e-01
1.403636592563555717e+09 4.568162505738061263e+00 -1.520347469195702406e+00 8.270406527903125804e-01 -7.788188245601987969e-01 -4.460771458263731448e-01 2.330780184952649381e-01 3.743408283588474661e-01
1.403636592663555622e+09 4.533037005893655547e+00 -1.528054045768621361e+00 8.266863961524417714e-01 -7.661919894736736181e-01 -4.590568504124370453e-01 2.448372613061948477e-01 3.771887575629340739e-01
1.403636592763555765e+09 4.498866232091453199e+00 -1.546352764689829851e+00 8.259269205050904228e-01 -7.544153674858867786e-01 -4.749317929636615032e-01 2.562670613928414998e-01 3.736635365921233132e-01
1.403636592863555670e+09 4.469055226688690041e+00 -1.578726942960856361e+00 8.249544673370241554e-01 -7.430600201542675309e-01 -4.933726097339025118e-01 2.716652021801305161e-01 3.614461126324734486e-01
1.403636592963555574e+09 4.448267448535984769e+00 -1.624920039850202391e+00 8.235802560804275085e-01 -7.318282487665126457e-01 -5.132970889210884957e-01 2.849996263753665771e-01 3.460183893644628306e-01
1.403636593063555717e+09 4.438989498099347841e+00 -1.683205492757103627e+00 8.231685454052055650e-01 -7.197203441572259663e-01 -5.329652408473497527e-01 2.975627820803710688e-01 3.307673940631399856e-01
1.403636593163555622e+09 4.442195783759408378e+00 -1.747890817192410795e+00 8.246749924336397308e-01 -7.071709213609180811e-01 -5.501881080238545385e-01 3.098984912600760699e-01 3.180648658456480815e-01
1.403636593263555765e+09 4.456960095896650209e+00 -1.813171431338377992e+00 8.290973883536484346e-01 -6.989857927872673571e-01 -5.594007794915369924e-01 3.249934788149996256e-01 3.047439386001631889e-01
1.403636593363555670e+09 4.482358999731807181e+00 -1.869451923762579071e+00 8.316976932769943875e-01 -6.945869743332309110e-01 -5.666644940767268102e-01 3.303907249390742318e-01 2.954357038572142935e-01
1.403636593463555574e+09 4.517575204001558653e+00 -1.911284606357421811e+00 8.309494867338694801e-01 -6.939233614347175561e-01 -5.699605542491799071e-01 3.288289558649195587e-01 2.923813483105515143e-01
1.403636593563555717e+09 4.558878301354495122e+00 -1.936331207825803702e+00 8.273326397912766916e-01 -6.995835907097899264e-01 -5.661994539095157597e-01 3.232494530139505828e-01 2.924222445853679186e-01
1.403636593663555622e+09 4.602825283074908569e+00 -1.945327026509690027e+00 8.218593140524022012e-01 -7.122208361769866158e-01 -5.564011233763139774e-01 3.149262437102460788e-01 2.897942915992035573e-01
1.403636593763555765e+09 4.647440809362316294e+00 -1.938221626014357657e+00 8.161099152464570405e-01 -7.299011584221817284e-01 -5.402115308397101856e-01 3.008489914569745238e-01 2.913858013374971967e-01
1.403636593863555670e+09 4.689749279167784834e+00 -1.915685234912185786e+00 8.113750282459482044e-01 -7.492404267226430159e-01 -5.146688048374201685e-01 2.853933694617484251e-01 3.038180853059335718e-01
1.403636593963555574e+09 4.727581455040634317e+00 -1.880565874169573881e+00 8.097716716316331054e-01 -7.663249031917483967e-01 -4.837085124003469572e-01 2.706621641767472664e-01 3.248295101476472158e-01
1.403636594063555717e+09 4.757840970855981233e+00 -1.835883238170763265e+00 8.098157143695094984e-01 -7.810514806170288926e-01 -4.534479972361584732e-01 2.535984626975247291e-01 3.464553624147211908e-01
1.403636594163555622e+09 4.776621129102981200e+00 -1.784220168054983624e+00 8.098965618880581419e-01 -7.955581119159791381e-01 -4.270075109431356042e-01 2.361531995325050204e-01 3.591427884747114274e-01
1.403636594263555765e+09 4.782401714979516605e+00 -1.726356461585835333e+00 8.079647468667647825e-01 -8.060980323328652553e-01 -4.093011660557133169e-01 2.195189481221415384e-01 3.667287132879901712e-01
1.403636594363555670e+09 4.774342797031349228e+00 -1.663978651783059481e+00 8.051852621509876240e-01 -8.107570973487038257e-01 -4.002305489877151512e-01 2.059680202751516809e-01 3.742534053013159556e-01
1.403636594463555574e+09 4.753681971047440058e+00 -1.600880864326228448e+00 8.028223232311769708e-01 -8.088489152971343188e-01 -3.968688871093564163e-01 1.991457181129800136e-01 3.854860589236606128e-01
1.403636594563555717e+09 4.722915416276883604e+00 -1.545483300114816938e+00 8.012956614790724963e-01 -8.039498201139496647e-01 -3.949362941700720331e-01 2.016579134165997211e-01 3.962626606714559907e-01
1.403636594663555622e+09 4.684696549660996467e+00 -1.508289832066259661e+00 8.005555041983132281e-01 -8.007738429799178270e-01 -3.929620420064752206e-01 2.083981418936200203e-01 4.011387545433149904e-01
1.403636594763555765e+09 4.641829051557244235e+00 -1.496210352283686040e+00 7.989087012396121068e-01 -7.955197794250058463e-01 -3.987808870559740315e-01 2.164859590165935377e-01 4.015668240917151244e-01
1.403636594863555670e+09 4.596223969336815429e+00 -1.511478687163193113e+00 7.950102393220610519e-01 -7.847839874289291862e-01 -4.148901283848466237e-01 2.296163656390575736e-01 3.990696669438388855e-01
1.403636594963555574e+09 4.553026518016615398e+00 -1.553477973105000798e+00 7.914798065138608507e-01 -7.682148078632695665e-01 -4.399474430150371873e-01 2.454877149130844927e-01 3.950038457925215685e-01
1.403636595063555717e+09 4.518835202854751820e+00 -1.617915353412654467e+00 7.897984030213434092e-01 -7.490675756507825245e-01 -4.699306932864419917e-01 2.667298184012499851e-01 3.832989885084741588e-01
1.403636595163555622e+09 4.495275857556481292e+00 -1.690601061620616186e+00 7.876359048357325365e-01 -7.321438319380377813e-01 -4.986497117097015153e-01 2.851093453694220070e-01 3.660963473594583406e-01
1.403636595263555765e+09 4.485138245995170081e+00 -1.760897103852752554e+00 7.863948882604070434e-01 -7.176963451374990255e-01 -5.220794134517530161e-01 3.026062343604335458e-01 3.475262711685949135e-01
1.403636595363555670e+09 4.490138925491598876e+00 -1.818399479911685823e+00 7.849644740244613450e-01 -7.058762075773737932e-01 -5.401474578039408003e-01 3.139966001439183363e-01 3.337448703758373325e-01
1.403636595463555574e+09 4.508729403393276769e+00 -1.855112677702072776e+00 7.847749911350724306e-01 -7.001765670935448105e-01 -5.489777404732624211e-01 3.195455061572101130e-01 3.259860194129528543e-01
1.403636595563555717e+09 4.538489220995570506e+00 -1.867152217659145963e+00 7.838365850261364010e-01 -6.992811505731520993e-01 -5.531692655765870770e-01 3.193712098522425435e-01 3.209543057696263024e-01
1.403636595663555622e+09 4.576576701524934343e+00 -1.855685664665853052e+00 7.812964716945023369e-01 -7.022730548875739665e-01 -5.531543305686256184e-01 3.134626877309569237e-01 3.202717382981749572e-01
1.403636595763555765e+09 4.618360065337906661e+00 -1.825415966813243474e+00 7.765000496127169027e-01 -7.101534830117708363e-01 -5.455583845155906886e-01 3.012080736407836135e-01 3.276000244575652531e-01
1.403636595863555670e+09 4.660123651664068944e+00 -1.783168399425659079e+00 7.695182299297729234e-01 -7.226273655284654041e-01 -5.301364613052126362e-01 2.828782318790276640e-01 3.416795705235705083e-01
1.403636595963555574e+09 4.701607812930628683e+00 -1.740269937896977259e+00 7.629874810984256239e-01 -7.382078632109261296e-01 -5.102097027428043052e-01 2.649104730447862099e-01 3.529272604827310422e-01
1.403636596063555717e+09 4.742626875198659775e+00 -1.708832896921876676e+00 7.585684671333100537e-01 -7.540727576027338452e-01 -4.910208945923731916e-01 2.457992325167888126e-01 3.603546789057581190e-01
1.403636596163555622e+09 4.779416443306820028e+00 -1.698857608618791648e+00 7.575582786239797306e-01 -7.666809882013347899e-01 -4.746561483262622394e-01 2.334828833154411198e-01 3.638509947566589409e-01
1.403636596263555765e+09 4.807808868799812174e+00 -1.714800172048873916e+00 7.622640835486427235e-01 -7.722632303091014894e-01 -4.648444216717295685e-01 2.318041474180465855e-01 3.657813609152602008e-01
1.403636596363555670e+09 4.831088805470983516e+00 -1.752132941961642487e+00 7.728982759779863265e-01 -7.734976411801007812e-01 -4.595484157120532931e-01 2.339034584429540986e-01 3.685184185814689428e-01
1.403636596463555574e+09 4.854303331994354487e+00 -1.799778544687909321e+00 7.855600647724614305e-01 -7.700105245477250060e-01 -4.603201881578120602e-01 2.354559367362434874e-01 3.738310023469859633e-01
1.403636596563555717e+09 4.873416134933086674e+00 -1.845506690380188886e+00 7.962723450975159878e-01 -7.646046737919485192e-01 -4.648511973414983789e-01 2.368734912503913104e-01 3.783966256304804876e-01
1.403636596663555622e+09 4.885582701690895036e+00 -1.881489831361699006e+00 8.031276642050163561e-01 -7.637804871343641944e-01 -4.671629466910441897e-01 2.354289675941250715e-01 3.781155245811762544e-01
1.403636596763555765e+09 4.888100263610818175e+00 -1.901210719998281951e+00 8.049288630765516483e-01 -7.620659775499151189e-01 -4.708747311206998853e-01 2.349164421477063780e-01 3.772886145400686231e-01
1.403636596863555670e+09 4.876295856670314066e+00 -1.900389910151986772e+00 8.026998549154189533e-01 -7.575989761179450221e-01 -4.731566078951621179e-01 2.352919692498678383e-01 3.831504991471426647e-01
1.403636596963555574e+09 4.848489623493109413e+00 -1.881860698825512657e+00 7.989606902262635924e-01 -7.545701969900902029e-01 -4.752976313308094891e-01 2.327476823429639741e-01 3.880006389551919899e-01
1.403636597063555717e+09 4.807643697987466602e+00 -1.851567430795317826e+00 7.941550552498328752e-01 -7.569326940706396778e-01 -4.779930687939140110e-01 2.272456974044484157e-01 3.833209045214022170e-01
1.403636597163555622e+09 4.758737913344406323e+00 -1.815705145199577819e+00 7.905223111530861324e-01 -7.579971604502735438e-01 -4.855370088668775619e-01 2.262977772880829797e-01 3.721336235338072451e-01
1.403636597263555765e+09 4.704477178136316162e+00 -1.778044037573262681e+00 7.923650374489512593e-01 -7.529703860967013052e-01 -4.962000237806538649e-01 2.312645699809768030e-01 3.651545326748344977e-01
1.403636597363555670e+09 4.647206526160693407e+00 -1.743796329899833797e+00 7.967012338146310935e-01 -7.436017931115094237e-01 -5.072997247197109649e-01 2.404611827001076896e-01 3.631553141496328130e-01
1.403636597463555574e+09 4.590958411558526464e+00 -1.716880359687233515e+00 7.994415718152542150e-01 -7.323941716020566650e-01 -5.201171914268882812e-01 2.490911637372132115e-01 3.619813209733113712e-01
1.403636597563555717e+09 4.544577313037154731e+00 -1.703585721218417781e+00 8.003200909833569909e-01 -7.195367184153679263e-01 -5.337461906213814000e-01 2.617975457519621796e-01 3.589484083924271984e-01
1.403636597663555622e+09 4.514571589031968202e+00 -1.708326439962318588e+00 8.001625788914336068e-01 -7.065438247311662812e-01 -5.441439476895393312e-01 2.811869688016612745e-01 3.544532077767553191e-01
1.403636597763555765e+09 4.504206514462894440e+00 -1.728120249205680636e+00 7.990972120965559311e-01 -6.942351404655849878e-01 -5.526716284819337410e-01 2.980032778072401189e-01 3.518319019503461376e-01
1.403636597863555670e+09 4.513169342531629269e+00 -1.755110214512867861e+00 7.977919281479661784e-01 -6.841158287864309573e-01 -5.597056379641672796e-01 3.070852682886873741e-01 3.527233613400793111e-01
1.403636597963555574e+09 4.538590790652177631e+00 -1.781667267239683161e+00 7.955128584783610624e-01 -6.765512251740445349e-01 -5.679091591413674145e-01 3.087548342976906834e-01 3.527436448423270643e-01
1.403636598063555717e+09 4.574429610847966288e+00 -1.805612886252600191e+00 7.919306342604935933e-01 -6.755174921381870146e-01 -5.734153169927469484e-01 3.053180413259766746e-01 3.487863037653733955e-01
1.403636598163555622e+09 4.614349446961032442e+00 -1.824025561931590156e+00 7.856397079172184883e-01 -6.808941048225168879e-01 -5.768178684609378548e-01 2.974149669106087024e-01 3.394240741309973997e-01
1.403636598263555765e+09 4.650534986070520738e+00 -1.833307107869780461e+00 7.743987557743670092e-01 -6.883281979387125826e-01 -5.814325369887930473e-01 2.826228452887600828e-01 3.290362049594327543e-01
1.403636598363555670e+09 4.674104224176419464e+00 -1.832827249844993567e+00 7.606669188558701222e-01 -6.939322720739005135e-01 -5.831494998217986447e-01 2.699396279781947072e-01 3.248495957807764900e-01
1.403636598463555574e+09 4.679842322030343560e+00 -1.823394526052717568e+00 7.454847760613951824e-01 -6.959882924675030447e-01 -5.822250963578349259e-01 2.629772910501252392e-01 3.278066172474513040e-01
1.403636598563555717e+09 4.667874468191198112e+00 -1.807207925501393531e+00 7.316059332332300880e-01 -6.920909146893042818e-01 -5.812815276411236187e-01 2.684147498823975519e-01 3.332798725895294578e-01
1.403636598663555622e+09 4.643166282493912611e+00 -1.787753351887816144e+00 7.192200221475488764e-01 -6.838632860882507547e-01 -5.803541766704394256e-01 2.822497394748338939e-01 3.403749698907718169e-01
1.403636598763555765e+09 4.614173139667741452e+00 -1.768724183132723171e+00 7.036251054486173384e-01 -6.719653150316153845e-01 -5.793465382965514721e-01 3.022491794892077643e-01 3.485192067252032011e-01
1.403636598863555670e+09 4.586423915397817908e+00 -1.751313347643226770e+00 6.836388038592302596e-01 -6.608911464882881726e-01 -5.746101856650434048e-01 3.221164689171763240e-01 3.595650253788739703e-01
1.403636598963555574e+09 4.561791476945558088e+00 -1.735581828319191944e+00 6.606632481377840982e-01 -6.534456781749403698e-01 -5.682064825722931145e-01 3.339978148660590618e-01 3.722842979525356477e-01
1.403636599063555717e+09 4.542625211040349775e+00 -1.724094032332491144e+00 6.394095178875747187e-01 -6.464140677401107871e-01 -5.632824799533997506e-01 3.451357032038325223e-01 3.817630772864594180e-01
1.403636599163555622e+09 4.528661965664485756e+00 -1.716423247972684862e+00 6.258900817804788907e-01 -6.366346404207294807e-01 -5.561750088625385668e-01 3.644168250798121567e-01 3.905970708183467699e-01
1.403636599263555765e+09 4.514941310947785169e+00 -1.710178169381567637e+00 6.166394746187501275e-01 -6.242305196551309887e-01 -5.434324392118324853e-01 3.824661222549159967e-01 4.107762257855858690e-01
1.403636599363555670e+09 4.503219701530983166e+00 -1.705259531462850919e+00 6.084489654520417456e-01 -6.165402560056415515e-01 -5.321218048423257407e-01 3.946308422815611450e-01 4.254303654606581553e-01
1.403636599463555574e+09 4.493772054811596028e+00 -1.701005352009396843e+00 5.981645606431260642e-01 -6.142132052577556900e-01 -5.281031761445857953e-01 3.930324354252243690e-01 4.351720102864054529e-01
1.403636599563555717e+09 4.486872146193292110e+00 -1.698247476452423799e+00 5.892181956118802688e-01 -6.210682546407512161e-01 -5.240417329745882258e-01 3.869806112995926584e-01 4.357757355070095984e-01
1.403636599663555622e+09 4.484302318061232029e+00 -1.696049057881769517e+00 5.806161538586211979e-01 -6.259382680897926932e-01 -5.236509538080540427e-01 3.816563496807066636e-01 4.339693466882941775e-01
1.403636599763555765e+09 4.484500639628338448e+00 -1.694058535585072356e+00 5.773639566805397472e-01 -6.211867670667150509e-01 -5.197227559997431579e-01 3.876080257121296557e-01 4.401991318946225085e-01
1.403636599863555670e+09 4.485165085820731257e+00 -1.692757733770461126e+00 5.771334825872832530e-01 -6.153408656888265105e-01 -5.131859228250390537e-01 3.955234665223196777e-01 4.489510163232806050e-01
1.403636599963555574e+09 4.485995679327235308e+00 -1.691887730825674341e+00 5.767094910474330760e-01 -6.164757315498949897e-01 -5.106097963335058942e-01 3.973871944629954744e-01 4.486855535618537449e-01
1.403636600063555717e+09 4.486500094992529775e+00 -1.690641988292078901e+00 5.757189919994951666e-01 -6.182793017158272342e-01 -5.085668041489725955e-01 3.990210817385090314e-01 4.470712327087484339e-01
1.403636600163555622e+09 4.487197913004498773e+00 -1.689588990013795700e+00 5.757013651534566012e-01 -6.166561043953465715e-01 -5.068404399174437636e-01 4.017283537861208731e-01 4.488455715951091274e-01
1.403636600263555765e+09 4.487180833917262746e+00 -1.690046411362663425e+00 5.758413145872260941e-01 -6.171833050813115840e-01 -5.062878576727247726e-01 4.026220077852022405e-01 4.479429561329029141e-01
1.403636600363555670e+09 4.487293218253919136e+00 -1.690328165118563986e+00 5.759485331426038579e-01 -6.175754664259578419e-01 -5.056830245999754947e-01 4.033158758262761490e-01 4.474612007835595540e-01
1.403636600463555574e+09 4.487342844919869123e+00 -1.690531784205410837e+00 5.760667299578207112e-01 -6.177233401743148500e-01 -5.054848010073451636e-01 4.037697406505021958e-01 4.470715686436326219e-01
1.403636600563555717e+09 4.487323064646711046e+00 -1.690293980483444924e+00 5.759954303332113223e-01 -6.174648948622385447e-01 -5.057124356077989935e-01 4.033671699847415915e-01 4.475343140619421067e-01
1.403636600663555622e+09 4.487327093223835384e+00 -1.690387632535154783e+00 5.760226119908531395e-01 -6.176417889110173975e-01 -5.054707646366444207e-01 4.036230618544363602e-01 4.473324833138030976e-01
1.403636600763555765e+09 4.487290255523826765e+00 -1.690477398868745151e+00 5.760980951182965715e-01 -6.178343598454761887e-01 -5.053211576501809299e-01 4.037523376819979748e-01 4.471188670160702316e-01
1.403636600863555670e+09 4.487300500541025805e+00 -1.690454406819840383e+00 5.760701387696393061e-01 -6.178261601964540883e-01 -5.053568546877466039e-01 4.037155175776842020e-01 4.471230994524834634e-01
1.403636600963555574e+09 4.487323907852710292e+00 -1.690462978260160565e+00 5.761023534270144353e-01 -6.178839522053127808e-01 -5.052587102392337437e-01 4.037936646605983504e-01 4.470835869437537746e-01
1.403636601063555717e+09 4.487348266868235847e+00 -1.690445978008105365e+00 5.760990861672987684e-01 -6.178202014374108986e-01 -5.053440710020526971e-01 4.037627441940453976e-01 4.471031368709055265e-01
1.403636601163555622e+09 4.487305039632426329e+00 -1.690438430635343714e+00 5.760620262556821469e-01 -6.178380545176612726e-01 -5.053080098508186957e-01 4.037977970929704230e-01 4.470875670752889608e-01
1.403636601263555765e+09 4.487325105415906457e+00 -1.690448069520721353e+00 5.760708059513974799e-01 -6.178902631624325625e-01 -5.052470443986660786e-01 4.038667122158617895e-01 4.470220638619774589e-01
1.403636601363555670e+09 4.487311453423444618e+00 -1.690428497277740361e+00 5.760352943144377846e-01 -6.178051535677157036e-01 -5.053368403400886333e-01 4.037672242138328205e-01 4.471280562332485831e-01
1.403636601463555574e+09 4.487309909920417894e+00 -1.690431095831877117e+00 5.760169503543708380e-01 -6.178618108001502351e-01 -5.052837656888365947e-01 4.037414162793768746e-01 4.471330536504665720e-01
1.403636601563555717e+09 4.487323356056864831e+00 -1.690423491529010835e+00 5.760266119112038563e-01 -6.177737976870398828e-01 -5.053332286260787676e-01 4.037126428133906431e-01 4.472247365366804894e-01
1.403636601663555622e+09 4.487273807992175456e+00 -1.690416868646472226e+00 5.760055873737097709e-01 -6.178050972270263674e-01 -5.053544843297471667e-01 4.036108465315572658e-01 4.472493617325795645e-01
1.403636601763555765e+09 4.487316479454498186e+00 -1.690386250008267366e+00 5.760021704545652543e-01 -6.178004760751170110e-01 -5.052980742795785130e-01 4.036934621853510152e-01 4.472449177794118325e-01
1.403636601863555670e+09 4.487287202014666576e+00 -1.690385727537607963e+00 5.759932563934105909e-01 -6.178244122389252579e-01 -5.052998917565273418e-01 4.037165686687668731e-01 4.471889390568433154e-01
1.403636601963555574e+09 4.487321047659643902e+00 -1.690395030404928001e+00 5.759872288526317607e-01 -6.178527437638813291e-01 -5.053091790371572189e-01 4.036602894974130051e-01 4.471901064280181526e-01
1.403636602063555717e+09 4.487395672920359679e+00 -1.690394635012335556e+00 5.760081814352273621e-01 -6.178000327297452632e-01 -5.053897809498870686e-01 4.035338113404335902e-01 4.472859845508398990e-01
1.403636602163555622e+09 4.487342405862052352e+00 -1.690384840416959467e+00 5.759855588420770278e-01 -6.178273488201412311e-01 -5.053832557685825622e-01 4.035198825663326438e-01 4.472681927124668166e-01
1.403636602263555765e+09 4.487365705237901459e+00 -1.690320395407801435e+00 5.759485815719979085e-01 -6.178353463653014632e-01 -5.052827988279579019e-01 4.037049077117388363e-01 4.472036733745707315e-01
1.403636602363555670e+09 4.487357586345563476e+00 -1.690346238517621336e+00 5.759901420803570371e-01 -6.178627468690184310e-01 -5.053428169901095224e-01 4.036294079147135783e-01 4.471661485559809690e-01
1.403636602463555574e+09 4.487304487503906536e+00 -1.690356512473109918e+00 5.759638077343389728e-01 -6.177818594669590713e-01 -5.053430536172510701e-01 4.037146343857894726e-01 4.472007001974470097e-01
1.403636602563555717e+09 4.487321422420351702e+00 -1.690390624506221906e+00 5.759940999028102526e-01 -6.178263002438690865e-01 -5.053555527855261298e-01 4.036468731256087628e-01 4.471863479710966316e-01
1.403636602663555622e+09 4.487267830568676175e+00 -1.690414813254169202e+00 5.759351613559795524e-01 -6.178164073932753686e-01 -5.052566616856049020e-01 4.036587361993484446e-01 4.473010365155991597e-01
1.403636602763555765e+09 4.487291460931443154e+00 -1.690378496243039042e+00 5.759791963872209486e-01 -6.178432658675975242e-01 -5.052968446502503763e-01 4.036821375872355899e-01 4.471974165864133210e-01
1.403636602863555670e+09 4.487332073188979642e+00 -1.690398264782943638e+00 5.759963729837365154e-01 -6.178365062115397377e-01 -5.052969786403816999e-01 4.036670381292268850e-01 4.472202335507605708e-01
1.403636602963555574e+09 4.487343109162466703e+00 -1.690407436336542890e+00 5.759875466607695671e-01 -6.177869153450966655e-01 -5.053237094363086657e-01 4.036953259790421744e-01 4.472330038051684498e-01
1.403636603063555717e+09 4.487276802024474875e+00 -1.690407771209519128e+00 5.759646601531602794e-01 -6.178425441008557062e-01 -5.052864531704369666e-01 4.037225537220899829e-01 4.471736693473084556e-01
1.403636603163555622e+09 4.487317284860157685e+00 -1.690390226356759840e+00 5.759494284082362636e-01 -6.177981638446422563e-01 -5.052062047077378049e-01 4.038302607407500133e-01 4.472283980082766841e-01
1.403636603263555765e+09 4.487329065545702100e+00 -1.690393429770228995e+00 5.759769161018957195e-01 -6.178671031547633419e-01 -5.052116902055411307e-01 4.037539909388909720e-01 4.471958248013038206e-01
1.403636603363555670e+09 4.487338901729406082e+00 -1.690372771061501300e+00 5.759773678490969218e-01 -6.177742932418983646e-01 -5.053474535590102290e-01 4.037827203532998732e-01 4.471447064821245654e-01
1.403636603463555574e+09 4.487316151053804880e+00 -1.690377457744066003e+00 5.759527494495115807e-01 -6.177842163831629430e-01 -5.053005057375679066e-01 4.038025083815049432e-01 4.471661828828342178e-01
1.403636603563555717e+09 4.487338636489130117e+00 -1.690363036126147689e+00 5.759504444372293142e-01 -6.177965486105212456e-01 -5.052871640450238289e-01 4.037947461519076908e-01 4.471712304658938542e-01
1.403636603663555622e+09 4.487351271572081579e+00 -1.690372439327596510e+00 5.759534377712938191e-01 -6.178209872434529126e-01 -5.052369364317719214e-01 4.037925244568601468e-01 4.471962242453733638e-01
1.403636603763555765e+09 4.487320464241784990e+00 -1.690391063361298851e+00 5.758933145268776421e-01 -6.177729659419330943e-01 -5.052450626780649046e-01 4.038257764099709157e-01 4.472233575045356235e-01
1.403636603863555670e+09 4.487327461313041610e+00 -1.690375701217037729e+00 5.759536747509680366e-01 -6.177499100479592054e-01 -5.052253653568130609e-01 4.038390487741765345e-01 4.472654709688436703e-01
1.403636603963555574e+09 4.487333639893619441e+00 -1.690339529797471929e+00 5.759693967676684512e-01 -6.177711401637746569e-01 -5.052953885813512569e-01 4.037613068680805939e-01 4.472272305387399727e-01
1.403636604063555717e+09 4.487319521930684729e+00 -1.690397453962504182e+00 5.759472902578686160e-01 -6.177975937519026850e-01 -5.053120175625773758e-01 4.036433248954078290e-01 4.472783968945706623e-01
1.403636604163555622e+09 4.487353827351851621e+00 -1.690389614692460851e+00 5.759464558270694923e-01 -6.178677068492320901e-01 -5.052013411674767251e-01 4.037558812486737314e-01 4.472049754559553891e-01
1.403636604263555765e+09 4.487348449062997346e+00 -1.690396880673460389e+00 5.759556616062013745e-01 -6.178743133171340496e-01 -5.051971472456588952e-01 4.037432699084380627e-01 4.472119713976475674e-01
1.403636604363555670e+09 4.487327896199117205e+00 -1.690383455759627340e+00 5.759558109076852173e-01 -6.178103450833635213e-01 -5.053154634780827603e-01 4.036526968078578692e-01 4.472484323478949086e-01
1.403636604463555574e+09 4.487384264509277187e+00 -1.690376758769541077e+00 5.759865859307459202e-01 -6.178379342540794017e-01 -5.053060269012308314e-01 4.036930781964281900e-01 4.471845310274465968e-01
1.403636604563555717e+09 4.487332158962297868e+00 -1.690410698350998553e+00 5.759794677879546132e-01 -6.178463442621296986e-01 -5.053277368718451790e-01 4.036589207575628224e-01 4.471792134287334575e-01
1.403636604663555622e+09 4.487351424712963777e+00 -1.690394456215240870e+00 5.759519122015637205e-01 -6.178592392664432609e-01 -5.053118993961911443e-01 4.036515619825410961e-01 4.471859359268358092e-01
1.403636604763555765e+09 4.487336675207012071e+00 -1.690380886282179418e+00 5.759530962189491898e-01 -6.178454839046457758e-01 -5.053051495401992277e-01 4.036753464699452398e-01 4.471910984346189055e-01
1.403636604863555670e+09 4.487323279493941719e+00 -1.690409039963138182e+00 5.759677686576987199e-01 -6.178354840115617419e-01 -5.053243399741351727e-01 4.036472733194757523e-01 4.472085697609744503e-01
1.403636604963555574e+09 4.487341872309743351e+00 -1.690376986705928841e+00 5.759306812975439893e-01 -6.178168142615583225e-01 -5.052484293169317020e-01 4.038158641804551752e-01 4.471679287747111209e-01
1.403636605063555717e+09 4.487345846978293196e+00 -1.690392329932901561e+00 5.759531057740611137e-01 -6.178380615789317298e-01 -5.052701262650844960e-01 4.037832949540762773e-01 4.471434667804989882e-01
1.403636605163555622e+09 4.487315683894651741e+00 -1.690420714700735072e+00 5.759560452300512834e-01 -6.178840838507998479e-01 -5.052153333733427898e-01 4.036959673025289907e-01 4.472206299266565099e-01
1.403636605263555765e+09 4.487373130653635300e+00 -1.690412553022503817e+00 5.759680007353251696e-01 -6.178638755157114248e-01 -5.052234829308697162e-01 4.037765592582759355e-01 4.471665839722974711e-01
1.403636605363555670e+09 4.487360297312624979e+00 -1.690394421190065444e+00 5.759551107051898988e-01 -6.178268945908774734e-01 -5.052240455205396774e-01 4.038731155581555821e-01 4.471298454335175254e-01
1.403636605463555574e+09 4.487341480249202874e+00 -1.690421681754051608e+00 5.759639118558648185e-01 -6.178563305294566543e-01 -5.051918034498035226e-01 4.037525187668445370e-01 4.472345024047659212e-01
1.403636605563555717e+09 4.487328650235690830e+00 -1.690417161674816926e+00 5.759606697880454984e-01 -6.178671637112709281e-01 -5.052580582535025622e-01 4.036743274698811335e-01 4.472152724572683313e-01
1.403636605663555622e+09 4.487342841794133896e+00 -1.690390853366196877e+00 5.759740395216990105e-01 -6.178521019539134906e-01 -5.053040176547131113e-01 4.037140415149881312e-01 4.471483003845261872e-01
1.403636605763555765e+09 4.487341139820793856e+00 -1.690419926055709787e+00 5.759716327123683977e-01 -6.178566668986121835e-01 -5.052951578087915285e-01 4.036200675684571415e-01 4.472368318016300970e-01
1.403636605863555670e+09 4.487359275858511687e+00 -1.690399248641404117e+00 5.759798551059533978e-01 -6.179196697279240036e-01 -5.051990702186283100e-01 4.037338213543034127e-01 4.471556582536086455e-01
1.403636605963555574e+09 4.487331764964199721e+00 -1.690417562563139242e+00 5.759272121647953657e-01 -6.178469027474414732e-01 -5.052229335489025752e-01 4.037055409556128405e-01 4.472547689889630473e-01
1.403636606063555717e+09 4.487335668023272994e+00 -1.690386029291921277e+00 5.759651389972640922e-01 -6.178525162991989061e-01 -5.052414708643511165e-01 4.037714022880867781e-01 4.471666120316761805e-01
1.403636606163555622e+09 4.487331977421311180e+00 -1.690409232241679494e+00 5.759545218401949107e-01 -6.178083216662313415e-01 -5.053117331008918356e-01 4.036575387779625101e-01 4.472510720593581568e-01
1.403636606263555765e+09 4.487363279028130592e+00 -1.690384546122370768e+00 5.760000256857515932e-01 -6.178076909498013691e-01 -5.053623686174579799e-01 4.036669827721133808e-01 4.471862032848125112e-01
1.403636606363555670e+09 4.487372313251712264e+00 -1.690367808590464538e+00 5.759722110085148117e-01 -6.178738568887972571e-01 -5.052630255441592499e-01 4.037713264010449055e-01 4.471128358341607822e-01
1.403636606463555574e+09 4.487368935857091401e+00 -1.690406793886578773e+00 5.759618744551140423e-01 -6.178345561043644407e-01 -5.052833661850406610e-01 4.037057542480421146e-01 4.472033599237109081e-01
1.403636606563555717e+09 4.487369589010183901e+00 -1.690383513184314790e+00 5.759769998154935511e-01 -6.178760720588517552e-01 -5.052540060382966214e-01 4.037629655283638819e-01 4.471275171884624977e-01
1.403636606663555622e+09 4.487355901642311906e+00 -1.690389859268134121e+00 5.759601789637120994e-01 -6.178632404231343411e-01 -5.052766470052799663e-01 4.036972343170843192e-01 4.471790123984611953e-01
1.403636606763555765e+09 4.487372083084718355e+00 -1.690380628627732529e+00 5.759534124051276516e-01 -6.178091439792486872e-01 -5.052677272488305116e-01 4.037850718405251449e-01 4.471845269854170524e-01
1.403636606863555670e+09 4.487335353697281981e+00 -1.690373675541743559e+00 5.759359154588026275e-01 -6.178459884226070731e-01 -5.052784662920979386e-01 4.037327180886693401e-01 4.471687583411124156e-01
1.403636606963555574e+09 4.487350977862661239e+00 -1.690405390608527236e+00 5.759805179453230117e-01 -6.178420649609785986e-01 -5.053187578861804141e-01 4.036597932171614445e-01 4.471944845735464913e-01
1.403636607063555717e+09 4.487314738154284832e+00 -1.690429114692892476e+00 5.759656455507458084e-01 -6.178965083200187447e-01 -5.052415821073373836e-01 4.036770381136669528e-01 4.471908961678236483e-01
1.403636607163555622e+09 4.487365108110381584e+00 -1.690384812202847531e+00 5.759557985404539782e-01 -6.178178500999571554e-01 -5.052992500269724019e-01 4.037630505489730459e-01 4.471567633743598336e-01
1.403636607263555765e+09 4.487324173297509766e+00 -1.690390694145126771e+00 5.759346396780643529e-01 -6.178416235056599648e-01 -5.052438126962932596e-01 4.037041410423306553e-01 4.472397394030156459e-01
1.403636607363555670e+09 4.487340661324128455e+00 -1.690352028387627659e+00 5.759231824619313045e-01 -6.178209844294136888e-01 -5.052551620779424102e-01 4.038148248696215026e-01 4.471554982416958701e-01
1.403636607463555574e+09 4.487334800000179591e+00 -1.690367419160242690e+00 5.759369385031595234e-01 -6.178407654197507481e-01 -5.052450347626392668e-01 4.037766999423735848e-01 4.471740377267917621e-01
1.403636607563555717e+09 4.487312360964267555e+00 -1.690395218110173348e+00 5.759105571656402134e-01 -6.178161800800004988e-01 -5.052870927177811611e-01 4.037196307613178381e-01 4.472120093446887990e-01
1.403636607663555622e+09 4.487343478237662886e+00 -1.690376575570556872e+00 5.759279973504125572e-01 -6.177539655729020751e-01 -5.053462243802240295e-01 4.037200595619052645e-01 4.472307514370374992e-01
1.403636607763555765e+09 4.487358401252072859e+00 -1.690352582482706589e+00 5.759569255807883703e-01 -6.178457301157578296e-01 -5.053260179656652307e-01 4.037104664737535820e-01 4.471354700806395299e-01
1.403636607863555670e+09 4.487384382635042357e+00 -1.690364249628944382e+00 5.759695301195577599e-01 -6.178653221320329347e-01 -5.053068100922897266e-01 4.036640301054443825e-01 4.471720275017936896e-01
1.403636607963555574e+09 4.487385864612353892e+00 -1.690379069450442584e+00 5.759811753168164739e-01 -6.178798013897093266e-01 -5.052660341935167887e-01 4.036937867061110574e-01 4.471712337571031592e-01
1.403636608063555717e+09 4.487370474101259887e+00 -1.690385282336565709e+00 5.759619075182440540e-01 -6.178639161681556136e-01 -5.052684421755164745e-01 4.037326118743902459e-01 4.471554098386382736e-01
1.403636608163555622e+09 4.487357911634207497e+00 -1.690403893751446285e+00 5.759780589753891178e-01 -6.178741530536884241e-01 -5.052518113533990274e-01 4.037071599569730385e-01 4.471830353577504469e-01
1.403636608263555765e+09 4.487345192123158633e+00 -1.690409495260316586e+00 5.759544837119072724e-01 -6.178369928947291534e-01 -5.053443224531367628e-01 4.035815198700204998e-01 4.472432479027302898e-01
1.403636608363555670e+09 4.487337611694129258e+00 -1.690398743360095990e+00 5.759366472267781756e-01 -6.178250739184966145e-01 -5.052931656939561034e-01 4.036698344307213526e-01 4.472378109141245117e-01
1.403636608463555574e+09 4.487383325967273073e+00 -1.690375921837777851e+00 5.759667142691533570e-01 -6.178717239510806980e-01 -5.052082859168645079e-01 4.038162250235961537e-01 4.471370897055568783e-01
1.403636608563555717e+09 4.487401559288211494e+00 -1.690374872029697162e+00 5.759505710084200647e-01 -6.178762564757391829e-01 -5.051765890790220759e-01 4.038202206975777253e-01 4.471630294263727601e-01
1.403636608663555622e+09 4.487359698885093451e+00 -1.690379752695729820e+00 5.759646370778048752e-01 -6.179243288473668105e-01 -5.052206197972053392e-01 4.037264048773342440e-01 4.471315680592028441e-01
1.403636608763555765e+09 4.487335926769658201e+00 -1.690388039816996368e+00 5.759695204846824179e-01 -6.178699747627887096e-01 -5.053315632396710999e-01 4.036551024105934360e-01 4.471456851835592383e-01
1.403636608863555670e+09 4.487349551684293836e+00 -1.690381950090602770e+00 5.759763405142526160e-01 -6.178298171359364321e-01 -5.053720057661109655e-01 4.036616655187493241e-01 4.471495416930926226e-01
1.403636608963555574e+09 4.487362186933767205e+00 -1.690402701908434446e+00 5.759742778941988606e-01 -6.178381191727529975e-01 -5.053611829374513587e-01 4.036178973361824740e-01 4.471898100662112241e-01
1.403636609063555717e+09 4.487334344414739995e+00 -1.690373923353120089e+00 5.759403261228343007e-01 -6.178114905897640341e-01 -5.053214586277715581e-01 4.037419530997327644e-01 4.471595026976036835e-01
1.403636609163555622e+09 4.487323956669958314e+00 -1.690378240915946906e+00 5.759321258008260891e-01 -6.178345098005553204e-01 -5.052754654265116940e-01 4.037828320972475793e-01 4.471427591285085934e-01
1.403636609263555765e+09 4.487366555255551503e+00 -1.690394117817693775e+00 5.759778979352188077e-01 -6.178577236664004602e-01 -5.053155500826616020e-01 4.036828026516558476e-01 4.471557033000197467e-01
1.403636609363555670e+09 4.487357073666428775e+00 -1.690381530158401091e+00 5.759529493016776192e-01 -6.179173028975064597e-01 -5.052336908275971705e-01 4.037420517865888403e-01 4.471123796672943351e-01
1.403636609463555574e+09 4.487389301953077059e+00 -1.690365399320799433e+00 5.759856188407714850e-01 -6.179284631736986499e-01 -5.052470333787948409e-01 4.037022307300003887e-01 4.471178352127536670e-01
1.403636609563555717e+09 4.487392497943603509e+00 -1.690351095505438161e+00 5.759589663108095614e-01 -6.178725293560887177e-01 -5.052420238119316176e-01 4.037913220278825377e-01 4.471203452053019722e-01
1.403636609663555622e+09 4.487397047024719754e+00 -1.690353983483607658e+00 5.759499079178045378e-01 -6.179463777918793310e-01 -5.051853121288437665e-01 4.038739573882831335e-01 4.470077193144499361e-01
1.403636609763555765e+09 4.487345919033844055e+00 -1.690391745136033963e+00 5.759865855215269281e-01 -6.179009054808419776e-01 -5.052108777047027433e-01 4.037081575942896849e-01 4.471914171209278588e-01
1.403636609863555670e+09 4.487331623837645722e+00 -1.690389828768269043e+00 5.759871015490189983e-01 -6.178684102491819319e-01 -5.052890185040416204e-01 4.036225369561214360e-01 4.472253157598249929e-01
1.403636609963555574e+09 4.487380509716505372e+00 -1.690379049077311846e+00 5.759344950038238764e-01 -6.178639140775175065e-01 -5.052426771390188254e-01 4.037500572811467681e-01 4.471687736455643436e-01
1.403636610063555717e+09 4.487401352293996837e+00 -1.690378495755864074e+00 5.759519623737304750e-01 -6.178681075108785059e-01 -5.052596242169905549e-01 4.037575194835986703e-01 4.471370923078092918e-01
1.403636610163555622e+09 4.487374023200982442e+00 -1.690347072504683190e+00 5.759556976953841279e-01 -6.178401320957460641e-01 -5.052712999328178300e-01 4.038138274798747651e-01 4.471117056979892479e-01
1.403636610263555765e+09 4.487371377415660945e+00 -1.690368594858155937e+00 5.759557411893772016e-01 -6.178522745773866731e-01 -5.052967099647541760e-01 4.036654627838231479e-01 4.472001742551833803e-01
1.403636610363555670e+09 4.487352266290280056e+00 -1.690408413556941047e+00 5.759783488147608432e-01 -6.179267075982625146e-01 -5.053196024154212873e-01 4.036387454946406272e-01 4.470955676217387986e-01
1.403636610463555574e+09 4.487302765101573776e+00 -1.690412374931360651e+00 5.759844274913210604e-01 -6.178372427218635776e-01 -5.053680592277074446e-01 4.036496145439946726e-01 4.471546207932436401e-01
1.403636610563555717e+09 4.487330995166969316e+00 -1.690422231740934533e+00 5.759817505419942973e-01 -6.178159312425904881e-01 -5.053415527349165437e-01 4.036390762994487846e-01 4.472235305375180103e-01
1.403636610663555622e+09 4.487376995335609742e+00 -1.690408815448415147e+00 5.759706772958685939e-01 -6.177661217335524979e-01 -5.053586033158813384e-01 4.036333628699133036e-01 4.472782235602711376e-01
1.403636610763555765e+09 4.487358296555937542e+00 -1.690395332684108354e+00 5.759581547494969644e-01 -6.179084355784780769e-01 -5.053045723954945334e-01 4.036760137980284768e-01 4.471041603936360964e-01
1.403636610863555670e+09 4.487337874690579653e+00 -1.690399365354968486e+00 5.759576671166334316e-01 -6.178490951911514983e-01 -5.054692122140879151e-01 4.037070909226869730e-01 4.469719854911333723e-01
1.403636610963555574e+09 4.487318371657675442e+00 -1.690402241745557976e+00 5.759360943083313700e-01 -6.178426212135217366e-01 -5.054931108184187449e-01 4.037041567881405890e-01 4.469565573062994623e-01
1.403636611063555717e+09 4.487353268250341642e+00 -1.690410881042859970e+00 5.759918432426731627e-01 -6.179353202823947289e-01 -5.054511704305671982e-01 4.035270755265782938e-01 4.470357408248599174e-01
1.403636611163555622e+09 4.487337110761316694e+00 -1.690416459947143846e+00 5.760089363099354376e-01 -6.178656496563151856e-01 -5.054901092727781542e-01 4.034631417096644634e-01 4.471457052057438708e-01
1.403636611263555765e+09 4.487350631474562590e+00 -1.690428542855958227e+00 5.760449843834631878e-01 -6.179303590465591300e-01 -5.054268063312055137e-01 4.035780419605392577e-01 4.470241367730896087e-01
1.403636611363555670e+09 4.487335133790051778e+00 -1.690703176130363472e+00 5.760802482736726571e-01 -6.180941762012360785e-01 -5.053253505464470052e-01 4.041258484726601430e-01 4.464170449674593200e-01
1.403636611463555574e+09 4.487408368075885612e+00 -1.690178231694361655e+00 5.757797093855093751e-01 -6.183818856524135876e-01 -5.049083341705697947e-01 4.043478259741824510e-01 4.462894276274284033e-01
1.403636611563555717e+09 4.487420460990231064e+00 -1.689916900734574456e+00 5.757227812815108869e-01 -6.182564415063330765e-01 -5.051714626251504470e-01 4.036082626772128368e-01 4.468345736217980702e-01
1.403636611663555622e+09 4.487337065390011759e+00 -1.690009104224959646e+00 5.757233603321856297e-01 -6.181929657885324447e-01 -5.050364900017177971e-01 4.039049857123311882e-01 4.468068523792403934e-01
1.403636611763555765e+09 4.487349489577190376e+00 -1.689969392287590466e+00 5.757408700261249512e-01 -6.180671800037231822e-01 -5.049894060333117718e-01 4.041118623939846666e-01 4.468470246838768811e-01
1.403636611863555670e+09 4.487431542996421996e+00 -1.689765820670088958e+00 5.757501079918840858e-01 -6.179142021729794321e-01 -5.049209196037027780e-01 4.036626345404939475e-01 4.475414854237637630e-01
1.403636611963555574e+09 4.487359599942358557e+00 -1.690084980118577773e+00 5.757704654088442453e-01 -6.180776316059473086e-01 -5.050515443057674858e-01 4.039628304197335207e-01 4.468970916687862172e-01
1.403636612063555717e+09 4.487362346041760652e+00 -1.689860609756563603e+00 5.757112627384681769e-01 -6.179288385895462810e-01 -5.053244638650959963e-01 4.035129947443618081e-01 4.472006258171653537e-01
1.403636612163555622e+09 4.487190292266289404e+00 -1.690183068340227912e+00 5.759227424431508924e-01 -6.181095570277763684e-01 -5.048021014868619982e-01 4.046079857657201573e-01 4.465509956320564688e-01
1.403636612263555765e+09 4.487450147714206139e+00 -1.689376331702199252e+00 5.755137431386520008e-01 -6.170818262334057946e-01 -5.059530846750396327e-01 4.027379628328938699e-01 4.483565870303090617e-01
1.403636612363555670e+09 4.487436915750844690e+00 -1.689505015516837627e+00 5.755660201593090219e-01 -6.172724688023976114e-01 -5.059746567318293975e-01 4.027616403774531006e-01 4.480484427427056104e-01
1.403636612463555574e+09 4.487458988462163845e+00 -1.689541884720753284e+00 5.755572323315032435e-01 -6.173452236379857183e-01 -5.057383160542006095e-01 4.031351945084582500e-01 4.478790522838222987e-01
1.403636612563555717e+09 4.487408365109067709e+00 -1.689633192399435213e+00 5.756158149424088766e-01 -6.174651176079306580e-01 -5.055627153220569880e-01 4.034100974383713623e-01 4.476644532441418911e-01
1.403636612663555622e+09 4.487426080966766762e+00 -1.689652211026571482e+00 5.756596943250920084e-01 -6.175591052844862094e-01 -5.055503935973975072e-01 4.034850738196149589e-01 4.474811126947382256e-01
1.403636612763555765e+09 4.487442219364798035e+00 -1.689703697604834742e+00 5.756535082328744224e-01 -6.176805054602529932e-01 -5.054110645949662084e-01 4.033948743620552890e-01 4.475522587338499059e-01
1.403636612863555670e+09 4.487434205992696157e+00 -1.689789055211948998e+00 5.757397738822369604e-01 -6.177964819711544431e-01 -5.052337800787989330e-01 4.037421127037874036e-01 4.472791530586189834e-01
1.403636612963555574e+09 4.487458689244795629e+00 -1.689788157618494768e+00 5.757344516066544848e-01 -6.177879084457980063e-01 -5.051701931028070858e-01 4.038931849712962263e-01 4.472264206331957870e-01
1.403636613063555717e+09 4.487457833564631571e+00 -1.689856180745585634e+00 5.757145261709621931e-01 -6.178259973514836911e-01 -5.049912009406641866e-01 4.041797665078163959e-01 4.471170320115724350e-01
1.403636613163555622e+09 4.487368267627742213e+00 -1.689929193736259050e+00 5.757596888792542167e-01 -6.178953655099630460e-01 -5.048751528480972528e-01 4.041368568279450901e-01 4.471910087100900988e-01
1.403636613263555765e+09 4.487418897705623522e+00 -1.689885404564090976e+00 5.756951907458178752e-01 -6.179127296280620962e-01 -5.050002739075499791e-01 4.039706331349635082e-01 4.471759267686868933e-01
1.403636613363555670e+09 4.487393031354775630e+00 -1.689886048348324454e+00 5.757193123598414175e-01 -6.179023660131693907e-01 -5.049699136143144251e-01 4.040656263402645498e-01 4.471387055824272427e-01
1.403636613463555574e+09 4.487438769540313288e+00 -1.689858554475753616e+00 5.757085286026282223e-01 -6.178674474969941821e-01 -5.049439654571127312e-01 4.041619221545271756e-01 4.471292316012823176e-01
1.403636613563555717e+09 4.487467182116515296e+00 -1.689859776754140785e+00 5.757066977170229860e-01 -6.178562289137617958e-01 -5.049607053844223925e-01 4.040802745012991859e-01 4.471996178096384611e-01
1.403636613663555622e+09 4.487463814506056359e+00 -1.689867357052140528e+00 5.757024205487901725e-01 -6.178750397531118654e-01 -5.049685889681592155e-01 4.039808531096205635e-01 4.472545469041305788e-01
1.403636613763555765e+09 4.487434192935156219e+00 -1.689809185208960063e+00 5.756461977675750852e-01 -6.177300731626802488e-01 -5.050140691422643213e-01 4.039507087107895855e-01 4.474306332950986898e-01
1.403636613863555670e+09 4.487465006061031936e+00 -1.689802037795864464e+00 5.756739938155992498e-01 -6.177886948781706744e-01 -5.050332602995203368e-01 4.039748880484487215e-01 4.473061862954799128e-01
1.403636613963555574e+09 4.487475383379741167e+00 -1.689797966298197673e+00 5.756863083918264401e-01 -6.178697347961464859e-01 -5.049577811199826849e-01 4.039206071549221178e-01 4.473284847010331466e-01
1.403636614063555717e+09 4.487442210114740426e+00 -1.689818917121057806e+00 5.756834928304234156e-01 -6.178563123406918267e-01 -5.049995557176034655e-01 4.037881408082459322e-01 4.474194490278723402e-01
1.403636614163555622e+09 4.487417038851435613e+00 -1.689814175062728907e+00 5.756688119899824319e-01 -6.178129467870141500e-01 -5.050761678418385081e-01 4.037746955777103408e-01 4.474049873120286569e-01
1.403636614263555765e+09 4.487393772239729017e+00 -1.689794073037502287e+00 5.756258418310105096e-01 -6.177729415562573934e-01 -5.051195981069205310e-01 4.036973335661969697e-01 4.474810020110064901e-01
1.403636614363555670e+09 4.487413550748214242e+00 -1.689759794428833173e+00 5.756835461970231105e-01 -6.177095236483780560e-01 -5.051363475837022943e-01 4.037967706959456615e-01 4.474599230315680631e-01
1.403636614463555574e+09 4.487509438271934492e+00 -1.689761100286960804e+00 5.756646881441676022e-01 -6.177162922325928340e-01 -5.051335834865188223e-01 4.037823682068247821e-01 4.474666962688672034e-01
1.403636614563555717e+09 4.487456289349712080e+00 -1.689780486813219795e+00 5.756506795636576745e-01 -6.177622313106626573e-01 -5.051043618168470362e-01 4.038025546166672530e-01 4.474180440312172102e-01
1.403636614663555622e+09 4.487439718520183085e+00 -1.689791621224475904e+00 5.756778539527283023e-01 -6.177386136227320801e-01 -5.051127373173829316e-01 4.038017110272002497e-01 4.474419582590695166e-01
1.403636614763555765e+09 4.487475338051812201e+00 -1.689761187285563127e+00 5.756749479608518349e-01 -6.177526555306246392e-01 -5.051426442843972575e-01 4.038458329266889080e-01 4.473489786933436130e-01
1.403636614863555670e+09 4.487450759159688829e+00 -1.689767555361854967e+00 5.756327440363151471e-01 -6.178273239025852126e-01 -5.050090759744401137e-01 4.039361715583420498e-01 4.473151018349393326e-01
1.403636614963555574e+09 4.487462860264534115e+00 -1.689759874413544249e+00 5.756301817799883702e-01 -6.177729848690337588e-01 -5.050154073484274253e-01 4.039742255787687752e-01 4.473486364958993433e-01
1.403636615063555717e+09 4.487439535364956100e+00 -1.689794936446678886e+00 5.756591411066669384e-01 -6.178084417628343372e-01 -5.050215102037858284e-01 4.039035408002691341e-01 4.473566063523276015e-01
1.403636615163555622e+09 4.487445724218923182e+00 -1.689815383923463976e+00 5.756626959826720569e-01 -6.178133268969446812e-01 -5.050842519562894761e-01 4.037918291416285332e-01 4.473798724269371085e-01
1.403636615263555765e+09 4.487407528857359829e+00 -1.689798851098445187e+00 5.756890373307721465e-01 -6.178045377807055427e-01 -5.050539580880307744e-01 4.039042529755620947e-01 4.473247220369508392e-01
1.403636615363555670e+09 4.487412677905446401e+00 -1.689827133808921689e+00 5.756588711358026078e-01 -6.178037671991093438e-01 -5.050381680191639022e-01 4.038788809036537031e-01 4.473665204711320675e-01
1.403636615463555574e+09 4.487472292796572226e+00 -1.689785953155221065e+00 5.756941721301818138e-01 -6.178205609417805055e-01 -5.050390906518736900e-01 4.039261112522605779e-01 4.472996401068732863e-01
1.403636615563555717e+09 4.487388452035342645e+00 -1.689806658151252305e+00 5.756501365989672436e-01 -6.177998990259154777e-01 -5.050508911215575436e-01 4.038984529968108195e-01 4.473398281035034785e-01
1.403636615663555622e+09 4.487406820011359265e+00 -1.689839029222187650e+00 5.756791067600797174e-01 -6.178157224346062515e-01 -5.050077978720212135e-01 4.038294643921999660e-01 4.474289003738648463e-01
1.403636615763555765e+09 4.487487663312903940e+00 -1.689781454730818755e+00 5.756670707904832929e-01 -6.178332026896377061e-01 -5.049511008881820695e-01 4.039949773266358068e-01 4.473193240414825023e-01
1.403636615863555670e+09 4.487464349735316382e+00 -1.689829657215940806e+00 5.756899114262606920e-01 -6.178370478482282380e-01 -5.049507720459662785e-01 4.039992501163462979e-01 4.473105252750022021e-01
1.403636615963555574e+09 4.487388289241637018e+00 -1.689819455857747288e+00 5.756623833215716024e-01 -6.177827448989843262e-01 -5.050815785686855186e-01 4.038593360515858599e-01 4.473641869658468440e-01
1.403636616063555717e+09 4.487394809712208499e+00 -1.689824178079162520e+00 5.756621852721452992e-01 -6.178039534273169764e-01 -5.051006354049593083e-01 4.038087699393127505e-01 4.473590287042200631e-01
1.403636616163555622e+09 4.487431380874816078e+00 -1.689822040137977988e+00 5.757202457637771165e-01 -6.178475977759796400e-01 -5.051115691699779031e-01 4.037527606601165053e-01 4.473369612187526601e-01
1.403636616263555765e+09 4.487512343842980478e+00 -1.689788330573953390e+00 5.757075002969441746e-01 -6.177851472813388201e-01 -5.050584358045708822e-01 4.039628168993193436e-01 4.472935621982296883e-01
1.403636616363555670e+09 4.487455729599639120e+00 -1.689807556624893792e+00 5.756916098979181218e-01 -6.178399974129769046e-01 -5.050226627729113016e-01 4.039102631163907775e-01 4.473056528054822345e-01
1.403636616463555574e+09 4.487427989011221641e+00 -1.689803450514572036e+00 5.756612027439382828e-01 -6.178401989878382627e-01 -5.049891306954155112e-01 4.039428720931921291e-01 4.473137852551157256e-01
1.403636616563555717e+09 4.487416055442807306e+00 -1.689805850529802145e+00 5.756429079449094655e-01 -6.177894715411700322e-01 -5.050113865277653380e-01 4.038995850896165973e-01 4.473978022907825758e-01
1.403636616663555622e+09 4.487434246430089146e+00 -1.689794862849276491e+00 5.756701956416656607e-01 -6.178527011240032563e-01 -5.049800810022132547e-01 4.038852659079769092e-01 4.473587480839214536e-01
1.403636616763555765e+09 4.487410678197673697e+00 -1.689779254117477647e+00 5.756364995742775381e-01 -6.178074140963653038e-01 -5.049987435397267355e-01 4.039631560002598376e-01 4.473298969498564759e-01
1.403636616863555670e+09 4.487408024849020904e+00 -1.689774401096660661e+00 5.756549584512469231e-01 -6.177874262078014711e-01 -5.050638166423302433e-01 4.039276957596352746e-01 4.473160557553621519e-01
1.403636616963555574e+09 4.487428452869313134e+00 -1.689828274469274083e+00 5.756686462508817659e-01 -6.178500168940166404e-01 -5.050469103449233277e-01 4.038313429924489384e-01 4.473356920613703047e-01
1.403636617063555717e+09 4.487421629345181628e+00 -1.689792325854974075e+00 5.756693074782045505e-01 -6.177560061820971393e-01 -5.051413240311386499e-01 4.038528265264992867e-01 4.473395288688117311e-01
1.403636617163555622e+09 4.487414592996733731e+00 -1.689807949710814494e+00 5.756540386496111772e-01 -6.178005792375806937e-01 -5.050635008575291574e-01 4.038510386315661838e-01 4.473674585745498478e-01
1.403636617263555765e+09 4.487412091193938579e+00 -1.689793709661120857e+00 5.756546362576487885e-01 -6.178257562339088960e-01 -5.050658930358850052e-01 4.038673204861586985e-01 4.473152870953471250e-01
1.403636617363555670e+09 4.487382884157470997e+00 -1.689810256381322651e+00 5.756478700693885564e-01 -6.178219545868941509e-01 -5.050320976939670636e-01 4.038344208556104431e-01 4.473883919610285309e-01
1.403636617463555574e+09 4.487474076564542003e+00 -1.689812107511530659e+00 5.757014782388174545e-01 -6.178095274490847943e-01 -5.050590209316192514e-01 4.038800735867332237e-01 4.473339460943108192e-01
1.403636617563555717e+09 4.487453291569987179e+00 -1.689784167311164209e+00 5.756709930467613923e-01 -6.178160180638114785e-01 -5.049921953685557741e-01 4.040296998131944206e-01 4.472653039410535714e-01
1.403636617663555622e+09 4.487444784494041272e+00 -1.689804267308312458e+00 5.756663714100733742e-01 -6.177810788540412101e-01 -5.051036677793621088e-01 4.038412500405061945e-01 4.473578748289716578e-01
1.403636617763555765e+09 4.487385389816319403e+00 -1.689804666178403192e+00 5.756569109656111127e-01 -6.178295509530705720e-01 -5.050767007818961485e-01 4.038173942992840937e-01 4.473429158461529331e-01
1.403636617863555670e+09 4.487397733381008891e+00 -1.689818134727087973e+00 5.756561193277145438e-01 -6.177901645749569459e-01 -5.050276656614803850e-01 4.039084451937726694e-01 4.473704699375145588e-01
1.403636617963555574e+09 4.487456377101707972e+00 -1.689784018453650116e+00 5.756530259552186113e-01 -6.177487961677844419e-01 -5.050776314292351188e-01 4.038925952150117515e-01 4.473854966285451540e-01
1.403636618063555717e+09 4.487443250564812303e+00 -1.689795170578426431e+00 5.756797631148815597e-01 -6.178127845577213728e-01 -5.050390417698146228e-01 4.039219967981143022e-01 4.473141513834389960e-01
1.403636618163555622e+09 4.487447020795206853e+00 -1.689771970989751404e+00 5.756301383797347571e-01 -6.177895421158323686e-01 -5.049940197750306670e-01 4.040078320201027640e-01 4.473195650876249929e-01
1.403636618263555765e+09 4.487441786393563170e+00 -1.689778068781277565e+00 5.756476705231685642e-01 -6.178367540052902562e-01 -5.049848028556691570e-01 4.039746959931624359e-01 4.472946895305817683e-01
1.403636618363555670e+09 4.487419656568384596e+00 -1.689807932786339117e+00 5.756549316716802478e-01 -6.178543289484836887e-01 -5.049437003962944370e-01 4.039058092162989277e-01 4.473790170661149923e-01
1.403636618463555574e+09 4.487429944124442294e+00 -1.689779859793437922e+00 5.756649619844115273e-01 -6.177964217842895067e-01 -5.050577174196453356e-01 4.038858145251012499e-01 4.473483342215341940e-01
1.403636618563555717e+09 4.487392404360553755e+00 -1.689846690605438573e+00 5.756399548426175405e-01 -6.177028972308175048e-01 -5.051298202881032706e-01 4.039160349771776515e-01 4.473687875753930565e-01
1.403636618663555622e+09 4.487413215275986467e+00 -1.689851855240673162e+00 5.756598842508335867e-01 -6.177552428499550885e-01 -5.050948822925103165e-01 4.038516114072108754e-01 4.473941168333656626e-01
1.403636618763555765e+09 4.487482935844837151e+00 -1.689808693228155079e+00 5.756888072656101141e-01 -6.178474664230293456e-01 -5.049487821444433866e-01 4.039110616164787171e-01 4.473780168373678867e-01
1.403636618863555670e+09 4.487449386899318604e+00 -1.689825256168560941e+00 5.756709072000033567e-01 -6.178150131048528726e-01 -5.049632445911236278e-01 4.040249332453156872e-01 4.473036826479000472e-01
1.403636618963555574e+09 4.487390816049269482e+00 -1.689886672047907545e+00 5.756613882075349853e-01 -6.176863711171605154e-01 -5.051246760547968284e-01 4.041512267211581633e-01 4.471849667826880426e-01
1.403636619063555717e+09 4.487395110922109964e+00 -1.689911632907471262e+00 5.756607078029924995e-01 -6.177584769442703294e-01 -5.050643419112403887e-01 4.040793713464023718e-01 4.472184436553993669e-01
1.403636619163555622e+09 4.487332068144491259e+00 -1.689812378792035163e+00 5.756581299541528862e-01 -6.179322270261435879e-01 -5.049438156197851857e-01 4.039129930325333628e-01 4.472647984464501736e-01
1.403636619263555765e+09 4.487336942702405018e+00 -1.689830530628440908e+00 5.757079787428391882e-01 -6.179462394663772784e-01 -5.048911911741945646e-01 4.038133644035258318e-01 4.473947886745783808e-01
1.403636619363555670e+09 4.487398396783568444e+00 -1.689933200890539888e+00 5.756858449941096856e-01 -6.176841735126537003e-01 -5.052170546407308560e-01 4.039748537524728289e-01 4.472430066840648588e-01
1.403636619463555574e+09 4.487421703138576135e+00 -1.689897352244948969e+00 5.756842170857598973e-01 -6.176861288229233971e-01 -5.052052911411583080e-01 4.040218731302099853e-01 4.472111202721651968e-01
1.403636619563555717e+09 4.487429661035213790e+00 -1.689847035130862984e+00 5.756705900767022932e-01 -6.178113513279025470e-01 -5.050823424133086270e-01 4.038558060729888211e-01 4.473270050576125256e-01
1.403636619663555622e+09 4.487409648435417786e+00 -1.689810733712689972e+00 5.756672646206828503e-01 -6.178066273707755185e-01 -5.050024074281249664e-01 4.039998859829560529e-01 4.472936751109991005e-01
1.403636619763555765e+09 4.487409337471813586e+00 -1.689850290517702858e+00 5.757030290323126298e-01 -6.178851838555869946e-01 -5.049343873308441699e-01 4.039062419870519394e-01 4.473465231187891966e-01
1.403636619863555670e+09 4.487372165068875596e+00 -1.689829356257525061e+00 5.756978402602233036e-01 -6.178534377913211806e-01 -5.050726341509758077e-01 4.037930658628041680e-01 4.473364769414153730e-01
1.403636619963555574e+09 4.487390828055489500e+00 -1.689841351838436312e+00 5.756775122542678869e-01 -6.177833232955377563e-01 -5.050903816955339964e-01 4.038706052722559892e-01 4.473432753195266676e-01
1.403636620063555717e+09 4.487447843610592457e+00 -1.689803546453765737e+00 5.756950777786519202e-01 -6.178723031737606286e-01 -5.050332195020321713e-01 4.038003482156392043e-01 4.473483463153665740e-01
1.403636620163555622e+09 4.487473649968602096e+00 -1.689767965457293464e+00 5.756738579537594713e-01 -6.177743055659723481e-01 -5.050091254068562741e-01 4.039940740213281423e-01 4.473359797668101101e-01
1.403636620263555765e+09 4.487415712430780523e+00 -1.689795141287808500e+00 5.756762155540893211e-01 -6.178405696215376608e-01 -5.050885129354379943e-01 4.038283224496140300e-01 4.473044942965946902e-01
1.403636620363555670e+09 4.487376755632044301e+00 -1.689806011942008634e+00 5.756666254502200708e-01 -6.177379823052561170e-01 -5.051759380680846956e-01 4.037035987896755440e-01 4.474600106587468540e-01
1.403636620463555574e+09 4.487416930564360307e+00 -1.689782645360316859e+00 5.756649256517356594e-01 -6.177232679131630100e-01 -5.051392678049811957e-01 4.037533303645609029e-01 4.474768514902818239e-01
1.403636620563555717e+09 4.487418182871081740e+00 -1.689764538984245057e+00 5.756770046071770786e-01 -6.177698242198741418e-01 -5.050933848198312370e-01 4.038228832667305479e-01 4.474016046514989187e-01
1.403636620663555622e+09 4.487438833872681165e+00 -1.689775842748135082e+00 5.756516498065553655e-01 -6.177774676781817575e-01 -5.050645291029374206e-01 4.038217570650917687e-01 4.474246421376708027e-01
1.403636620763555765e+09 4.487406228853615175e+00 -1.689830178210745437e+00 5.756797208933488452e-01 -6.177839030426347522e-01 -5.051009370215431282e-01 4.037249928050438696e-01 4.474619791065321817e-01
1.403636620863555670e+09 4.487414909448612654e+00 -1.689811518261309153e+00 5.756736062285967570e-01 -6.177634188529045334e-01 -5.050279467567994063e-01 4.039162051504680551e-01 4.474000788317180066e-01
1.403636620963555574e+09 4.487414346524948527e+00 -1.689819914858487593e+00 5.756857708461179390e-01 -6.178230245711823221e-01 -5.050437210757626749e-01 4.038524901916929477e-01 4.473574815263878235e-01
1.403636621063555717e+09 4.487368412441750998e+00 -1.689625166313300841e+00 5.756426712681492752e-01 -6.175816389460830891e-01 -5.052881015297598921e-01 4.035269455463553756e-01 4.477084519049753797e-01
1.403636621163555622e+09 4.487340968345717052e+00 -1.689704965199219533e+00 5.756329272166242905e-01 -6.176428577337910175e-01 -5.052661807117615478e-01 4.034904430575871337e-01 4.476816383107283248e-01
1.403636621263555765e+09 4.487367463272763146e+00 -1.689691246965687954e+00 5.756603494380673203e-01 -6.176643898361421359e-01 -5.052483181531221001e-01 4.035813595580210467e-01 4.475901303079487525e-01
1.403636621363555670e+09 4.487416925389940303e+00 -1.689705441970906774e+00 5.756906450574283962e-01 -6.176746401435173617e-01 -5.051877833969306009e-01 4.036609852664089226e-01 4.475725096605293607e-01
1.403636621463555574e+09 4.487404727661631121e+00 -1.689739661257450232e+00 5.756906117400562017e-01 -6.176737291974032651e-01 -5.052517046632341025e-01 4.035645018492176606e-01 4.475886192045794298e-01
1.403636621563555717e+09 4.487423783796241850e+00 -1.689719196848516125e+00 5.756716616013239918e-01 -6.176833928924013728e-01 -5.052132284532151463e-01 4.035685811427153769e-01 4.476150357788110101e-01
1.403636621663555622e+09 4.487429850043442414e+00 -1.689739038687223527e+00 5.756730213667945462e-01 -6.177664105560811691e-01 -5.051325196441955878e-01 4.035872481683931423e-01 4.475747230378696595e-01
1.403636621763555765e+09 4.487425229839956842e+00 -1.689709851272944707e+00 5.756612618084699928e-01 -6.177607104364222224e-01 -5.051130822799637654e-01 4.038105812585204291e-01 4.474030545429672490e-01
1.403636621863555670e+09 4.487449857284385502e+00 -1.689702353818802294e+00 5.756689323791279733e-01 -6.177600521681791967e-01 -5.050991986347118656e-01 4.038522541830320001e-01 4.473820227445715059e-01
1.403636621963555574e+09 4.487438682987741068e+00 -1.689707536635475016e+00 5.756891333348207462e-01 -6.177184967017694817e-01 -5.051337435035354595e-01 4.038902214165620563e-01 4.473661241653094089e-01
1.403636622063555717e+09 4.487398310657048306e+00 -1.689731702700036475e+00 5.756665790661543713e-01 -6.176727313269816388e-01 -5.051124770488848448e-01 4.038255737611721186e-01 4.475116629553537173e-01
1.403636622163555622e+09 4.487381686124650493e+00 -1.689725677077114740e+00 5.756621398309432758e-01 -6.177723582573115824e-01 -5.050060377172791437e-01 4.038659917073799677e-01 4.474577924056168388e-01
1.403636622263555765e+09 4.487410024373119199e+00 -1.689720866385087783e+00 5.756699557188735827e-01 -6.177423782591232593e-01 -5.050827224352713030e-01 4.038172086046143416e-01 4.474566567109201642e-01
1.403636622363555670e+09 4.487422879863063763e+00 -1.689695694947772164e+00 5.756825814498198746e-01 -6.177867577614533090e-01 -5.050611971764725761e-01 4.038030900300335069e-01 4.474324234154878344e-01
1.403636622463555574e+09 4.487417980616169366e+00 -1.689740322097791125e+00 5.756991520474696866e-01 -6.177436024465620124e-01 -5.051819382942929204e-01 4.036959944309537196e-01 4.474523381746581818e-01
1.403636622563555717e+09 4.487434985117869424e+00 -1.689729665407622594e+00 5.756911756372498079e-01 -6.177460535598247038e-01 -5.051370077881167653e-01 4.037768725349484278e-01 4.474267022429774254e-01
1.403636622663555622e+09 4.487438813367939261e+00 -1.689668307077166087e+00 5.756568467435594361e-01 -6.176642456927191605e-01 -5.051493795684623977e-01 4.038537362836850386e-01 4.474563035695768853e-01
1.403636622763555765e+09 4.487327365651223587e+00 -1.689713419890769508e+00 5.756591403656344808e-01 -6.177327819521947205e-01 -5.051557354833131619e-01 4.035838952093394605e-01 4.475979585940620953e-01
1.403636622863555670e+09 4.487303997125284383e+00 -1.689663663934611204e+00 5.756735391947003233e-01 -6.177313272674805900e-01 -5.050079804723240917e-01 4.036842651212043109e-01 4.476761788002295295e-01
1.403636622963555574e+09 4.487339631089798608e+00 -1.689606341396842515e+00 5.757629416962625202e-01 -6.177676689968522039e-01 -5.048110834831118776e-01 4.039210417569275569e-01 4.476345263278970754e-01
1.403636623063555717e+09 4.487326522719033761e+00 -1.689524774448336375e+00 5.757841969451894526e-01 -6.177422743238304426e-01 -5.047946898523686388e-01 4.039019400684388250e-01 4.477052896929224479e-01
1.403636623163555622e+09 4.487314021579192236e+00 -1.689481715510437132e+00 5.758319547155950069e-01 -6.177358537368679015e-01 -5.047560750460993173e-01 4.038565266266720966e-01 4.477986440500671406e-01
1.403636623263555765e+09 4.487361946744627517e+00 -1.689536030376430187e+00 5.758396887857030189e-01 -6.178154788416332366e-01 -5.046679976129776479e-01 4.039177539178074317e-01 4.477328381512625244e-01
1.403636623363555670e+09 4.487319412769198657e+00 -1.689484294038175127e+00 5.758390283838662471e-01 -6.178246598353218655e-01 -5.046479506396248649e-01 4.038935477402024188e-01 4.477646007763768643e-01
1.403636623463555574e+09 4.487340728092269693e+00 -1.689470256173128293e+00 5.759042290201155101e-01 -6.178256088588439665e-01 -5.046204228838303552e-01 4.038256212366551079e-01 4.478555721207143070e-01
1.403636623563555717e+09 4.487251246175175012e+00 -1.689448284570515879e+00 5.758422971022499892e-01 -6.179111646219861420e-01 -5.045299945258986396e-01 4.037417747758281772e-01 4.479150104205726346e-01
1.403636623663555622e+09 4.487292287591250428e+00 -1.689396895811476895e+00 5.758792052727861321e-01 -6.180412755188685603e-01 -5.046232382198059252e-01 4.036098433694716436e-01 4.477493311428140110e-01
1.403636623763555765e+09 4.487223558162109605e+00 -1.689343419043566774e+00 5.759103962485900841e-01 -6.181829673907959233e-01 -5.043582974100322414e-01 4.035153981832914072e-01 4.479373283066989120e-01
1.403636623863555670e+09 4.487251257560751050e+00 -1.689287787798748219e+00 5.760120650756650473e-01 -6.185558108522140053e-01 -5.041657569164821329e-01 4.031754424240664436e-01 4.479454889157258868e-01
1.403636623963555574e+09 4.487226347978660712e+00 -1.689287310203775316e+00 5.760005144982359715e-01 -6.189178647028446001e-01 -5.039035747973226176e-01 4.030298390568713418e-01 4.478714245047824005e-01
1.403636624063555717e+09 4.487186873491014083e+00 -1.689239934585437197e+00 5.759972446776016053e-01 -6.189347193704690664e-01 -5.038531685541134397e-01 4.028004352312684611e-01 4.481111548190690463e-01
1.403636624163555622e+09 4.487235879010195383e+00 -1.689279484506750695e+00 5.761398317572360428e-01 -6.198180610249366396e-01 -5.034050841027187806e-01 4.021102470733842194e-01 4.480136624316322091e-01
1.403636624263555765e+09 4.487418714105922746e+00 -1.689143085917433895e+00 5.761933022772370849e-01 -6.200271588425145808e-01 -5.036568633753412128e-01 4.018181734774310399e-01 4.477032965434289413e-01
1.403636624363555670e+09 4.488893123471535240e+00 -1.687934392927159521e+00 5.758169157843897601e-01 -6.237782474066375649e-01 -5.061721076551534138e-01 3.960819859816239741e-01 4.447578620722694165e-01
1.403636624463555574e+09 4.493255208679857837e+00 -1.684697774472919241e+00 5.757376799327977857e-01 -6.289195585958824442e-01 -5.080045338977231539e-01 3.900386015562942732e-01 4.407510313668338564e-01
1.403636624563555717e+09 4.499345553221668403e+00 -1.679741100186779468e+00 5.756862935142641469e-01 -6.337694955898288685e-01 -5.095107370624827325e-01 3.835829184119797786e-01 4.377204358724959277e-01
1.403636624663555622e+09 4.506955173599769715e+00 -1.672799496260347185e+00 5.758666804437202469e-01 -6.325328594091393919e-01 -5.103840367664413957e-01 3.803744671536947175e-01 4.412772161796170156e-01
1.403636624763555765e+09 4.517819066652450033e+00 -1.663576770571524310e+00 5.740630854978840958e-01 -6.287513521356815627e-01 -5.125154645344141002e-01 3.771090041794186165e-01 4.469769957922137271e-01
1.403636624863555670e+09 4.532835189301035683e+00 -1.652567158859722163e+00 5.742037568500388822e-01 -6.264024658833990955e-01 -5.222555124226203604e-01 3.644469505036431189e-01 4.494969974849424288e-01
1.403636624963555574e+09 4.550833125938559931e+00 -1.641687804940297868e+00 5.813790625555652625e-01 -6.259731054056177912e-01 -5.348708906983145051e-01 3.473854595948904778e-01 4.487695890481948058e-01
1.403636625063555717e+09 4.567918732786918845e+00 -1.633916918990427902e+00 5.978418993885621369e-01 -6.278943246113429799e-01 -5.432312854093420684e-01 3.361589191218147255e-01 4.445735808257537669e-01
1.403636625163555622e+09 4.580474940319316346e+00 -1.630447694303689632e+00 6.225544060142256253e-01 -6.324570292003375283e-01 -5.445525033589582176e-01 3.350816375189962781e-01 4.372424653417864571e-01
1.403636625263555765e+09 4.586842283744312354e+00 -1.629275190587022859e+00 6.520709969408031714e-01 -6.327333494274526293e-01 -5.395490092242097857e-01 3.433197403660477320e-01 4.366542465641213844e-01
1.403636625363555670e+09 4.589412615589410827e+00 -1.628991515902443954e+00 6.704603487173396159e-01 -6.309995694692807078e-01 -5.362365631558148049e-01 3.500918782361988613e-01 4.378647833035587134e-01
1.403636625463555574e+09 4.590362525256511006e+00 -1.628741566711640276e+00 6.694296729473130370e-01 -6.324434127061949740e-01 -5.385946168019548619e-01 3.483271249486948329e-01 4.342803040680904281e-01
1.403636625563555717e+09 4.587706420101429927e+00 -1.628736902544502430e+00 6.608341422279456756e-01 -6.330754823364660444e-01 -5.401506224022621927e-01 3.473991479181217645e-01 4.321649810068637909e-01
1.403636625663555622e+09 4.580068465195004102e+00 -1.628883861693950719e+00 6.610877035967164250e-01 -6.312261994033441237e-01 -5.409858327169732028e-01 3.478888525994581205e-01 4.334295331693087672e-01
1.403636625763555765e+09 4.567228707155509326e+00 -1.629880860393038811e+00 6.788653565144853186e-01 -6.271239563790510507e-01 -5.385298714958186572e-01 3.531939726639781729e-01 4.381268520828419111e-01
1.403636625863555670e+09 4.551177882848131517e+00 -1.631868411151492282e+00 7.125626581932428261e-01 -6.224486095550634257e-01 -5.340608402365436547e-01 3.609011560755597814e-01 4.439449323194594732e-01
1.403636625963555574e+09 4.534476305200128898e+00 -1.634364928342634027e+00 7.576957858087819409e-01 -6.199025131027517954e-01 -5.308625392594965575e-01 3.662659921919473316e-01 4.469396621732069641e-01
1.403636626063555717e+09 4.518639973481890060e+00 -1.637874243525849316e+00 8.050230226590460170e-01 -6.198308292068347436e-01 -5.273848598603857463e-01 3.719879974895914376e-01 4.464301540873921170e-01
1.403636626163555622e+09 4.504236252471547353e+00 -1.640851415057703377e+00 8.497286288075163174e-01 -6.226454263446253856e-01 -5.224152168231235294e-01 3.796312514907082547e-01 4.418994536943519069e-01
1.403636626263555765e+09 4.491943090271591998e+00 -1.641516192944687536e+00 8.858996569143259281e-01 -6.246857796961636788e-01 -5.190001663525757314e-01 3.847849110379682469e-01 4.385739119109769990e-01
1.403636626363555670e+09 4.482043059265618190e+00 -1.639288269241349960e+00 9.075121915504185122e-01 -6.246283173770699193e-01 -5.186672494684985146e-01 3.856228976804275121e-01 4.383135068008088830e-01
1.403636626463555574e+09 4.474381779356570554e+00 -1.633021565669535047e+00 9.157374754854328280e-01 -6.219044904577808452e-01 -5.204846945946027814e-01 3.838066555285513659e-01 4.416140154175353105e-01
1.403636626563555717e+09 4.468866310167221911e+00 -1.624067364403324332e+00 9.188892159254093972e-01 -6.154284948786008513e-01 -5.217146156056868822e-01 3.831457851189695729e-01 4.497342936673152103e-01
1.403636626663555622e+09 4.467774441693656229e+00 -1.614938323303042988e+00 9.198087223357483966e-01 -6.093424686751022223e-01 -5.233631883659874973e-01 3.827836149445308922e-01 4.563654599795172739e-01
1.403636626763555765e+09 4.471169631974952985e+00 -1.606057978597484892e+00 9.154229949945167366e-01 -6.088371001012885531e-01 -5.264330191601334086e-01 3.812416784531790781e-01 4.547971465262316548e-01
1.403636626863555670e+09 4.479075486439321629e+00 -1.598385914852140655e+00 9.077743321575189039e-01 -6.108747466750038546e-01 -5.301914062875463518e-01 3.782210590396352656e-01 4.501976755521074902e-01
1.403636626963555574e+09 4.489161463541472941e+00 -1.590777195032832214e+00 8.968352430194130864e-01 -6.139743764789404867e-01 -5.347459007231797345e-01 3.729505336154126938e-01 4.449608816098672981e-01
1.403636627063555717e+09 4.499856762611307737e+00 -1.583375631019747987e+00 8.845120884244389581e-01 -6.173969189803183433e-01 -5.382847112959782132e-01 3.680539174522640677e-01 4.400078725053196416e-01
1.403636627163555622e+09 4.509272658817570445e+00 -1.576317257948298467e+00 8.793986869988992261e-01 -6.189722829154092887e-01 -5.397761871751610707e-01 3.665963268372313677e-01 4.371751524167200587e-01
1.403636627263555765e+09 4.517530237434801421e+00 -1.569680362674969576e+00 8.860758813226172759e-01 -6.157147828643414478e-01 -5.375933617888919436e-01 3.698270760497242571e-01 4.417200667202535458e-01
1.403636627363555670e+09 4.524990504977336236e+00 -1.563759678870964231e+00 9.022942167869721919e-01 -6.142356687327072962e-01 -5.350447717800179692e-01 3.738474333884474476e-01 4.434858870316201185e-01
1.403636627463555574e+09 4.533264550927339265e+00 -1.557643149217306400e+00 9.261442036737864703e-01 -6.146186022528241644e-01 -5.332070132389431505e-01 3.759372170641071542e-01 4.434021466160090186e-01
1.403636627563555717e+09 4.542712724137958347e+00 -1.550289668237826213e+00 9.489029847057650624e-01 -6.195228656486012619e-01 -5.291752434328838017e-01 3.738056515894249143e-01 4.432091103712763047e-01
1.403636627663555622e+09 4.552894619139594035e+00 -1.541707160687423972e+00 9.562361079864525326e-01 -6.258499436799085380e-01 -5.257472178140323305e-01 3.679120129933635130e-01 4.433310970954223995e-01
1.403636627763555765e+09 4.563269940343130493e+00 -1.531430087586617361e+00 9.492608929425506714e-01 -6.357340737702539268e-01 -5.238716987114255819e-01 3.565951792032986400e-01 4.407272500148473049e-01
1.403636627863555670e+09 4.571421600595920509e+00 -1.519781234707031192e+00 9.366451950898571077e-01 -6.466113284273797834e-01 -5.203051652002195215e-01 3.437352552835515884e-01 4.393431452640438883e-01
1.403636627963555574e+09 4.575420340179409351e+00 -1.507208471454592580e+00 9.280658310841253256e-01 -6.543659608661575033e-01 -5.174932287909975726e-01 3.333507608499046704e-01 4.391847192878736705e-01
1.403636628063555717e+09 4.572695494473698830e+00 -1.494016926773561904e+00 9.298442162249997978e-01 -6.572187483243645545e-01 -5.127681962494645695e-01 3.294329106390557205e-01 4.434030346692566238e-01
1.403636628163555622e+09 4.564358456358804439e+00 -1.480160544048281457e+00 9.435793544086729101e-01 -6.535831598653268903e-01 -5.031018903890507321e-01 3.361018683788938310e-01 4.547010832400063540e-01
1.403636628263555765e+09 4.553464278954609590e+00 -1.467253305770056970e+00 9.634388215968047176e-01 -6.507897183790914974e-01 -4.928988940963088261e-01 3.455489621358765473e-01 4.627303074335171185e-01
1.403636628363555670e+09 4.544118825443939080e+00 -1.453213078744060915e+00 9.873799294621818934e-01 -6.513525367603735239e-01 -4.863699194745360055e-01 3.526462014401501865e-01 4.634919965824568222e-01
1.403636628463555574e+09 4.537291585284763507e+00 -1.437802491219778656e+00 1.009751299697413618e+00 -6.525649094644474513e-01 -4.841946350666966881e-01 3.553003898756051382e-01 4.620348766733186618e-01
1.403636628563555717e+09 4.532755937577135796e+00 -1.420036025885388131e+00 1.025311729932509852e+00 -6.535321747526345870e-01 -4.838911794806775024e-01 3.568066657767978711e-01 4.598195583499414263e-01
1.403636628663555622e+09 4.531034291626670374e+00 -1.399470583420262759e+00 1.036619050825065003e+00 -6.534495653033343121e-01 -4.848716101819222635e-01 3.578158788857575545e-01 4.581167799390089002e-01
1.403636628763555765e+09 4.530720690561262920e+00 -1.375395967995021174e+00 1.039549673240715011e+00 -6.541702092374138688e-01 -4.864964881097916249e-01 3.515865518022668335e-01 4.601840946783246622e-01
1.403636628863555670e+09 4.531648423981175178e+00 -1.348383643480790983e+00 1.035964309464119326e+00 -6.590945669868556456e-01 -4.875583595079930888e-01 3.398265473948268167e-01 4.608677853007256964e-01
1.403636628963555574e+09 4.532484123807581256e+00 -1.320498607487814446e+00 1.036209683675604731e+00 -6.647605579934818820e-01 -4.874986401554540771e-01 3.300451013137971623e-01 4.599007582963341445e-01
1.403636629063555717e+09 4.530864556430697299e+00 -1.290954525448007928e+00 1.044776430865823613e+00 -6.692507590970241393e-01 -4.856183407989241863e-01 3.246426623858269522e-01 4.592225933975795371e-01
1.403636629163555622e+09 4.527604226658005437e+00 -1.260677964384642857e+00 1.059161735781027680e+00 -6.726446495627576017e-01 -4.816040055432307954e-01 3.199080809021969674e-01 4.618068611798484269e-01
1.403636629263555765e+09 4.521060850428948008e+00 -1.227602733648364808e+00 1.069951222553474413e+00 -6.765579749897432382e-01 -4.733497988409908208e-01 3.160388088995798039e-01 4.672566165227693413e-01
1.403636629363555670e+09 4.511913022360166003e+00 -1.195442826948017956e+00 1.075479165218895083e+00 -6.799301674741046186e-01 -4.638169920270704960e-01 3.162851424482657214e-01 4.717334776460926915e-01
1.403636629463555574e+09 4.500886002404697273e+00 -1.162022553646941514e+00 1.075484608248407525e+00 -6.835971389495437700e-01 -4.518132059189059468e-01 3.198206111977035526e-01 4.756832509458426839e-01
1.403636629563555717e+09 4.490880053860384358e+00 -1.125741095710100392e+00 1.068591542127319105e+00 -6.909960481295818191e-01 -4.391096284225290969e-01 3.174850379175191972e-01 4.784458656885232086e-01
1.403636629663555622e+09 4.483377859728352455e+00 -1.085366918112860013e+00 1.054749693772913943e+00 -7.021572679873427925e-01 -4.303423690187456740e-01 3.034495652364991303e-01 4.792692122363632068e-01
1.403636629763555765e+09 4.475179705912319506e+00 -1.041764487455725252e+00 1.033646894786916182e+00 -7.143659218539005762e-01 -4.205106197546334412e-01 2.862101602200488593e-01 4.805578971926430243e-01
1.403636629863555670e+09 4.465100978004761245e+00 -9.943236961400844232e-01 1.009477939650446521e+00 -7.259163536556098029e-01 -4.069368450190704589e-01 2.703802084394084093e-01 4.840892423360914076e-01
1.403636629963555574e+09 4.451208396273619528e+00 -9.444794021018217967e-01 9.866496089498065780e-01 -7.345883206829385559e-01 -3.938268388286233490e-01 2.577360964727530290e-01 4.887254082912627084e-01
1.403636630063555717e+09 4.434389169752735782e+00 -8.928562743598147389e-01 9.724745577549049891e-01 -7.390005620147799270e-01 -3.832588017177882556e-01 2.506486412930380436e-01 4.941316817060388833e-01
1.403636630163555622e+09 4.415038388668340197e+00 -8.369707938321502283e-01 9.694389654573308812e-01 -7.367909695396209768e-01 -3.730838368403300853e-01 2.501275180988272728e-01 5.053550658527962147e-01
1.403636630263555765e+09 4.390725935601580865e+00 -7.811434933013157167e-01 9.709719177528987055e-01 -7.326951586023864316e-01 -3.645243581983038661e-01 2.515117699054285061e-01 5.167413535220277687e-01
1.403636630363555670e+09 4.369671376506388150e+00 -7.243251631321205863e-01 9.787435218144115989e-01 -7.320174381656224805e-01 -3.617389236843449041e-01 2.504510563932834111e-01 5.201631375488071640e-01
1.403636630463555574e+09 4.347856903281803298e+00 -6.707539959002633001e-01 9.915107333908925735e-01 -7.337178274788065391e-01 -3.636918435372552549e-01 2.468046134453037999e-01 5.181446471463030390e-01
1.403636630563555717e+09 4.326523357749850973e+00 -6.150741640943815369e-01 1.010413775248846457e+00 -7.334608761665056820e-01 -3.678437636355640361e-01 2.431806697200625811e-01 5.172903155501629158e-01
1.403636630663555622e+09 4.303431026246419933e+00 -5.604199325090033490e-01 1.027482400087953440e+00 -7.317846441888530284e-01 -3.728501140817733761e-01 2.405674713584768643e-01 5.173019608340861941e-01
1.403636630763555765e+09 4.280038070712721243e+00 -5.077903129016121397e-01 1.041237587755714733e+00 -7.311742690814083678e-01 -3.751450878871454009e-01 2.417140423684695782e-01 5.159696434765401740e-01
1.403636630863555670e+09 4.259318319805093900e+00 -4.577905324284441413e-01 1.049389345150846919e+00 -7.316313496785741277e-01 -3.756371613367383011e-01 2.457223655180844901e-01 5.130621894805560412e-01
1.403636630963555574e+09 4.230669021490759185e+00 -4.086631613421083387e-01 1.051056767920091506e+00 -7.318131221096567662e-01 -3.752687268743084559e-01 2.495737262016133051e-01 5.112102230277619785e-01
1.403636631063555717e+09 4.202963863075045658e+00 -3.582732054809198985e-01 1.046935031543837491e+00 -7.310737944241421093e-01 -3.751147243331333092e-01 2.518063271444073714e-01 5.112862449790804842e-01
1.403636631163555622e+09 4.175661927257763750e+00 -3.078918302702815524e-01 1.041810394741042867e+00 -7.292065585076727974e-01 -3.745508249112893262e-01 2.538172358845181553e-01 5.133675928178673686e-01
1.403636631263555765e+09 4.147827942860951467e+00 -2.572580276428393375e-01 1.038458924243256698e+00 -7.271215729242733739e-01 -3.745210464481639745e-01 2.554651830476175056e-01 5.155247270557932193e-01
1.403636631363555670e+09 4.119143826600321745e+00 -2.078390406035786064e-01 1.029501470795675555e+00 -7.267377929089002819e-01 -3.751217074243121674e-01 2.559214009971461090e-01 5.154028729922129903e-01
1.403636631463555574e+09 4.093523070913543727e+00 -1.601840023127498736e-01 1.014588634404222756e+00 -7.262150301766562288e-01 -3.761686326288251614e-01 2.558875746277931573e-01 5.153934797053448813e-01
1.403636631563555717e+09 4.066463005309751466e+00 -1.137604191995105207e-01 9.951417376245395019e-01 -7.250576042110178365e-01 -3.781458695397069691e-01 2.546246299350162223e-01 5.162009974382978372e-01
1.403636631663555622e+09 4.040083714019839789e+00 -6.633041859607091695e-02 9.782511755923586350e-01 -7.243483504612689972e-01 -3.806626001031775397e-01 2.535951536476829804e-01 5.158536130658917251e-01
1.403636631763555765e+09 4.012490269302050550e+00 -1.936240786675402781e-02 9.665018807539274004e-01 -7.239410754807013015e-01 -3.823730603495117952e-01 2.530834860722172563e-01 5.154113997849949502e-01
1.403636631863555670e+09 3.987210772036872353e+00 2.278076077849600090e-02 9.623280926785215961e-01 -7.232988588022060128e-01 -3.838320279675819791e-01 2.524958828191902760e-01 5.155167934423451337e-01
1.403636631963555574e+09 3.958132524931856189e+00 6.479808175114953883e-02 9.626352302690492913e-01 -7.233640000706870188e-01 -3.853085290893785153e-01 2.510864847803595534e-01 5.150120755607161538e-01
1.403636632063555717e+09 3.929093373968242542e+00 1.047383736962301803e-01 9.639239595948243533e-01 -7.224862833027481113e-01 -3.846822644019909365e-01 2.513569003884237874e-01 5.165780042946680473e-01
1.403636632163555622e+09 3.900919628371977588e+00 1.426803438513477573e-01 9.633243198512397854e-01 -7.196790370487688993e-01 -3.855230617811956639e-01 2.491459797223247452e-01 5.209225789458660216e-01
1.403636632263555765e+09 3.870253284135230398e+00 1.777976361997706256e-01 9.638737038535426516e-01 -7.197961388579336983e-01 -3.847654764893887469e-01 2.485684425362610916e-01 5.215963726505403741e-01
1.403636632363555670e+09 3.840105059994382231e+00 2.113672784005669048e-01 9.584249971663305612e-01 -7.205004155917487108e-01 -3.830062757763752490e-01 2.496691033660106140e-01 5.213930213116022561e-01
1.403636632463555574e+09 3.808368739987004314e+00 2.407523941994940131e-01 9.472580150562119883e-01 -7.239512035516356692e-01 -3.817566804358530907e-01 2.498474703337782710e-01 5.174289645802099269e-01
1.403636632563555717e+09 3.777562939549524934e+00 2.677392620329022144e-01 9.298519411452998984e-01 -7.299692923287186552e-01 -3.822347936992182005e-01 2.551850608451491920e-01 5.058873189399824000e-01
1.403636632663555622e+09 3.742089508833688960e+00 2.918618560372792103e-01 9.081952613501109717e-01 -7.332001480823582273e-01 -3.872355711897785824e-01 2.629835559538507561e-01 4.932603821058422766e-01
1.403636632763555765e+09 3.708032784605179266e+00 3.201045819828287620e-01 8.898165080667277405e-01 -7.293897495598722358e-01 -3.983883793947041729e-01 2.734486598568158788e-01 4.842552248791534564e-01
1.403636632863555670e+09 3.671792071664270019e+00 3.508907051072185368e-01 8.776283172839174362e-01 -7.162774035290337959e-01 -4.165719511543177767e-01 2.830324742321604359e-01 4.830187462565111445e-01
1.403636632963555574e+09 3.630776414025378429e+00 3.852461320860518512e-01 8.718459805004163954e-01 -6.998411143227261100e-01 -4.351590894812146226e-01 2.913256752154216311e-01 4.857863033327348146e-01
1.403636633063555717e+09 3.589353889081310811e+00 4.202032586664889990e-01 8.740863709744159937e-01 -6.879299604665010115e-01 -4.500390178971188648e-01 2.967672643784474706e-01 4.859490124036555114e-01
1.403636633163555622e+09 3.548938965750654262e+00 4.557156078454118742e-01 8.748131591933342444e-01 -6.806128222914838988e-01 -4.599934932090461448e-01 3.018530820639312440e-01 4.837942632837491930e-01
1.403636633263555765e+09 3.507466634226688473e+00 4.896106617435371788e-01 8.700062634091845215e-01 -6.776925117202108328e-01 -4.655753318129813856e-01 3.060119993542869676e-01 4.799261674640963871e-01
1.403636633363555670e+09 3.464014586490104186e+00 5.228306234904747107e-01 8.599324081713990431e-01 -6.785054593562029890e-01 -4.676997644106541951e-01 3.097532702475790933e-01 4.742785927753606634e-01
1.403636633463555574e+09 3.419564995255200746e+00 5.560720288249738630e-01 8.457899206122327929e-01 -6.813945095578831657e-01 -4.677223584697466352e-01 3.117813170378568310e-01 4.687533766043819328e-01
1.403636633563555717e+09 3.372005012360308918e+00 5.913671852141861862e-01 8.281540012546064755e-01 -6.842698456641130855e-01 -4.670345460410372240e-01 3.112229290368647705e-01 4.656112107335563244e-01
1.403636633663555622e+09 3.323302677183324505e+00 6.278159215201224441e-01 8.099465995496183401e-01 -6.870832129520862974e-01 -4.663496589711699780e-01 3.085195699514741152e-01 4.639507829650346693e-01
1.403636633763555765e+09 3.271525441166692083e+00 6.667026526640622563e-01 7.986212788654709627e-01 -6.883516289971381985e-01 -4.634693773791952465e-01 3.082815198185108185e-01 4.651136158264090881e-01
1.403636633863555670e+09 3.217637012803717056e+00 7.065416883366331113e-01 7.969550737123040074e-01 -6.898854785719876759e-01 -4.600345959930861595e-01 3.088461128359832331e-01 4.658758155679264545e-01
1.403636633963555574e+09 3.158944739789516731e+00 7.490979175661145462e-01 7.990798412053812250e-01 -6.926987098271608634e-01 -4.531019650196819182e-01 3.140405532951837664e-01 4.650221904222900382e-01
1.403636634063555717e+09 3.101948620818226310e+00 7.941740693962677788e-01 7.975914609214332929e-01 -6.948890903096847094e-01 -4.476771758571832516e-01 3.171995726682900751e-01 4.648642054236581389e-01
1.403636634163555622e+09 3.043813787830768725e+00 8.416500861302673719e-01 7.969417293728585650e-01 -6.951314235047963974e-01 -4.490178113651749348e-01 3.160668172497062556e-01 4.639796074900963130e-01
1.403636634263555765e+09 2.985897644865294076e+00 8.942228336130577659e-01 8.022988996573865439e-01 -6.926436830721384164e-01 -4.539591796699929960e-01 3.112441639127237480e-01 4.661468244275400186e-01
1.403636634363555670e+09 2.925057990332926572e+00 9.490230291310646216e-01 8.149312387223570653e-01 -6.861700308259889303e-01 -4.557812651278797533e-01 3.109513608330609635e-01 4.740710688818279284e-01
1.403636634463555574e+09 2.864973456822034414e+00 1.004992133879855309e+00 8.211709742832368208e-01 -6.801321892040438355e-01 -4.568952127529553042e-01 3.118999352124582902e-01 4.810253633504277260e-01
1.403636634563555717e+09 2.804489576285223329e+00 1.060330828972258832e+00 8.206167712558521954e-01 -6.757015478469478031e-01 -4.574425604163545600e-01 3.140597783533665144e-01 4.853248167749129593e-01
1.403636634663555622e+09 2.746049622050214634e+00 1.113163915081597732e+00 8.152112210869684183e-01 -6.713374226305129921e-01 -4.619314696618136429e-01 3.158470594704569923e-01 4.859691526586462085e-01
1.403636634763555765e+09 2.690473550786153467e+00 1.163030158333192343e+00 8.083778105026855343e-01 -6.672556898668877690e-01 -4.691282545871587883e-01 3.175203278242220151e-01 4.836004202920715644e-01
1.403636634863555670e+09 2.635389612539022153e+00 1.211328109231317285e+00 8.069942354951614716e-01 -6.662017234089429030e-01 -4.750425475036568201e-01 3.191350668625830278e-01 4.781868367979243972e-01
1.403636634963555574e+09 2.579987477252725814e+00 1.257738588110318467e+00 8.106154604068868119e-01 -6.647612594788790963e-01 -4.811694314125417593e-01 3.203395227729970429e-01 4.732346524925598041e-01
1.403636635063555717e+09 2.526664667542876330e+00 1.300604275655381503e+00 8.185433631944590838e-01 -6.624005301871122020e-01 -4.862691531349816465e-01 3.208367969183973933e-01 4.709900190666076458e-01
1.403636635163555622e+09 2.470090084304144007e+00 1.344350092855049361e+00 8.236450150208776133e-01 -6.615540155743547812e-01 -4.899547951920812938e-01 3.211236235690775875e-01 4.681561721601003034e-01
1.403636635263555765e+09 2.412829586234158441e+00 1.385035197783264227e+00 8.219506431990074580e-01 -6.622211553862400457e-01 -4.914090830572646063e-01 3.229420657225011704e-01 4.644229501592432863e-01
1.403636635363555670e+09 2.354648330593027250e+00 1.428007094299775570e+00 8.147221519121554678e-01 -6.652475250189426870e-01 -4.905603621147556215e-01 3.264543740791429061e-01 4.585016938056022395e-01
1.403636635463555574e+09 2.294750237595280851e+00 1.468767196408765408e+00 8.113267993446382498e-01 -6.664000707996000639e-01 -4.897307616913967321e-01 3.286447204064593675e-01 4.561440281757639381e-01
1.403636635563555717e+09 2.231803441124312837e+00 1.511665606283179031e+00 8.145080173581087379e-01 -6.681342622820977128e-01 -4.879787090233002056e-01 3.309095715449204000e-01 4.538416492177282935e-01
1.403636635663555622e+09 2.166625643424627157e+00 1.556918498934003914e+00 8.237083788879872026e-01 -6.683355828118926478e-01 -4.859692141054213765e-01 3.326600760487092856e-01 4.544213303670003867e-01
1.403636635763555765e+09 2.101646253991429791e+00 1.604394560633102707e+00 8.424519474234724026e-01 -6.676960033423420260e-01 -4.824980769192501739e-01 3.361905693552500463e-01 4.564576146439893733e-01
1.403636635863555670e+09 2.037419456168185761e+00 1.653516310686246715e+00 8.694439194555425576e-01 -6.679714851243042650e-01 -4.756947455814811709e-01 3.437989697740023720e-01 4.575269090111919734e-01
1.403636635963555574e+09 1.975218168023726850e+00 1.707842924913383076e+00 8.979879301433703054e-01 -6.721309880115329261e-01 -4.744900831861637025e-01 3.440897927677855073e-01 4.524392892153050738e-01
1.403636636063555717e+09 1.910620315778321032e+00 1.765834368512266384e+00 9.247477548523501678e-01 -6.746034653628230071e-01 -4.803608066575499880e-01 3.344809190076538097e-01 4.497623536575438563e-01
1.403636636163555622e+09 1.845028874479054171e+00 1.826743365615649761e+00 9.488866336069045060e-01 -6.719613644853202894e-01 -4.850980852912731844e-01 3.274094588006590811e-01 4.538180456676737529e-01
1.403636636263555765e+09 1.778474635766738920e+00 1.890396165927600958e+00 9.788039122819711668e-01 -6.639242364777397931e-01 -4.852405319669123029e-01 3.273493246125392386e-01 4.653908615665248161e-01
1.403636636363555670e+09 1.713561274257646261e+00 1.951571636636971974e+00 1.016853184835194268e+00 -6.569933953250798320e-01 -4.826296502800343502e-01 3.308545160918106576e-01 4.753562751783639850e-01
1.403636636463555574e+09 1.649477396890991709e+00 2.013048532328654883e+00 1.054277123707324293e+00 -6.489148558900983410e-01 -4.783747596597645035e-01 3.371567918518982854e-01 4.862020123711246478e-01
1.403636636563555717e+09 1.590091273316661002e+00 2.070160458459555208e+00 1.076773274397257785e+00 -6.445472771741967977e-01 -4.799161479721724133e-01 3.345923243528431956e-01 4.922268530739078995e-01
1.403636636663555622e+09 1.536277919249714685e+00 2.122033257355539604e+00 1.093480387274714083e+00 -6.411560331389349887e-01 -4.841877587888485657e-01 3.282889784931943833e-01 4.966965894874570964e-01
1.403636636763555765e+09 1.484267999843768226e+00 2.170289307099443565e+00 1.099908038953501643e+00 -6.383876511039320301e-01 -4.880834607272031000e-01 3.225531749847341256e-01 5.001951535049378172e-01
1.403636636863555670e+09 1.438358914296586022e+00 2.212275941462642947e+00 1.099853159780576073e+00 -6.354052494884995239e-01 -4.935821527501733641e-01 3.151682866534609717e-01 5.032949219859902401e-01
1.403636636963555574e+09 1.393161211889702322e+00 2.243323042938112799e+00 1.094348732695883397e+00 -6.404204437206725276e-01 -4.923159085922274025e-01 3.193002282366280697e-01 4.955139409337172562e-01
1.403636637063555717e+09 1.350129814126756145e+00 2.268633524110715172e+00 1.084078956173910813e+00 -6.469261771473544531e-01 -4.881672454335215239e-01 3.278179324967022135e-01 4.855045467767988843e-01
1.403636637163555622e+09 1.311452435822657137e+00 2.292074739477910406e+00 1.070669906090792489e+00 -6.521657827412713493e-01 -4.873456634193001902e-01 3.311016164158154806e-01 4.770175214546116260e-01
1.403636637263555765e+09 1.271970986165718465e+00 2.312140832439692595e+00 1.055648211328657160e+00 -6.560095515942586664e-01 -4.896837698582767739e-01 3.292486459659025311e-01 4.705917581982347331e-01
1.403636637363555670e+09 1.233103316619520218e+00 2.331243887489775624e+00 1.045966783202462835e+00 -6.574240161068949373e-01 -4.920617053715281575e-01 3.271458637703404948e-01 4.675944022020604995e-01
1.403636637463555574e+09 1.191681088556033608e+00 2.348038362427055326e+00 1.043268522543699728e+00 -6.579775488500645420e-01 -4.938608854127251035e-01 3.266725115225755371e-01 4.652440663610368787e-01
1.403636637563555717e+09 1.151987026282832005e+00 2.365448199286201536e+00 1.051175344037946768e+00 -6.588041859314825999e-01 -4.948432454532307734e-01 3.269982521052133273e-01 4.627951492276099477e-01
1.403636637663555622e+09 1.110987099890236252e+00 2.383533954078025374e+00 1.066544612635494937e+00 -6.595687482083543163e-01 -4.950228345200061719e-01 3.282576556364384390e-01 4.606173804870072885e-01
1.403636637763555765e+09 1.064764202758524902e+00 2.399814815422777414e+00 1.086125594651162762e+00 -6.580097294895581594e-01 -4.951469946624512675e-01 3.294296154969629797e-01 4.618752840403389515e-01
1.403636637863555670e+09 1.018924955301648172e+00 2.416822049780260606e+00 1.112727080853911144e+00 -6.555984422001932543e-01 -4.945383092356053778e-01 3.313959625333869341e-01 4.645419887369046652e-01
1.403636637963555574e+09 9.720026146469562534e-01 2.432743897458101934e+00 1.140584195254602307e+00 -6.532889919579326632e-01 -4.933312742808029228e-01 3.338983967090343175e-01 4.672789396904206138e-01
1.403636638063555717e+09 9.256647519883149933e-01 2.449342966776655750e+00 1.152676085303801168e+00 -6.513347354485817808e-01 -4.923633755121177291e-01 3.361895286219762080e-01 4.693804104320631887e-01
1.403636638163555622e+09 8.806397668280241398e-01 2.465351134915048981e+00 1.152417551840054788e+00 -6.496930528184160503e-01 -4.910737056822443991e-01 3.386095100264525648e-01 4.712633578230339682e-01
1.403636638263555765e+09 8.379283600073130778e-01 2.480282676561192723e+00 1.142527342496113096e+00 -6.489269280837594023e-01 -4.911931195396460614e-01 3.389993365959343419e-01 4.719137750820618926e-01
1.403636638363555670e+09 7.977835490885989422e-01 2.494584189163271404e+00 1.127205972815200408e+00 -6.545073050708472007e-01 -4.912114501212001549e-01 3.398775364728210402e-01 4.634811313094531204e-01
1.403636638463555574e+09 7.591657354897627386e-01 2.509995761356377919e+00 1.106091506086314791e+00 -6.671728477511142952e-01 -4.935233063174602197e-01 3.366564745403250458e-01 4.449466883742703716e-01
1.403636638563555717e+09 7.184647108525279435e-01 2.528583133481813405e+00 1.085324756442679339e+00 -6.752820257812122140e-01 -4.950078338738748140e-01 3.341946702157624904e-01 4.327532235116158255e-01
1.403636638663555622e+09 6.707253273424793605e-01 2.552814932713175722e+00 1.072161040624064920e+00 -6.725342528922612084e-01 -4.991225021308962617e-01 3.291075807811420506e-01 4.361910210282019529e-01
1.403636638763555765e+09 6.156293606458524970e-01 2.584401128430311445e+00 1.071857118787456598e+00 -6.666577456974216442e-01 -5.002732282551897169e-01 3.281471563188047003e-01 4.445375023467024178e-01
1.403636638863555670e+09 5.572893387181832026e-01 2.616202309814988247e+00 1.075707019309569912e+00 -6.616302590587301857e-01 -4.975965362474701337e-01 3.324667951685182365e-01 4.517841492602115427e-01
1.403636638963555574e+09 4.966843141237342607e-01 2.649214889199762446e+00 1.089528638646443115e+00 -6.602523273268058324e-01 -4.939026137071478306e-01 3.385280342348357951e-01 4.533495808643506764e-01
1.403636639063555717e+09 4.356009063872567921e-01 2.684664527086357388e+00 1.106399796735401564e+00 -6.636596478343205208e-01 -4.881091210433045058e-01 3.469468078677885314e-01 4.482558089987347394e-01
1.403636639163555622e+09 3.742338322736191714e-01 2.722628839584844584e+00 1.114739957769966816e+00 -6.669535723992592313e-01 -4.837926401816134980e-01 3.527771533044822827e-01 4.434702849981670414e-01
1.403636639263555765e+09 3.175474812981153860e-01 2.767853837338073220e+00 1.107118254018703452e+00 -6.690828762311993305e-01 -4.820238682440690647e-01 3.552633309997301203e-01 4.401920726503218972e-01
1.403636639363555670e+09 2.606121569662391835e-01 2.819420024902281163e+00 1.087125403561657544e+00 -6.655094934692629138e-01 -4.875213980504964351e-01 3.478540318283133148e-01 4.454408749609329865e-01
1.403636639463555574e+09 2.024969660151647588e-01 2.875155131690659616e+00 1.059047975110209983e+00 -6.610392867528498417e-01 -4.939010322052369562e-01 3.391899102546254152e-01 4.517068037315175033e-01
1.403636639563555717e+09 1.441360922729550964e-01 2.931297521398353645e+00 1.029939571144596222e+00 -6.542810676171670892e-01 -4.996822246129249967e-01 3.312126970926520531e-01 4.610120478341417360e-01
1.403636639663555622e+09 8.533014317928611092e-02 2.985166202962441950e+00 1.001035275088491883e+00 -6.488735279433699432e-01 -5.018549054643336449e-01 3.289868040750495437e-01 4.678380930837013341e-01
1.403636639763555765e+09 2.514114629288055625e-02 3.036512359691392327e+00 9.766326835150078711e-01 -6.465722074866671054e-01 -4.972148728320440192e-01 3.361097639690375782e-01 4.709054865948272273e-01
1.403636639863555670e+09 -3.240301641779463893e-02 3.085931133182404196e+00 9.628385224401081466e-01 -6.466370749459939837e-01 -4.941243744900364332e-01 3.409608872190859619e-01 4.705818411571925375e-01
1.403636639963555574e+09 -8.817672902635464993e-02 3.134241467782906909e+00 9.541532045173850562e-01 -6.469671737371724962e-01 -4.926883289477143046e-01 3.438308251995988440e-01 4.695445136169810185e-01
1.403636640063555717e+09 -1.430608410849405487e-01 3.179360722238859793e+00 9.493318800009518110e-01 -6.446544479045951404e-01 -4.947367734533717476e-01 3.452847017276431951e-01 4.695046778708608093e-01
1.403636640163555622e+09 -1.940900632545732307e-01 3.222427300791556704e+00 9.526102267036743454e-01 -6.389737980049433608e-01 -5.015512659966627762e-01 3.476276280229492199e-01 4.683095613751879216e-01
1.403636640263555765e+09 -2.414436168382181336e-01 3.265251322338016848e+00 9.618266754332510660e-01 -6.346158659630747323e-01 -5.081161264521371068e-01 3.503341524669218998e-01 4.651308271040485720e-01
1.403636640363555670e+09 -2.874550862383413730e-01 3.306090549543043267e+00 9.702814443540483946e-01 -6.314895231976173084e-01 -5.123697765860036890e-01 3.531330029803814718e-01 4.625962346787013679e-01
1.403636640463555574e+09 -3.317634737921197896e-01 3.345148932328988245e+00 9.726617346093233696e-01 -6.285338671614518757e-01 -5.160036919426688184e-01 3.545265517989197868e-01 4.615152129693818606e-01
1.403636640563555717e+09 -3.738135648288700708e-01 3.383036072103386971e+00 9.693387344252034632e-01 -6.271926139039653014e-01 -5.187199513578761856e-01 3.553223695583965780e-01 4.596792912662041597e-01
1.403636640663555622e+09 -4.127906431147749799e-01 3.419862821924260388e+00 9.615966339513241090e-01 -6.258318357477824501e-01 -5.199273735097020843e-01 3.565473850378158560e-01 4.592210816834942921e-01
1.403636640763555765e+09 -4.489462395042576048e-01 3.456595514765671950e+00 9.489530195104238786e-01 -6.261168089437482154e-01 -5.215784337390769743e-01 3.566588273648776952e-01 4.568677706723244247e-01
1.403636640863555670e+09 -4.840741273522075616e-01 3.490634465546177623e+00 9.410093964839514324e-01 -6.263813288197286333e-01 -5.238280882055276200e-01 3.552168874616307703e-01 4.550511265506820280e-01
1.403636640963555574e+09 -5.194555156545392904e-01 3.521295235812877067e+00 9.396800161116004579e-01 -6.267072245129339247e-01 -5.244835195682980844e-01 3.544588880148670795e-01 4.544381026628490639e-01
1.403636641063555717e+09 -5.510918988609923019e-01 3.553004136309716010e+00 9.400774200171075901e-01 -6.260940815937663384e-01 -5.233497622607351518e-01 3.556668376432903789e-01 4.556449582028877510e-01
1.403636641163555622e+09 -5.864654908270194866e-01 3.580248746680155136e+00 9.358031468495117133e-01 -6.261380269189085190e-01 -5.230634209890688835e-01 3.547622979412456412e-01 4.566174994771388662e-01
1.403636641263555765e+09 -6.184740692027910214e-01 3.606999904380444377e+00 9.278474596641227423e-01 -6.261878713837060184e-01 -5.212457287974561204e-01 3.563670564365133964e-01 4.573774819873916986e-01
1.403636641363555670e+09 -6.456424655052730444e-01 3.633270024550321331e+00 9.112919821391635145e-01 -6.298586131858914250e-01 -5.170138936893455828e-01 3.611124749394868938e-01 4.534010824543828200e-01
1.403636641463555574e+09 -6.764633448260548576e-01 3.656366710081288218e+00 8.968601908821417501e-01 -6.320875048857862444e-01 -5.145649990098758453e-01 3.635366793742667024e-01 4.511422510813632991e-01
1.403636641563555717e+09 -7.022734451676555523e-01 3.681392690217965225e+00 8.784230792587105485e-01 -6.308660853001237800e-01 -5.157252137098398137e-01 3.613381300923874107e-01 4.532882549806181993e-01
1.403636641663555622e+09 -7.282877524134070413e-01 3.708415878940625632e+00 8.681586676124199986e-01 -6.298215454919149359e-01 -5.173827749114913166e-01 3.581518340454166172e-01 4.553758325042785993e-01
1.403636641763555765e+09 -7.522077959709383421e-01 3.735060823714249523e+00 8.654429091507818139e-01 -6.291488386003035727e-01 -5.178235313068390022e-01 3.566393994682734436e-01 4.569889145917145901e-01
1.403636641863555670e+09 -7.774317936115249239e-01 3.759796577269900908e+00 8.738372700224590339e-01 -6.284352055902189260e-01 -5.175147158270066994e-01 3.566859565100989893e-01 4.582824889800472534e-01
1.403636641963555574e+09 -7.956595337901326559e-01 3.782820715182344529e+00 8.853480414884907779e-01 -6.306058988756751971e-01 -5.141496953883032406e-01 3.557201469410827266e-01 4.598363492543096065e-01
1.403636642063555717e+09 -8.143039033422256878e-01 3.806338296958300838e+00 9.027405635759048197e-01 -6.344206566564193350e-01 -5.074368413690627522e-01 3.525730089962468283e-01 4.644465047304788818e-01
1.403636642163555622e+09 -8.295459476857480752e-01 3.827745687587604806e+00 9.212350387749475011e-01 -6.377585591132178822e-01 -5.020037076137541243e-01 3.484539957482033490e-01 4.688668368172216883e-01
1.403636642263555765e+09 -8.456033743541171432e-01 3.848048226032991792e+00 9.314484374473570583e-01 -6.407844784669116667e-01 -4.969645767262188540e-01 3.462888247938484265e-01 4.717048987005681981e-01
1.403636642363555670e+09 -8.581048683718401904e-01 3.868614643668109032e+00 9.354072557599245608e-01 -6.454033896941235859e-01 -4.901979054076873732e-01 3.429371234282950764e-01 4.749258968302081385e-01
1.403636642463555574e+09 -8.688641588567067586e-01 3.887721211626690376e+00 9.316656948945085670e-01 -6.496123525006565202e-01 -4.839156245686956348e-01 3.395122263385203509e-01 4.780804408711088471e-01
1.403636642563555717e+09 -8.770349144544367093e-01 3.906201037258805187e+00 9.223177150332935170e-01 -6.547582415049341131e-01 -4.815413254343007265e-01 3.340879268981880590e-01 4.772785917901767871e-01
1.403636642663555622e+09 -8.825729505125696761e-01 3.923105026558737940e+00 9.062842709383636119e-01 -6.612327338503131147e-01 -4.810686679314820635e-01 3.288698094755952428e-01 4.724286790987140550e-01
1.403636642763555765e+09 -8.887100534356884296e-01 3.940039559520781332e+00 8.871996155357342317e-01 -6.661214206793713011e-01 -4.818232658674908020e-01 3.241904423774209509e-01 4.680055025873237073e-01
1.403636642863555670e+09 -8.969317968300050126e-01 3.955469574172300717e+00 8.765812061193418714e-01 -6.693881736114907222e-01 -4.818535452455950940e-01 3.221360633068482415e-01 4.647203359876669881e-01
1.403636642963555574e+09 -9.058857009174801078e-01 3.972654929593312012e+00 8.732213896542286857e-01 -6.709655338345942299e-01 -4.820922322026260920e-01 3.213399370836693136e-01 4.627450452365861056e-01
1.403636643063555717e+09 -9.178217732693649822e-01 3.990343626185929082e+00 8.784059807578304957e-01 -6.691810500865930100e-01 -4.803801363859590001e-01 3.238568580793481644e-01 4.653475929300430747e-01
1.403636643163555622e+09 -9.305009311390293192e-01 4.010389455621721666e+00 8.830533768006169071e-01 -6.659431429894198118e-01 -4.774856381452790011e-01 3.285023567747375473e-01 4.696950045123028383e-01
1.403636643263555765e+09 -9.460662081870463425e-01 4.030755510925561502e+00 8.802328424097701776e-01 -6.643113449952736671e-01 -4.761540972794385818e-01 3.308379000316488683e-01 4.717138925845004160e-01
1.403636643363555670e+09 -9.581933580628376745e-01 4.052829582455758306e+00 8.740850768998360554e-01 -6.648896830097988930e-01 -4.776235761506217870e-01 3.295616044061033811e-01 4.703047712212743425e-01
1.403636643463555574e+09 -9.694219795640606208e-01 4.075842792967738326e+00 8.701307475031286875e-01 -6.677332448518757957e-01 -4.794477258677848353e-01 3.281140823693264874e-01 4.654066402950532422e-01
1.403636643563555717e+09 -9.841929047663890984e-01 4.097010723112708419e+00 8.755742134129990140e-01 -6.705834759708655390e-01 -4.825691115798509401e-01 3.249440665249957449e-01 4.602784026369949322e-01
1.403636643663555622e+09 -1.000393164585034356e+00 4.120568652930440834e+00 8.896444093131219422e-01 -6.725862720497226555e-01 -4.864896154112863247e-01 3.212244754163129934e-01 4.558183817495185530e-01
1.403636643763555765e+09 -1.020092609651684690e+00 4.147564392556958524e+00 9.094140163126310794e-01 -6.734641517012059930e-01 -4.894413518629221471e-01 3.187600473924951383e-01 4.530841330771858133e-01
1.403636643863555670e+09 -1.042871959766198842e+00 4.175809115357548507e+00 9.275143590885776002e-01 -6.751605733586902858e-01 -4.925469654419994958e-01 3.151296717474472153e-01 4.497209990651855893e-01
1.403636643963555574e+09 -1.071238197862481201e+00 4.206218618293315892e+00 9.405100281246761007e-01 -6.761527047080873043e-01 -4.947809571040368004e-01 3.124993431322709014e-01 4.476086292120051713e-01
1.403636644063555717e+09 -1.107646570935349573e+00 4.237748436332343438e+00 9.479426297061867013e-01 -6.766199950219646819e-01 -4.956309192964435395e-01 3.112355460142369745e-01 4.468420404024872061e-01
1.403636644163555622e+09 -1.146516582504572668e+00 4.274138600780505115e+00 9.479893629887911066e-01 -6.761423956406444891e-01 -4.956382806714066946e-01 3.113712515594745933e-01 4.474618411135282692e-01
1.403636644263555765e+09 -1.195761610484076698e+00 4.308861039981333185e+00 9.478979626518811985e-01 -6.737539048582410484e-01 -4.873396981176294496e-01 3.227800529930001106e-01 4.520716002103274955e-01
1.403636644363555670e+09 -1.248240656163541296e+00 4.345157288988299449e+00 9.424676654100122564e-01 -6.713234331297778246e-01 -4.755432811427813267e-01 3.384047021146704970e-01 4.567994017919545513e-01
1.403636644463555574e+09 -1.297466757017055272e+00 4.386903975073848549e+00 9.279782542624740449e-01 -6.686813730537040090e-01 -4.681576940374200246e-01 3.482002167726379604e-01 4.609232082289485000e-01
1.403636644563555717e+09 -1.344293346202949380e+00 4.433440174767260267e+00 9.071306343067460087e-01 -6.681761118776898822e-01 -4.613154637824390392e-01 3.579206441280916584e-01 4.611090314645087118e-01
1.403636644663555622e+09 -1.386623579571058862e+00 4.485064564566259016e+00 8.784531155428005889e-01 -6.661023562908938711e-01 -4.617939428869389795e-01 3.568290865637732123e-01 4.644642163167336801e-01
1.403636644763555765e+09 -1.420128765709709029e+00 4.542308125925181628e+00 8.401851493263716719e-01 -6.603983602655066898e-01 -4.697567877471655606e-01 3.458148972591198467e-01 4.728790785790367712e-01
1.403636644863555670e+09 -1.452979768592799203e+00 4.598701313050493233e+00 7.965426911119751763e-01 -6.564261192231420905e-01 -4.769067900249758241e-01 3.340756924436119601e-01 4.796437170943034234e-01
1.403636644963555574e+09 -1.482815050657522171e+00 4.653877625676549279e+00 7.563493092362937320e-01 -6.589753289886898235e-01 -4.791356443449413804e-01 3.290191470926701611e-01 4.774169571232443343e-01
1.403636645063555717e+09 -1.511466609913544978e+00 4.708639611122318769e+00 7.191887427896875851e-01 -6.688321495921802917e-01 -4.841931455790259298e-01 3.205314381332342033e-01 4.641983957473708178e-01
1.403636645163555622e+09 -1.542865862105694319e+00 4.761293646030865467e+00 6.892889625546871901e-01 -6.793360610497946039e-01 -4.905715043684102383e-01 3.097491878541868138e-01 4.493301190469389805e-01
1.403636645263555765e+09 -1.582157458765314217e+00 4.815431117216125934e+00 6.696219535459482231e-01 -6.861209843905389238e-01 -4.940554030911703531e-01 3.031297355203077526e-01 4.396130308564191735e-01
1.403636645363555670e+09 -1.627190759644336460e+00 4.874722050609830326e+00 6.591022688614431857e-01 -6.837985886171249472e-01 -4.923916640962323621e-01 3.054851468389188085e-01 4.434509718047481841e-01
1.403636645463555574e+09 -1.683403548686156270e+00 4.933405249410698801e+00 6.529667983671545439e-01 -6.800901461701481798e-01 -4.891098941322767901e-01 3.090579065869289987e-01 4.502578316034985817e-01
1.403636645563555717e+09 -1.743759104431021001e+00 4.994934982634913645e+00 6.407567171383490301e-01 -6.778312340020105076e-01 -4.878301503754031154e-01 3.104956719914787056e-01 4.540473546565189644e-01
1.403636645663555622e+09 -1.807008409836987184e+00 5.057078088582245279e+00 6.238170181473097209e-01 -6.759027894567738448e-01 -4.870152551075651592e-01 3.114076937874530326e-01 4.571616877506748389e-01
1.403636645763555765e+09 -1.876087158145039346e+00 5.118360601961498446e+00 6.118248371818949538e-01 -6.750145280869319642e-01 -4.862037523511405501e-01 3.127978561714064853e-01 4.583871717727484030e-01
1.403636645863555670e+09 -1.949954761444111284e+00 5.181280095482376780e+00 6.062398803070164766e-01 -6.757893146494609038e-01 -4.855727475924460634e-01 3.137011509506336671e-01 4.572958526964598924e-01
1.403636645963555574e+09 -2.025250573527412890e+00 5.246198439018606940e+00 6.115054092565672672e-01 -6.754730011238490039e-01 -4.818948624564127758e-01 3.171075505447145115e-01 4.592998668390699257e-01
1.403636646063555717e+09 -2.105657661960123939e+00 5.313108158885914811e+00 6.268497346911930945e-01 -6.777902066469725373e-01 -4.710220552607202738e-01 3.208692092634070625e-01 4.645229916571377293e-01
1.403636646163555622e+09 -2.186331294343061948e+00 5.381813744669500466e+00 6.475549927796935279e-01 -6.844201633380676553e-01 -4.546548960754743796e-01 3.195365313193697099e-01 4.719686119259177137e-01
1.403636646263555765e+09 -2.266404903305450524e+00 5.455980516143747572e+00 6.644460129041873664e-01 -6.941199726491759092e-01 -4.333349950939150430e-01 3.153370611255301714e-01 4.806046020141483410e-01
1.403636646363555670e+09 -2.343135446555218770e+00 5.529766019213431250e+00 6.735917251040299814e-01 -7.039835661042384007e-01 -4.079935412769056802e-01 3.091766439434298075e-01 4.922989049057155397e-01
1.403636646463555574e+09 -2.410027742391802619e+00 5.612997416647312221e+00 6.770762554370348685e-01 -7.097335313834752801e-01 -3.879729700040603912e-01 2.962299495854022746e-01 5.079400613702369505e-01
1.403636646563555717e+09 -2.474647932171546216e+00 5.693330790769246974e+00 6.833201993122305362e-01 -7.119201961313311733e-01 -3.744136858592483907e-01 2.829872793306330014e-01 5.224004459403392975e-01
1.403636646663555622e+09 -2.532478359069786578e+00 5.767318641754806130e+00 6.972448698429880576e-01 -7.171364436910200313e-01 -3.673156524708538484e-01 2.700459277718209594e-01 5.271335025152202869e-01
1.403636646763555765e+09 -2.583192687285354339e+00 5.840744401557040000e+00 7.168945050482179449e-01 -7.217981254747188880e-01 -3.618820962722334444e-01 2.620757076486213144e-01 5.285500335060724364e-01
1.403636646863555670e+09 -2.629627835340338393e+00 5.912847780568678324e+00 7.443294651849674537e-01 -7.234343806333133342e-01 -3.578574647617184246e-01 2.577978552474517460e-01 5.311506355656780975e-01
1.403636646963555574e+09 -2.672434933715998717e+00 5.979873511212598025e+00 7.746123713049266613e-01 -7.257618900694169373e-01 -3.565138025767118357e-01 2.552069395667710405e-01 5.301292347080314160e-01
1.403636647063555717e+09 -2.713178447100455415e+00 6.045977039194430525e+00 7.984766813323969092e-01 -7.278618829092865505e-01 -3.576191291273124184e-01 2.520485889081998665e-01 5.280124493980757894e-01
1.403636647163555622e+09 -2.749637286885052490e+00 6.110414885061459245e+00 8.162293103086477597e-01 -7.314210123759712356e-01 -3.598891817432291473e-01 2.491419363532121900e-01 5.229066599970499940e-01
1.403636647263555765e+09 -2.783225272238680326e+00 6.172421685174932726e+00 8.274054262918166813e-01 -7.319321647563876709e-01 -3.612300159245215303e-01 2.488706978698793926e-01 5.213938602745121775e-01
1.403636647363555670e+09 -2.817415587290842183e+00 6.235750245178642182e+00 8.372308941965640461e-01 -7.307006014795879301e-01 -3.605896059573446832e-01 2.528203590926834110e-01 5.216642915718326945e-01
1.403636647463555574e+09 -2.849643007455859411e+00 6.296467452048799096e+00 8.396082852758220971e-01 -7.287114991252477969e-01 -3.596788579889201865e-01 2.572299220685363985e-01 5.229181937464356666e-01
1.403636647563555717e+09 -2.877081708752383449e+00 6.357445093090517751e+00 8.428864964170629248e-01 -7.250226875175537211e-01 -3.576649663979752924e-01 2.644030963458787187e-01 5.258411138728796841e-01
1.403636647663555622e+09 -2.902521409636322325e+00 6.420055248859308783e+00 8.509163596137903074e-01 -7.231921643538414823e-01 -3.538719024779006794e-01 2.693776848061236739e-01 5.283970410424059239e-01
1.403636647763555765e+09 -2.918285032512579313e+00 6.481709019620114809e+00 8.579663974457909514e-01 -7.247055983830267278e-01 -3.548505544513906873e-01 2.652729117772402168e-01 5.277434622570558176e-01
1.403636647863555670e+09 -2.927514431155769259e+00 6.541718328154481732e+00 8.655636492894439593e-01 -7.268030380683223601e-01 -3.543673288456861137e-01 2.595874553723951372e-01 5.280108835191887895e-01
1.403636647963555574e+09 -2.936173658403094855e+00 6.599985290534712057e+00 8.696027564119315212e-01 -7.305683146438977094e-01 -3.470935218917721166e-01 2.526288457454758940e-01 5.310128915539146233e-01
1.403636648063555717e+09 -2.938754033406065780e+00 6.661123099011715176e+00 8.614845685280693166e-01 -7.370614230185043025e-01 -3.343934917667319429e-01 2.418930662295199485e-01 5.351721179882890089e-01
1.403636648163555622e+09 -2.940949733362336893e+00 6.721638294425750892e+00 8.497084359385072005e-01 -7.455561754615492864e-01 -3.161427791666167053e-01 2.285473394230590205e-01 5.403386401642923387e-01
1.403636648263555765e+09 -2.936303713752876021e+00 6.783304715534064222e+00 8.295867532505288855e-01 -7.535274889781675700e-01 -2.955770006234066383e-01 2.147347482901157123e-01 5.465524201149501993e-01
1.403636648363555670e+09 -2.933552259491901459e+00 6.842004393336460488e+00 8.086563020939023794e-01 -7.615979922902050836e-01 -2.738702286483813975e-01 1.992449850198785288e-01 5.525079474035106131e-01
1.403636648463555574e+09 -2.924034400679869528e+00 6.901505683794822765e+00 7.778967816631596754e-01 -7.696370534999747992e-01 -2.514323463655949720e-01 1.828310607468518756e-01 5.576857397380262649e-01
1.403636648563555717e+09 -2.911209306815015552e+00 6.955353905378394153e+00 7.492717052623399931e-01 -7.763022363982642338e-01 -2.298575501070481142e-01 1.682000277013765144e-01 5.623425069324702319e-01
1.403636648663555622e+09 -2.893807379049298412e+00 7.006177347534115363e+00 7.280294402911910989e-01 -7.814206783050421379e-01 -2.151872792237184973e-01 1.553897516425596648e-01 5.647390401433608487e-01
1.403636648763555765e+09 -2.875537674985990222e+00 7.055142361574458398e+00 7.141983479687677994e-01 -7.872180003660707026e-01 -2.066004830023545624e-01 1.438542790266126026e-01 5.629476056690999597e-01
1.403636648863555670e+09 -2.857978501735843224e+00 7.102314053756825452e+00 7.075380654631291399e-01 -7.968224821122654733e-01 -2.027421515972372967e-01 1.352723580669699666e-01 5.528751587014671953e-01
1.403636648963555574e+09 -2.839560290983350832e+00 7.149001476210149697e+00 7.130264752841817266e-01 -8.034641432358289315e-01 -2.026578274776391630e-01 1.284787851634421052e-01 5.448562904650042782e-01
1.403636649063555717e+09 -2.824715690461634843e+00 7.198391264537154832e+00 7.272638679504119796e-01 -8.020895661421975076e-01 -2.020036092821323459e-01 1.266713632413365709e-01 5.475410810682559415e-01
1.403636649163555622e+09 -2.809971884170031409e+00 7.250689494646072042e+00 7.527606761149308046e-01 -7.934970476068272660e-01 -2.003888152447976800e-01 1.301081837029392230e-01 5.597129788539453310e-01
1.403636649263555765e+09 -2.790740396925967204e+00 7.301061620240152372e+00 7.838996960971084116e-01 -7.857640345227769885e-01 -2.009181488941987892e-01 1.329799499151760600e-01 5.696693009246451833e-01
1.403636649363555670e+09 -2.777307562344778269e+00 7.347314666569810804e+00 8.180897563492957048e-01 -7.847513794754967797e-01 -2.034603809860259238e-01 1.339404017271349501e-01 5.699378164023682913e-01
1.403636649463555574e+09 -2.760127125141491611e+00 7.393083513722213063e+00 8.585002889633107648e-01 -7.874066905104450953e-01 -2.077333762335215050e-01 1.343394115528108446e-01 5.646153297968936613e-01
1.403636649563555717e+09 -2.741067562314516870e+00 7.437599196070167729e+00 9.065230143094273885e-01 -7.850383861244073502e-01 -2.100240183121154791e-01 1.384613501550604475e-01 5.660681041680903913e-01
1.403636649663555622e+09 -2.720756242801637192e+00 7.479015927051933410e+00 9.603848470711205954e-01 -7.820163581163511735e-01 -2.062582595193628299e-01 1.433528267279362833e-01 5.704015367156647365e-01
1.403636649763555765e+09 -2.702753184545069409e+00 7.524409492667852639e+00 1.011171860805572198e+00 -7.820498304995662231e-01 -1.986584329518276126e-01 1.413235986886864082e-01 5.735508086354715873e-01
1.403636649863555670e+09 -2.682880171984876050e+00 7.561132197731514459e+00 1.048929999146347214e+00 -7.818788496865969329e-01 -1.930400714431935727e-01 1.358762373864954021e-01 5.770083563898009693e-01
1.403636649963555574e+09 -2.657500902463906023e+00 7.596500841556312444e+00 1.080098811063175068e+00 -7.820124043627483257e-01 -1.890919854893446939e-01 1.309421199542370462e-01 5.792710778801071214e-01
1.403636650063555717e+09 -2.632915284637860509e+00 7.627457253658090686e+00 1.098442651470219911e+00 -7.824259092228992296e-01 -1.851160525709145688e-01 1.271431298445509228e-01 5.808410868650852876e-01
1.403636650163555622e+09 -2.602041319110067974e+00 7.655068238418512472e+00 1.107683601242062776e+00 -7.839295781496719018e-01 -1.763546932799153755e-01 1.215748277253485415e-01 5.827289249074363298e-01
1.403636650263555765e+09 -2.569986389072142607e+00 7.682558908793358121e+00 1.111247237595645476e+00 -7.878016023416922753e-01 -1.617057789386270317e-01 1.093690191197157768e-01 5.841731712964103318e-01
1.403636650363555670e+09 -2.532463595039547322e+00 7.703696186859002815e+00 1.106550730022952456e+00 -7.932538888835931612e-01 -1.410837258453057075e-01 9.545931168603671857e-02 5.845777706046397793e-01
1.403636650463555574e+09 -2.494956588210190951e+00 7.719701662550201071e+00 1.095629041138695081e+00 -7.996356157639428197e-01 -1.194822526012586650e-01 7.785602704473161551e-02 5.833055051754262310e-01
1.403636650563555717e+09 -2.454388645346863740e+00 7.735577506545079807e+00 1.083465093593065864e+00 -8.066179324718890653e-01 -9.944064206605784939e-02 6.242931845824341991e-02 5.792940962215173961e-01
1.403636650663555622e+09 -2.417218298301285984e+00 7.748339096390473024e+00 1.066043384072247635e+00 -8.108164178002451594e-01 -8.479277573473986696e-02 5.119817385673186561e-02 5.768584478037158680e-01
1.403636650763555765e+09 -2.382199659982355833e+00 7.757443908690054180e+00 1.045634581927785467e+00 -8.128034729719154639e-01 -7.404498582078855584e-02 4.255476448986282578e-02 5.762438254929975745e-01
1.403636650863555670e+09 -2.348352168798213846e+00 7.767616007702453196e+00 1.037561905206423996e+00 -8.116036437913453083e-01 -6.700048058532270812e-02 3.719045443468325940e-02 5.791608853202093732e-01
1.403636650963555574e+09 -2.310987726114804630e+00 7.776618995126587386e+00 1.038462688032478098e+00 -8.070403067967202304e-01 -6.325436283232743762e-02 3.483175170979692370e-02 5.860644826816918673e-01
1.403636651063555717e+09 -2.276551784826455815e+00 7.783991914694209591e+00 1.049160024728005070e+00 -8.041985544748185832e-01 -6.250007029941617720e-02 3.352972237931450827e-02 5.901137042217766693e-01
1.403636651163555622e+09 -2.242356332799285035e+00 7.785974945703153516e+00 1.056701309873985695e+00 -8.030574160625207902e-01 -6.287528741885173300e-02 3.407301274020791554e-02 5.915948905643032552e-01
1.403636651263555765e+09 -2.213230573672739787e+00 7.783517588627650419e+00 1.075102315388266616e+00 -8.056089042244668486e-01 -6.477783937546688353e-02 3.453764294283671182e-02 5.878820257330999999e-01
1.403636651363555670e+09 -2.178457795765971206e+00 7.778383244580868272e+00 1.097134412822847294e+00 -8.090150231365418332e-01 -6.766480215136194687e-02 3.599125354425752182e-02 5.827699345003233278e-01
1.403636651463555574e+09 -2.147193976437004714e+00 7.768751884045289380e+00 1.108677039553668475e+00 -8.102081250620730701e-01 -7.040314995794605402e-02 3.787864791379124546e-02 5.806646179952954512e-01
1.403636651563555717e+09 -2.120634962853864991e+00 7.755846539466708656e+00 1.117468850109876621e+00 -8.080240770359680136e-01 -7.243940634763490483e-02 4.026361751071625555e-02 5.832910632292638287e-01
1.403636651663555622e+09 -2.087153899013099334e+00 7.745966592252336191e+00 1.122847279036501167e+00 -8.036642360712905608e-01 -7.403291502434727889e-02 4.340654023038727216e-02 5.888622890100662088e-01
1.403636651763555765e+09 -2.047205854947016235e+00 7.737528896910249365e+00 1.122797744358469130e+00 -8.017371866813179926e-01 -7.114118856151097070e-02 4.824057371277375161e-02 5.914636606168157673e-01
1.403636651863555670e+09 -2.010056179882425909e+00 7.725691409014095790e+00 1.125191983730807532e+00 -8.009576042731461065e-01 -5.980903914722002224e-02 5.132989196388076936e-02 5.935107725932906586e-01
1.403636651963555574e+09 -1.968754555979497667e+00 7.710577186479688372e+00 1.115495059779155085e+00 -8.009580127297275531e-01 -4.326364943597516000e-02 4.656949253880871692e-02 5.953367121606096823e-01
1.403636652063555717e+09 -1.920295771927652773e+00 7.692456458753134108e+00 1.102267018680177513e+00 -8.021130360930219805e-01 -2.451565850940451430e-02 3.179256874352810042e-02 5.958211916256189733e-01
1.403636652163555622e+09 -1.866448423335847373e+00 7.669186898319689583e+00 1.081159536429846302e+00 -8.054890425591259007e-01 -3.329330664816776419e-03 6.941854323571101243e-03 5.925606538853700478e-01
1.403636652263555765e+09 -1.811740474012706770e+00 7.645192749162371904e+00 1.059318359402886767e+00 -8.101432653019742247e-01 2.427160469694689127e-02 -1.887652838332351535e-02 5.854250213028852068e-01
1.403636652363555670e+09 -1.758482034462907073e+00 7.615427557217290477e+00 1.031839692691201682e+00 -8.160327228734429728e-01 5.424520116827946659e-02 -4.200910433543711409e-02 5.739192351741677633e-01
1.403636652463555574e+09 -1.708262527513960904e+00 7.586188410968486728e+00 1.005676556064642568e+00 -8.182620460146834418e-01 7.926393029331990636e-02 -5.922169724743986396e-02 5.662660540606796467e-01
1.403636652563555717e+09 -1.651151905316182500e+00 7.556628878461565613e+00 9.847441371158446310e-01 -8.205959781191958236e-01 9.807983070849524143e-02 -6.991316900475873231e-02 5.586722977761700015e-01
1.403636652663555622e+09 -1.596623038050983823e+00 7.536944722323904777e+00 9.717122351762874644e-01 -8.245450229203070691e-01 1.095235040877143851e-01 -7.838964935988670946e-02 5.495317735153562033e-01
1.403636652763555765e+09 -1.542678322139436453e+00 7.518465431388029252e+00 9.678708446742352312e-01 -8.258678281076430316e-01 1.150640822027831911e-01 -8.457804687753157913e-02 5.454806517833400425e-01
1.403636652863555670e+09 -1.482215507691662992e+00 7.507111110521809572e+00 9.752872722305017117e-01 -8.250772388792448897e-01 1.174593209615477640e-01 -8.700171829514807831e-02 5.457852680462761397e-01
1.403636652963555574e+09 -1.425997511241630988e+00 7.501200405418361861e+00 9.896128744358255735e-01 -8.224963782063811069e-01 1.163545696434851173e-01 -8.914214178468056471e-02 5.495589145109968099e-01
1.403636653063555717e+09 -1.370974924149622964e+00 7.501755248556894351e+00 9.985983503191360189e-01 -8.197648933965803186e-01 1.135346473121184863e-01 -9.064232259571389227e-02 5.539669419456911825e-01
1.403636653163555622e+09 -1.313794124429449539e+00 7.502741191988881120e+00 9.982119011959692534e-01 -8.156341732690588486e-01 1.099340855314514531e-01 -9.028543296701403709e-02 5.608065021270896011e-01
1.403636653263555765e+09 -1.257290354551455103e+00 7.507190016673994215e+00 9.920184560040906652e-01 -8.092572787867829964e-01 1.051434073730102003e-01 -8.998951680133504549e-02 5.709197907608970501e-01
1.403636653363555670e+09 -1.202045181196581325e+00 7.512662491719514612e+00 9.908462149093919535e-01 -8.053971258226162444e-01 9.966108204677992521e-02 -8.938812297723541800e-02 5.774191734888444172e-01
1.403636653463555574e+09 -1.149824931005067441e+00 7.513584517634154913e+00 9.945837101284177306e-01 -8.050687246972670907e-01 9.538591104921079200e-02 -8.718930644524398865e-02 5.789334170085754794e-01
1.403636653563555717e+09 -1.099184916661190670e+00 7.516038954470965372e+00 1.009314895997892148e+00 -8.062022015602494651e-01 9.187142729397435037e-02 -8.436509610788428537e-02 5.783426161066487214e-01
1.403636653663555622e+09 -1.052919642748606499e+00 7.518029810484931907e+00 1.028014277756581052e+00 -8.041374374130663139e-01 8.913449507240189806e-02 -8.222239814446045958e-02 5.819428672836438610e-01
1.403636653763555765e+09 -1.004092805684805079e+00 7.514861927681665499e+00 1.039786934045083600e+00 -8.012235593942400591e-01 8.700422576506683381e-02 -8.105527240995488714e-02 5.864308274512807229e-01
1.403636653863555670e+09 -9.639728999621253180e-01 7.512274181958223274e+00 1.046957353095498311e+00 -7.995674359631582684e-01 8.519580472670673643e-02 -8.167120493984347807e-02 5.888662025349593598e-01
1.403636653963555574e+09 -9.232267590106060240e-01 7.503699450973461360e+00 1.047638114940348419e+00 -8.003543844780253158e-01 8.570645108394647771e-02 -7.990587925409969872e-02 5.879645516100656666e-01
1.403636654063555717e+09 -9.008889788160914236e-01 7.496365355288678423e+00 1.040178374633481617e+00 -8.021031324484788616e-01 8.917050362619949322e-02 -7.634714596684777366e-02 5.855342001131147445e-01
1.403636654163555622e+09 -8.620827158425345971e-01 7.482324205050322696e+00 1.028871695185269886e+00 -8.008541791770492635e-01 9.388002893967528628e-02 -7.644844386203779318e-02 5.864936140249211727e-01
1.403636654263555765e+09 -8.240229634145261883e-01 7.466073560081000871e+00 1.022404244181913224e+00 -7.996950141370464671e-01 1.009645568813124505e-01 -8.317608979916307765e-02 5.859827477868532197e-01
1.403636654363555670e+09 -7.872069479973804462e-01 7.447092727311045657e+00 1.023347738099923632e+00 -7.999170073899570799e-01 1.120248947092751246e-01 -9.298377147695732758e-02 5.821831520196992793e-01
1.403636654463555574e+09 -7.510552509232715224e-01 7.423727649815396568e+00 1.031435904346254651e+00 -7.999389168923144444e-01 1.265935846374872664e-01 -1.044578579230480142e-01 5.772004413441751414e-01
1.403636654563555717e+09 -7.140701996641389826e-01 7.400383315792269379e+00 1.047703794899099039e+00 -7.982032965232230826e-01 1.429660352342000396e-01 -1.184125950566519286e-01 5.730712586762856109e-01
1.403636654663555622e+09 -6.795428653506956351e-01 7.373919579980074523e+00 1.064802350745109205e+00 -7.981933639041263184e-01 1.601880367558364826e-01 -1.250782081099431620e-01 5.670825235851757462e-01
1.403636654763555765e+09 -6.441800735385632137e-01 7.346377702540169530e+00 1.076808319375109679e+00 -7.982648328445181019e-01 1.719099358587425908e-01 -1.312863798501722468e-01 5.621246454858502828e-01
1.403636654863555670e+09 -6.117240080673536085e-01 7.322428605980515037e+00 1.083198438883895776e+00 -7.977186338658790454e-01 1.796553836604668497e-01 -1.378378110798150202e-01 5.589004044923312486e-01
1.403636654963555574e+09 -5.818792240324626164e-01 7.296698825328006954e+00 1.081734838704925039e+00 -7.939421533674686504e-01 1.838276061760836244e-01 -1.439652805225792864e-01 5.613708812521829294e-01
1.403636655063555717e+09 -5.530744900568329570e-01 7.272705995643183208e+00 1.078298905746702285e+00 -7.872667845037157885e-01 1.863885717448198198e-01 -1.476871134650843687e-01 5.689102098367168070e-01
1.403636655163555622e+09 -5.293924878961204783e-01 7.243097251968070971e+00 1.067528584857820650e+00 -7.824736573802473227e-01 1.877802476810350729e-01 -1.501113562866975837e-01 5.744041563225291691e-01
1.403636655263555765e+09 -5.043364877181879535e-01 7.213000983108075026e+00 1.056851060289169419e+00 -7.788637042240779129e-01 1.908242986778329042e-01 -1.498560094580447533e-01 5.783602629034706455e-01
1.403636655363555670e+09 -4.813136414583674139e-01 7.180218895812552127e+00 1.045409036541715464e+00 -7.755754980225793016e-01 1.975601566608647941e-01 -1.523856681057869367e-01 5.798544985796998397e-01
1.403636655463555574e+09 -4.602029839114418763e-01 7.142139910842948858e+00 1.035496794952431854e+00 -7.724703288408882873e-01 2.052510690788637016e-01 -1.565268909885472459e-01 5.802248892454481277e-01
1.403636655563555717e+09 -4.387963505459691049e-01 7.098322649839087894e+00 1.030904147224573020e+00 -7.723496707823330754e-01 2.165420447551020811e-01 -1.619683696127375838e-01 5.747623649306666804e-01
1.403636655663555622e+09 -4.239862022554836685e-01 7.050740266352430119e+00 1.028647932411436372e+00 -7.760802518764836622e-01 2.325121939236978186e-01 -1.657095027255320874e-01 5.622969704974222216e-01
1.403636655763555765e+09 -4.045221940293144414e-01 7.000584721826952794e+00 1.014861270910322411e+00 -7.783309378737190976e-01 2.460139541978764166e-01 -1.692590471399597618e-01 5.522947224533429900e-01
1.403636655863555670e+09 -3.836303662080746690e-01 6.950771951245036995e+00 9.912082253513244678e-01 -7.765714008016225689e-01 2.614472761944928170e-01 -1.755750199041707371e-01 5.456698577098941794e-01
1.403636655963555574e+09 -3.625166027230788401e-01 6.897647467699163037e+00 9.599577558122763810e-01 -7.714645738860995694e-01 2.791442062877480534e-01 -1.848185174343889847e-01 5.410758162661458703e-01
1.403636656063555717e+09 -3.363219400040469154e-01 6.846399341124732807e+00 9.334337593012881351e-01 -7.656448597303286974e-01 2.929785980794897826e-01 -1.940264660642943007e-01 5.387997961232940947e-01
1.403636656163555622e+09 -3.064788277682142237e-01 6.792692079942212580e+00 9.165088700804018274e-01 -7.630650466631632156e-01 3.011530418893693106e-01 -2.029945916300996411e-01 5.346323743383424310e-01
1.403636656263555765e+09 -2.747465266133595208e-01 6.741917031141103855e+00 9.103396039330453604e-01 -7.628430739765685864e-01 3.056391504582564034e-01 -2.101000988829757887e-01 5.296348767240488531e-01
1.403636656363555670e+09 -2.396454379464216800e-01 6.688771438127004920e+00 9.147669491310367329e-01 -7.630219465059171480e-01 3.089706383264955170e-01 -2.123323859002623493e-01 5.265449759520463013e-01
1.403636656463555574e+09 -2.029240430330325751e-01 6.639341721360122683e+00 9.291418574480850845e-01 -7.633799908950589241e-01 3.097941332360828470e-01 -2.132508377188207793e-01 5.251691772427098392e-01
1.403636656563555717e+09 -1.638443393431092687e-01 6.592044558723993752e+00 9.483481527284329804e-01 -7.637404489178045708e-01 3.077147055351023841e-01 -2.149544032952652728e-01 5.251731059262764179e-01
1.403636656663555622e+09 -1.226599283562919140e-01 6.545420331436539563e+00 9.676711388405726533e-01 -7.610761194812545316e-01 3.044010920815706234e-01 -2.166941513155659083e-01 5.302327416149714701e-01
1.403636656763555765e+09 -8.063280316401222336e-02 6.501424326016736366e+00 9.807356292088563743e-01 -7.532746642959382566e-01 2.994680000720381097e-01 -2.192634887942341293e-01 5.429730375851785640e-01
1.403636656863555670e+09 -3.946588823407459756e-02 6.457761412525182543e+00 9.883390810936880655e-01 -7.498552641014727405e-01 2.939308250663427158e-01 -2.233132493583100675e-01 5.490473072843203850e-01
1.403636656963555574e+09 -1.550271035084982429e-03 6.411651425495716872e+00 9.845437909726312276e-01 -7.477592106342749734e-01 2.903987304572054340e-01 -2.238201634752422509e-01 5.535605429240464392e-01
1.403636657063555717e+09 3.453796121437768818e-02 6.362141305349090281e+00 9.751563482729980192e-01 -7.461511602462167492e-01 2.898702317216693691e-01 -2.207493845218696238e-01 5.572283230939237830e-01
1.403636657163555622e+09 6.605237868104918419e-02 6.309312429669863498e+00 9.621960362838277714e-01 -7.451446804645620592e-01 2.910172369311988527e-01 -2.162198723766911024e-01 5.597475679033397933e-01
1.403636657263555765e+09 9.508107227317363908e-02 6.252306524705629975e+00 9.517023807386367773e-01 -7.467294311589438571e-01 2.929321073690208665e-01 -2.115645288431027560e-01 5.584141717836149654e-01
1.403636657363555670e+09 1.222079982289923095e-01 6.188287521657551693e+00 9.469441911213701824e-01 -7.500338544751214975e-01 2.951184227793919312e-01 -2.082131015082059056e-01 5.540772852569663121e-01
1.403636657463555574e+09 1.463834308003857387e-01 6.120863253256469960e+00 9.408183807148008393e-01 -7.551105489326985776e-01 2.998097850047434232e-01 -2.023599537055777997e-01 5.467838703201148842e-01
1.403636657563555717e+09 1.751632428573985933e-01 6.052898670790562541e+00 9.335684205608074659e-01 -7.593067190921501952e-01 3.027092314123192018e-01 -1.988561654282862134e-01 5.406261675413387424e-01
1.403636657663555622e+09 2.049774704828353222e-01 5.981980869164771342e+00 9.188902695744742832e-01 -7.603184785101825272e-01 3.030188224004455311e-01 -1.987798937136017741e-01 5.390565446798856186e-01
1.403636657763555765e+09 2.395659608587523692e-01 5.911309624408072949e+00 9.040324747679879813e-01 -7.589103784788219231e-01 3.053091541923346197e-01 -1.989624855731647601e-01 5.396807270396454248e-01
1.403636657863555670e+09 2.789651676938627034e-01 5.839336174955050751e+00 8.828267732842164373e-01 -7.578350976724463894e-01 3.115236612052582066e-01 -1.960600509387959156e-01 5.387016146912330106e-01
1.403636657963555574e+09 3.202784930660520502e-01 5.765956603367745181e+00 8.628627692261954252e-01 -7.585230120919095320e-01 3.180178734886870417e-01 -1.912425775731508293e-01 5.356619725087153894e-01
1.403636658063555717e+09 3.669989594949454315e-01 5.690410494230435212e+00 8.508449012560379554e-01 -7.599494401718651648e-01 3.183936168265444344e-01 -1.946800833867919911e-01 5.321672841119525765e-01
1.403636658163555622e+09 4.221075087959977878e-01 5.613954846715881075e+00 8.479943667505966953e-01 -7.616035598836242704e-01 3.138698277357921951e-01 -2.043916242691820317e-01 5.288381725426978264e-01
1.403636658263555765e+09 4.764988926158073568e-01 5.535902865226163705e+00 8.489066604514041714e-01 -7.628279910274186060e-01 3.097985560243835534e-01 -2.133890667375610006e-01 5.259119859702310329e-01
1.403636658363555670e+09 5.353886920189676601e-01 5.462360364070486085e+00 8.429861274374091940e-01 -7.639206129468035789e-01 3.080372965382273120e-01 -2.183329943398173156e-01 5.233249703950778597e-01
1.403636658463555574e+09 5.969964395337639118e-01 5.391268195751781178e+00 8.341171065315128308e-01 -7.654685773502503121e-01 3.061206553468752700e-01 -2.223643977471461974e-01 5.204825415649720899e-01
1.403636658563555717e+09 6.545886547303649827e-01 5.323325862898633076e+00 8.215806034676061964e-01 -7.668156624029550672e-01 3.023458628589706931e-01 -2.293032552333971741e-01 5.176878753119001919e-01
1.403636658663555622e+09 7.144653185721430155e-01 5.260165908740441765e+00 8.063051907374423344e-01 -7.674371380960000044e-01 2.994655603859526227e-01 -2.338863346740201465e-01 5.163891939869583725e-01
1.403636658763555765e+09 7.728079235407872005e-01 5.201375633006477095e+00 7.895597458535527080e-01 -7.663383196610089598e-01 2.964510037437906309e-01 -2.383807083317228681e-01 5.177036025504422323e-01
1.403636658863555670e+09 8.275318904666906228e-01 5.150557494744301579e+00 7.712793628421261705e-01 -7.635717839553421982e-01 2.921403899786071401e-01 -2.452108423764224054e-01 5.210410406786099013e-01
1.403636658963555574e+09 8.781404198908373537e-01 5.103614497821236107e+00 7.501853054955824884e-01 -7.585734577810534507e-01 2.943309488646081995e-01 -2.427665673344240049e-01 5.282045015665965959e-01
1.403636659063555717e+09 9.256682362427115507e-01 5.061996557158304100e+00 7.269703856538032305e-01 -7.535704259416784456e-01 2.967817204828873123e-01 -2.396728252685739746e-01 5.353589079870381129e-01
1.403636659163555622e+09 9.676679326431036898e-01 5.018078481118176448e+00 6.983145927339113879e-01 -7.503898835957975022e-01 2.974566057497914917e-01 -2.385927243681642551e-01 5.399149027128958833e-01
1.403636659263555765e+09 1.006297987254351156e+00 4.974534460967282357e+00 6.670886046060371388e-01 -7.492391039422938714e-01 2.977892162053257241e-01 -2.376443758901108927e-01 5.417448647134240902e-01
1.403636659363555670e+09 1.042209174740293953e+00 4.930246571302759229e+00 6.390616363569850966e-01 -7.526457264582546713e-01 2.987618972167630504e-01 -2.355753665572984934e-01 5.373732277355849352e-01
1.403636659463555574e+09 1.071888987905376567e+00 4.887607874554799281e+00 6.185016567646316465e-01 -7.585555582519134532e-01 2.997932129704556914e-01 -2.337550454863193128e-01 5.292221397595416876e-01
1.403636659563555717e+09 1.099438033970852935e+00 4.846244353723479392e+00 6.052506041067367004e-01 -7.595318375678447032e-01 3.006006078774207113e-01 -2.333864269273358272e-01 5.275238743323659163e-01
1.403636659663555622e+09 1.122780230242340860e+00 4.807076648042911238e+00 5.893998087714741319e-01 -7.572641693266647378e-01 2.997280471982289862e-01 -2.366457282809340812e-01 5.298234374422474691e-01
1.403636659763555765e+09 1.147211689296951054e+00 4.770384302698798429e+00 5.701128630539066267e-01 -7.549682362729885909e-01 2.997104512444962454e-01 -2.388520091015400026e-01 5.321149550443317056e-01
1.403636659863555670e+09 1.165889649795683880e+00 4.734308838532538033e+00 5.449558665323497308e-01 -7.540117120329629108e-01 3.011261206042457061e-01 -2.396444141662004423e-01 5.323156510623148208e-01
1.403636659963555574e+09 1.184344987522131465e+00 4.698056319174615858e+00 5.132023905984943735e-01 -7.568109022617408588e-01 3.030308792938647411e-01 -2.392747310535694727e-01 5.274060556074410266e-01
1.403636660063555717e+09 1.198441911343922861e+00 4.663095447036949004e+00 4.744097437506740178e-01 -7.610048726207846448e-01 3.058504343976513606e-01 -2.371962456215062354e-01 5.206390656580175413e-01
1.403636660163555622e+09 1.210463624000904126e+00 4.633363731545501629e+00 4.345780843337097021e-01 -7.646307486398811193e-01 3.078160569027361682e-01 -2.362857221908313543e-01 5.145465487553323447e-01
1.403636660263555765e+09 1.224655936661229738e+00 4.612101178535173318e+00 3.994729676564607868e-01 -7.674405812567154372e-01 3.089570022375803804e-01 -2.353356310605778934e-01 5.100957417603508848e-01
1.403636660363555670e+09 1.237521553083333448e+00 4.591894821410204663e+00 3.640648060883517889e-01 -7.735306307070115572e-01 3.107949351414999173e-01 -2.332071111129605245e-01 5.006708649150164447e-01
1.403636660463555574e+09 1.253276593553545926e+00 4.579923250940890256e+00 3.353787946960421484e-01 -7.787268139172968118e-01 3.130595125017217040e-01 -2.300747608226951235e-01 4.925889720149850826e-01
1.403636660563555717e+09 1.271140577512746006e+00 4.576990183948601576e+00 3.123477344607328288e-01 -7.770236833077602823e-01 3.115031453052571342e-01 -2.322026703529045111e-01 4.952594329487864933e-01
1.403636660663555622e+09 1.290169780036297009e+00 4.580539444608413113e+00 2.825841928472636599e-01 -7.689930039217500735e-01 3.064280542434603127e-01 -2.388106535897720206e-01 5.076623673505809009e-01
1.403636660763555765e+09 1.310346286386425252e+00 4.590108290434297800e+00 2.502612808848928561e-01 -7.616961516989981806e-01 2.990856968363634349e-01 -2.481926570313622848e-01 5.184275488730858417e-01
1.403636660863555670e+09 1.327218372572604110e+00 4.600540127378660138e+00 2.080561732911759831e-01 -7.580061992853581732e-01 2.911754116830891359e-01 -2.578958056918491115e-01 5.235773437446483713e-01
1.403636660963555574e+09 1.337998933122184653e+00 4.620362302706759294e+00 1.671437861084561494e-01 -7.560105595315843585e-01 2.894932892373595079e-01 -2.600784630629081051e-01 5.263087139826881922e-01
1.403636661063555717e+09 1.342174439208949188e+00 4.641668596639952682e+00 1.215150390345930420e-01 -7.535563871802194447e-01 2.931693612806323124e-01 -2.548347813926584715e-01 5.303430315736756828e-01
1.403636661163555622e+09 1.340905952875244722e+00 4.662204505410148414e+00 7.208038152440565671e-02 -7.514695947833182066e-01 2.964255937644361127e-01 -2.499705759140405104e-01 5.337977394620551097e-01
1.403636661263555765e+09 1.335900515809125277e+00 4.686783219249941901e+00 2.860136624438236463e-02 -7.501218243482988823e-01 2.988842151168987771e-01 -2.465132700928560627e-01 5.359260044618675556e-01
1.403636661363555670e+09 1.324184284257492905e+00 4.708460341124997228e+00 -7.704405791757129585e-03 -7.493721772228711941e-01 2.997025622029954040e-01 -2.452294131762385865e-01 5.371054357632684129e-01
1.403636661463555574e+09 1.309871027713296776e+00 4.730514247788884852e+00 -3.899969816439508019e-02 -7.493516667652093677e-01 3.000084550491273205e-01 -2.444045799770785399e-01 5.373391924115212825e-01
1.403636661563555717e+09 1.290800350405258090e+00 4.749286542491801377e+00 -6.153395865767663508e-02 -7.503865471706804291e-01 3.012377252584200749e-01 -2.415572522068638872e-01 5.364941347420922879e-01
1.403636661663555622e+09 1.267804234091194804e+00 4.767886631553026611e+00 -7.652816952620589142e-02 -7.506823308376371351e-01 3.029327497879866771e-01 -2.381491198663007458e-01 5.366495914290511093e-01
1.403636661763555765e+09 1.240878093568827722e+00 4.785238360063067020e+00 -8.577195213471422441e-02 -7.479579870075103720e-01 3.050740685065382873e-01 -2.347531897043901028e-01 5.407213721688421959e-01
1.403636661863555670e+09 1.213079766923565561e+00 4.801607239264925830e+00 -8.478046360608293419e-02 -7.453158609451944194e-01 3.084952261527926787e-01 -2.283290396397346378e-01 5.451612720302658754e-01
1.403636661963555574e+09 1.184978901186738209e+00 4.812830021204009157e+00 -7.804427135968228235e-02 -7.444341977996563608e-01 3.088866271258986496e-01 -2.264197340462026919e-01 5.469377302432287813e-01
1.403636662063555717e+09 1.156044756694941444e+00 4.819478917043388932e+00 -6.435612020731218408e-02 -7.441413102104103006e-01 3.076328871346095672e-01 -2.274507761236503611e-01 5.476147018043870940e-01
1.403636662163555622e+09 1.125904756252229078e+00 4.820786214921210622e+00 -5.103046956982348892e-02 -7.454898642799474562e-01 3.055788838848709776e-01 -2.302363808830386882e-01 5.457633341453258513e-01
1.403636662263555765e+09 1.094939011371444781e+00 4.819179839818735545e+00 -4.367785751837083286e-02 -7.490582681459311276e-01 3.006861709043610054e-01 -2.377915878327629684e-01 5.403283245444988614e-01
1.403636662363555670e+09 1.060333182990098599e+00 4.816119929926275134e+00 -4.056577589635435022e-02 -7.522054602328025474e-01 2.985714931210190493e-01 -2.426553318205749710e-01 5.349396218551110138e-01
1.403636662463555574e+09 1.025022677744595878e+00 4.813555822202431500e+00 -4.423321847439287691e-02 -7.569733340424301682e-01 2.999401727497169601e-01 -2.426100017296823064e-01 5.274160135796799320e-01
1.403636662563555717e+09 9.859644557726547909e-01 4.813033589535125500e+00 -5.276330767851633574e-02 -7.609994859602079442e-01 3.036813741394195354e-01 -2.390976750552483154e-01 5.210467418113927662e-01
1.403636662663555622e+09 9.478428127216980137e-01 4.815038382779544435e+00 -6.046470779014390118e-02 -7.594917427558368628e-01 3.134455646633295123e-01 -2.267869630168262707e-01 5.229644768855653547e-01
1.403636662763555765e+09 9.112687761433093669e-01 4.819337610854847576e+00 -7.284764669974030937e-02 -7.545850663358304455e-01 3.213822864925944822e-01 -2.168023139045100467e-01 5.294445771536364642e-01
1.403636662863555670e+09 8.770901795911498766e-01 4.821164454654589093e+00 -9.184047973681730426e-02 -7.528498157214124076e-01 3.256667021742261081e-01 -2.121718772247681850e-01 5.311698867388071621e-01
1.403636662963555574e+09 8.478979517541698208e-01 4.818842454642442874e+00 -1.176311549391455546e-01 -7.566616244563162397e-01 3.267883494999774818e-01 -2.115440380838668200e-01 5.252824770134454369e-01
1.403636663063555717e+09 8.248865223042458616e-01 4.818598647072442454e+00 -1.383957385002980711e-01 -7.584775807325301322e-01 3.328420192158628721e-01 -2.040216750822718972e-01 5.218267009909126619e-01
1.403636663163555622e+09 8.092485905810651303e-01 4.816383630635609592e+00 -1.524366339946552351e-01 -7.597768163074781755e-01 3.371245803449779421e-01 -1.984944690912228693e-01 5.193131545311446828e-01
1.403636663263555765e+09 8.037364450588455611e-01 4.812156263460054539e+00 -1.687342059550265283e-01 -7.636202808887682103e-01 3.292923285501161423e-01 -2.109557428757896369e-01 5.137589936158054593e-01
1.403636663363555670e+09 8.028054475706629667e-01 4.808357525434942659e+00 -1.900530301786143017e-01 -7.692789125945329598e-01 3.198332158140745340e-01 -2.248382814901692117e-01 5.053359435820371504e-01
1.403636663463555574e+09 8.075878781368461823e-01 4.809458959889608920e+00 -2.159804964128408944e-01 -7.754742280115548558e-01 3.142863141984270081e-01 -2.318945839590562941e-01 4.960733174923913080e-01
1.403636663563555717e+09 8.138626442240304293e-01 4.817691428375185048e+00 -2.432712979989670732e-01 -7.799827064943419819e-01 3.117846024174963926e-01 -2.355208930286810665e-01 4.888223074002430169e-01
1.403636663663555622e+09 8.241324617521952334e-01 4.836224564152822758e+00 -2.762967908941849071e-01 -7.818765434453675001e-01 3.111124145714510014e-01 -2.359141162211607634e-01 4.860274334613577940e-01
1.403636663763555765e+09 8.368177022736231763e-01 4.863954844875729044e+00 -3.115849517274327241e-01 -7.829603284018379350e-01 3.046398301870673064e-01 -2.433207255980716077e-01 4.847295354183699390e-01
1.403636663863555670e+09 8.498035993111314745e-01 4.904446895871048540e+00 -3.335830456895347851e-01 -7.814938050146426063e-01 2.945754544703991229e-01 -2.548791741729109495e-01 4.873698194597492761e-01
1.403636663963555574e+09 8.627991477923098174e-01 4.953467418605384864e+00 -3.486850590769838831e-01 -7.776991390136113180e-01 2.857582901189712477e-01 -2.630926893696531321e-01 4.942757182039317354e-01
1.403636664063555717e+09 8.689102043428222899e-01 5.016480121383738222e+00 -3.579189529477606602e-01 -7.724555672088104785e-01 2.793724642257525703e-01 -2.685421245222856523e-01 5.031386988471494570e-01
1.403636664163555622e+09 8.685143707066433905e-01 5.087981035752739523e+00 -3.581971256539913107e-01 -7.677324728929981745e-01 2.803266641267732062e-01 -2.631970578593434418e-01 5.125730388728442222e-01
1.403636664263555765e+09 8.605247841721932467e-01 5.166179139228215256e+00 -3.580229045231844154e-01 -7.618645782541214606e-01 2.819756174288837736e-01 -2.558475695283128348e-01 5.240173057673996881e-01
1.403636664363555670e+09 8.482623832449225354e-01 5.247403442264137574e+00 -3.672177936443141721e-01 -7.587458078486144508e-01 2.828968093258500405e-01 -2.495770954072777104e-01 5.310230388537525714e-01
1.403636664463555574e+09 8.306704832109357284e-01 5.327642748956804120e+00 -3.921225747403309647e-01 -7.574427643377262820e-01 2.822239199198871562e-01 -2.446945979884319333e-01 5.354947912844314484e-01
1.403636664563555717e+09 8.089052180467968256e-01 5.409330505142492029e+00 -4.238272166427707877e-01 -7.562415848350766412e-01 2.810316030102962825e-01 -2.396502001082625455e-01 5.400811837711666508e-01
1.403636664663555622e+09 7.804378805055418589e-01 5.489921272597245050e+00 -4.509883905021652151e-01 -7.546807995462512242e-01 2.826631281951587082e-01 -2.300180823503571448e-01 5.455732109873268065e-01
1.403636664763555765e+09 7.513578824660558375e-01 5.567096235460249787e+00 -4.756736880438334758e-01 -7.573720754613522121e-01 2.810643641647749824e-01 -2.257635560851613266e-01 5.444457541865824757e-01
1.403636664863555670e+09 7.186677404947250380e-01 5.642205696618745492e+00 -4.932814014803219571e-01 -7.605330951242321724e-01 2.762937556184150711e-01 -2.262174926184799817e-01 5.422885005791983071e-01
1.403636664963555574e+09 6.825743805663280206e-01 5.715981458970074591e+00 -4.990903646922411063e-01 -7.632813723631558522e-01 2.757112291600695153e-01 -2.222593303323103786e-01 5.403569697882080192e-01
1.403636665063555717e+09 6.446653940391326998e-01 5.789054328094267454e+00 -5.020850405634351699e-01 -7.685451332236317157e-01 2.766546076132200271e-01 -2.167662469665929958e-01 5.346148150403832178e-01
1.403636665163555622e+09 6.060171986834701485e-01 5.862299817772442800e+00 -4.956294873921276434e-01 -7.729775041862115836e-01 2.774794306899885932e-01 -2.125032883217063129e-01 5.294839903325470054e-01
1.403636665263555765e+09 5.618166753145281689e-01 5.935638689395625001e+00 -4.837688683766554476e-01 -7.696810321275865396e-01 2.822156704767564417e-01 -2.044921975734064201e-01 5.349096795272699767e-01
1.403636665363555670e+09 5.319810856978444136e-01 6.009916200005340770e+00 -4.695600656515599436e-01 -7.656539282034037219e-01 2.831095015803249959e-01 -2.012756546142463188e-01 5.413974355325705812e-01
1.403636665463555574e+09 4.980773388199430940e-01 6.081204188120307386e+00 -4.575843695659085331e-01 -7.668891877662802337e-01 2.794222937091207504e-01 -2.072753178115618045e-01 5.392968552584236352e-01
1.403636665563555717e+09 4.622680455783729769e-01 6.149575652240748980e+00 -4.472524058557558746e-01 -7.696058153670816138e-01 2.736372198087091423e-01 -2.177653233151831957e-01 5.342357390234793169e-01
1.403636665663555622e+09 4.310148040709940176e-01 6.219641709701772214e+00 -4.343174344391658170e-01 -7.717696254268591183e-01 2.709308753939161374e-01 -2.232192731163538668e-01 5.302275569377531417e-01
1.403636665763555765e+09 3.940820894938843466e-01 6.291720186390631575e+00 -4.148890009893997366e-01 -7.693159229858703707e-01 2.701929265677849301e-01 -2.274660298483216214e-01 5.323607783619829226e-01
1.403636665863555670e+09 3.521446164968393688e-01 6.366354909426880759e+00 -3.969894713108914619e-01 -7.634549795079041967e-01 2.751477846456126253e-01 -2.234396680282640102e-01 5.399119424689698965e-01
1.403636665963555574e+09 3.100275368696481237e-01 6.440808532795082364e+00 -3.749819944320751386e-01 -7.582269596879078755e-01 2.854065021288437753e-01 -2.117676752524741413e-01 5.466163717482058759e-01
1.403636666063555717e+09 2.666740332058994412e-01 6.509318896418343492e+00 -3.612074631067752062e-01 -7.564980403592154179e-01 2.913333864387546157e-01 -2.050111629579653427e-01 5.484578342419924590e-01
1.403636666163555622e+09 2.244144315515885779e-01 6.575026331523424084e+00 -3.565853102984537504e-01 -7.564023185088590839e-01 2.882272803148661078e-01 -2.107482907286752360e-01 5.480563158943251301e-01
1.403636666263555765e+09 1.841855531461566997e-01 6.637159003348659603e+00 -3.554146281961543252e-01 -7.557520909627831740e-01 2.862909996886237041e-01 -2.131066411367051605e-01 5.490553706194862826e-01
1.403636666363555670e+09 1.405832936003115208e-01 6.695875758263805544e+00 -3.601261720011952328e-01 -7.534877865748669246e-01 2.876446701221321289e-01 -2.102636645017202377e-01 5.525449218146389896e-01
1.403636666463555574e+09 9.572769942564551826e-02 6.749855165049940986e+00 -3.654614025954630030e-01 -7.539599281883044846e-01 2.904937950653759815e-01 -2.044142452644565067e-01 5.526052823198169817e-01
1.403636666563555717e+09 5.415397257217069438e-02 6.798459060301136780e+00 -3.650960346485709884e-01 -7.574775684949284216e-01 2.893218726843457267e-01 -2.033470570214459261e-01 5.487900888446796133e-01
1.403636666663555622e+09 1.292820199222699529e-02 6.843496747912790390e+00 -3.583817539982887546e-01 -7.633051447146297352e-01 2.850293472588321109e-01 -2.067629643223983238e-01 5.416388130830332992e-01
1.403636666763555765e+09 -2.399675770918907602e-02 6.884921452559347621e+00 -3.469894153564379025e-01 -7.702856887304414535e-01 2.819357310275218964e-01 -2.075520996420654463e-01 5.330049973885953030e-01
1.403636666863555670e+09 -6.520661418266904263e-02 6.926344351918273468e+00 -3.354283512300959558e-01 -7.753918937971295833e-01 2.841992810898159583e-01 -2.014275804578251616e-01 5.267115999222335976e-01
1.403636666963555574e+09 -1.017921716626855044e-01 6.969720469805904095e+00 -3.271061419128671321e-01 -7.783513778472741507e-01 2.955698467326515200e-01 -1.828733681524697396e-01 5.228431213339791439e-01
1.403636667063555717e+09 -1.321971763042775194e-01 7.015931991747826224e+00 -3.226022512545174692e-01 -7.769291088649324939e-01 2.980305521407441427e-01 -1.782443773096054895e-01 5.251551120826457586e-01
1.403636667163555622e+09 -1.539152325967112489e-01 7.062152349423246100e+00 -3.245929974502048676e-01 -7.703315190155622938e-01 2.871553483712796506e-01 -1.932395109011688372e-01 5.355274485398694440e-01
1.403636667263555765e+09 -1.733384564867606059e-01 7.106957958279253695e+00 -3.299694506932357996e-01 -7.653171332967722007e-01 2.760362105688438650e-01 -2.080212416992855973e-01 5.429740868025758616e-01
1.403636667363555670e+09 -1.951018314694135114e-01 7.149939344395638052e+00 -3.412323707110156423e-01 -7.633793001101754072e-01 2.701818528405008912e-01 -2.149889082670062568e-01 5.459245184832179909e-01
1.403636667463555574e+09 -2.130931265664690599e-01 7.191487896774090949e+00 -3.525105403071402410e-01 -7.664656742338635809e-01 2.690526496705298864e-01 -2.146890192683292564e-01 5.422634663446349590e-01
1.403636667563555717e+09 -2.409350809734176480e-01 7.232673425223588914e+00 -3.657891768615504358e-01 -7.717788498196997971e-01 2.726350120391645149e-01 -2.083902066247061979e-01 5.353513602899485635e-01
1.403636667663555622e+09 -2.731037755686980262e-01 7.275229704133109543e+00 -3.735345333052533245e-01 -7.753156705224769629e-01 2.791246929747713823e-01 -1.989707039668594524e-01 5.304579868160659295e-01
1.403636667763555765e+09 -2.970561730306311432e-01 7.319352744921814313e+00 -3.741611595028671022e-01 -7.749588799815757545e-01 2.824565904568757668e-01 -1.939185574505113696e-01 5.310862471590573897e-01
1.403636667863555670e+09 -3.177191609095100233e-01 7.363615327540162347e+00 -3.701604658769594991e-01 -7.734712361962273741e-01 2.838189686645518073e-01 -1.928196976595164813e-01 5.329255144931259736e-01
1.403636667963555574e+09 -3.346266727269986418e-01 7.408870507797018057e+00 -3.663583098685698758e-01 -7.734152133293283882e-01 2.849157655524630073e-01 -1.924658863879442072e-01 5.325493375334405810e-01
1.403636668063555717e+09 -3.526491541157641407e-01 7.454731285172166544e+00 -3.682653398497417463e-01 -7.728750623360247651e-01 2.843767776660415247e-01 -1.960421610861566299e-01 5.323170647462227567e-01
1.403636668163555622e+09 -3.644735808458774429e-01 7.498411725002658734e+00 -3.800493825171959994e-01 -7.729853328072028296e-01 2.822864244364996500e-01 -2.025011675882703588e-01 5.308496274550652538e-01
1.403636668263555765e+09 -3.763685958980937940e-01 7.544907334181268688e+00 -3.977834653434395573e-01 -7.747020125479168184e-01 2.818403569002603248e-01 -2.073492839839680968e-01 5.266963825657782206e-01
1.403636668363555670e+09 -3.858715590227506098e-01 7.592040818483957842e+00 -4.202743431218163295e-01 -7.746729309469791991e-01 2.824989440729637202e-01 -2.106823668878552158e-01 5.250610792452704567e-01
1.403636668463555574e+09 -3.962552660039984076e-01 7.643336974529703731e+00 -4.429329006293309945e-01 -7.723463586366468014e-01 2.832237745095249615e-01 -2.139433473377365114e-01 5.267766509472627812e-01
1.403636668563555717e+09 -4.097053204231295709e-01 7.697670568073729847e+00 -4.686033637345021763e-01 -7.710228696386379754e-01 2.846815547738826835e-01 -2.161448096474263558e-01 5.270308986465619405e-01
1.403636668663555622e+09 -4.205832904491995095e-01 7.752424235386444984e+00 -4.944143368362852176e-01 -7.706632819164757064e-01 2.855987138339038944e-01 -2.181198734147874740e-01 5.262463314681289361e-01
1.403636668763555765e+09 -4.321367491733880684e-01 7.809362133531682737e+00 -5.201666652247249889e-01 -7.703850234638327521e-01 2.808907667185711610e-01 -2.272067377358983342e-01 5.253421657570370717e-01
1.403636668863555670e+09 -4.452642244510798264e-01 7.868630800692883120e+00 -5.455894798400906520e-01 -7.684139554012738849e-01 2.742934710317275204e-01 -2.377085075638937506e-01 5.270652239767695812e-01
1.403636668963555574e+09 -4.642656603706791785e-01 7.931872034670154115e+00 -5.588868750277360409e-01 -7.649435348240697374e-01 2.714193348935308725e-01 -2.419902021498560873e-01 5.316330268524354086e-01
1.403636669063555717e+09 -4.911742956693343487e-01 7.998480776192072206e+00 -5.641413850386198803e-01 -7.604096932023470812e-01 2.767064562451387877e-01 -2.347961783337222941e-01 5.385920443118783485e-01
1.403636669163555622e+09 -5.254740828519830487e-01 8.067446649138631187e+00 -5.594915317877475758e-01 -7.574421260026057423e-01 2.815982428515612090e-01 -2.297255320755499097e-01 5.424113156011508563e-01
1.403636669263555765e+09 -5.602968037907336551e-01 8.132185187475602817e+00 -5.619439371539745043e-01 -7.557865022386061060e-01 2.829308358666756673e-01 -2.285858749531873568e-01 5.445047317715466795e-01
1.403636669363555670e+09 -5.986970486018039495e-01 8.194422111941662479e+00 -5.714826751666182147e-01 -7.561121464984413842e-01 2.835597438224807254e-01 -2.284768411665571153e-01 5.437707482491127564e-01
1.403636669463555574e+09 -6.414761877442458626e-01 8.257422114249482803e+00 -5.845736335783957571e-01 -7.536743986694114383e-01 2.834338987856800385e-01 -2.285767012942142018e-01 5.471679974513367073e-01
1.403636669563555717e+09 -6.867765411642317019e-01 8.317737497114841005e+00 -6.020217449658802344e-01 -7.503014497649418413e-01 2.813107501513618658e-01 -2.301185121447211490e-01 5.522295416746592078e-01
1.403636669663555622e+09 -7.409700825400733493e-01 8.377046805008067309e+00 -6.180736990293216326e-01 -7.444119174318609700e-01 2.780927444451287700e-01 -2.333206459742695194e-01 5.604255515539472432e-01
1.403636669763555765e+09 -7.986055854379117136e-01 8.428075904885364622e+00 -6.302428599376603824e-01 -7.397947860792249974e-01 2.765854741871488498e-01 -2.335420688133892364e-01 5.671527590103268013e-01
1.403636669863555670e+09 -8.653367869124801715e-01 8.473879421799384914e+00 -6.350897095397847192e-01 -7.361429291708925238e-01 2.886947908431519716e-01 -2.129537686030207877e-01 5.739334438848272546e-01
1.403636669963555574e+09 -9.350378533016847626e-01 8.510200116370246093e+00 -6.314252832129079174e-01 -7.373280724592864432e-01 3.036161600403388672e-01 -1.891825265474652851e-01 5.730397129125957001e-01
1.403636670063555717e+09 -1.000210801542044337e+00 8.535255774953963481e+00 -6.253460322925332715e-01 -7.400582472815646629e-01 3.107461133502292805e-01 -1.776105460411284420e-01 5.693901453337921748e-01
1.403636670163555622e+09 -1.061844516253461101e+00 8.548264061477016895e+00 -6.116214363779239882e-01 -7.401145912673793292e-01 3.125357727284393539e-01 -1.679001906774470754e-01 5.712804114693890156e-01
1.403636670263555765e+09 -1.115144192477154128e+00 8.550258672086666678e+00 -5.962179946940275865e-01 -7.331425930292267967e-01 3.143363175515399011e-01 -1.537960949754104134e-01 5.831306705403461743e-01
1.403636670363555670e+09 -1.160854161284044395e+00 8.539294944632583650e+00 -5.868031519020784348e-01 -7.304183774221779668e-01 3.143173415417030991e-01 -1.411126127653052342e-01 5.897294576741594074e-01
1.403636670463555574e+09 -1.197570508994974858e+00 8.512244173216164000e+00 -5.817889326161393981e-01 -7.337439268618756172e-01 3.102792517224228774e-01 -1.272897865637342418e-01 5.908840376761305135e-01
1.403636670563555717e+09 -1.224773569293841291e+00 8.468658844224108861e+00 -5.726521885965825120e-01 -7.389060270183187562e-01 3.004419543988887664e-01 -1.132042178365950391e-01 5.923996289136115312e-01
1.403636670663555622e+09 -1.237588014893712618e+00 8.406395787767142025e+00 -5.564934550820936909e-01 -7.455117187947580826e-01 2.849058184191363141e-01 -1.006436271577412778e-01 5.940638114572721618e-01
1.403636670763555765e+09 -1.236842623530037599e+00 8.328313460354202391e+00 -5.329172654791547448e-01 -7.513996321890695773e-01 2.663219835926743384e-01 -8.812219275909605187e-02 5.972484181182257101e-01
1.403636670863555670e+09 -1.221948134931482244e+00 8.237563402994538819e+00 -5.095203576116129618e-01 -7.554380617171818635e-01 2.491950818293010572e-01 -6.799870291815983403e-02 6.021555633742191604e-01
1.403636670963555574e+09 -1.191279910673719300e+00 8.128097492372642563e+00 -4.863606303964007616e-01 -7.565042279213421983e-01 2.313345788824689997e-01 -4.203195787245440906e-02 6.102614032263659061e-01
1.403636671063555717e+09 -1.144121306598682608e+00 8.003227723647899694e+00 -4.587427764581020195e-01 -7.591267028775572356e-01 2.047241744819674469e-01 -2.185728322714300398e-02 6.175248339385668306e-01
1.403636671163555622e+09 -1.077482622331292106e+00 7.861344526662125354e+00 -4.233974916618645778e-01 -7.670524067137847180e-01 1.713241996135106415e-01 -1.222183392972521661e-02 6.181660381780728075e-01
1.403636671263555765e+09 -9.892090312504207006e-01 7.705864473975297280e+00 -3.888560107752763173e-01 -7.777579190927463859e-01 1.410379212200931764e-01 -7.681174139992206010e-03 6.124883048926460516e-01
1.403636671363555670e+09 -8.851702586215699498e-01 7.539963476484175864e+00 -3.515983685402839232e-01 -7.941245175884271701e-01 1.072549979447539048e-01 -2.059915801359825729e-02 5.978614309937962945e-01
1.403636671463555574e+09 -7.766698221598913321e-01 7.370588800012192188e+00 -3.139521310877595450e-01 -8.099854730978648387e-01 7.202383725901306821e-02 -3.555107155126734780e-02 5.809235935546704921e-01
1.403636671563555717e+09 -6.635523460875054624e-01 7.202343990391049111e+00 -2.791588733313594695e-01 -8.232385085725757445e-01 4.843047462658012225e-02 -3.635950033952763116e-02 5.644562284763144921e-01
1.403636671663555622e+09 -5.511191215198651960e-01 7.041355991059478292e+00 -2.478166389428546612e-01 -8.344405575629151306e-01 3.470228969425270815e-02 -3.333077135839483673e-02 5.489934122234270131e-01
1.403636671763555765e+09 -4.388196026804900285e-01 6.887780830437193025e+00 -2.266615247011087853e-01 -8.414997338607971278e-01 2.726074349183793544e-02 -3.051614373969906147e-02 5.387056847182302155e-01
1.403636671863555670e+09 -3.282036703586221904e-01 6.746776972187853438e+00 -2.057045068975467128e-01 -8.477410500760907963e-01 2.253622402850830042e-02 -3.119525255591731189e-02 5.290123692697518143e-01
1.403636671963555574e+09 -2.191296747173749893e-01 6.622381735762757238e+00 -1.808897086288514533e-01 -8.553406751939436337e-01 2.062900932088540529e-02 -3.443647403435696336e-02 5.165083761075792701e-01
1.403636672063555717e+09 -1.104308485764855519e-01 6.515199318930730676e+00 -1.466637512243256225e-01 -8.604009903069116394e-01 1.576731599106417914e-02 -4.404680221328542700e-02 5.074656706025610919e-01
1.403636672163555622e+09 -8.954103015726744275e-03 6.431215291006128432e+00 -1.050749781693474105e-01 -8.589403025732280650e-01 8.265291025181920048e-03 -5.821677818709323354e-02 5.086885572894236374e-01
1.403636672263555765e+09 8.250890450469761106e-02 6.366810939344850873e+00 -5.724621848934896562e-02 -8.573545710433344569e-01 5.632304481368310967e-03 -6.663299474637159048e-02 5.103640471942153534e-01
1.403636672363555670e+09 1.697825991005492696e-01 6.317047258585545499e+00 -8.681412129658450105e-03 -8.529552685829986380e-01 9.593167793864321169e-05 -7.657246049826461898e-02 5.163370593777476536e-01
1.403636672463555574e+09 2.414583082172514494e-01 6.283783177834671996e+00 2.625300156278242980e-02 -8.426483603948958789e-01 -6.867457759217709956e-03 -8.669667698599406447e-02 5.313946414363861503e-01
1.403636672563555717e+09 3.017280865670022294e-01 6.264619439685730207e+00 4.720056332237132501e-02 -8.268380192362316805e-01 -3.918986067902308079e-04 -7.778665024743824929e-02 5.570349840039400258e-01
1.403636672663555622e+09 3.547105492548379146e-01 6.246716889708623377e+00 5.328106781993580121e-02 -8.155144893946397744e-01 9.966773556035590786e-03 -6.297854393692227382e-02 5.752134247528196687e-01
1.403636672763555765e+09 3.960810677930624024e-01 6.227243402843318343e+00 3.507478084307436017e-02 -8.170783919355620872e-01 1.822560304026088485e-02 -5.139974731194719287e-02 5.739414559012815387e-01
1.403636672863555670e+09 4.274719084294957838e-01 6.208551823552205917e+00 4.922732891001535549e-03 -8.225059461689437912e-01 1.706259095867379560e-02 -4.376660177095224868e-02 5.668133035452947999e-01
1.403636672963555574e+09 4.556970982542916104e-01 6.191055812017062898e+00 -2.138464745345924900e-02 -8.237711961972200569e-01 5.804675327717889743e-03 -3.700433853995712535e-02 5.656836580540056669e-01
1.403636673063555717e+09 4.814689242033720618e-01 6.176205729204006900e+00 -3.680466741449872625e-02 -8.250883430921672756e-01 -1.043183352727028446e-02 -3.027242216300102262e-02 5.640957218407762763e-01
1.403636673163555622e+09 4.979928421704071795e-01 6.164930441952240159e+00 -4.591989539961227607e-02 -8.297362731631958699e-01 -2.424213807746777860e-02 -2.303029183058773188e-02 5.571531579349446872e-01
1.403636673263555765e+09 5.099564962714131511e-01 6.159834081203499068e+00 -4.748826933262795258e-02 -8.387486295010363468e-01 -3.552022707371338406e-02 -1.833014254384032066e-02 5.430497729058428868e-01
1.403636673363555670e+09 5.174607922666947246e-01 6.163981360840062429e+00 -4.010798413638638760e-02 -8.449024183060377391e-01 -4.246300712797723698e-02 -1.434894247804986353e-02 5.330393085092508532e-01
1.403636673463555574e+09 5.201982269690077487e-01 6.179957621752166119e+00 -3.474097694619715515e-02 -8.447735929932286281e-01 -4.712896922600351424e-02 -1.105105909351675186e-02 5.329299306043122630e-01
1.403636673563555717e+09 5.164906773075461643e-01 6.204881281522214742e+00 -3.596164489782993634e-02 -8.418228958846654120e-01 -5.022737714360991923e-02 -9.002691812282618070e-03 5.373363695952121377e-01
1.403636673663555622e+09 5.093386213875801261e-01 6.241700818983141552e+00 -3.729469906022053749e-02 -8.335551540958436867e-01 -5.291434497672120596e-02 -7.722804946190218837e-03 5.498420095442890787e-01
1.403636673763555765e+09 4.973373547423216579e-01 6.281586010567797196e+00 -4.309922773926166961e-02 -8.240359216242479912e-01 -5.460950280516585487e-02 -6.436049000720055202e-03 5.638627309456701875e-01
1.403636673863555670e+09 4.786848101031733194e-01 6.324937350705005734e+00 -4.607935587449685233e-02 -8.181647359717464374e-01 -5.546429007431441516e-02 -4.745987776896756251e-03 5.722828434776426887e-01
1.403636673963555574e+09 4.535773346750842094e-01 6.366441193690127953e+00 -4.577696299254319090e-02 -8.183661620473926535e-01 -5.736555813893084999e-02 -6.345718115903365222e-03 5.717917010737592065e-01
1.403636674063555717e+09 4.226495628100872537e-01 6.408658563410553732e+00 -4.230430583851030324e-02 -8.194314851669088906e-01 -5.644245305033790405e-02 -5.115444929605249789e-03 5.703684097440762102e-01
1.403636674163555622e+09 3.850480823384661022e-01 6.450844363269417236e+00 -4.765093714199275521e-02 -8.191338192184960398e-01 -5.460707413006038458e-02 -2.802575295134913328e-03 5.709903670283670296e-01
1.403636674263555765e+09 3.459811282210756289e-01 6.494053895588916880e+00 -5.824828241186730260e-02 -8.168749932020037408e-01 -5.050034533180203233e-02 2.509913743588957236e-03 5.745943446776995422e-01
1.403636674363555670e+09 3.006969847752261060e-01 6.537725421648509005e+00 -7.577045706520935120e-02 -8.167187052658606561e-01 -4.263886963557095289e-02 1.498350988271532694e-02 5.752633985372714864e-01
1.403636674463555574e+09 2.539872355880188337e-01 6.578237243775292065e+00 -9.818656678243331548e-02 -8.160506861668013201e-01 -4.047633771164782512e-02 3.094197347204441853e-02 5.757304386340893476e-01
1.403636674563555717e+09 2.092231838979889957e-01 6.617969245225878261e+00 -1.276288150799897991e-01 -8.144550909545169581e-01 -4.657204070354004077e-02 4.305052443259480693e-02 5.767500344075031649e-01
1.403636674663555622e+09 1.672453067116057568e-01 6.657066695377998222e+00 -1.643449473573956876e-01 -8.124574537350873760e-01 -5.582193410014735235e-02 4.826891233732786418e-02 5.783311418602568033e-01
1.403636674763555765e+09 1.303969095962971281e-01 6.696374841792597898e+00 -2.049031716235090173e-01 -8.156490169559055259e-01 -6.228935963464909964e-02 5.386109657378759796e-02 5.726567026509332692e-01
1.403636674863555670e+09 9.695937182980340907e-02 6.734272292814224237e+00 -2.474147207776211665e-01 -8.245534142718595749e-01 -6.741402334031165733e-02 5.729510525652747877e-02 5.588240218381221869e-01
1.403636674963555574e+09 6.646403348923168863e-02 6.778294701472105110e+00 -2.834332412771247700e-01 -8.320841360132823494e-01 -7.154962205407522369e-02 5.826102643680333704e-02 5.469207392095117859e-01
1.403636675063555717e+09 4.022330510536686887e-02 6.828467073221056616e+00 -3.091649634656181700e-01 -8.375682523405756363e-01 -7.465215629228905136e-02 5.754061200984604552e-02 5.381408330554353636e-01
1.403636675163555622e+09 1.431121728390039038e-02 6.888262219599986302e+00 -3.261034343070632335e-01 -8.395075259636078924e-01 -8.255632790049782788e-02 4.730271465926867702e-02 5.349523527940706069e-01
1.403636675263555765e+09 -1.139792833076036516e-02 6.958277282153146892e+00 -3.334714452375424631e-01 -8.373939464152569956e-01 -9.234591962871430137e-02 3.374645940314980469e-02 5.376846530381543809e-01
1.403636675363555670e+09 -4.171534765962814362e-02 7.036333254256441627e+00 -3.306696730096538861e-01 -8.325998281145146063e-01 -9.821312520016223235e-02 2.602988360820851499e-02 5.444760356723166161e-01
1.403636675463555574e+09 -7.990333222935674939e-02 7.120987183677836008e+00 -3.256221521686015752e-01 -8.224778566943051761e-01 -1.041805587402899747e-01 2.786254802791447716e-02 5.584803173304275781e-01
1.403636675563555717e+09 -1.234661667933467655e-01 7.205077232744375060e+00 -3.252049788764519445e-01 -8.132377193868820520e-01 -1.151903746907969595e-01 3.003251353669100093e-02 5.696258750054152831e-01
1.403636675663555622e+09 -1.748066515460555692e-01 7.288276119739868442e+00 -3.293321380150844302e-01 -8.062990505935395680e-01 -1.258880950338611138e-01 3.395836155487797631e-02 5.769582811791598154e-01
1.403636675763555765e+09 -2.329458125801027180e-01 7.367322704161550995e+00 -3.367356063287774148e-01 -7.998066233499692146e-01 -1.348223296532377047e-01 4.637538271572944071e-02 5.830794358836228763e-01
1.403636675863555670e+09 -2.937625799080958444e-01 7.442857710503040458e+00 -3.496537406542075122e-01 -7.961109115944583481e-01 -1.364135602545187842e-01 7.554475085769367382e-02 5.847150995457329747e-01
1.403636675963555574e+09 -3.591539283713203190e-01 7.511881747511458762e+00 -3.719184977958631677e-01 -7.975860651366211140e-01 -1.400170517493406486e-01 1.060056753078861130e-01 5.770740773261457957e-01
1.403636676063555717e+09 -4.211565416618663349e-01 7.578926491286964939e+00 -3.980495372135330889e-01 -7.988780166611659794e-01 -1.540750936778038094e-01 1.234829483598405275e-01 5.681608411955709759e-01
1.403636676163555622e+09 -4.768972410107741311e-01 7.643633711208257075e+00 -4.307141340571798427e-01 -7.968436168065510250e-01 -1.797357575205895674e-01 1.250890534436179258e-01 5.631057063569272492e-01
1.403636676263555765e+09 -5.273747725996527080e-01 7.710739194250321837e+00 -4.671724369488652329e-01 -7.913982681551564591e-01 -2.114886523180814493e-01 1.209016661686398014e-01 5.606639976129622616e-01
1.403636676363555670e+09 -5.859465368161416166e-01 7.773451868768641582e+00 -5.034356316593249225e-01 -7.846516836989143595e-01 -2.418937802571206053e-01 1.206203855311314549e-01 5.579066740376028566e-01
1.403636676463555574e+09 -6.453788490254463994e-01 7.833399104628443688e+00 -5.302446178728525972e-01 -7.780845666055321574e-01 -2.673875067764103219e-01 1.270405158047935301e-01 5.540298148784308374e-01
1.403636676563555717e+09 -7.145087188824907898e-01 7.885844659741519713e+00 -5.483714573340210396e-01 -7.739927888949876822e-01 -2.818661723572181144e-01 1.465310825457982746e-01 5.477364927291280550e-01
1.403636676663555622e+09 -7.898003595347562467e-01 7.938904705286362606e+00 -5.560183893629400131e-01 -7.702136238183798778e-01 -2.899161842427441238e-01 1.662145324798730284e-01 5.432239952277360118e-01
1.403636676763555765e+09 -8.688442636995059587e-01 7.990215290593002173e+00 -5.568443179204294324e-01 -7.674956240462753598e-01 -2.923602165284788779e-01 1.822281710955312162e-01 5.406189642626467728e-01
1.403636676863555670e+09 -9.463836254421220673e-01 8.042780693537672221e+00 -5.496789605186307437e-01 -7.670577641019863391e-01 -2.941033966167176938e-01 1.960793294314740753e-01 5.354236408668135994e-01
1.403636676963555574e+09 -1.024844989995637334e+00 8.095945686244039763e+00 -5.421785784669017616e-01 -7.655202729708768805e-01 -2.958092803770175916e-01 2.038039742826173728e-01 5.337972661788702444e-01
1.403636677063555717e+09 -1.097191859034963635e+00 8.150973836908026016e+00 -5.509529919630513639e-01 -7.624652001259556444e-01 -3.012520436167298588e-01 2.007731502034402760e-01 5.362687450998959715e-01
1.403636677163555622e+09 -1.171350809076198374e+00 8.208098392125545928e+00 -5.751407315522290009e-01 -7.595332443461081384e-01 -3.070339356200622039e-01 1.932637185851267536e-01 5.398967940165781965e-01
1.403636677263555765e+09 -1.245359747765628633e+00 8.262079259118980445e+00 -6.057062562487174340e-01 -7.548333419654904564e-01 -3.101386317641124934e-01 1.902020442977944148e-01 5.457690329156033027e-01
1.403636677363555670e+09 -1.320466230598688284e+00 8.311422345549850377e+00 -6.299653414351631397e-01 -7.467948540008810809e-01 -3.143839013277662797e-01 1.946928360200423647e-01 5.527702128608316112e-01
1.403636677463555574e+09 -1.397066280870313371e+00 8.354110854108601103e+00 -6.456157929905235182e-01 -7.361206819220464936e-01 -3.198349686155876892e-01 2.048919965207435800e-01 5.602242446190904834e-01
1.403636677563555717e+09 -1.468525578246627994e+00 8.389765852190429030e+00 -6.529419086491465851e-01 -7.277532718713598525e-01 -3.270713150668660418e-01 2.194930358215100019e-01 5.614466469459219455e-01
1.403636677663555622e+09 -1.535426454407437191e+00 8.413022825107756120e+00 -6.545206642198349023e-01 -7.236708464843398803e-01 -3.364605158980177313e-01 2.352092236313352569e-01 5.547715280266489746e-01
1.403636677763555765e+09 -1.598298968990699898e+00 8.432001837089281082e+00 -6.487921747873481859e-01 -7.212664846193846957e-01 -3.490979742284053833e-01 2.514227447559567730e-01 5.428552900854881624e-01
1.403636677863555670e+09 -1.653023222393558811e+00 8.444760610255190869e+00 -6.413455238739742548e-01 -7.226985135593326781e-01 -3.630683809640655735e-01 2.703380097664948578e-01 5.223079261496551551e-01
1.403636677963555574e+09 -1.701778746291765287e+00 8.457423712851632303e+00 -6.299861296055508930e-01 -7.208949956936293590e-01 -3.804071857077944152e-01 2.868319126024641563e-01 5.033172281559314953e-01
1.403636678063555717e+09 -1.745565511098693179e+00 8.475483849392926317e+00 -6.196057517120396874e-01 -7.132324341549695079e-01 -4.002298965247199636e-01 2.973731000931647550e-01 4.926304539288750006e-01
1.403636678163555622e+09 -1.786316205873433205e+00 8.498455605718781669e+00 -6.156538749385740417e-01 -7.015230444936364496e-01 -4.190127176847745494e-01 3.003132230045869600e-01 4.920424052369832268e-01
1.403636678263555765e+09 -1.824222583350118221e+00 8.524215782454593437e+00 -6.178798334647310764e-01 -6.912091515184318746e-01 -4.357588677223658280e-01 2.999530918788370637e-01 4.923131734280700167e-01
1.403636678363555670e+09 -1.859822912472338885e+00 8.549182966736182721e+00 -6.156600502803863950e-01 -6.826589961991315070e-01 -4.480045763692813710e-01 3.076408095097709627e-01 4.884933231731506398e-01
1.403636678463555574e+09 -1.894787161630454797e+00 8.574600865075595379e+00 -6.077796848420888853e-01 -6.755179877309389624e-01 -4.607693666816986555e-01 3.156846418493092776e-01 4.813629045534796869e-01
1.403636678563555717e+09 -1.928710070430271095e+00 8.598708573839761726e+00 -5.932794678459196724e-01 -6.668497867833664827e-01 -4.743176566831929231e-01 3.242714672153748090e-01 4.745336004705374422e-01
1.403636678663555622e+09 -1.962795553880276600e+00 8.621325942706558720e+00 -5.753995369276942995e-01 -6.538267204831412771e-01 -4.912912744988492397e-01 3.331071872760925090e-01 4.692367259375239130e-01
1.403636678763555765e+09 -1.993382347497928642e+00 8.643102888056979793e+00 -5.623689066394772507e-01 -6.352946893684622287e-01 -5.145851898883704312e-01 3.359793442592725610e-01 4.676757640063121668e-01
1.403636678863555670e+09 -2.025086806712296017e+00 8.662064695211761034e+00 -5.588774742450413058e-01 -6.160429858890983379e-01 -5.385416223593516571e-01 3.359155180568814680e-01 4.665026529956484147e-01
1.403636678963555574e+09 -2.057267695105591265e+00 8.675378306411218432e+00 -5.599992714840678065e-01 -5.997936662327210122e-01 -5.577198142642566525e-01 3.377670927466058792e-01 4.637990489227635793e-01
1.403636679063555717e+09 -2.089579353747899049e+00 8.678879142776700917e+00 -5.637469406175847908e-01 -5.875941115012708327e-01 -5.693754549349353544e-01 3.496951709712617928e-01 4.563529761555711328e-01
1.403636679163555622e+09 -2.121436342832022426e+00 8.673145445898960304e+00 -5.702572226414990286e-01 -5.770609218615977420e-01 -5.769989939328079576e-01 3.687863345769364920e-01 4.450499892035478799e-01
1.403636679263555765e+09 -2.153016460086245587e+00 8.661235200801321810e+00 -5.793321278447161049e-01 -5.668195754599378855e-01 -5.814137715579033028e-01 3.946891938100929864e-01 4.299930643717050915e-01
1.403636679363555670e+09 -2.180515214755720521e+00 8.646415820015285192e+00 -5.840281364384944940e-01 -5.544306543831728495e-01 -5.900638321190605495e-01 4.149927134251391592e-01 4.149847844310153300e-01
1.403636679463555574e+09 -2.202056434709207977e+00 8.630486894285517963e+00 -5.816697127924403965e-01 -5.406646725920444263e-01 -6.023615408833961071e-01 4.286575276470479534e-01 4.013664284254953030e-01
1.403636679563555717e+09 -2.220949428223887523e+00 8.616056872502564801e+00 -5.734250208614379840e-01 -5.280206562095298706e-01 -6.152494968564724553e-01 4.368425507297337140e-01 3.896547562982577428e-01
1.403636679663555622e+09 -2.236218726968338011e+00 8.605335323610386666e+00 -5.592476277595892498e-01 -5.196639077774064530e-01 -6.251346558492065775e-01 4.418419106492828541e-01 3.793834616896209488e-01
1.403636679763555765e+09 -2.251335801315879515e+00 8.597245369884181088e+00 -5.383543678237845409e-01 -5.121496360297163042e-01 -6.329688554733867711e-01 4.432510935727138057e-01 3.749421906933572135e-01
1.403636679863555670e+09 -2.263774237925664679e+00 8.589241613337545544e+00 -5.071402928353383466e-01 -5.038165036283847042e-01 -6.344564269366902431e-01 4.478769290334204123e-01 3.782065962274992477e-01
1.403636679963555574e+09 -2.273408904594889535e+00 8.583230624762844485e+00 -4.712612769524706646e-01 -4.957041621029656953e-01 -6.364061460821772709e-01 4.478186482761561948e-01 3.856462876247394589e-01
1.403636680063555717e+09 -2.277237099576944424e+00 8.576482743872137604e+00 -4.303631963855287790e-01 -4.877544825547928675e-01 -6.414240473588733726e-01 4.400345935559873412e-01 3.962831218857109650e-01
1.403636680163555622e+09 -2.275865396883694380e+00 8.565537839264482756e+00 -3.901484457622657054e-01 -4.815006361782648292e-01 -6.448398355256717007e-01 4.329919274615049996e-01 4.060255098295199594e-01
1.403636680263555765e+09 -2.268157115357720244e+00 8.546498333516254320e+00 -3.503185577506535697e-01 -4.816760606386172872e-01 -6.424075866082537001e-01 4.349120420194445003e-01 4.076176897318104508e-01
1.403636680363555670e+09 -2.253623135373895359e+00 8.521132865560161918e+00 -3.200304707903312007e-01 -4.795320343129708673e-01 -6.451807033172604067e-01 4.272711712526123251e-01 4.137997515116818015e-01
1.403636680463555574e+09 -2.230537317546067655e+00 8.488028741604409788e+00 -2.989543462317514333e-01 -4.802275827566774291e-01 -6.493398376310625109e-01 4.174685201127313894e-01 4.164844279679966732e-01
1.403636680563555717e+09 -2.202677644081452613e+00 8.443186377531759490e+00 -2.905739728739265004e-01 -4.836604297568948829e-01 -6.499050777471550022e-01 4.130046356782829942e-01 4.160807007229358478e-01
1.403636680663555622e+09 -2.170217381092454545e+00 8.389275395151887693e+00 -2.776274511485377072e-01 -4.884379038895728664e-01 -6.468976821681813316e-01 4.148624375325665192e-01 4.133291191942962128e-01
1.403636680763555765e+09 -2.135381184759555850e+00 8.327521680175003382e+00 -2.710505016689095381e-01 -4.978671636663528632e-01 -6.427663207841245452e-01 4.196779372303039435e-01 4.035469900898513429e-01
1.403636680863555670e+09 -2.098671467959381864e+00 8.260442503567805517e+00 -2.653477192826263487e-01 -5.106031797003487416e-01 -6.357272483928633200e-01 4.292774923600049530e-01 3.884019735838605825e-01
1.403636680963555574e+09 -2.058512295915047474e+00 8.189332316086758823e+00 -2.659097107322032638e-01 -5.248034450249272620e-01 -6.330626924774930275e-01 4.323514788162969857e-01 3.699799592524931069e-01
1.403636681063555717e+09 -2.020112117187825795e+00 8.120496416941843876e+00 -2.733313837583095651e-01 -5.325114433293087757e-01 -6.385248729456350913e-01 4.236306100663569940e-01 3.595200350020884561e-01
1.403636681163555622e+09 -1.988045354364142092e+00 8.054585968467797841e+00 -2.869607703549776900e-01 -5.329539235547943177e-01 -6.427588230196927821e-01 4.173451690362982580e-01 3.586700721832721817e-01
1.403636681263555765e+09 -1.961530504880034442e+00 7.989150174449496156e+00 -2.971005386173046769e-01 -5.226816183667643001e-01 -6.413636976201887441e-01 4.205572493137031964e-01 3.722742715339746877e-01
1.403636681363555670e+09 -1.938976689570788281e+00 7.920818303725753573e+00 -3.036732021334083154e-01 -5.157905973497358687e-01 -6.369392191279875659e-01 4.276077195620664462e-01 3.813399126673757134e-01
1.403636681463555574e+09 -1.918138292202939077e+00 7.850939378044835770e+00 -3.030012602215979012e-01 -5.133941131554844439e-01 -6.325869284596473685e-01 4.351132804854472291e-01 3.833232260957782911e-01
1.403636681563555717e+09 -1.896263902010695723e+00 7.781481420320131015e+00 -2.966218460987337657e-01 -5.119739168642393201e-01 -6.319524427592415616e-01 4.380286746744633253e-01 3.829486893883435883e-01
1.403636681663555622e+09 -1.869752067717824318e+00 7.708775410637316305e+00 -2.899345484467250600e-01 -5.095463549975851603e-01 -6.341713367948560442e-01 4.361615192018009068e-01 3.846457550319216101e-01
1.403636681763555765e+09 -1.842904023135377933e+00 7.639734269236588382e+00 -2.924895990412410551e-01 -5.068958325591469416e-01 -6.355415086184388329e-01 4.361837861738200872e-01 3.858591847244788320e-01
1.403636681863555670e+09 -1.815029416016948893e+00 7.568734662544282621e+00 -2.952531354459011492e-01 -5.053597327551232476e-01 -6.359424087798691838e-01 4.375900972513983023e-01 3.856211871933903912e-01
1.403636681963555574e+09 -1.784238492993567071e+00 7.495404871734939967e+00 -2.913822593671409056e-01 -5.046980502800259005e-01 -6.357538645744243988e-01 4.399130414688397495e-01 3.841528571647740420e-01
1.403636682063555717e+09 -1.751883117476141116e+00 7.422415990952990761e+00 -2.838622386678937293e-01 -5.052991015932901675e-01 -6.354185152292988192e-01 4.422035130386091639e-01 3.812770403382817475e-01
1.403636682163555622e+09 -1.718446409276084275e+00 7.349453962655672079e+00 -2.670673265022249776e-01 -5.057149457448519847e-01 -6.350757822367351091e-01 4.441546132422209414e-01 3.790221946038697109e-01
1.403636682263555765e+09 -1.680243698459988444e+00 7.277496931425432969e+00 -2.475480934594438409e-01 -5.094436962146423609e-01 -6.373295620539916051e-01 4.417688367666575133e-01 3.729858503764779676e-01
1.403636682363555670e+09 -1.641735163077705728e+00 7.205682450161376984e+00 -2.390847863878424739e-01 -5.146788563446812459e-01 -6.419281820257156657e-01 4.351250360416093477e-01 3.656502248907818609e-01
1.403636682463555574e+09 -1.607965673464940792e+00 7.136320414027040648e+00 -2.326437502759963749e-01 -5.160819321485234923e-01 -6.419490960025107107e-01 4.342852105840994681e-01 3.646329021349140609e-01
1.403636682563555717e+09 -1.575657874833801486e+00 7.066357019172198939e+00 -2.347970544907651558e-01 -5.119151161614228229e-01 -6.389826562386317077e-01 4.367225343771729551e-01 3.727163892812314083e-01
1.403636682663555622e+09 -1.545609071111897492e+00 6.996481945718845630e+00 -2.353077266650434041e-01 -5.088178822380935440e-01 -6.360820232557231613e-01 4.389782406558541683e-01 3.792125085441383492e-01
1.403636682763555765e+09 -1.512458179724161411e+00 6.924466012539881810e+00 -2.397103097658788151e-01 -5.091896291265530783e-01 -6.320147234400659286e-01 4.428107136696193824e-01 3.810537794122281219e-01
1.403636682863555670e+09 -1.475925388907991298e+00 6.851495603831964765e+00 -2.354617296701950746e-01 -5.081541303465064718e-01 -6.298045638974306693e-01 4.437195810032368848e-01 3.850175639371072323e-01
1.403636682963555574e+09 -1.437363951624608838e+00 6.772750356502529989e+00 -2.232232385417112219e-01 -5.070245189473500114e-01 -6.308849834740843932e-01 4.395450083562140176e-01 3.895002701439984061e-01
1.403636683063555717e+09 -1.396563616518121442e+00 6.701114101567468673e+00 -2.127980066764327827e-01 -5.052508387777314702e-01 -6.315712393053073415e-01 4.380154613790357976e-01 3.924051671291646781e-01
1.403636683163555622e+09 -1.353329317717588687e+00 6.628514453060071254e+00 -2.046964780602151812e-01 -5.066014448214291033e-01 -6.317453650952127298e-01 4.387549835397678288e-01 3.895469602045106838e-01
1.403636683263555765e+09 -1.305794528723490444e+00 6.551493337331584677e+00 -2.009024250335649242e-01 -5.086660395826821945e-01 -6.320825540251208130e-01 4.394893855198583887e-01 3.854602250397916596e-01
1.403636683363555670e+09 -1.257441470067534262e+00 6.473160873868770260e+00 -2.043916673256540584e-01 -5.095033138018598695e-01 -6.322366707489175397e-01 4.412411224317649983e-01 3.820856412643704458e-01
1.403636683463555574e+09 -1.206010927251573328e+00 6.390883734829057694e+00 -2.151755094831127035e-01 -5.098021110227282104e-01 -6.326105913860309293e-01 4.424025702920170722e-01 3.797178071436765334e-01
1.403636683563555717e+09 -1.156041266569308057e+00 6.314186337969624141e+00 -2.294114707086312155e-01 -5.092261118323357927e-01 -6.330823098143436578e-01 4.430883682186615435e-01 3.789040168401234809e-01
1.403636683663555622e+09 -1.102353932279094728e+00 6.237494451467399337e+00 -2.474530824629783687e-01 -5.103869119149838651e-01 -6.349511123843135652e-01 4.416863662248777245e-01 3.758396452197032556e-01
1.403636683763555765e+09 -1.050169441994689201e+00 6.160247386369476885e+00 -2.638744051653603151e-01 -5.128941910178100860e-01 -6.369569737058516923e-01 4.398048034756633640e-01 3.712103141177551802e-01
1.403636683863555670e+09 -9.954451272055102606e-01 6.087571624089568090e+00 -2.741577023678722913e-01 -5.149468834825070562e-01 -6.392674927790275019e-01 4.383833394364120006e-01 3.660421117470629149e-01
1.403636683963555574e+09 -9.452149072913362815e-01 6.014462408187235098e+00 -2.750974772969447812e-01 -5.136230745873211490e-01 -6.406048786679306994e-01 4.380264589166022460e-01 3.659911856415338782e-01
1.403636684063555717e+09 -8.985134794437650285e-01 5.943811898408468686e+00 -2.701595556307805346e-01 -5.111382421907839646e-01 -6.394839034810964051e-01 4.415329636140415404e-01 3.672147554237119582e-01
1.403636684163555622e+09 -8.514081640634918458e-01 5.872373978218343282e+00 -2.546887354924669555e-01 -5.087884265890002533e-01 -6.394896918344700198e-01 4.436596581496895508e-01 3.679040346843792109e-01
1.403636684263555765e+09 -8.052525730553838912e-01 5.803524906837150610e+00 -2.354188608312886011e-01 -5.066908172388312481e-01 -6.388273443246382799e-01 4.469346738974958044e-01 3.679856480042582034e-01
1.403636684363555670e+09 -7.574659847656848299e-01 5.734649362845775755e+00 -2.138615418067257856e-01 -5.039786300386859264e-01 -6.380036981806904706e-01 4.496864188341233581e-01 3.697822958015072325e-01
1.403636684463555574e+09 -7.085769489208937344e-01 5.672385475298225899e+00 -1.982914823730776988e-01 -5.029382481375256342e-01 -6.374371439427977126e-01 4.520782058789449831e-01 3.692591256173373693e-01
1.403636684563555717e+09 -6.589922975875239786e-01 5.608178347365678995e+00 -1.916895068189707896e-01 -5.036332992046776980e-01 -6.352834714073746225e-01 4.562260045213183957e-01 3.669144909748324190e-01
1.403636684663555622e+09 -6.102730015904107574e-01 5.547973780925529397e+00 -1.900195151934251925e-01 -5.038848938185893633e-01 -6.341482353681326956e-01 4.588680558561814005e-01 3.652343585640326906e-01
1.403636684763555765e+09 -5.578265280371859092e-01 5.487980457541403290e+00 -1.951979991694052785e-01 -5.032025566309720199e-01 -6.336486691840392815e-01 4.597504171613676083e-01 3.659318310304499056e-01
1.403636684863555670e+09 -5.031433349222949047e-01 5.435806821813670808e+00 -2.098651131028019812e-01 -5.025840150854828936e-01 -6.341144313367882424e-01 4.592735238046999902e-01 3.665733570282903586e-01
1.403636684963555574e+09 -4.479454339864359369e-01 5.387067958804424350e+00 -2.252993439106116824e-01 -4.986134466501191964e-01 -6.379185980498014441e-01 4.537946170197586504e-01 3.721759511921139407e-01
1.403636685063555717e+09 -3.894028648448673025e-01 5.337053224863766765e+00 -2.382850434271974738e-01 -4.973172632197935261e-01 -6.404317367439209541e-01 4.488023241779228178e-01 3.756317399890942155e-01
1.403636685163555622e+09 -3.287100466861376802e-01 5.287776787097680398e+00 -2.411510811821517830e-01 -4.999873868273974620e-01 -6.416660746127633708e-01 4.453855506472523262e-01 3.740440789254685372e-01
1.403636685263555765e+09 -2.676636382591359720e-01 5.239839275968226850e+00 -2.396761305510042295e-01 -5.007955783634174818e-01 -6.443419832384429391e-01 4.388195509267557304e-01 3.761177994358162469e-01
1.403636685363555670e+09 -2.063878181725504746e-01 5.189110956959991583e+00 -2.301527750674785544e-01 -5.015906212664142938e-01 -6.453984067124879376e-01 4.344960936169242061e-01 3.782603467219204374e-01
1.403636685463555574e+09 -1.462476287973029088e-01 5.138026065632349315e+00 -2.216704759524341650e-01 -5.043411978795997452e-01 -6.434176229032703143e-01 4.348712691259610796e-01 3.775456236637522722e-01
1.403636685563555717e+09 -8.520709855826424928e-02 5.082309430347223156e+00 -2.189580645049524765e-01 -5.071364460239553562e-01 -6.415974872893722702e-01 4.355914901453644128e-01 3.760656101414972530e-01
1.403636685663555622e+09 -2.292056120382213180e-02 5.026675230315699849e+00 -2.217494887396780356e-01 -5.082225756913566483e-01 -6.398923658251057800e-01 4.366527009840590057e-01 3.762738264080009443e-01
1.403636685763555765e+09 3.614457264154413707e-02 4.972633109340409696e+00 -2.332447140658591156e-01 -5.068260346365285329e-01 -6.397060855143854585e-01 4.365202116228001916e-01 3.786206539734194298e-01
1.403636685863555670e+09 9.913059161929727026e-02 4.915001233196376162e+00 -2.472075482559736859e-01 -5.037501836215481088e-01 -6.402313057946383834e-01 4.352799685096077065e-01 3.832374937242223889e-01
1.403636685963555574e+09 1.615945767473085937e-01 4.858432142880100280e+00 -2.621092082075033858e-01 -5.060683980161678752e-01 -6.394310406904423205e-01 4.370781590695599350e-01 3.794540862808712944e-01
1.403636686063555717e+09 2.242051800853879229e-01 4.799546063604170243e+00 -2.785331828206165650e-01 -5.102195075081743525e-01 -6.392148368723722385e-01 4.382193954366364608e-01 3.728863204027362266e-01
1.403636686163555622e+09 2.857857467780400285e-01 4.739724479947339475e+00 -2.877582879144133798e-01 -5.121456443542199422e-01 -6.385947299008980504e-01 4.391058133795167073e-01 3.702562552720925493e-01
1.403636686263555765e+09 3.446496671076264562e-01 4.681347816952966312e+00 -2.897285441578953957e-01 -5.143472667961916933e-01 -6.382064232850800378e-01 4.391761558947029909e-01 3.677822107042488242e-01
1.403636686363555670e+09 4.019245420554176107e-01 4.624588487960827443e+00 -2.825114692518240211e-01 -5.160390520625818267e-01 -6.384575712900082411e-01 4.386726915728977882e-01 3.655706444409965727e-01
1.403636686463555574e+09 4.598322104470922156e-01 4.570238729412722023e+00 -2.739431411495620861e-01 -5.171202485320723907e-01 -6.395052851796174664e-01 4.370892660403934427e-01 3.641052214645296714e-01
1.403636686563555717e+09 5.132285674965890721e-01 4.516134772503667349e+00 -2.714013039747436018e-01 -5.176696391862141144e-01 -6.402134631191558345e-01 4.363553400252108139e-01 3.629585148984323384e-01
1.403636686663555622e+09 5.630440281197328645e-01 4.463031041446785530e+00 -2.758206015111390741e-01 -5.165323704854611897e-01 -6.414338786285217475e-01 4.352881823588726773e-01 3.637046712470854426e-01
1.403636686763555765e+09 6.106129684009609093e-01 4.410650268994795731e+00 -2.848013031389804439e-01 -5.153973590427312068e-01 -6.407730208797437488e-01 4.370246340177055822e-01 3.643967168706599979e-01
1.403636686863555670e+09 6.552553320813827575e-01 4.358094167496263438e+00 -2.904438381423992688e-01 -5.142883865033935908e-01 -6.391797802273744278e-01 4.399058011912692634e-01 3.652937860606028098e-01
1.403636686963555574e+09 6.968921573665607383e-01 4.306756136506392885e+00 -2.889522501324979231e-01 -5.137797051651472602e-01 -6.377338702153864114e-01 4.425011892838251470e-01 3.654020016679157545e-01
1.403636687063555717e+09 7.389949710363836743e-01 4.258215848747256338e+00 -2.783445290301547193e-01 -5.136501502754581283e-01 -6.368059124697759144e-01 4.443602031713339562e-01 3.649462464570179532e-01
1.403636687163555622e+09 7.791118507525514048e-01 4.211062167647387611e+00 -2.654222682284046453e-01 -5.130597067782424192e-01 -6.369896912696152436e-01 4.449020705467807146e-01 3.647958581454172622e-01
1.403636687263555765e+09 8.185819546719299566e-01 4.165862783245239065e+00 -2.534529032566079643e-01 -5.118478112446233075e-01 -6.366493248619936596e-01 4.457946148251353824e-01 3.660008424440658326e-01
1.403636687363555670e+09 8.574632342308343702e-01 4.122807309175653856e+00 -2.491172033913442441e-01 -5.099347180483424502e-01 -6.362983965506846529e-01 4.467775813163787357e-01 3.680770662634001433e-01
1.403636687463555574e+09 8.958779851274645267e-01 4.080066522458985823e+00 -2.511246351112184083e-01 -5.081939695043025118e-01 -6.361521915738550526e-01 4.475157797648294244e-01 3.698363224140079897e-01
1.403636687563555717e+09 9.363541110979691773e-01 4.038689092027770933e+00 -2.597562308941785414e-01 -5.083692421328445121e-01 -6.355124825257713050e-01 4.489719818314610866e-01 3.689292042350925116e-01
1.403636687663555622e+09 9.738851324015356248e-01 3.998397322539877230e+00 -2.752337918591503119e-01 -5.083215444777902103e-01 -6.346019226731874907e-01 4.510791539727752042e-01 3.679907662026504767e-01
1.403636687763555765e+09 1.013828642727673479e+00 3.960331817230555274e+00 -2.974448226335744128e-01 -5.082798041940493894e-01 -6.338182126540882200e-01 4.529606133685241676e-01 3.670869061860506655e-01
1.403636687863555670e+09 1.054824081772399502e+00 3.926102500929734340e+00 -3.263012867350292279e-01 -5.077147629574858545e-01 -6.346314232205531036e-01 4.523947678424510843e-01 3.671616131417540507e-01
1.403636687963555574e+09 1.095943067680402283e+00 3.892927680573123439e+00 -3.596813312665934070e-01 -5.061094328651651875e-01 -6.366098819531074149e-01 4.497733251655311459e-01 3.691680594716896247e-01
1.403636688063555717e+09 1.137226702785120391e+00 3.861529396394015379e+00 -3.986833940842060553e-01 -5.031244434033965707e-01 -6.389744231874773250e-01 4.466225065523866111e-01 3.729689231063581523e-01
1.403636688163555622e+09 1.175864650065078454e+00 3.828272444279940956e+00 -4.328601697040885821e-01 -5.016261642431465440e-01 -6.407554270888616843e-01 4.439528398738887272e-01 3.751127163544144549e-01
1.403636688263555765e+09 1.219085313591827813e+00 3.796317427656100030e+00 -4.589930952405765208e-01 -5.020240151092286718e-01 -6.401159257423421067e-01 4.450543635413494736e-01 3.743662689899261431e-01
1.403636688363555670e+09 1.262501797687936023e+00 3.761732385858741701e+00 -4.796316162123992477e-01 -5.047393112194826781e-01 -6.387400089598341824e-01 4.472908804874721200e-01 3.703785859042282858e-01
1.403636688463555574e+09 1.306037793092656774e+00 3.729566375208907658e+00 -5.025573819724622471e-01 -5.046319002685141220e-01 -6.397005451270696419e-01 4.459476124246227746e-01 3.704869562728176913e-01
1.403636688563555717e+09 1.350380409042592600e+00 3.698117252025714841e+00 -5.293561848472305709e-01 -5.016751070300665694e-01 -6.431193559762522494e-01 4.410718398626765069e-01 3.743998037328742368e-01
1.403636688663555622e+09 1.391408827232823331e+00 3.662476603937635744e+00 -5.601685020486077971e-01 -4.980397136689796445e-01 -6.468394702062976176e-01 4.360381802204832402e-01 3.787160529760610350e-01
1.403636688763555765e+09 1.434837171838001080e+00 3.624837876629691813e+00 -5.946287694797836032e-01 -4.961092527342267910e-01 -6.488260439902393539e-01 4.346678192220356785e-01 3.794262259309733598e-01
1.403636688863555670e+09 1.478587366087934729e+00 3.583840195234937909e+00 -6.257508298580780615e-01 -4.952777999548163002e-01 -6.506101757800849539e-01 4.358202769993896331e-01 3.761209728258975149e-01
1.403636688963555574e+09 1.524395280434327482e+00 3.539540706830065275e+00 -6.470785408541250838e-01 -4.941571489401385686e-01 -6.537684648837499557e-01 4.389335876006129067e-01 3.684193428024025163e-01
1.403636689063555717e+09 1.567934788303465332e+00 3.492641522453640235e+00 -6.605304293539999705e-01 -4.933223131527095795e-01 -6.563069984824310144e-01 4.428125815451351976e-01 3.602932648745680311e-01
1.403636689163555622e+09 1.608863745605985329e+00 3.444425083717542968e+00 -6.658801302838535108e-01 -4.928012214219740783e-01 -6.591142563776936081e-01 4.460807485965356811e-01 3.517489430492218849e-01
1.403636689263555765e+09 1.647847148906417480e+00 3.396139521255397753e+00 -6.631158824329821400e-01 -4.910954675886046727e-01 -6.623503345675115783e-01 4.475805632459775585e-01 3.461053530597997807e-01
1.403636689363555670e+09 1.682021495719304482e+00 3.348451987179487332e+00 -6.539349487207963829e-01 -4.890830337049079102e-01 -6.647870352775755443e-01 4.488667198308328166e-01 3.425998419397826011e-01
1.403636689463555574e+09 1.712925271745145750e+00 3.301575280344343000e+00 -6.367043302219383971e-01 -4.868686648902371683e-01 -6.658986515910174653e-01 4.507404533746268149e-01 3.411318405673953169e-01
1.403636689563555717e+09 1.740086022248849673e+00 3.255144142693621845e+00 -6.124652721454266757e-01 -4.870876613170430636e-01 -6.673088816263312850e-01 4.508972362739869233e-01 3.378404194524225468e-01
1.403636689663555622e+09 1.763618860910292963e+00 3.206767183442321034e+00 -5.845938299122652726e-01 -4.903323238085030567e-01 -6.686913087118706578e-01 4.495899979580421646e-01 3.321068798110738407e-01
1.403636689763555765e+09 1.781260139947897336e+00 3.161761778806281065e+00 -5.594904396743631825e-01 -4.978734374427883358e-01 -6.687124974222155016e-01 4.487902852274540666e-01 3.217653119366749026e-01
1.403636689863555670e+09 1.793079269709731083e+00 3.119129081451741392e+00 -5.390618926025652069e-01 -5.028932456047542354e-01 -6.659359843758854147e-01 4.514610502005843018e-01 3.159281063631758646e-01
1.403636689963555574e+09 1.795758056215345455e+00 3.079986459825160949e+00 -5.212339181599157101e-01 -5.072360400542383907e-01 -6.592531177479038496e-01 4.590214115448696397e-01 3.120837550291888918e-01
1.403636690063555717e+09 1.792736287533249318e+00 3.047505364646259096e+00 -5.097664910405028671e-01 -5.067914376095712381e-01 -6.579135646513362135e-01 4.594586692426863572e-01 3.149760490436312454e-01
1.403636690163555622e+09 1.783852305492402923e+00 3.020710975169706991e+00 -5.027331821555987013e-01 -5.033002269296920073e-01 -6.626745458874740979e-01 4.516569610590462358e-01 3.218032276597893038e-01
1.403636690263555765e+09 1.767391367151374570e+00 2.996078793524695527e+00 -4.925240618855868391e-01 -5.007476043446624780e-01 -6.650969376530163624e-01 4.471424551874390030e-01 3.270497286906233203e-01
1.403636690363555670e+09 1.745468654262722463e+00 2.973099754056818256e+00 -4.738607607426015278e-01 -4.987564406749451784e-01 -6.658239121400800764e-01 4.451542560443340624e-01 3.312977803024859669e-01
1.403636690463555574e+09 1.716027128902125387e+00 2.948485347599736350e+00 -4.522708198864437978e-01 -4.984449981861227008e-01 -6.652047323745333696e-01 4.456404823859251296e-01 3.323549431986853042e-01
1.403636690563555717e+09 1.683319022880686688e+00 2.926738437146599203e+00 -4.327518819354632118e-01 -5.007854459060766539e-01 -6.609013478888843274e-01 4.516199738535097152e-01 3.293368256722338239e-01
1.403636690663555622e+09 1.646891056624993688e+00 2.908282539442145875e+00 -4.184926578159291477e-01 -5.059460062954584947e-01 -6.555383638242497923e-01 4.588712685880397824e-01 3.220640481840598146e-01
1.403636690763555765e+09 1.605348342943177631e+00 2.892227165715207882e+00 -4.125591275267277425e-01 -5.122555736240987923e-01 -6.450922795209156346e-01 4.727572700775765635e-01 3.129708321590869424e-01
1.403636690863555670e+09 1.560519613964770791e+00 2.884608781744405270e+00 -4.233038578507386518e-01 -5.148455482762379631e-01 -6.359159261710948252e-01 4.848925331401107153e-01 3.089081215621651277e-01
1.403636690963555574e+09 1.512860170298832685e+00 2.889034585655488208e+00 -4.411801841532214663e-01 -5.125304956952203561e-01 -6.251733271985007168e-01 4.994054658547765202e-01 3.115525358849474125e-01
1.403636691063555717e+09 1.464386653876753375e+00 2.907346275554133719e+00 -4.537238146491495705e-01 -5.064753360399070203e-01 -6.150215209790445003e-01 5.132986518715771940e-01 3.189917815598191653e-01
1.403636691163555622e+09 1.419405677133138255e+00 2.942763775563054018e+00 -4.593831333699898156e-01 -4.979721100816322799e-01 -6.119995135614688664e-01 5.187233799939117151e-01 3.292513143923105901e-01
1.403636691263555765e+09 1.381225828236728681e+00 2.994582868719811941e+00 -4.589194890844989771e-01 -4.841724352956193744e-01 -6.166470597671566134e-01 5.140489123669185201e-01 3.479614522828909373e-01
1.403636691363555670e+09 1.353370158170867921e+00 3.058474387617927448e+00 -4.518903132475506901e-01 -4.741616715801537651e-01 -6.258612105257075342e-01 5.034258993572756635e-01 3.605978621954501473e-01
1.403636691463555574e+09 1.336422370040266205e+00 3.127560333358225364e+00 -4.357735408468128568e-01 -4.757939224881154172e-01 -6.382491729115836732e-01 4.898166201118288043e-01 3.554403118151863161e-01
1.403636691563555717e+09 1.326381495433941904e+00 3.201803341931526603e+00 -4.089745149221153397e-01 -4.792652123694190469e-01 -6.461878357729139433e-01 4.820182950918486253e-01 3.469935162338925738e-01
1.403636691663555622e+09 1.320017197277349119e+00 3.280515187222635909e+00 -3.764543275497820307e-01 -4.773874982757844165e-01 -6.537053858629842118e-01 4.738898241543500478e-01 3.466971005743688106e-01
1.403636691763555765e+09 1.315281846763363127e+00 3.358653695010074713e+00 -3.424800523329736279e-01 -4.725964345612838069e-01 -6.610987612127917634e-01 4.646584564315667798e-01 3.517009480076899730e-01
1.403636691863555670e+09 1.311514272317903629e+00 3.435421320415372293e+00 -3.141181365905958423e-01 -4.730268495511922300e-01 -6.625687128510626689e-01 4.633396171019476539e-01 3.500924157681511439e-01
1.403636691963555574e+09 1.308946920330604780e+00 3.509442927754554020e+00 -2.919894411706345227e-01 -4.739483914498650030e-01 -6.583705281958388555e-01 4.692893683482606271e-01 3.488390153072169486e-01
1.403636692063555717e+09 1.308747612790260195e+00 3.583039159701185028e+00 -2.720846965138359330e-01 -4.743283425135783049e-01 -6.542972836412698223e-01 4.746276037246028867e-01 3.487639974117427433e-01
1.403636692163555622e+09 1.311513424519304305e+00 3.660871267351311964e+00 -2.522676313302529838e-01 -4.720286384797988122e-01 -6.568277782357915262e-01 4.701649776678580306e-01 3.531446275498511533e-01
1.403636692263555765e+09 1.316557904043496041e+00 3.736310529203988651e+00 -2.247042059933244129e-01 -4.716075801585163374e-01 -6.594955360815241141e-01 4.657546532943405704e-01 3.545765519041563785e-01
1.403636692363555670e+09 1.324817760448202986e+00 3.809813297030974155e+00 -1.871659459225418765e-01 -4.744735779532890385e-01 -6.586871034620092047e-01 4.662487995993827017e-01 3.515937718862036654e-01
1.403636692463555574e+09 1.333362866125282320e+00 3.881024448788350512e+00 -1.432986670311762190e-01 -4.748732075857546864e-01 -6.605853822051892532e-01 4.623863891593782971e-01 3.525921392405009791e-01
1.403636692563555717e+09 1.343248108721053047e+00 3.950376660885046576e+00 -9.417479905575842913e-02 -4.735630924044996748e-01 -6.617547032544058849e-01 4.590598861632257388e-01 3.564866493275256065e-01
1.403636692663555622e+09 1.353439240797338794e+00 4.016305743415841789e+00 -3.766219944747206672e-02 -4.756188599154088648e-01 -6.607077668052286912e-01 4.592285943649835334e-01 3.554729878536148635e-01
1.403636692763555765e+09 1.366616156168226404e+00 4.081232996162496462e+00 1.695215625005175308e-02 -4.738655135936268303e-01 -6.666748280913666891e-01 4.490904346793168078e-01 3.596024611922699066e-01
1.403636692863555670e+09 1.380347115204181296e+00 4.140967710335842433e+00 6.458504194175995750e-02 -4.694340490969213242e-01 -6.747238359074267944e-01 4.354914927158873850e-01 3.670511934034885182e-01
1.403636692963555574e+09 1.393355649563086995e+00 4.194998939904804658e+00 1.113776943858639790e-01 -4.684623815257820123e-01 -6.781349494753270424e-01 4.301033518051462501e-01 3.683572914457734493e-01
1.403636693063555717e+09 1.405760166542896261e+00 4.239734458542074869e+00 1.538025012483688059e-01 -4.720563497937382835e-01 -6.758164077807425896e-01 4.342877686124359538e-01 3.630827999608028378e-01
1.403636693163555622e+09 1.417727035411936676e+00 4.275653150338638575e+00 1.915671298402508160e-01 -4.738518495767886640e-01 -6.720337282585785443e-01 4.409765931112145099e-01 3.596869987413478520e-01
1.403636693263555765e+09 1.430832231114930853e+00 4.307373154229412471e+00 2.196654956803438807e-01 -4.777002392116160290e-01 -6.725951865171106991e-01 4.411215094619416188e-01 3.533129072383229818e-01
1.403636693363555670e+09 1.440900327902578937e+00 4.332369253527257769e+00 2.423832883152616802e-01 -4.836000283963018953e-01 -6.743293353045130001e-01 4.395975409542582368e-01 3.437513084627294435e-01
1.403636693463555574e+09 1.448302583429932788e+00 4.357518232604173924e+00 2.632763434898085508e-01 -4.881151062433298216e-01 -6.767793457530423273e-01 4.373195310284133108e-01 3.353579997558363557e-01
1.403636693563555717e+09 1.450357273174359918e+00 4.381026990819490763e+00 2.761435052271625779e-01 -4.939469017864641653e-01 -6.809452387167276299e-01 4.314273716157078775e-01 3.258841252735911187e-01
1.403636693663555622e+09 1.445130382560624760e+00 4.401274926347942262e+00 2.849743155543382755e-01 -4.962480296989671413e-01 -6.840317995079242541e-01 4.272573335749269008e-01 3.213869337547613503e-01
1.403636693763555765e+09 1.427737318148004864e+00 4.414367250351149963e+00 2.963850777497555322e-01 -4.933153408166335296e-01 -6.816680595313340252e-01 4.318329695497082343e-01 3.247905748934765136e-01
1.403636693863555670e+09 1.402398208281169900e+00 4.426687582435589796e+00 3.023860802851403573e-01 -4.881672406473717696e-01 -6.765817083564990009e-01 4.401433740103974368e-01 3.319694976814528964e-01
1.403636693963555574e+09 1.371292713158152488e+00 4.436718486174129339e+00 3.046706359563408073e-01 -4.821174195892347081e-01 -6.691138411981822909e-01 4.516279464559555534e-01 3.404139527481337413e-01
1.403636694063555717e+09 1.340038529518102983e+00 4.445728620184976165e+00 3.059427980827595928e-01 -4.770500010625975396e-01 -6.623061753097746474e-01 4.619213981769792476e-01 3.469905597259650976e-01
1.403636694163555622e+09 1.311137088899378966e+00 4.455509525860124498e+00 3.064146413930236568e-01 -4.744349327263350236e-01 -6.599198453458297031e-01 4.659569850177709416e-01 3.497161426655088778e-01
1.403636694263555765e+09 1.284353312002388225e+00 4.466492396673144682e+00 3.131581412973484246e-01 -4.732857464463077202e-01 -6.599807974550002676e-01 4.663844978814458142e-01 3.505872920362270162e-01
1.403636694363555670e+09 1.259763862519137856e+00 4.476569362431685128e+00 3.253499942319516558e-01 -4.753750147339008691e-01 -6.617603767982084273e-01 4.642240934090559601e-01 3.472575271540952468e-01
1.403636694463555574e+09 1.235569907816491231e+00 4.485870402786387601e+00 3.378682234027912124e-01 -4.770307273818551463e-01 -6.646239617560699697e-01 4.602610406026647061e-01 3.447846416193106611e-01
1.403636694563555717e+09 1.212693549624604739e+00 4.496791189976463876e+00 3.459770321551165484e-01 -4.776311993532235678e-01 -6.660370146497204269e-01 4.580996357029761268e-01 3.441044264314107037e-01
1.403636694663555622e+09 1.189634853700187733e+00 4.506699740785876429e+00 3.494592036034838145e-01 -4.780638896407791161e-01 -6.665358535422191144e-01 4.566017662054085990e-01 3.445282288323784359e-01
1.403636694763555765e+09 1.165936894367754384e+00 4.514935509202458341e+00 3.457268112693735462e-01 -4.783036090291767906e-01 -6.637737177335299998e-01 4.595108947101854691e-01 3.456585698033783904e-01
1.403636694863555670e+09 1.142168499367610668e+00 4.523578841068103706e+00 3.375845627133919891e-01 -4.813369961108927009e-01 -6.601788679612488053e-01 4.636556156067682677e-01 3.427856890079487573e-01
1.403636694963555574e+09 1.119573350361310116e+00 4.531518320684669199e+00 3.255228297888980160e-01 -4.870041262880762112e-01 -6.562904306872318072e-01 4.677396752587603124e-01 3.366443936197134890e-01
1.403636695063555717e+09 1.097205955985528281e+00 4.543987258557965703e+00 3.121780178648713155e-01 -4.887237926721919035e-01 -6.567078589974085778e-01 4.658969989994203309e-01 3.358925851079204161e-01
1.403636695163555622e+09 1.072454865987542583e+00 4.558484228153278472e+00 3.017871631198749682e-01 -4.873386633726051187e-01 -6.578228135201551474e-01 4.626610015754532013e-01 3.401690327114274548e-01
1.403636695263555765e+09 1.048364485558458181e+00 4.576591663523832842e+00 2.991438941015832631e-01 -4.852103842478347473e-01 -6.586671514187117937e-01 4.594287259770082343e-01 3.459099773166007807e-01
1.403636695363555670e+09 1.024164783692982805e+00 4.592337389850440488e+00 3.049053568616364451e-01 -4.841823800964434876e-01 -6.586518834994079530e-01 4.573118508002746996e-01 3.501585216504851661e-01
1.403636695463555574e+09 9.999425288997727534e-01 4.610900371284007981e+00 3.159738264341321878e-01 -4.837437501646026927e-01 -6.581487245141880438e-01 4.567690953311391300e-01 3.524120232730542646e-01
1.403636695563555717e+09 9.781696495549776493e-01 4.629720509808873175e+00 3.280544970401382265e-01 -4.820133645040918791e-01 -6.583293923498184652e-01 4.553420040673887836e-01 3.562712266513510251e-01
1.403636695663555622e+09 9.594048448591769862e-01 4.642727327027151851e+00 3.329394846987738799e-01 -4.799859738388267960e-01 -6.589978667136090484e-01 4.526886275417842942e-01 3.611208704564735084e-01
1.403636695763555765e+09 9.410723801141243072e-01 4.657261072481453823e+00 3.341432712142334838e-01 -4.820160075763071927e-01 -6.577124821749914529e-01 4.535163935731507667e-01 3.597189736333233911e-01
1.403636695863555670e+09 9.238309716994992371e-01 4.668580922976024006e+00 3.306805740484118905e-01 -4.833082149824205476e-01 -6.571101182137026875e-01 4.536405826578837064e-01 3.589285216272116164e-01
1.403636695963555574e+09 9.076481825211226706e-01 4.677222444404243618e+00 3.217986173890284851e-01 -4.857717643842928701e-01 -6.574436281751273592e-01 4.521908958683299451e-01 3.568151655867402572e-01
1.403636696063555717e+09 8.935978563140105635e-01 4.688489695702252824e+00 3.103928452736141042e-01 -4.893747395124822819e-01 -6.590873580098655093e-01 4.488784067070100137e-01 3.530218050359518189e-01
1.403636696163555622e+09 8.793499120070054076e-01 4.695448733300892741e+00 2.951093678210084947e-01 -4.895576875946932582e-01 -6.630518744918992846e-01 4.417667345245283039e-01 3.543129048133167314e-01
1.403636696263555765e+09 8.639654884004537294e-01 4.702739931339685597e+00 2.784158978594247769e-01 -4.875648244457820857e-01 -6.637921775624054943e-01 4.399278551223336775e-01 3.579440867755417366e-01
1.403636696363555670e+09 8.475554370055284892e-01 4.704192129117940269e+00 2.612000213130805104e-01 -4.844388991661239818e-01 -6.575364406243927595e-01 4.481705362980772933e-01 3.634665770328988077e-01
1.403636696463555574e+09 8.338349137582805604e-01 4.703896096190541165e+00 2.483425580335676397e-01 -4.829401992720843140e-01 -6.484120427395033692e-01 4.603935812869777711e-01 3.665628691877760859e-01
1.403636696563555717e+09 8.215795499963580717e-01 4.704460012266055813e+00 2.363037597439248128e-01 -4.843515390572454837e-01 -6.467148943352614143e-01 4.616259644067671752e-01 3.661487416929513627e-01
1.403636696663555622e+09 8.148225553941599308e-01 4.705616479683172315e+00 2.340274785580381822e-01 -4.865631874257125844e-01 -6.469656679345496819e-01 4.609349307725469913e-01 3.636353650978411678e-01
1.403636696763555765e+09 8.122797376930366298e-01 4.704809852017681315e+00 2.352132047908187529e-01 -4.877093849262937320e-01 -6.479776495444371509e-01 4.593963685823763687e-01 3.622423195583420186e-01
1.403636696863555670e+09 8.146935074407584132e-01 4.707271359693576684e+00 2.326307613693606724e-01 -4.874035374309018676e-01 -6.492870597144184686e-01 4.573414208998519137e-01 3.629089837914635241e-01
1.403636696963555574e+09 8.150077220370799402e-01 4.709053629292000664e+00 2.218325643996842400e-01 -4.834765886068191909e-01 -6.524295219344207197e-01 4.525607843715215850e-01 3.684763813686962597e-01
1.403636697063555717e+09 8.197140168530450133e-01 4.709534809381828779e+00 2.090959908237475240e-01 -4.770157045672032692e-01 -6.572110354868976323e-01 4.449758230436946516e-01 3.775264087942470925e-01
1.403636697163555622e+09 8.291458743328599112e-01 4.706196919113533106e+00 2.020518467296371634e-01 -4.712586775172434295e-01 -6.614319452587124060e-01 4.375125934979171016e-01 3.860126567700866707e-01
1.403636697263555765e+09 8.438584596227491907e-01 4.693502258460204857e+00 2.086221280849375193e-01 -4.690181870636869754e-01 -6.622280817815272558e-01 4.354416050848098352e-01 3.897005471700240586e-01
1.403636697363555670e+09 8.611958739306904143e-01 4.670801932184226679e+00 2.211939819909030103e-01 -4.756973148704590204e-01 -6.608219770097129020e-01 4.375773245748979523e-01 3.815133868475441559e-01
1.403636697463555574e+09 8.827371013694187418e-01 4.643115874385567388e+00 2.419826349978874136e-01 -4.839905578774057471e-01 -6.589083071389759683e-01 4.411987114022363765e-01 3.700495638772900442e-01
1.403636697563555717e+09 9.041194390853082297e-01 4.610480722546811627e+00 2.696383711145603490e-01 -4.900872071072465697e-01 -6.570216109877904387e-01 4.412842351119720119e-01 3.652469794077283227e-01
1.403636697663555622e+09 9.260658840465842978e-01 4.578917599212047662e+00 2.994976807045495182e-01 -4.960099753914411491e-01 -6.522166773349672431e-01 4.370033325197138496e-01 3.709657632248317127e-01
1.403636697763555765e+09 9.461728778250937388e-01 4.546446031992708470e+00 3.223816774306446087e-01 -5.090850816944062496e-01 -6.431167513479157938e-01 4.286392086681155011e-01 3.788161196732194314e-01
1.403636697863555670e+09 9.647323770747910920e-01 4.511404040722826636e+00 3.392039637303869704e-01 -5.229324196167479677e-01 -6.312327163405943020e-01 4.209919063107555037e-01 3.883976791329790124e-01
1.403636697963555574e+09 9.843079946260169244e-01 4.472777417150291868e+00 3.493680678163010311e-01 -5.356941156801574566e-01 -6.202843245909401837e-01 4.152038569780429067e-01 3.948226541663640843e-01
1.403636698063555717e+09 1.003057784559779897e+00 4.431381465857118229e+00 3.516320065083978763e-01 -5.444734611535584357e-01 -6.121251670755021301e-01 4.107544997228190775e-01 4.001651795068010831e-01
1.403636698163555622e+09 1.025954717175408426e+00 4.389348764211213449e+00 3.517751514770516286e-01 -5.512391758031752742e-01 -6.062146497433624770e-01 4.081390631148247850e-01 4.025688446168193546e-01
1.403636698263555765e+09 1.045423966222854162e+00 4.344506423680762452e+00 3.454208709241584074e-01 -5.575161382504980612e-01 -5.999938313484151076e-01 4.053270885119936162e-01 4.060703255010044144e-01
1.403636698363555670e+09 1.063022248377273549e+00 4.298470103905867923e+00 3.363921830471661156e-01 -5.655203968306010687e-01 -5.921024906935740129e-01 3.985544966425595970e-01 4.132258879705159593e-01
1.403636698463555574e+09 1.079697620379789225e+00 4.253786283373181654e+00 3.229479169926913196e-01 -5.773369406635823209e-01 -5.819556757053310214e-01 3.894953508520428431e-01 4.198845318944373628e-01
1.403636698563555717e+09 1.095618787764926161e+00 4.207229323005900135e+00 3.059374552124586311e-01 -5.900874818575077008e-01 -5.696253227125264162e-01 3.789813130268522290e-01 4.285987865780294115e-01
1.403636698663555622e+09 1.109516140554312358e+00 4.157179997642275637e+00 2.870422920194082295e-01 -6.053742263202654961e-01 -5.541704264688016579e-01 3.682894722524068243e-01 4.367837556074743444e-01
1.403636698763555765e+09 1.121949575699482171e+00 4.109139496341210673e+00 2.627085930761507981e-01 -6.213896369726744640e-01 -5.367489306246153724e-01 3.568323393178587932e-01 4.454729914969532967e-01
1.403636698863555670e+09 1.133202818187749816e+00 4.062250378283080998e+00 2.346381371654512327e-01 -6.384682865796061924e-01 -5.169720424658913460e-01 3.452790094132573984e-01 4.537406307565443053e-01
1.403636698963555574e+09 1.144049000914475478e+00 4.011829550112678611e+00 2.119173946256538432e-01 -6.544557580938732411e-01 -4.968760502082322228e-01 3.326705974712476088e-01 4.627441247659039303e-01
1.403636699063555717e+09 1.151042273792354020e+00 3.964454157062377249e+00 1.941402899970069429e-01 -6.693206711355664806e-01 -4.763797971265734121e-01 3.217733893497292663e-01 4.706739996926395664e-01
1.403636699163555622e+09 1.158296938343439386e+00 3.920065533713309236e+00 1.842124465183311299e-01 -6.846511037315623494e-01 -4.526661936013012255e-01 3.135288516353563204e-01 4.775414563384804967e-01
1.403636699263555765e+09 1.166536136893407516e+00 3.875886862485944384e+00 1.806215400653963243e-01 -7.007555255464545940e-01 -4.283807621262522014e-01 3.024762976194537711e-01 4.836731390460619617e-01
1.403636699363555670e+09 1.171609480303327455e+00 3.837317317360659175e+00 1.821157120496740278e-01 -7.169550383696625673e-01 -4.041466597814706851e-01 2.906448418307236436e-01 4.880230796397128090e-01
1.403636699463555574e+09 1.178641553508784412e+00 3.803901000214550798e+00 1.894121681813467628e-01 -7.312256949996681632e-01 -3.809929719021942773e-01 2.791304320492626889e-01 4.921783622198135921e-01
1.403636699563555717e+09 1.185620918035379834e+00 3.776549235423392936e+00 1.942414951828154157e-01 -7.427908905648922255e-01 -3.596666780060652213e-01 2.669298626834474830e-01 4.976444735287348653e-01
1.403636699663555622e+09 1.192341861174245121e+00 3.754971233935676445e+00 1.931398436470684876e-01 -7.533891806648531642e-01 -3.378002378783254711e-01 2.557845029295052197e-01 5.028618396812326585e-01
1.403636699763555765e+09 1.202757186172661807e+00 3.741341833828806251e+00 1.877095957425300998e-01 -7.601015221332511063e-01 -3.203935526552652568e-01 2.411249235658542989e-01 5.113241816137913398e-01
1.403636699863555670e+09 1.214823690349350116e+00 3.730526249585238041e+00 1.800306310406997179e-01 -7.618717768023205439e-01 -3.098000834595923125e-01 2.267204333648124293e-01 5.217021651242941260e-01
1.403636699963555574e+09 1.225597716804613935e+00 3.721786663772455483e+00 1.679298560549314923e-01 -7.624890694796637725e-01 -3.009827705154121125e-01 2.208370118970194862e-01 5.284418652541629235e-01
1.403636700063555717e+09 1.238514273728230641e+00 3.714110081288318099e+00 1.521755053351556697e-01 -7.639079492196323429e-01 -2.957705242805457324e-01 2.180751960161806113e-01 5.304786998253285812e-01
1.403636700163555622e+09 1.252366177272357994e+00 3.709872141886378927e+00 1.323930782357767288e-01 -7.642256398648967775e-01 -2.928428659192626737e-01 2.176440058385192555e-01 5.318207536152047554e-01
1.403636700263555765e+09 1.266621037035612130e+00 3.711534820281620739e+00 1.056883462750957126e-01 -7.648268390236568903e-01 -2.915473434123568852e-01 2.176643564668445385e-01 5.316599296375016381e-01
1.403636700363555670e+09 1.284713912071377528e+00 3.714369726098749602e+00 7.674661824371165064e-02 -7.690875098514630137e-01 -2.865291975880024378e-01 2.159870141231511054e-01 5.289187374731746383e-01
1.403636700463555574e+09 1.304038799907591084e+00 3.720989420216191945e+00 4.043802978645516522e-02 -7.718967447654702108e-01 -2.781576818180732102e-01 2.112380579334581510e-01 5.312082476266417608e-01
1.403636700563555717e+09 1.327259482444534733e+00 3.732917725693371658e+00 2.192126220246892743e-03 -7.708851517072841109e-01 -2.718001704255523787e-01 2.050326888772803779e-01 5.383515085198800065e-01
1.403636700663555622e+09 1.354209590208865333e+00 3.746913010683647016e+00 -3.830998839180388416e-02 -7.702332502800260938e-01 -2.640868598994250416e-01 1.948863733242625906e-01 5.468255408117328464e-01
1.403636700763555765e+09 1.380767054307761477e+00 3.762538910392097868e+00 -8.089980466721069519e-02 -7.712258481658510467e-01 -2.554271787844651920e-01 1.860791214674268890e-01 5.525777845814859868e-01
1.403636700863555670e+09 1.410433965690376823e+00 3.775298070836356601e+00 -1.116257036233792022e-01 -7.747828410359821616e-01 -2.505166933163925913e-01 1.788051619677850923e-01 5.522514369919794275e-01
1.403636700963555574e+09 1.442514953221391227e+00 3.787360450026244330e+00 -1.393033694746350637e-01 -7.790387038837114364e-01 -2.486049549032049999e-01 1.734651625011741083e-01 5.488206552665485516e-01
1.403636701063555717e+09 1.472462096430712020e+00 3.799507041907148164e+00 -1.585414209613360548e-01 -7.838582197878101177e-01 -2.489230996574591792e-01 1.699535544629103279e-01 5.428806232068246196e-01
1.403636701163555622e+09 1.500233338373365921e+00 3.811961924002879698e+00 -1.697432263941687225e-01 -7.871938411998598006e-01 -2.514573492782872233e-01 1.673242706101985833e-01 5.376780136249874609e-01
1.403636701263555765e+09 1.527204142410488075e+00 3.827986346140694884e+00 -1.693900406807962167e-01 -7.882331693466388955e-01 -2.542367869712474082e-01 1.670852909790075946e-01 5.349155376606197221e-01
1.403636701363555670e+09 1.550968163769921748e+00 3.847514862825742732e+00 -1.625589294816016661e-01 -7.877786473451383609e-01 -2.567023145364203396e-01 1.682591279812644391e-01 5.340389408551526884e-01
1.403636701463555574e+09 1.571339875121491758e+00 3.868351010448346727e+00 -1.531145178084254432e-01 -7.839773199695766470e-01 -2.592781509056030220e-01 1.701987491442777389e-01 5.377609022846628894e-01
1.403636701563555717e+09 1.591320830695064359e+00 3.892872740370980189e+00 -1.414419988494668434e-01 -7.779797514790297575e-01 -2.609121457459725457e-01 1.737863360796089995e-01 5.444912009232881767e-01
1.403636701663555622e+09 1.608160808524988994e+00 3.916988388146781297e+00 -1.321183611279495018e-01 -7.738439153084712974e-01 -2.637412874336557689e-01 1.758217817868696631e-01 5.483546563057378753e-01
1.403636701763555765e+09 1.625809244481089877e+00 3.941701607604369606e+00 -1.262189546605900770e-01 -7.730545137734086136e-01 -2.619015468796165313e-01 1.764938326530003931e-01 5.501310984775149571e-01
1.403636701863555670e+09 1.645675982346277877e+00 3.969593137841339825e+00 -1.258876833455331301e-01 -7.761325165687785743e-01 -2.547801237396315477e-01 1.717189148993106818e-01 5.506523581513438348e-01
1.403636701963555574e+09 1.664344279243920699e+00 3.997908647520200809e+00 -1.327705732401998073e-01 -7.808578592391308693e-01 -2.419353799051511267e-01 1.649844198195187517e-01 5.518228128950892764e-01
1.403636702063555717e+09 1.682180540729864671e+00 4.026527791321012018e+00 -1.434206903638568509e-01 -7.860609139662486644e-01 -2.253733579114279850e-01 1.556193553801127061e-01 5.541639696961104811e-01
1.403636702163555622e+09 1.701131479004237335e+00 4.057134844191077505e+00 -1.629621329000210395e-01 -7.904710152395144629e-01 -2.054990152744858856e-01 1.440589999540775878e-01 5.587242014801747647e-01
1.403636702263555765e+09 1.722247794416611022e+00 4.087383978830395392e+00 -1.865530665958183842e-01 -7.953409211549258284e-01 -1.893842025606962132e-01 1.326025990946538835e-01 5.603418542909548439e-01
1.403636702363555670e+09 1.741663188560867770e+00 4.114844056807000605e+00 -2.180661235952641164e-01 -8.002716426540662509e-01 -1.794858212870279468e-01 1.211768425878291811e-01 5.591657274378750708e-01
1.403636702463555574e+09 1.764310567619655767e+00 4.145346143502328218e+00 -2.512773876785250327e-01 -8.038178608480831544e-01 -1.740105692226386891e-01 1.105985719490015784e-01 5.580010074034512657e-01
1.403636702563555717e+09 1.782065479177437073e+00 4.173778384357564875e+00 -2.885646028206803049e-01 -8.056079013699667390e-01 -1.708493402675400619e-01 1.032311594797214599e-01 5.578079776167572668e-01
1.403636702663555622e+09 1.796646743149702186e+00 4.202000213701686526e+00 -3.323487572552474845e-01 -8.082402754966004910e-01 -1.694576077057966534e-01 9.790563120256019769e-02 5.553793871171631702e-01
1.403636702763555765e+09 1.810684694913174297e+00 4.234506616293254311e+00 -3.787383193030580131e-01 -8.094675908088256877e-01 -1.691584050135159778e-01 9.563991809233049479e-02 5.540764022323374505e-01
1.403636702863555670e+09 1.820023446278701051e+00 4.266845934086333614e+00 -4.280205969793573484e-01 -8.110014974960054746e-01 -1.706651672592706115e-01 9.331789249937864905e-02 5.517623969455295319e-01
1.403636702963555574e+09 1.824672605485329946e+00 4.301021999158446185e+00 -4.749314489338203327e-01 -8.115010240856027623e-01 -1.708964878922686337e-01 9.401762016338467698e-02 5.508367865646944805e-01
1.403636703063555717e+09 1.823943461389981202e+00 4.340606699394599310e+00 -5.141226450440097295e-01 -8.095392141822637111e-01 -1.688548303565651221e-01 9.848210342211979884e-02 5.535662401844729796e-01
1.403636703163555622e+09 1.821120197324122003e+00 4.380665307604493464e+00 -5.420667524973608042e-01 -8.053743084561411081e-01 -1.627063793933090086e-01 1.088005578298019693e-01 5.595188075475544531e-01
1.403636703263555765e+09 1.816732713139740607e+00 4.422537984887396689e+00 -5.616642077116957843e-01 -8.026207746050976199e-01 -1.554162204107069067e-01 1.206620343194449579e-01 5.631042213298145249e-01
1.403636703363555670e+09 1.818055108650567853e+00 4.466899369775394923e+00 -5.760748157244111045e-01 -8.000683307471115890e-01 -1.516342029003789893e-01 1.272845685372072932e-01 5.663006032652569965e-01
1.403636703463555574e+09 1.824574302528505498e+00 4.509589154310549297e+00 -5.846810255001524403e-01 -7.986773973744476507e-01 -1.575594778524946893e-01 1.193916215418172055e-01 5.683617391834565602e-01
1.403636703563555717e+09 1.833799128603974093e+00 4.553163923156356319e+00 -5.869997590896769424e-01 -7.987809452260877796e-01 -1.655459910888008590e-01 1.090615334837650857e-01 5.680221019399805948e-01
1.403636703663555622e+09 1.843366896839859326e+00 4.595281873470849376e+00 -5.831363018988284797e-01 -8.007424513022909363e-01 -1.691076377643160322e-01 1.055342680729507571e-01 5.648687031465607911e-01
1.403636703763555765e+09 1.851985410561357792e+00 4.638625023839846762e+00 -5.793091979308109263e-01 -8.006986629615928663e-01 -1.697367979156958473e-01 1.066507608045977468e-01 5.645322716945812003e-01
1.403636703863555670e+09 1.857636870541477858e+00 4.679417435661731517e+00 -5.801442406476760016e-01 -7.990027481480631577e-01 -1.678611527683075977e-01 1.115740067889277876e-01 5.665408042252579879e-01
1.403636703963555574e+09 1.863454058285166415e+00 4.719374692790799131e+00 -5.844154566064947431e-01 -7.976302612495853595e-01 -1.668529805772422936e-01 1.157744517854644023e-01 5.679280989044156458e-01
1.403636704063555717e+09 1.872258133811097291e+00 4.759463911556490068e+00 -5.929667327886589678e-01 -7.972127923710758957e-01 -1.658650276174183924e-01 1.205921631930632620e-01 5.678010976299732171e-01
1.403636704163555622e+09 1.880682541741367508e+00 4.798454364185919196e+00 -6.093121492426563091e-01 -7.992458272515062800e-01 -1.682358775916295013e-01 1.198381671167716572e-01 5.643949067932153563e-01
1.403636704263555765e+09 1.891340150463696190e+00 4.838584784534159411e+00 -6.294080339099870081e-01 -8.024820133683054912e-01 -1.724727150470887205e-01 1.162273932932996467e-01 5.592557320518773967e-01
1.403636704363555670e+09 1.900408577587673786e+00 4.878095130213440100e+00 -6.452695496277414122e-01 -8.040584402293911026e-01 -1.764601815932410611e-01 1.120927266424171509e-01 5.565851683631422020e-01
1.403636704463555574e+09 1.908766864988465706e+00 4.922186885716018701e+00 -6.553792370009454693e-01 -8.056690265323086519e-01 -1.789885044814625292e-01 1.100938629328248181e-01 5.538410207762692883e-01
1.403636704563555717e+09 1.916246004462391905e+00 4.969392567196977417e+00 -6.552736674649457527e-01 -8.078482861974634055e-01 -1.813348004576378347e-01 1.077072561023620229e-01 5.503616843619384413e-01
1.403636704663555622e+09 1.920733804548758972e+00 5.018897477930258866e+00 -6.540076669708485557e-01 -8.096512499927449591e-01 -1.829456342368530608e-01 1.060440931242208618e-01 5.474946562408830042e-01
1.403636704763555765e+09 1.919717537723077960e+00 5.068275032545961345e+00 -6.575255514795914635e-01 -8.129353758697158705e-01 -1.863241853351772503e-01 1.025087546796669552e-01 5.421358942486377286e-01
1.403636704863555670e+09 1.914850292117693087e+00 5.122426255729679134e+00 -6.702470934218767162e-01 -8.166587118143766588e-01 -1.879785570534875383e-01 1.019537111260301609e-01 5.360392255175006060e-01
1.403636704963555574e+09 1.904156217192044753e+00 5.179879707170806036e+00 -6.851078718560192904e-01 -8.196212392723091211e-01 -1.899350409851573440e-01 1.013849061758020365e-01 5.309112968655069764e-01
1.403636705063555717e+09 1.891836259237499540e+00 5.246384476883384274e+00 -7.065334955664199779e-01 -8.200639951035104680e-01 -1.930010338146402882e-01 9.921984654035467810e-02 5.295290992323820056e-01
1.403636705163555622e+09 1.869558328967914740e+00 5.319401181469973316e+00 -7.265812127645094876e-01 -8.124602727532447277e-01 -1.922313817074926545e-01 1.018623702720250490e-01 5.409061458396606792e-01
1.403636705263555765e+09 1.844471009085360880e+00 5.394122437413122029e+00 -7.418949328591675219e-01 -8.027388575861951203e-01 -1.923379507693874224e-01 1.036094036406865343e-01 5.548707333174677236e-01
1.403636705363555670e+09 1.814768682441230574e+00 5.473303314178542323e+00 -7.513449845376520830e-01 -7.985185971758815837e-01 -1.915525069454351303e-01 1.055747921232271236e-01 5.608294306786322236e-01
1.403636705463555574e+09 1.780671128801021297e+00 5.549068080222086863e+00 -7.565148789172977395e-01 -8.009637108826771490e-01 -1.913918049262447463e-01 1.053692131552515510e-01 5.574259051884550287e-01
1.403636705563555717e+09 1.745465048406226849e+00 5.625116389183982157e+00 -7.649509682034543179e-01 -8.051692577613637214e-01 -1.921926965163085477e-01 1.035190762094355399e-01 5.514056896900410010e-01
1.403636705663555622e+09 1.706353587386207682e+00 5.703150004768601455e+00 -7.794446121127645011e-01 -8.070469750148485666e-01 -1.916802430272421809e-01 1.031060301378082522e-01 5.489107496684875187e-01
1.403636705763555765e+09 1.662145096442437353e+00 5.784462688967923150e+00 -7.988584284506654587e-01 -8.048176736897791894e-01 -1.896825219669563412e-01 1.052109591257235632e-01 5.524669284732548480e-01
1.403636705863555670e+09 1.616630119049341729e+00 5.866253037529813419e+00 -8.162403904170167923e-01 -8.012037593001006819e-01 -1.861200696562136381e-01 1.108815040174289945e-01 5.577966904001721016e-01
1.403636705963555574e+09 1.570465339859244747e+00 5.949668923838812518e+00 -8.262046787733243747e-01 -7.982970857058648839e-01 -1.798439302558746400e-01 1.207931642573613906e-01 5.619492282869839039e-01
1.403636706063555717e+09 1.523272513190049970e+00 6.028803484999405882e+00 -8.268549831950047224e-01 -7.974159774814518764e-01 -1.718986751542067593e-01 1.341582159248677908e-01 5.626545809263312492e-01
1.403636706163555622e+09 1.481966367580000554e+00 6.113109187680257683e+00 -8.287754774925590873e-01 -7.948453308651046711e-01 -1.703494077659265526e-01 1.385362771132579440e-01 5.656939801689062630e-01
1.403636706263555765e+09 1.447372706277837651e+00 6.196086606359863858e+00 -8.379757564091130373e-01 -7.930097147045608308e-01 -1.785331618586176727e-01 1.295144505602682239e-01 5.678798372869277022e-01
1.403636706363555670e+09 1.414152127315169150e+00 6.277322546497651423e+00 -8.565157145741106870e-01 -7.928021937301480415e-01 -1.877566927206524294e-01 1.188516567616734049e-01 5.675265541278864401e-01
1.403636706463555574e+09 1.381154342619275610e+00 6.357188955996453394e+00 -8.779468896119857479e-01 -7.939409988921741768e-01 -1.940273129330402080e-01 1.118326480623941244e-01 5.652473360763707877e-01
1.403636706563555717e+09 1.347041006473015390e+00 6.434329188118449672e+00 -8.945566855183328947e-01 -7.952393551979319852e-01 -1.968521585195335266e-01 1.079267587418182850e-01 5.632010390420665313e-01
1.403636706663555622e+09 1.309363732568885386e+00 6.509537950560111419e+00 -9.057756236893903523e-01 -7.964020235483031396e-01 -1.974898895267865884e-01 1.064888416851145908e-01 5.616063452449840954e-01
1.403636706763555765e+09 1.268973334501720895e+00 6.586191370917847898e+00 -9.094687838320816287e-01 -7.996857204554760346e-01 -1.969094936754834935e-01 1.059948283581607087e-01 5.572203299964881840e-01
1.403636706863555670e+09 1.225602097144068647e+00 6.662369111232732344e+00 -9.078287681387451347e-01 -8.026320384697533949e-01 -1.963884380360286785e-01 1.037204527180693170e-01 5.535841940623085211e-01
1.403636706963555574e+09 1.178821031193306279e+00 6.739796149655965074e+00 -9.009637644034047543e-01 -8.033987946566270022e-01 -1.943017634904652402e-01 1.028302994812482357e-01 5.533743136046080924e-01
1.403636707063555717e+09 1.129459216574638880e+00 6.817724991044925353e+00 -8.941904413542463015e-01 -8.006094351303209011e-01 -1.916368692984696809e-01 1.026427108632853580e-01 5.583585914199099554e-01
1.403636707163555622e+09 1.076527036904087797e+00 6.893001735613089487e+00 -8.839633783412472745e-01 -7.996405950203298030e-01 -1.888385030578171309e-01 1.014658843751165967e-01 5.609096298570661610e-01
1.403636707263555765e+09 1.021804259329844644e+00 6.973407408717975819e+00 -8.743067886910453890e-01 -8.006290910702330565e-01 -1.865992855525983041e-01 9.880876954728977368e-02 5.607232759783230547e-01
1.403636707363555670e+09 9.644439712249517349e-01 7.051256160740767776e+00 -8.571477973585150956e-01 -8.018374352345407630e-01 -1.855322596642812183e-01 9.561138469279627239e-02 5.599044304142319906e-01
1.403636707463555574e+09 9.029574271892188975e-01 7.128819941608282029e+00 -8.319279693982988277e-01 -8.029972108718700374e-01 -1.846471892441363671e-01 9.396324545582526722e-02 5.588128518025028413e-01
1.403636707563555717e+09 8.375024865360938264e-01 7.206573367185044710e+00 -7.986441894926845642e-01 -8.040190864828694606e-01 -1.823097566064917352e-01 9.560725397602827524e-02 5.578312596157523062e-01
1.403636707663555622e+09 7.706578441284914760e-01 7.284455688326263889e+00 -7.663409824851779018e-01 -8.071948169571652176e-01 -1.770974691880656815e-01 1.025400654064445027e-01 5.536772966910535887e-01
1.403636707763555765e+09 7.001955282068497155e-01 7.361528016511157624e+00 -7.463069399080870525e-01 -8.093051929098067365e-01 -1.731836514401254856e-01 1.087335089523664006e-01 5.506446691233749524e-01
1.403636707863555670e+09 6.315607966383138816e-01 7.443138717291957640e+00 -7.393047019343266246e-01 -8.082840332659517735e-01 -1.718849757009578427e-01 1.120296591729968427e-01 5.518893296315746655e-01
1.403636707963555574e+09 5.633775629744182112e-01 7.527240304763251011e+00 -7.424337949632260347e-01 -8.058834718367032801e-01 -1.730832596428431014e-01 1.137695785097912193e-01 5.546625082494166525e-01
1.403636708063555717e+09 4.958735824846360885e-01 7.612822563477542381e+00 -7.564255028794681923e-01 -8.031334144173988276e-01 -1.768482291674188245e-01 1.129081233066401430e-01 5.576317585808499011e-01
1.403636708163555622e+09 4.300942252663277898e-01 7.697792534074262782e+00 -7.766343230415657661e-01 -7.997393617495422991e-01 -1.810032409604217518e-01 1.118547211051914431e-01 5.613762565309813324e-01
1.403636708263555765e+09 3.634319017338851765e-01 7.783606479470740247e+00 -8.008539017910980551e-01 -7.981214432775229906e-01 -1.798558790479032332e-01 1.170843918428335628e-01 5.629789247736572966e-01
1.403636708363555670e+09 2.969839713959503413e-01 7.869478353497046719e+00 -8.266961289797387646e-01 -7.974289387293385101e-01 -1.716043011852332878e-01 1.306833804619733919e-01 5.635431709840513781e-01
1.403636708463555574e+09 2.362886944788273880e-01 7.954843772763989129e+00 -8.486612210957680258e-01 -7.968731832339889243e-01 -1.651259889431553329e-01 1.408752535487700075e-01 5.638090993906041959e-01
1.403636708563555717e+09 1.847390325985784898e-01 8.043975568860421532e+00 -8.646172148021813442e-01 -7.952359599527212275e-01 -1.643178438260056717e-01 1.425600378943663871e-01 5.659293682024311156e-01
1.403636708663555622e+09 1.376457067236964704e-01 8.130515793260091328e+00 -8.782315228456190059e-01 -7.930997682215414901e-01 -1.705326004208775892e-01 1.321689663266461812e-01 5.695987659579121454e-01
1.403636708763555765e+09 9.485898039438733775e-02 8.214737291546576614e+00 -8.947801610413710360e-01 -7.896628226862523192e-01 -1.783674966560471198e-01 1.179816959070826843e-01 5.750634591370972215e-01
1.403636708863555670e+09 5.675188064805247734e-02 8.297286991373592713e+00 -9.148993283405753019e-01 -7.871035490486144592e-01 -1.826564825539371828e-01 1.082022609945395980e-01 5.791345984931031143e-01
1.403636708963555574e+09 1.477199662460915164e-02 8.372552550356086698e+00 -9.336416499396154034e-01 -7.849734558646038751e-01 -1.818706942896228806e-01 1.025307390213439779e-01 5.832899550843717584e-01
1.403636709063555717e+09 -2.452159011638155306e-02 8.445210495943367590e+00 -9.473168221692536139e-01 -7.822532249371892954e-01 -1.798499702920848264e-01 9.959823558553577982e-02 5.880595817853417895e-01
1.403636709163555622e+09 -6.933365495030496817e-02 8.507348191460547326e+00 -9.527603585086785731e-01 -7.825748482675679574e-01 -1.774635659002519184e-01 9.659281415134321480e-02 5.888574682308818087e-01
1.403636709263555765e+09 -1.127127220596273460e-01 8.564182008806575652e+00 -9.512013395164402585e-01 -7.868757655269802420e-01 -1.765669010179570231e-01 9.332810003508301699e-02 5.839011259066774207e-01
1.403636709363555670e+09 -1.577885132030809601e-01 8.614724091433600961e+00 -9.432926269587615931e-01 -7.913314976016289082e-01 -1.761341449439191020e-01 9.215217781190729318e-02 5.781688334846150079e-01
1.403636709463555574e+09 -2.083692779191226307e-01 8.659139468268435280e+00 -9.413697783148331499e-01 -7.927213641548213063e-01 -1.768687977179372872e-01 8.996246978522486060e-02 5.763827037971150924e-01
1.403636709563555717e+09 -2.577442335387463146e-01 8.703513201223728402e+00 -9.458852369695067708e-01 -7.939436958888356211e-01 -1.781290878670860334e-01 8.875053085182525725e-02 5.744969791805132342e-01
1.403636709663555622e+09 -3.104999122658238520e-01 8.742987139247382800e+00 -9.585176119337288636e-01 -7.952667350934673474e-01 -1.790865402385914962e-01 8.822248825540973671e-02 5.724470488396040668e-01
1.403636709763555765e+09 -3.681401097029866065e-01 8.781630703873304356e+00 -9.711568994420261003e-01 -7.956999392401111759e-01 -1.803393483840270983e-01 8.932037381474311477e-02 5.712803138033925032e-01
1.403636709863555670e+09 -4.297951936566128950e-01 8.815595545970417390e+00 -9.831806489203873678e-01 -7.950216725489184233e-01 -1.814645769844743795e-01 9.062881241624289042e-02 5.716621081000451410e-01
1.403636709963555574e+09 -4.949662444387064042e-01 8.849989105227685116e+00 -9.914724616426686676e-01 -7.935722530192289570e-01 -1.832328167981819300e-01 9.096892779928986150e-02 5.730562522660724856e-01
1.403636710063555717e+09 -5.633233339798673356e-01 8.879539038187893141e+00 -9.885245915499962788e-01 -7.930189481604963397e-01 -1.843817549243189635e-01 9.272895900497545030e-02 5.731715768173627490e-01
1.403636710163555622e+09 -6.334302858010465442e-01 8.905989205562558908e+00 -9.877508502316458827e-01 -7.917778036030531652e-01 -1.864215603003271937e-01 9.400468447889041845e-02 5.740191903349054492e-01
1.403636710263555765e+09 -7.059685869714922291e-01 8.930281918526766560e+00 -9.971759941618973944e-01 -7.909038921881407225e-01 -1.877637909421224771e-01 9.748930304355460374e-02 5.742052141218980665e-01
1.403636710363555670e+09 -7.812093384526477280e-01 8.952194810974841488e+00 -1.013797254714375873e+00 -7.916092773084644207e-01 -1.824518165499704470e-01 1.123419986106533458e-01 5.722284177362655377e-01
1.403636710463555574e+09 -8.588584320344185841e-01 8.968662462125628565e+00 -1.034303553251938901e+00 -7.922709004693038182e-01 -1.817953244980592409e-01 1.283911322903671937e-01 5.681311445515035974e-01
1.403636710563555717e+09 -9.289691356405480605e-01 8.986224222933714145e+00 -1.061802623010947855e+00 -7.911598483749485711e-01 -1.867910290185474942e-01 1.432621843129972539e-01 5.644919417878249135e-01
1.403636710663555622e+09 -9.979258450625065890e-01 9.003572219999270487e+00 -1.093426539958249233e+00 -7.883071287765430757e-01 -1.960800902289725478e-01 1.539044249615957594e-01 5.625281298860717039e-01
1.403636710763555765e+09 -1.062327928464628535e+00 9.020610277142466771e+00 -1.123957411654991745e+00 -7.834533212294810811e-01 -2.106834465197527928e-01 1.617322401952676902e-01 5.618327698688233562e-01
1.403636710863555670e+09 -1.121168695133278881e+00 9.037461214743391480e+00 -1.155185936077758768e+00 -7.764089469148265366e-01 -2.325941702875622408e-01 1.639956496820205722e-01 5.623117693808503681e-01
1.403636710963555574e+09 -1.177349016594869013e+00 9.050101920885452955e+00 -1.178324405510052131e+00 -7.696355584854731591e-01 -2.535483027614939822e-01 1.666084651281648787e-01 5.617971027240674653e-01
1.403636711063555717e+09 -1.232013144886920486e+00 9.062122009094707664e+00 -1.194089112202628478e+00 -7.642878942372516304e-01 -2.708962203512410571e-01 1.672156789913066821e-01 5.608191947689339374e-01
1.403636711163555622e+09 -1.286245779645057929e+00 9.072948973500668757e+00 -1.200623477875172984e+00 -7.596066260797961212e-01 -2.820639259051794800e-01 1.680537801169087464e-01 5.614228729817156704e-01
1.403636711263555765e+09 -1.342992136244941292e+00 9.078853895232782634e+00 -1.205414877549135788e+00 -7.568351844438692133e-01 -2.874352814018248381e-01 1.698120892425145634e-01 5.619121968246999499e-01
1.403636711363555670e+09 -1.401353339714595414e+00 9.081728969510749039e+00 -1.208399648186864628e+00 -7.556527758898748948e-01 -2.864026508717217867e-01 1.761735663929260565e-01 5.620723070637566599e-01
1.403636711463555574e+09 -1.458656103196248388e+00 9.081548624888608146e+00 -1.204763191231756903e+00 -7.497759999703291767e-01 -2.812365583952255443e-01 1.845693459081931553e-01 5.698035667153404926e-01
1.403636711563555717e+09 -1.511794210982767339e+00 9.074656875446788007e+00 -1.197180115266107236e+00 -7.432167772438573738e-01 -2.782020122847835841e-01 1.868762796472339394e-01 5.790593393506059394e-01
1.403636711663555622e+09 -1.561529136006562624e+00 9.061320922932534216e+00 -1.190791186719193373e+00 -7.403780266533918075e-01 -2.775274175929270948e-01 1.841696120784330759e-01 5.838668205335100225e-01
1.403636711763555765e+09 -1.608102224618579434e+00 9.038972321456125059e+00 -1.184399126878267428e+00 -7.415615539900755060e-01 -2.773423652563695718e-01 1.802717097414188729e-01 5.836692425892704428e-01
1.403636711863555670e+09 -1.653841416784674223e+00 9.004999895101438057e+00 -1.172906103945674960e+00 -7.474014994452894411e-01 -2.737405040714854243e-01 1.819511360723220783e-01 5.773654987437446540e-01
1.403636711963555574e+09 -1.694950130067309324e+00 8.966959318883525043e+00 -1.159064269206063091e+00 -7.553444040740022736e-01 -2.678641869772738771e-01 1.878480075480832290e-01 5.678175187763313536e-01
1.403636712063555717e+09 -1.731863752170102799e+00 8.925819179288929206e+00 -1.141236306490329255e+00 -7.615817259058075273e-01 -2.611888363407472990e-01 1.955338498362949595e-01 5.599465868326147788e-01
1.403636712163555622e+09 -1.767339454943773092e+00 8.883379562475838043e+00 -1.119995097631576897e+00 -7.623667319193634384e-01 -2.582367608708927564e-01 1.995174632896804523e-01 5.588412325875299347e-01
1.403636712263555765e+09 -1.793123036053081876e+00 8.839576604866984155e+00 -1.093157279924718672e+00 -7.579388309296609672e-01 -2.695449610497125947e-01 1.954861681826450537e-01 5.609450958792258080e-01
1.403636712363555670e+09 -1.816921177400860898e+00 8.794357481437032220e+00 -1.063607365814527750e+00 -7.500725261829980228e-01 -2.860940615322012937e-01 1.942774193512802616e-01 5.637354678851344003e-01
1.403636712463555574e+09 -1.838419571914059247e+00 8.744232609739839290e+00 -1.026884099828823782e+00 -7.430399726793721626e-01 -2.995829162887586605e-01 1.966211108387720952e-01 5.652272233722361872e-01
1.403636712563555717e+09 -1.857406904378146706e+00 8.692314673334958997e+00 -9.889332637245742408e-01 -7.376056419448742130e-01 -3.095839316388305784e-01 2.023322427529692102e-01 5.649401470816950432e-01
1.403636712663555622e+09 -1.873646557299659676e+00 8.633922073230909433e+00 -9.516191714617383557e-01 -7.317782214924457573e-01 -3.139448265611517463e-01 2.127983198155513067e-01 5.662650929631100061e-01
1.403636712763555765e+09 -1.889017019901054972e+00 8.571140473877122190e+00 -9.196840825240519823e-01 -7.280000662943024725e-01 -3.167801050813744412e-01 2.214176044841768554e-01 5.662512807266870674e-01
1.403636712863555670e+09 -1.896089234778090216e+00 8.506991817305536330e+00 -8.965022816049850185e-01 -7.284296451631159242e-01 -3.203275784920351921e-01 2.247439152301659304e-01 5.623794689282156645e-01
1.403636712963555574e+09 -1.900673784566725644e+00 8.437777986354781490e+00 -8.799807816007390038e-01 -7.306777890789214469e-01 -3.237042473684528243e-01 2.238362712462898252e-01 5.578735093701079339e-01
1.403636713063555717e+09 -1.900649609989504718e+00 8.365608555709474814e+00 -8.629182966753785600e-01 -7.310716628925155725e-01 -3.252933962994132289e-01 2.231013548733364049e-01 5.567263380631874981e-01
1.403636713163555622e+09 -1.898429544610279684e+00 8.290428274968007827e+00 -8.431549083082188201e-01 -7.317928468407002285e-01 -3.252769888951463351e-01 2.263021725738355583e-01 5.544920526900743996e-01
1.403636713263555765e+09 -1.892392609480054944e+00 8.211707341003005922e+00 -8.134681089667690213e-01 -7.346305065665414968e-01 -3.256271730726284508e-01 2.266179111831470028e-01 5.503901210137247535e-01
1.403636713363555670e+09 -1.882103342144384683e+00 8.133457600756937467e+00 -7.780753298951641472e-01 -7.365604702403744097e-01 -3.264558653434147528e-01 2.251225787639935805e-01 5.479279753697656741e-01
1.403636713463555574e+09 -1.870366186216233295e+00 8.051018342840691844e+00 -7.380594277302594541e-01 -7.383124505474669697e-01 -3.241434741115254425e-01 2.272618626894924165e-01 5.460565715421864530e-01
1.403636713563555717e+09 -1.854546538608540907e+00 7.967837574796798883e+00 -6.902329233745312376e-01 -7.405655902248634570e-01 -3.213111578306588889e-01 2.298086828457083786e-01 5.436080533961409333e-01
1.403636713663555622e+09 -1.836635326487842335e+00 7.888260205768863109e+00 -6.486131066357412323e-01 -7.449033254798391734e-01 -3.176483818058909447e-01 2.324651164753248622e-01 5.386821983760827770e-01
1.403636713763555765e+09 -1.816300937567834950e+00 7.807715391028085428e+00 -6.117288122672956963e-01 -7.484173058705988479e-01 -3.134900882182855009e-01 2.349845739090951346e-01 5.351427387968997751e-01
1.403636713863555670e+09 -1.791763921943410054e+00 7.734955772977710531e+00 -5.816301311962412957e-01 -7.502681213876326582e-01 -3.113033494375820887e-01 2.352150124713666413e-01 5.337245249812959669e-01
1.403636713963555574e+09 -1.764348397075650610e+00 7.663277656085960565e+00 -5.593161136840028025e-01 -7.503556487654386986e-01 -3.123098694273285236e-01 2.304127382768721144e-01 5.351064528332993842e-01
1.403636714063555717e+09 -1.733541256587884050e+00 7.595362924039338104e+00 -5.423590848341930393e-01 -7.495901911208141533e-01 -3.143535178281774423e-01 2.237080580680980424e-01 5.378207098652034723e-01
1.403636714163555622e+09 -1.700057665250252370e+00 7.528963684091075415e+00 -5.290560239320802882e-01 -7.498769325383126683e-01 -3.139520507243183101e-01 2.201835875650082486e-01 5.391084154972246578e-01
1.403636714263555765e+09 -1.665427359579259914e+00 7.463547213403299629e+00 -5.170323729885681896e-01 -7.498918397986418238e-01 -3.104456128522471436e-01 2.217491288741043620e-01 5.404748596445319020e-01
1.403636714363555670e+09 -1.629114397489337840e+00 7.400862932087609813e+00 -5.105136280210720301e-01 -7.518207168256396677e-01 -3.074527801665745130e-01 2.226780468794182788e-01 5.391223285652274599e-01
1.403636714463555574e+09 -1.591312183776967260e+00 7.339973139215325126e+00 -5.119984513025763739e-01 -7.560527071246327946e-01 -3.096308163548844306e-01 2.196672211028795063e-01 5.331598011720881658e-01
1.403636714563555717e+09 -1.551760373382947478e+00 7.279366084769256950e+00 -5.191124672773148596e-01 -7.587424800249314982e-01 -3.158440170386823675e-01 2.210804020028916128e-01 5.250484375338383414e-01
1.403636714663555622e+09 -1.513867629565274875e+00 7.221844164465045957e+00 -5.239870810689390979e-01 -7.572873569972072838e-01 -3.278928119360275950e-01 2.250251948340975527e-01 5.180403695685747989e-01
1.403636714763555765e+09 -1.476581885325460419e+00 7.170785067789823053e+00 -5.282223741653095939e-01 -7.516703418493140276e-01 -3.444784017630180273e-01 2.325068962396995009e-01 5.121199772552460505e-01
1.403636714863555670e+09 -1.443798407273259699e+00 7.120490223759245119e+00 -5.206451230575133149e-01 -7.409317880160519731e-01 -3.661272158522796971e-01 2.400442828908903870e-01 5.092638702784563209e-01
1.403636714963555574e+09 -1.406782171846090890e+00 7.075272600092911368e+00 -5.043597398372292595e-01 -7.303773343666891682e-01 -3.879679439050134349e-01 2.504555267155216813e-01 5.032910222556891133e-01
1.403636715063555717e+09 -1.378663979323608402e+00 7.033034661645630514e+00 -4.823907997653122948e-01 -7.211885301106659707e-01 -4.060050798249913440e-01 2.593519485810075742e-01 4.977786113930106060e-01
1.403636715163555622e+09 -1.353629664954357104e+00 6.994581278780539257e+00 -4.574216388219423113e-01 -7.143455906051264792e-01 -4.195346189326494279e-01 2.654072376485164253e-01 4.932140295083195514e-01
1.403636715263555765e+09 -1.335206156902252417e+00 6.959525422567454989e+00 -4.287055169349884842e-01 -7.093449997747395264e-01 -4.272098247941052973e-01 2.707935522198902656e-01 4.909096545904329534e-01
1.403636715363555670e+09 -1.319305724993927953e+00 6.926943801841672688e+00 -4.066197877030366392e-01 -7.055234982515706799e-01 -4.294704427024639282e-01 2.774619253291386589e-01 4.907205031914428917e-01
1.403636715463555574e+09 -1.307958730349495724e+00 6.896232254617618018e+00 -3.897685743051177987e-01 -7.033047406038650529e-01 -4.256068108379488235e-01 2.873717138934374082e-01 4.915676784191861382e-01
1.403636715563555717e+09 -1.296935997904477667e+00 6.868770410153461903e+00 -3.795144507907444176e-01 -7.047031784343286143e-01 -4.174465073382124247e-01 3.006201211770014314e-01 4.886301122108701045e-01
1.403636715663555622e+09 -1.286591804628746338e+00 6.843779807845252527e+00 -3.803885196572407423e-01 -7.033934403304323846e-01 -4.140550874234603107e-01 3.042154936482306393e-01 4.911710354888943475e-01
1.403636715763555765e+09 -1.270448849713401884e+00 6.825577516316610804e+00 -3.824405020234316055e-01 -6.952489259609893058e-01 -4.141328330732811924e-01 3.015430813254154629e-01 5.041772482228482621e-01
1.403636715863555670e+09 -1.252671243977663273e+00 6.810428051604307420e+00 -3.852084012684970915e-01 -6.891005802060686802e-01 -4.133052624916481177e-01 2.993564609074796934e-01 5.144947615567312393e-01
1.403636715963555574e+09 -1.230023342853456825e+00 6.793804877957865251e+00 -3.786333048453041084e-01 -6.851205933167544559e-01 -4.119769083773083818e-01 2.974658217676202088e-01 5.219184653346606861e-01
1.403636716063555717e+09 -1.202586031377074427e+00 6.775241418714155195e+00 -3.717863114513995093e-01 -6.853814201516158500e-01 -4.101611290987415837e-01 2.963363587798920618e-01 5.236457958892392073e-01
1.403636716163555622e+09 -1.170677585182788860e+00 6.751681491216751319e+00 -3.580011656879460435e-01 -6.909019476750987154e-01 -4.084340879104769728e-01 2.947976803449380290e-01 5.185850192540615300e-01
1.403636716263555765e+09 -1.135356225014056974e+00 6.727176321926276792e+00 -3.434964065028938141e-01 -6.984981737008881808e-01 -4.080067806429094057e-01 2.901823788940480209e-01 5.112973256974107095e-01
1.403636716363555670e+09 -1.096579921176342509e+00 6.704767044723550562e+00 -3.324458243262473633e-01 -7.034486731767218837e-01 -4.071365598753579063e-01 2.863933698603975953e-01 5.073249683573378688e-01
1.403636716463555574e+09 -1.056249636090935695e+00 6.681320568813485572e+00 -3.271518639296342457e-01 -7.052587839228136035e-01 -4.057580531673035118e-01 2.840161402582866423e-01 5.072526806852567516e-01
1.403636716563555717e+09 -1.015867497509643336e+00 6.659693924464481718e+00 -3.276921646322439319e-01 -7.045529347895855832e-01 -4.057403956889180652e-01 2.822152493701386433e-01 5.092489041800016825e-01
1.403636716663555622e+09 -9.761890977926386270e-01 6.636188201989059898e+00 -3.362018343914610075e-01 -7.016743845073705188e-01 -4.098169033785876714e-01 2.835249792609745301e-01 5.092315288416968677e-01
1.403636716763555765e+09 -9.349982374437200150e-01 6.610958956048993862e+00 -3.485491845703938552e-01 -6.971048472630496651e-01 -4.169161791781222925e-01 2.887585285014588332e-01 5.067980304613936005e-01
1.403636716863555670e+09 -8.897796539035489616e-01 6.584938035083754748e+00 -3.617917704247028965e-01 -6.910189289672243884e-01 -4.274393209653294390e-01 2.971460887830363329e-01 5.014904471898067317e-01
1.403636716963555574e+09 -8.465137721013142880e-01 6.560436290619455768e+00 -3.732030607275900191e-01 -6.823831675447254996e-01 -4.426866350026025243e-01 3.068445440712808114e-01 4.941944775241702281e-01
1.403636717063555717e+09 -8.016665725446578961e-01 6.533224505061043352e+00 -3.748944126960684908e-01 -6.716582376864931314e-01 -4.595603716639263814e-01 3.175052693245626334e-01 4.866927988938457572e-01
1.403636717163555622e+09 -7.560964402835974596e-01 6.507330271548011247e+00 -3.710773066079815496e-01 -6.612385624096066561e-01 -4.748634801716025144e-01 3.260797625266996236e-01 4.805624072400193625e-01
1.403636717263555765e+09 -7.117814978110077462e-01 6.481586377766430651e+00 -3.647208207653542811e-01 -6.524738414102313477e-01 -4.872729851059486306e-01 3.300484037091466760e-01 4.774002256706191272e-01
1.403636717363555670e+09 -6.648182793322732209e-01 6.457465852792679151e+00 -3.595321139397311683e-01 -6.431322648325622504e-01 -4.992812343704735589e-01 3.270828449650911018e-01 4.797040248594729439e-01
1.403636717463555574e+09 -6.204465271988288677e-01 6.429111088237521976e+00 -3.491524218027939330e-01 -6.363724346538813803e-01 -5.073246967083151482e-01 3.242165884740876858e-01 4.822192242960990360e-01
1.403636717563555717e+09 -5.766062441487740386e-01 6.396464861439365102e+00 -3.439819394486451909e-01 -6.352838851557259803e-01 -5.086961907633971158e-01 3.266537678987060378e-01 4.805620528941440539e-01
1.403636717663555622e+09 -5.339037445075849320e-01 6.360887969345017545e+00 -3.477698339228465496e-01 -6.367075160384720878e-01 -5.067686412920093808e-01 3.310286752890773676e-01 4.777123604843481752e-01
1.403636717763555765e+09 -4.940988467457954059e-01 6.321967087136740382e+00 -3.600295239418467297e-01 -6.357873670975950908e-01 -5.077251196175092129e-01 3.305295953915015073e-01 4.782675122970662662e-01
1.403636717863555670e+09 -4.548923100537232145e-01 6.280099655705419615e+00 -3.707752776354356072e-01 -6.322323136677732158e-01 -5.133988235424377100e-01 3.307250740676859202e-01 4.767859844022879212e-01
1.403636717963555574e+09 -4.151223514136503923e-01 6.230014306803771440e+00 -3.760146681839997562e-01 -6.251811565623285327e-01 -5.222642121650784564e-01 3.337995305610727548e-01 4.743063225049672371e-01
1.403636718063555717e+09 -3.769083225885605515e-01 6.172806261101070113e+00 -3.744912104703936873e-01 -6.169004419737781353e-01 -5.325771348427219554e-01 3.414583522706718388e-01 4.681897412373239864e-01
1.403636718163555622e+09 -3.390169941457195080e-01 6.109533565205786942e+00 -3.670691858294412580e-01 -6.096948194133606780e-01 -5.416360209867833175e-01 3.552977763995290306e-01 4.567998883927884557e-01
1.403636718263555765e+09 -3.023427701072920470e-01 6.044723322813136512e+00 -3.658229659900646968e-01 -6.035794767656604831e-01 -5.494624808649475334e-01 3.667906475232848296e-01 4.463713904793607523e-01
1.403636718363555670e+09 -2.659832747392432140e-01 5.978831032834436954e+00 -3.701780273516142028e-01 -5.981450656688974687e-01 -5.565097398560202580e-01 3.761922167152649821e-01 4.370341015804031781e-01
1.403636718463555574e+09 -2.297039234499163030e-01 5.910675766290763633e+00 -3.828378698738259533e-01 -5.922625919325545940e-01 -5.639516697662985134e-01 3.861944609567077857e-01 4.266583817194903316e-01
1.403636718563555717e+09 -1.959547371264260818e-01 5.844239572427065710e+00 -4.006409435008106978e-01 -5.854869760518256472e-01 -5.709977261714225261e-01 3.963148272731094046e-01 4.172543052674701491e-01
1.403636718663555622e+09 -1.628392337064719086e-01 5.779853880837316993e+00 -4.233137832322324545e-01 -5.826403160354807209e-01 -5.746647839277679859e-01 4.066271134811095256e-01 4.061342620677892978e-01
1.403636718763555765e+09 -1.305416581627341088e-01 5.718599669663307239e+00 -4.488201993019294012e-01 -5.795154115447912480e-01 -5.784162878942848973e-01 4.133939501353324775e-01 3.983741051727296978e-01
1.403636718863555670e+09 -9.953685781478061045e-02 5.663215918827013695e+00 -4.782120015802573398e-01 -5.719654893281351793e-01 -5.861794398157812447e-01 4.108627075791845273e-01 4.005508443076681857e-01
1.403636718963555574e+09 -6.965041728814647115e-02 5.611901924475241721e+00 -5.008722573472585982e-01 -5.645177716010468805e-01 -5.920196149465102309e-01 4.077181328754252987e-01 4.057072653894073233e-01
1.403636719063555717e+09 -4.096100544449221559e-02 5.561728231517443000e+00 -5.161431294813676462e-01 -5.597157403274728438e-01 -5.943681978915174025e-01 4.073115674548296039e-01 4.093189738850967485e-01
1.403636719163555622e+09 -1.441766179005199433e-02 5.511281942973313086e+00 -5.210423293995953831e-01 -5.561139573622237986e-01 -5.930193091300046682e-01 4.101544953913521807e-01 4.133263303204428030e-01
1.403636719263555765e+09 1.295946294041616653e-02 5.461933632610247891e+00 -5.245847311570455140e-01 -5.539324149745978865e-01 -5.895688740598894473e-01 4.143356865179227411e-01 4.170052292932138749e-01
1.403636719363555670e+09 4.394666400704494436e-02 5.413966371250284126e+00 -5.314748737911505483e-01 -5.538727609070954738e-01 -5.853827462940592863e-01 4.189453807921438289e-01 4.183739630752631999e-01
1.403636719463555574e+09 7.709312454419592342e-02 5.362904846897134092e+00 -5.453163991664884414e-01 -5.549638592395995662e-01 -5.824402888395422417e-01 4.210005297904639288e-01 4.189713340916641493e-01
1.403636719563555717e+09 1.136211034952543386e-01 5.315711779052983310e+00 -5.643183484040905640e-01 -5.578941968287723929e-01 -5.818350823736091471e-01 4.196319046662254082e-01 4.172901468406243208e-01
1.403636719663555622e+09 1.536728833435034858e-01 5.268978997587281832e+00 -5.799211045712222568e-01 -5.626553446076579812e-01 -5.824854204529412716e-01 4.159382858337929978e-01 4.136726248156192276e-01
1.403636719763555765e+09 1.935767372496020045e-01 5.225489559175409582e+00 -5.902410422950314928e-01 -5.673159961194349510e-01 -5.828162458714267746e-01 4.116291890580083268e-01 4.111437641638214235e-01
1.403636719863555670e+09 2.356302031252281992e-01 5.184621322423164536e+00 -5.900609678918977696e-01 -5.706833271296295473e-01 -5.817681373241047060e-01 4.092695834341991135e-01 4.103227785613353662e-01
1.403636719963555574e+09 2.761638637479251202e-01 5.143861690129958752e+00 -5.874779239797220942e-01 -5.737264790031503248e-01 -5.807013754166980846e-01 4.073168143518809403e-01 4.095324805507347676e-01
1.403636720063555717e+09 3.163768772521873274e-01 5.105179592525781906e+00 -5.884889864881799326e-01 -5.751886378641209996e-01 -5.800093701720658856e-01 4.058466306899437548e-01 4.099215458380309207e-01
1.403636720163555622e+09 3.555937438787504234e-01 5.070132564825263088e+00 -5.962437080023130775e-01 -5.761065582895859016e-01 -5.802809105290921421e-01 4.043410971554454725e-01 4.097359827039673275e-01
1.403636720263555765e+09 3.943195760739630629e-01 5.035544303176780367e+00 -6.078534740300336470e-01 -5.764807001591049085e-01 -5.798173117637266394e-01 4.049986300011959028e-01 4.092163205693389871e-01
1.403636720363555670e+09 4.324293844199393888e-01 5.004029130794097391e+00 -6.222832874869517195e-01 -5.763806824615237412e-01 -5.798092061962674126e-01 4.056193910350959775e-01 4.087535968178876988e-01
1.403636720463555574e+09 4.677981706519434013e-01 4.973736338004365543e+00 -6.408075823649508340e-01 -5.763699152649015556e-01 -5.801356053526592893e-01 4.066526408478769450e-01 4.072763556494309878e-01
1.403636720563555717e+09 5.008516164498422185e-01 4.945841066232527616e+00 -6.545586183216012266e-01 -5.764211956558696892e-01 -5.805487885113413959e-01 4.076275354601891499e-01 4.056371552155005888e-01
1.403636720663555622e+09 5.354208584862201192e-01 4.920752779250297415e+00 -6.603486569473520085e-01 -5.756943018954512326e-01 -5.818458887107583744e-01 4.076754244801372162e-01 4.047618816420791021e-01
1.403636720763555765e+09 5.678472454825618243e-01 4.897690301324953310e+00 -6.579309416203493743e-01 -5.764254385985221329e-01 -5.803432220596195235e-01 4.078033927478773024e-01 4.057485073407928189e-01
1.403636720863555670e+09 5.970616824362631192e-01 4.879209025458251858e+00 -6.526113519747782643e-01 -5.806135518339271551e-01 -5.767263562408616595e-01 4.030878895014080032e-01 4.096275952389320518e-01
1.403636720963555574e+09 6.257714988953870794e-01 4.863586828493869696e+00 -6.520108999766307534e-01 -5.876628151340338446e-01 -5.686850812137429489e-01 3.981243378826212487e-01 4.156280857920760519e-01
1.403636721063555717e+09 6.527551981728070274e-01 4.849345846798630788e+00 -6.563520990307136760e-01 -5.947082607490756789e-01 -5.585733227372104981e-01 3.956586440963140716e-01 4.216303654565072279e-01
1.403636721163555622e+09 6.789021739856617721e-01 4.838241827912055371e+00 -6.664355713601890496e-01 -6.028473366411722933e-01 -5.469384046581120540e-01 3.905659286364844829e-01 4.299903785005019796e-01
1.403636721263555765e+09 7.048839953907166667e-01 4.830659638339936279e+00 -6.741893921132484646e-01 -6.107063640787486758e-01 -5.347405706498638001e-01 3.863329541280895452e-01 4.379921318122468876e-01
1.403636721363555670e+09 7.339892775301612993e-01 4.823960742203407648e+00 -6.779713699992238052e-01 -6.174372820966853581e-01 -5.266416499211601376e-01 3.802320801243156412e-01 4.436703060716507552e-01
1.403636721463555574e+09 7.621298951238286712e-01 4.816708006259035280e+00 -6.755260916602798815e-01 -6.217976585917149857e-01 -5.208792472859733458e-01 3.753637640627695560e-01 4.485025375015043170e-01
1.403636721563555717e+09 7.929185760586228149e-01 4.812970041075667282e+00 -6.700311746228728715e-01 -6.273794967460961658e-01 -5.156662850413777921e-01 3.681203796091764291e-01 4.527368282464275251e-01
1.403636721663555622e+09 8.242746387047805712e-01 4.808351913402404421e+00 -6.698429058431611960e-01 -6.328080824928893344e-01 -5.109861864098184103e-01 3.602317713826308498e-01 4.568151912059790765e-01
1.403636721763555765e+09 8.577029326248477581e-01 4.805896484891454712e+00 -6.738733508636460812e-01 -6.348832314545614919e-01 -5.082509373514663142e-01 3.550371054487670985e-01 4.610346200164696651e-01
1.403636721863555670e+09 8.910003263648773597e-01 4.801931306344853212e+00 -6.832167315664308127e-01 -6.362706183895132650e-01 -5.056407981978526811e-01 3.540868597455076316e-01 4.627197630614347523e-01
1.403636721963555574e+09 9.250677033799550308e-01 4.797612204572005545e+00 -6.964440535171461111e-01 -6.352414324283260916e-01 -5.065305861704090251e-01 3.517039043665758924e-01 4.649725276331668766e-01
1.403636722063555717e+09 9.589452173222143827e-01 4.792107954838256134e+00 -7.083172611836114907e-01 -6.323274280518790258e-01 -5.098841444665243028e-01 3.475756261393407875e-01 4.683709716333643303e-01
1.403636722163555622e+09 9.949478417178450051e-01 4.784980188039505755e+00 -7.098336545793424435e-01 -6.321337387640748595e-01 -5.108551171452866413e-01 3.486818098732294424e-01 4.667493771459762519e-01
1.403636722263555765e+09 1.028897680342220067e+00 4.774568501988690983e+00 -7.050622847819094652e-01 -6.327488490019790301e-01 -5.110537711930409621e-01 3.508754130609078592e-01 4.640467450003062377e-01
1.403636722363555670e+09 1.065213147346396383e+00 4.763038637172046563e+00 -6.978711026129282846e-01 -6.332649483536588741e-01 -5.106484709676671896e-01 3.531021552395727237e-01 4.620957825496680438e-01
1.403636722463555574e+09 1.101986630161104319e+00 4.752726269899078204e+00 -6.981249016608461755e-01 -6.348554822542730181e-01 -5.083964948426876740e-01 3.512883063540091499e-01 4.637758580416785348e-01
1.403636722563555717e+09 1.135844270128569367e+00 4.741142760290546931e+00 -7.027013291304355924e-01 -6.375467135760403137e-01 -5.050414761176466039e-01 3.493041860866520354e-01 4.652460434991795291e-01
1.403636722663555622e+09 1.169894129924056614e+00 4.729253540383467680e+00 -7.123988053789904740e-01 -6.387650194449018271e-01 -5.039579165417300555e-01 3.459438183545741063e-01 4.672563994540157584e-01
1.403636722763555765e+09 1.203813573804641379e+00 4.716716455652576023e+00 -7.239811384989620624e-01 -6.392306405095971034e-01 -5.031420880784766014e-01 3.434679137804012017e-01 4.693208067421042462e-01
1.403636722863555670e+09 1.237405854082154644e+00 4.702557515066002836e+00 -7.306021747916249254e-01 -6.394427112437808258e-01 -5.034782425555667240e-01 3.410663382872139437e-01 4.704215462728214003e-01
1.403636722963555574e+09 1.272381347104033278e+00 4.686273498054159603e+00 -7.278485429973502452e-01 -6.408004462268193091e-01 -5.025082589213283324e-01 3.418832986064772594e-01 4.690160423325827610e-01
1.403636723063555717e+09 1.305524046144562078e+00 4.670165953518912616e+00 -7.160861253536359161e-01 -6.418614496983193751e-01 -5.001143481263791157e-01 3.456319891829497948e-01 4.673735617712407309e-01
1.403636723163555622e+09 1.339721962978892567e+00 4.651429690566728503e+00 -7.026908670469949048e-01 -6.422128714627015622e-01 -4.993976873897336688e-01 3.464858904035259535e-01 4.670247373626936760e-01
1.403636723263555765e+09 1.371616549835773302e+00 4.632475829647243692e+00 -6.941896522550465853e-01 -6.426267591267125212e-01 -4.997281863888026754e-01 3.453029833491251255e-01 4.669779843558475307e-01
1.403636723363555670e+09 1.403600390253758157e+00 4.614811017933983628e+00 -6.934190015141945551e-01 -6.423114527025858278e-01 -4.997532730254553579e-01 3.421009447770486100e-01 4.697335493767604842e-01
1.403636723463555574e+09 1.435692699818691409e+00 4.596338696976506100e+00 -6.937967534230569111e-01 -6.433220969016395507e-01 -4.956976846420924065e-01 3.361203817094968738e-01 4.769104466018843635e-01
1.403636723563555717e+09 1.466813020401629863e+00 4.576253886187593878e+00 -6.937198941761388848e-01 -6.449957018653755814e-01 -4.832164358136069593e-01 3.372733890982878568e-01 4.865481289049832236e-01
1.403636723663555622e+09 1.498533368828343981e+00 4.556168623794365047e+00 -6.896591101653379852e-01 -6.474192642922778074e-01 -4.722424272428143999e-01 3.387587387293256036e-01 4.930293125865614079e-01
1.403636723763555765e+09 1.537358592372773725e+00 4.532706316285478820e+00 -6.789249793700162794e-01 -6.552853978423431869e-01 -4.695706226594444921e-01 3.313508113475350236e-01 4.902153787154727715e-01
1.403636723863555670e+09 1.575511192053767662e+00 4.507201734357300538e+00 -6.688759035790825536e-01 -6.632219077169291266e-01 -4.671486675834445323e-01 3.260588761019099779e-01 4.853807091495183634e-01
1.403636723963555574e+09 1.615311180417136061e+00 4.480688083625491203e+00 -6.630008709041013137e-01 -6.701011829762031358e-01 -4.654697241583838352e-01 3.214010189394409522e-01 4.806284692883893706e-01
1.403636724063555717e+09 1.654195728963965273e+00 4.455995705627007197e+00 -6.660056106265321851e-01 -6.772770563080601214e-01 -4.628071467251011484e-01 3.139414359698050050e-01 4.780649628660068595e-01
1.403636724163555622e+09 1.692459481174086289e+00 4.433419960989248843e+00 -6.720950765325843790e-01 -6.846452214910749845e-01 -4.558093845474802119e-01 3.049364488476666857e-01 4.801171605057032443e-01
1.403636724263555765e+09 1.725780834671964303e+00 4.412504991294496470e+00 -6.835094736253108927e-01 -6.928908980864862954e-01 -4.442791608772214129e-01 2.962729952135118028e-01 4.845003022355599542e-01
1.403636724363555670e+09 1.755997998334046795e+00 4.393917951355970963e+00 -6.972374106268095506e-01 -6.990651186444524212e-01 -4.305218143447471224e-01 2.871061254401987006e-01 4.934865753013367717e-01
1.403636724463555574e+09 1.784070905125725304e+00 4.376055385944575882e+00 -7.058929747715689818e-01 -7.040257126206610483e-01 -4.164717221434566241e-01 2.798815141906319526e-01 5.025588907164940666e-01
1.403636724563555717e+09 1.812916384881040344e+00 4.360401511936666807e+00 -7.054112622235872987e-01 -7.062287692286456364e-01 -4.064544063092172532e-01 2.748509323930741766e-01 5.103848607357704958e-01
1.403636724663555622e+09 1.837629244798158812e+00 4.340980814009503419e+00 -6.977417437652844168e-01 -7.088705632619001218e-01 -4.001698596296509036e-01 2.704643606582738946e-01 5.140191023672692205e-01
1.403636724763555765e+09 1.861225845173947402e+00 4.318510666151164301e+00 -6.816253925340594044e-01 -7.112942566979919556e-01 -3.965038288691379309e-01 2.677574456942167225e-01 5.149282904986606235e-01
1.403636724863555670e+09 1.882751639603465588e+00 4.295760614231181940e+00 -6.602485195252765227e-01 -7.133423088852173244e-01 -3.950828365925576069e-01 2.668380227210790934e-01 5.136630921280894713e-01
1.403636724963555574e+09 1.904371325389378367e+00 4.272071259294701662e+00 -6.283229902207851936e-01 -7.153151748004117350e-01 -3.938817690990900067e-01 2.695814873832307335e-01 5.103990344151060343e-01
1.403636725063555717e+09 1.927152755988680966e+00 4.249114655692784126e+00 -5.875709488947666870e-01 -7.163281973736734809e-01 -3.922834043568959039e-01 2.743290554662893843e-01 5.076723487058568685e-01
1.403636725163555622e+09 1.948624957460062479e+00 4.227209154309917949e+00 -5.426840556143037730e-01 -7.175841077745510610e-01 -3.919404361386146229e-01 2.772135030946720757e-01 5.045873725043602542e-01
1.403636725263555765e+09 1.969785830446004304e+00 4.207051968695554756e+00 -5.009400811602797710e-01 -7.171406081889858397e-01 -3.930991102948884208e-01 2.775473322092721351e-01 5.041328356249118459e-01
1.403636725363555670e+09 1.991225458352145594e+00 4.190127016709086938e+00 -4.611304316683659810e-01 -7.163432230327150263e-01 -3.954540840168981886e-01 2.750037389527069664e-01 5.048181829247923025e-01
1.403636725463555574e+09 2.011206312586719225e+00 4.175879981530311369e+00 -4.312454369490394956e-01 -7.151350049784228613e-01 -3.967911618829114140e-01 2.735594447170848209e-01 5.062646824658032507e-01
1.403636725563555717e+09 2.030091258584908243e+00 4.161436690703759211e+00 -4.065862548584096015e-01 -7.146936353353000593e-01 -3.981896196689183043e-01 2.712782431234989078e-01 5.070169121508307786e-01
1.403636725663555622e+09 2.047212497593199121e+00 4.147235773220670829e+00 -3.862953792887644511e-01 -7.133567333614166950e-01 -3.983085916854360864e-01 2.706677609690611441e-01 5.091280781193354699e-01
1.403636725763555765e+09 2.061918431024931664e+00 4.135906898623167294e+00 -3.764202892645347465e-01 -7.135857972827914786e-01 -3.977614024331374010e-01 2.710449588638237373e-01 5.090341903302907367e-01
1.403636725863555670e+09 2.076302435569969962e+00 4.123007064539828903e+00 -3.692656794687281252e-01 -7.142064806658108278e-01 -3.982086310224109971e-01 2.710927376816003043e-01 5.077870781444807635e-01
1.403636725963555574e+09 2.090141790908370378e+00 4.110425322727101261e+00 -3.673176750740489993e-01 -7.149252445154191671e-01 -3.976011846541688266e-01 2.732598205200301722e-01 5.060872090910127907e-01
1.403636726063555717e+09 2.099720210371671225e+00 4.097651087251058755e+00 -3.702157185561527619e-01 -7.139375881939810098e-01 -3.979130579161648251e-01 2.740544263747610731e-01 5.068061659924522067e-01
1.403636726163555622e+09 2.114306529966100801e+00 4.088727234992726167e+00 -3.773550280088238118e-01 -7.117031405774653097e-01 -3.990353111014127707e-01 2.741948465984825889e-01 5.089858998884014829e-01
1.403636726263555765e+09 2.126031148319951658e+00 4.077098842763906106e+00 -3.879949960461941405e-01 -7.102521636290218821e-01 -4.002753076876793825e-01 2.742204947538373627e-01 5.100241782237263655e-01
1.403636726363555670e+09 2.139236476293344236e+00 4.068330991587675527e+00 -3.941733819045760701e-01 -7.087206678700012086e-01 -4.011558743066929722e-01 2.751769186313913207e-01 5.109468102412079160e-01
1.403636726463555574e+09 2.149126513871602917e+00 4.058223718944725888e+00 -3.957545885919280249e-01 -7.074379955191523184e-01 -4.017038142470241713e-01 2.770756202959288039e-01 5.112676684016527195e-01
1.403636726563555717e+09 2.163623694334870340e+00 4.046227699235418918e+00 -3.843093066280274250e-01 -7.089094509069359118e-01 -3.975479198835667471e-01 2.853713544008071867e-01 5.079037624378509586e-01
1.403636726663555622e+09 2.176751660216184270e+00 4.034135734177855426e+00 -3.667646443361323172e-01 -7.118248705036794854e-01 -3.890125561709694146e-01 2.991335868368914519e-01 5.024874944711003044e-01
1.403636726763555765e+09 2.195222235621562490e+00 4.027834930409043501e+00 -3.435542587717139718e-01 -7.103833922675878432e-01 -3.904510980454921620e-01 2.977993523559417932e-01 5.042012710831316191e-01
1.403636726863555670e+09 2.215210643273762603e+00 4.024439111463567365e+00 -3.166023181506123496e-01 -7.053583249159253166e-01 -3.979086119713550751e-01 2.910940394460733716e-01 5.093158452176774764e-01
1.403636726963555574e+09 2.237181320726254530e+00 4.022405478256884770e+00 -2.836556747433849335e-01 -7.013972190593810163e-01 -4.047096932427786120e-01 2.878067880869306649e-01 5.112917543068604687e-01
1.403636727063555717e+09 2.263136377463708993e+00 4.019705050513154632e+00 -2.424045461389330303e-01 -6.988337583574530942e-01 -4.084044814277285607e-01 2.868970630978566749e-01 5.123741142130125992e-01
1.403636727163555622e+09 2.286211673960884649e+00 4.017439413770309109e+00 -2.064466096769739245e-01 -6.969636002424698384e-01 -4.128714808660350899e-01 2.838205218274352792e-01 5.130543749098572803e-01
1.403636727263555765e+09 2.314159846497776396e+00 4.013927774152658223e+00 -1.759155659708142583e-01 -6.952332043005410300e-01 -4.168582745983899773e-01 2.801625550257577646e-01 5.141876246063245004e-01
1.403636727363555670e+09 2.340585260179970817e+00 4.005192653849123374e+00 -1.515123016177664095e-01 -6.948622876998252762e-01 -4.198416161866579399e-01 2.765302539665147052e-01 5.142280010769104681e-01
1.403636727463555574e+09 2.363644776551184101e+00 3.992605670258371653e+00 -1.333745596760513852e-01 -6.940358195072443559e-01 -4.209996958642996390e-01 2.749622353053929880e-01 5.152371361605611044e-01
1.403636727563555717e+09 2.388455522768952566e+00 3.978873120157344623e+00 -1.080852717969233989e-01 -6.945253156859013677e-01 -4.173196749756528101e-01 2.803869455170150959e-01 5.146474866675757598e-01
1.403636727663555622e+09 2.410269057185282726e+00 3.961000860540231372e+00 -8.145840427557682339e-02 -6.947273062208435546e-01 -4.150679660833306306e-01 2.836014890344755734e-01 5.144343971197941068e-01
1.403636727763555765e+09 2.435106380633515144e+00 3.942252847700793872e+00 -4.538415162491449273e-02 -6.954606049992116956e-01 -4.164352944691462888e-01 2.816355718203804592e-01 5.134175660219787440e-01
1.403636727863555670e+09 2.458580007993077299e+00 3.921483606008160372e+00 -6.058294954558118839e-03 -6.939742948414671098e-01 -4.200611266518702314e-01 2.761905138004855376e-01 5.154290718051067755e-01
1.403636727963555574e+09 2.480716336668557176e+00 3.894554502537818763e+00 3.415976978673784803e-02 -6.920938669819398648e-01 -4.227895511330435063e-01 2.716915327213811904e-01 5.181107852440550721e-01
1.403636728063555717e+09 2.501959646216377120e+00 3.866103245196176985e+00 7.015993860881764022e-02 -6.935867965996679319e-01 -4.212788335477213320e-01 2.735389155387386584e-01 5.163699852558952808e-01
1.403636728163555622e+09 2.521868523686037644e+00 3.835047039380810929e+00 9.859410748706021188e-02 -6.943425937608581622e-01 -4.174368666673800021e-01 2.783605690920745723e-01 5.158974882775649862e-01
1.403636728263555765e+09 2.543321304504799762e+00 3.800556715500914784e+00 1.211661487462938336e-01 -6.946189116852576895e-01 -4.152444076229885317e-01 2.812510675962580642e-01 5.157271434033564583e-01
1.403636728363555670e+09 2.563902236941438151e+00 3.764560901937479720e+00 1.367389962497004285e-01 -6.955502715617196685e-01 -4.145502196374742931e-01 2.817781027182469922e-01 5.147417177162197932e-01
1.403636728463555574e+09 2.583837772830421375e+00 3.725545856569983272e+00 1.480232557050353837e-01 -6.991022607938703892e-01 -4.093116659075946018e-01 2.891128997114441601e-01 5.100330580710327188e-01
1.403636728563555717e+09 2.603633065018938098e+00 3.685970867033403486e+00 1.516978499175242190e-01 -7.029190006733055940e-01 -4.042891225327672755e-01 2.967328718802532128e-01 5.043855535597978612e-01
1.403636728663555622e+09 2.625955319540050681e+00 3.649732397569741771e+00 1.513995624220076941e-01 -7.005066298157929250e-01 -4.086490038953346504e-01 2.979466064901678535e-01 5.035119391637739028e-01
1.403636728763555765e+09 2.652851384530740653e+00 3.612111225243216595e+00 1.536856013269408683e-01 -6.925903445615863019e-01 -4.213372525779367495e-01 2.968363010146035652e-01 5.046600287422284836e-01
1.403636728863555670e+09 2.679285934394989965e+00 3.573959524339525018e+00 1.634580092279359631e-01 -6.836603351356840275e-01 -4.356842309180950501e-01 2.988942807102305532e-01 5.034381849345413995e-01
1.403636728963555574e+09 2.706363954829275276e+00 3.541995768149683421e+00 1.726108849134282419e-01 -6.754124286735988525e-01 -4.454921460143811407e-01 3.044194860443845130e-01 5.026764123660515393e-01
1.403636729063555717e+09 2.734930097873049082e+00 3.503981556905971573e+00 1.825997939646086810e-01 -6.686315190925835594e-01 -4.524517282013191810e-01 3.096782373318439641e-01 5.023133629982636794e-01
1.403636729163555622e+09 2.766626425888294882e+00 3.464643050587951301e+00 1.885266114645436364e-01 -6.647101071253692650e-01 -4.575270520560120735e-01 3.132577570738332984e-01 5.006985597696350654e-01
1.403636729263555765e+09 2.799740353513242574e+00 3.423922306080996236e+00 1.911574628316502489e-01 -6.649170527362316951e-01 -4.607694428044345480e-01 3.157952356320423148e-01 4.958328374667784755e-01
1.403636729363555670e+09 2.830643002362855043e+00 3.380230896101209304e+00 1.875123426182938591e-01 -6.643000096903175500e-01 -4.620732033981551634e-01 3.175099451079803070e-01 4.943493568159446627e-01
1.403636729463555574e+09 2.864036796106829375e+00 3.337876225790282092e+00 1.824559870920537952e-01 -6.631267149024389074e-01 -4.626884542434679393e-01 3.184090414321721352e-01 4.947706909536331299e-01
1.403636729563555717e+09 2.898962365054214008e+00 3.293397828953263051e+00 1.832388188499564086e-01 -6.631749187772261189e-01 -4.630014967941717963e-01 3.192523551135424409e-01 4.938689854866696316e-01
1.403636729663555622e+09 2.936520518755590725e+00 3.246717403493056153e+00 1.949225265763854242e-01 -6.639157045262039647e-01 -4.635899571154432630e-01 3.189061461850605239e-01 4.925435603787431948e-01
1.403636729763555765e+09 2.976531146454419741e+00 3.200966984696398399e+00 2.109326291112757490e-01 -6.651007275876837932e-01 -4.635560203537650859e-01 3.187626694002871353e-01 4.910674075449483200e-01
1.403636729863555670e+09 3.014333139100284775e+00 3.153390230978980746e+00 2.236937091251638421e-01 -6.677364163059380520e-01 -4.646594153860238441e-01 3.160418716636697045e-01 4.881979530757435404e-01
1.403636729963555574e+09 3.051765200766211716e+00 3.105583238058773787e+00 2.315243406397298198e-01 -6.699883438367165711e-01 -4.651562505263305836e-01 3.146623154205225870e-01 4.855233351481826332e-01
1.403636730063555717e+09 3.087517217518795043e+00 3.057024496766829635e+00 2.335772891106202565e-01 -6.715072694035716383e-01 -4.654370351559954377e-01 3.142644097362353173e-01 4.834089720066142015e-01
1.403636730163555622e+09 3.123925475896579762e+00 3.010648007596831377e+00 2.313114419614390460e-01 -6.718831633647729396e-01 -4.654378742784819334e-01 3.150641473539892989e-01 4.823641601800218726e-01
1.403636730263555765e+09 3.158213847898126758e+00 2.964139184701588547e+00 2.254418681663612478e-01 -6.718536508298161847e-01 -4.666567065828554073e-01 3.140993186413821303e-01 4.818566260796978140e-01
1.403636730363555670e+09 3.191454000343727504e+00 2.917254772664956697e+00 2.172099613689003617e-01 -6.723194230770895841e-01 -4.660189918362132033e-01 3.158385228486217389e-01 4.806858850497376379e-01
1.403636730463555574e+09 3.223038066427997617e+00 2.872127828267537986e+00 2.074950076072860083e-01 -6.742709722393849248e-01 -4.682096864203891817e-01 3.136809347188716512e-01 4.772238643774744382e-01
1.403636730563555717e+09 3.250727800521846067e+00 2.828750509097670118e+00 2.044773261052390545e-01 -6.777819019130260081e-01 -4.713372433180572640e-01 3.096786808733010266e-01 4.717541850509303081e-01
1.403636730663555622e+09 3.276005554459895830e+00 2.785959625235933323e+00 2.088704935269778407e-01 -6.801454390160454055e-01 -4.722819067369050661e-01 3.085009009292542514e-01 4.681657574838878899e-01
1.403636730763555765e+09 3.296520787734480429e+00 2.747526463374304839e+00 2.205648563677042873e-01 -6.808351029330308446e-01 -4.731801113205940101e-01 3.075554891540229763e-01 4.668766067774539064e-01
1.403636730863555670e+09 3.312169346563436090e+00 2.710764469428569967e+00 2.430744206297675847e-01 -6.818515324463972904e-01 -4.729249938670830877e-01 3.083420504326558897e-01 4.651296784890255331e-01
1.403636730963555574e+09 3.323434182415161864e+00 2.674745760884082557e+00 2.630838247412123909e-01 -6.848906912039096628e-01 -4.680163664362442244e-01 3.146505364886232892e-01 4.613897070129194256e-01
1.403636731063555717e+09 3.328633618095166113e+00 2.644836691828206021e+00 2.825086016693658664e-01 -6.862940571874573958e-01 -4.593608597755080014e-01 3.258254056392840825e-01 4.602454482289652926e-01
1.403636731163555622e+09 3.330756031570416997e+00 2.619173802160844389e+00 2.953661366476439953e-01 -6.833380742686712139e-01 -4.517827270768512982e-01 3.348746118998588983e-01 4.656183394956713295e-01
1.403636731263555765e+09 3.333721630343209341e+00 2.599954220373211555e+00 2.990353493790433026e-01 -6.782474406346080675e-01 -4.516163431808313256e-01 3.337918140522354582e-01 4.739262735028472173e-01
1.403636731363555670e+09 3.343326094625462375e+00 2.585070212174616522e+00 2.998301011860029508e-01 -6.742259698179997596e-01 -4.546764627244488377e-01 3.282017762059131205e-01 4.805957240369955752e-01
1.403636731463555574e+09 3.348165289892182095e+00 2.573112953131410308e+00 2.952476726116841643e-01 -6.721922258946982920e-01 -4.577976490653862252e-01 3.231561924878026404e-01 4.838894493721909718e-01
1.403636731563555717e+09 3.358906049399935423e+00 2.561072763915296591e+00 2.899692076325206536e-01 -6.747472910725988982e-01 -4.557037949316382619e-01 3.263477974686671002e-01 4.801533708748100815e-01
1.403636731663555622e+09 3.371123846745924801e+00 2.551038196090610555e+00 2.799213951999052208e-01 -6.766134301106475624e-01 -4.530289169844951003e-01 3.302922285993651896e-01 4.773532342999510236e-01
1.403636731763555765e+09 3.381576304854537973e+00 2.542806991447667642e+00 2.652529189572081503e-01 -6.755948550454818902e-01 -4.547067826147375147e-01 3.275008515336924608e-01 4.791205755599877714e-01
1.403636731863555670e+09 3.394104545765212588e+00 2.538256986106861568e+00 2.481470267190888368e-01 -6.739971147771038895e-01 -4.571861055180049815e-01 3.243804832179627562e-01 4.811299785927910522e-01
1.403636731963555574e+09 3.410087237248934144e+00 2.535435137258970073e+00 2.271438971624043512e-01 -6.724077077943001468e-01 -4.581787511242548794e-01 3.240676773031411773e-01 4.826181171945164161e-01
1.403636732063555717e+09 3.424992256102087129e+00 2.533605150163707798e+00 2.008707734732011474e-01 -6.705930770040747779e-01 -4.588075084127293257e-01 3.242569630484184451e-01 4.844151290091248119e-01
1.403636732163555622e+09 3.437824778992595309e+00 2.533083994426149843e+00 1.700282851324145250e-01 -6.700663402003154134e-01 -4.592854915953286099e-01 3.244388094906734410e-01 4.845692889947392223e-01
1.403636732263555765e+09 3.454639946784444859e+00 2.531055911742438269e+00 1.446510404882723755e-01 -6.677837051859950579e-01 -4.601637160715924546e-01 3.241483996554285762e-01 4.870750378535846914e-01
1.403636732363555670e+09 3.472480584069651321e+00 2.529922446145167925e+00 1.256570375582689580e-01 -6.668222079773348243e-01 -4.611213474576389970e-01 3.234780576669760710e-01 4.879315444558630088e-01
1.403636732463555574e+09 3.493401042777611210e+00 2.529477521660091099e+00 1.118811321292787486e-01 -6.605623639929454338e-01 -4.653221947620355126e-01 3.174358420029387284e-01 4.963538098471482196e-01
1.403636732563555717e+09 3.513458656929432156e+00 2.525596079722891574e+00 1.086471319456074891e-01 -6.520642431513572479e-01 -4.705145649023879661e-01 3.101564910463665004e-01 5.071796704127333744e-01
1.403636732663555622e+09 3.539775234973804974e+00 2.514020780070941541e+00 1.149740186700489719e-01 -6.472252779171009385e-01 -4.714290804091987308e-01 3.099446497405046741e-01 5.126288870780736362e-01
1.403636732763555765e+09 3.564311038603880988e+00 2.491982669033861342e+00 1.234241064677933375e-01 -6.491690371016602956e-01 -4.670462037258551469e-01 3.174591144559576472e-01 5.095754267060071951e-01
1.403636732863555670e+09 3.592549171730120783e+00 2.466329254652110947e+00 1.349741527394225926e-01 -6.510246400715374859e-01 -4.637169326670309566e-01 3.232028490732402615e-01 5.066294925569821972e-01
1.403636732963555574e+09 3.624914704810598298e+00 2.436167219762864988e+00 1.448260109042276422e-01 -6.532341185055433597e-01 -4.641708319976581842e-01 3.235776130103295012e-01 5.031184289026048306e-01
1.403636733063555717e+09 3.657667783036893550e+00 2.402683749559430204e+00 1.428216375532566085e-01 -6.558297172014211363e-01 -4.662326536625067686e-01 3.214873318444450567e-01 4.991596840269258983e-01
1.403636733163555622e+09 3.690515173904453938e+00 2.372118113034566100e+00 1.477435345111803855e-01 -6.568219903444304508e-01 -4.690483704820889166e-01 3.181355001878089506e-01 4.973613401424867297e-01
1.403636733263555765e+09 3.729594747838423707e+00 2.333749614340804968e+00 1.615728958966680118e-01 -6.570489592489430208e-01 -4.708568360614905357e-01 3.169298897620388966e-01 4.961209026633175423e-01
1.403636733363555670e+09 3.769707571040302518e+00 2.291175424764210433e+00 1.818385866296838849e-01 -6.593350687248148434e-01 -4.705241020959677334e-01 3.187392722355655295e-01 4.922292279326462849e-01
1.403636733463555574e+09 3.809660598891594585e+00 2.246256585503910941e+00 2.116487346805224767e-01 -6.627713587991146404e-01 -4.704639128821826999e-01 3.198790011936809563e-01 4.869037453403841087e-01
1.403636733563555717e+09 3.850724048266305211e+00 2.201700325500666633e+00 2.384044233527647938e-01 -6.648484290783219786e-01 -4.713116710463820525e-01 3.192503362996815808e-01 4.836539029720470784e-01
1.403636733663555622e+09 3.887386037064559652e+00 2.155275387779613805e+00 2.618813847935582695e-01 -6.661490329689147005e-01 -4.721360361588626819e-01 3.186926096554309473e-01 4.814229427289352103e-01
1.403636733763555765e+09 3.928374266981643270e+00 2.110436173207561605e+00 2.791582265528720352e-01 -6.662240965150625360e-01 -4.734915175371470220e-01 3.175686979409528821e-01 4.807300262425323600e-01
1.403636733863555670e+09 3.964655003590304982e+00 2.065375000824655860e+00 2.901536808084244079e-01 -6.676455506544086704e-01 -4.744132523064084062e-01 3.167702832127428092e-01 4.783702252447851744e-01
1.403636733963555574e+09 4.002125664560302276e+00 2.020894018795168723e+00 2.945890298334085111e-01 -6.642874189939347307e-01 -4.755016007075558715e-01 3.152084805969923575e-01 4.829741881826233874e-01
1.403636734063555717e+09 4.037263087222717317e+00 1.975889794320693227e+00 2.962107740107748910e-01 -6.612864410209307042e-01 -4.739722445095910786e-01 3.167487202351157438e-01 4.875662032850799910e-01
1.403636734163555622e+09 4.070346368233300538e+00 1.928995439987680971e+00 2.978294208155395362e-01 -6.609740161544656045e-01 -4.715904495555083287e-01 3.188293803644174362e-01 4.889413298884761061e-01
1.403636734263555765e+09 4.102898922621051270e+00 1.879886222663985418e+00 3.070916257516960179e-01 -6.613165812908303742e-01 -4.704178234438143313e-01 3.216611016900143283e-01 4.877515621253914468e-01
1.403636734363555670e+09 4.133766902051401182e+00 1.829830422163560844e+00 3.212833318947946326e-01 -6.632328421872917268e-01 -4.704258151952539491e-01 3.226861105260913631e-01 4.844537372294602795e-01
1.403636734463555574e+09 4.168619737496542577e+00 1.781736567413552130e+00 3.427571698864838590e-01 -6.650170891814497498e-01 -4.714556252080048804e-01 3.228602480882549197e-01 4.808774529552734545e-01
1.403636734563555717e+09 4.206443962202657261e+00 1.732212008879582488e+00 3.668624738765062787e-01 -6.667234100729890756e-01 -4.731574722229238139e-01 3.220447843272221111e-01 4.773772699112208140e-01
1.403636734663555622e+09 4.239221207846926909e+00 1.686924456353544155e+00 3.771797927776174841e-01 -6.678369182936344517e-01 -4.751228686994223294e-01 3.206371104344504230e-01 4.748093866122903850e-01
1.403636734763555765e+09 4.271386591096505647e+00 1.641301144097761178e+00 3.829333781381730750e-01 -6.667327939201923570e-01 -4.770141764212085800e-01 3.199370261148221650e-01 4.749370024807232360e-01
1.403636734863555670e+09 4.301948387083166736e+00 1.596272844948169567e+00 3.871325996735596187e-01 -6.668651092742595710e-01 -4.781842690323697687e-01 3.202252587927238436e-01 4.733777714613779386e-01
1.403636734963555574e+09 4.330248378683993593e+00 1.551192841400347522e+00 3.842321454418223814e-01 -6.671525793017317740e-01 -4.782807773936577078e-01 3.212922549378779968e-01 4.721506336156910399e-01
1.403636735063555717e+09 4.354756510759805188e+00 1.506807826720270249e+00 3.765998926811127134e-01 -6.665017465050659951e-01 -4.783135884805318483e-01 3.216903752095360280e-01 4.727650954524034721e-01
1.403636735163555622e+09 4.379419809659697904e+00 1.465038482680194321e+00 3.694656369472595348e-01 -6.673784349625588863e-01 -4.772133204634740888e-01 3.230360221389573239e-01 4.717215277256165962e-01
1.403636735263555765e+09 4.401600063448570133e+00 1.424284519660694581e+00 3.703823556898013791e-01 -6.696622047476895601e-01 -4.763408160030959682e-01 3.230369667793970834e-01 4.693602844680567765e-01
1.403636735363555670e+09 4.420368444759646742e+00 1.387078589161004238e+00 3.801064991287538275e-01 -6.724152433377325044e-01 -4.750422601069919093e-01 3.225661709612681061e-01 4.670585155961563539e-01
1.403636735463555574e+09 4.436633076170162227e+00 1.348925681592954895e+00 3.974878099661137698e-01 -6.729186609175746847e-01 -4.717023092545296059e-01 3.229752553018822581e-01 4.694298581210253341e-01
1.403636735563555717e+09 4.451131527483338957e+00 1.316035361525429881e+00 4.238200775116697239e-01 -6.728891566181277595e-01 -4.691155201002743524e-01 3.215906212858401503e-01 4.730013573001466409e-01
1.403636735663555622e+09 4.464244297142660578e+00 1.285464972836440456e+00 4.534378704801561577e-01 -6.730812806141541760e-01 -4.671947387600358104e-01 3.196585325716090331e-01 4.759297094276816464e-01
1.403636735763555765e+09 4.476356642718098300e+00 1.256748426762889448e+00 4.766133261271977006e-01 -6.746446311349435510e-01 -4.660734625611139270e-01 3.174446469975015228e-01 4.762972236636711099e-01
1.403636735863555670e+09 4.486917817313465839e+00 1.228460735699671069e+00 4.976677844742989354e-01 -6.751713198263139537e-01 -4.646060011326833550e-01 3.173464035326851729e-01 4.770494866996094485e-01
1.403636735963555574e+09 4.492884304466251422e+00 1.200788811805800993e+00 5.107069734741019884e-01 -6.748608349302327447e-01 -4.642162323973741955e-01 3.170707256876874602e-01 4.780505182174153989e-01
1.403636736063555717e+09 4.499047627947958539e+00 1.176093637098089673e+00 5.247082667821101332e-01 -6.712666197555934300e-01 -4.677781578771317283e-01 3.190113777188462452e-01 4.783476362447088293e-01
1.403636736163555622e+09 4.505717005426265409e+00 1.151307019336893056e+00 5.475630787497817176e-01 -6.643546797352357647e-01 -4.734694247168257375e-01 3.265870676048536203e-01 4.772844546446837199e-01
1.403636736263555765e+09 4.512741502836823848e+00 1.126262901072029976e+00 5.768912981461451484e-01 -6.571260514943210174e-01 -4.810961192227826144e-01 3.340301440381975295e-01 4.745057843589287061e-01
1.403636736363555670e+09 4.519074281369737101e+00 1.101961836528387195e+00 6.022365475386309841e-01 -6.508704514497587468e-01 -4.886638356623985713e-01 3.382567050362044192e-01 4.723957161568572150e-01
1.403636736463555574e+09 4.526263890524034217e+00 1.078891555723387796e+00 6.204244826727074447e-01 -6.451180744260596178e-01 -4.958163739035746920e-01 3.391448589035311878e-01 4.721965248678010041e-01
1.403636736563555717e+09 4.533266218271937653e+00 1.055196025401034188e+00 6.312341018021041528e-01 -6.384674281224089754e-01 -5.028936458489297046e-01 3.367738902559011538e-01 4.754373471167723242e-01
1.403636736663555622e+09 4.542156444823802985e+00 1.028436442832381559e+00 6.388927734493839994e-01 -6.343746692545951804e-01 -5.066749561237057220e-01 3.361479053515421533e-01 4.773403959156760634e-01
1.403636736763555765e+09 4.550855784433808893e+00 9.988890540749166824e-01 6.412774457945535911e-01 -6.326377259843559697e-01 -5.089440475504639627e-01 3.359492568563316461e-01 4.773715124952184197e-01
1.403636736863555670e+09 4.560435665641583647e+00 9.671165927288103425e-01 6.418907848340624778e-01 -6.312510706467969746e-01 -5.095234664678425229e-01 3.379421160343332731e-01 4.771824065659832637e-01
1.403636736963555574e+09 4.566998275123350659e+00 9.284435246658668817e-01 6.391043671714184971e-01 -6.313623649028112794e-01 -5.103889665946185206e-01 3.394353166824959911e-01 4.750456112327115510e-01
1.403636737063555717e+09 4.574378456931809112e+00 8.896438067937113559e-01 6.350814221824278016e-01 -6.329006389016977874e-01 -5.088392971332758030e-01 3.453811499178238709e-01 4.703522214810705870e-01
1.403636737163555622e+09 4.582891580573666523e+00 8.469815504660438421e-01 6.257491006916673371e-01 -6.335231725750068987e-01 -5.077752766180041455e-01 3.506685176320200603e-01 4.667378804080179466e-01
1.403636737263555765e+09 4.590952659566628569e+00 8.039912840119547432e-01 6.143284734012927073e-01 -6.341452526184390148e-01 -5.079945921532018627e-01 3.539707802924380031e-01 4.631479025362858493e-01
1.403636737363555670e+09 4.602862269999446809e+00 7.630708162009716133e-01 6.024177576765470388e-01 -6.349619523783268660e-01 -5.108166577203709924e-01 3.534467596115994370e-01 4.593093177232018265e-01
1.403636737463555574e+09 4.612341908399770318e+00 7.191226535756731764e-01 5.968711895807643497e-01 -6.358455977023355077e-01 -5.141950279392043521e-01 3.518771501558117243e-01 4.555066633139242538e-01
1.403636737563555717e+09 4.623310909426383120e+00 6.802129029238077607e-01 5.993680438626620699e-01 -6.365121300215678124e-01 -5.159311631880111326e-01 3.517473445987276404e-01 4.527042619134664103e-01
1.403636737663555622e+09 4.632455693438497946e+00 6.430418813809586354e-01 6.073524458509216295e-01 -6.394405245067293908e-01 -5.145159268087885485e-01 3.550706466340880496e-01 4.475645345394366759e-01
1.403636737763555765e+09 4.640923286879030663e+00 6.079797819854491081e-01 6.239529971654298457e-01 -6.423441086071958184e-01 -5.129449370530589913e-01 3.577268691694992508e-01 4.430722568198646738e-01
1.403636737863555670e+09 4.645423678409970947e+00 5.747802965792998542e-01 6.474832125675500372e-01 -6.445226882541443825e-01 -5.110868937523357358e-01 3.596201405187143818e-01 4.405156590786982740e-01
1.403636737963555574e+09 4.650603260450625775e+00 5.483104073502693687e-01 6.760233958012175082e-01 -6.450508037292250751e-01 -5.100997783810022890e-01 3.602866633668789786e-01 4.403421361894572783e-01
1.403636738063555717e+09 4.652818846316558066e+00 5.257018431220079613e-01 7.138205546724284423e-01 -6.452146674340820676e-01 -5.098467936039505766e-01 3.587643505767518226e-01 4.416360727283709653e-01
1.403636738163555622e+09 4.654594829764488573e+00 5.073544084859973324e-01 7.480142124428168504e-01 -6.431521879331795200e-01 -5.100074346468250752e-01 3.565114566045770594e-01 4.462591859798640814e-01
1.403636738263555765e+09 4.656100494378542010e+00 4.946994933670700867e-01 7.786468097648961972e-01 -6.428123410280638383e-01 -5.092456177230414438e-01 3.552208703265148371e-01 4.486416480180716038e-01
1.403636738363555670e+09 4.654487612501365668e+00 4.815552317340259236e-01 7.997308712852556623e-01 -6.434923961607734721e-01 -5.085892483037183220e-01 3.536571540584040885e-01 4.496455603877740348e-01
1.403636738463555574e+09 4.652880426936000013e+00 4.718690503633564681e-01 8.180387598290609352e-01 -6.450069388148995664e-01 -5.074204246574137711e-01 3.516478909677806519e-01 4.503713160260478521e-01
1.403636738563555717e+09 4.652634517350925591e+00 4.655719711245742687e-01 8.262247731634396741e-01 -6.508540606490642588e-01 -5.022786303705228939e-01 3.470795847931803513e-01 4.512659205274969776e-01
1.403636738663555622e+09 4.647313071017037167e+00 4.623761685599085958e-01 8.333678682748324462e-01 -6.598275189274093178e-01 -4.925991149203026165e-01 3.403088947543916332e-01 4.540524346337971306e-01
1.403636738763555765e+09 4.644094681307969985e+00 4.672503644092702579e-01 8.327753928513234039e-01 -6.688938409531774987e-01 -4.768826929477633092e-01 3.348696281861005541e-01 4.615476777325363544e-01
1.403636738863555670e+09 4.636076274414008935e+00 4.714075198236242770e-01 8.269856481995808695e-01 -6.790544464951336900e-01 -4.567057280761498417e-01 3.297021900077669043e-01 4.707455815424121948e-01
1.403636738963555574e+09 4.629829922895925876e+00 4.804227412928776531e-01 8.091159749344712937e-01 -6.911978605554259802e-01 -4.349367766355337617e-01 3.223366958088086931e-01 4.787218111059419190e-01
1.403636739063555717e+09 4.623923304252974376e+00 4.929438355692856710e-01 7.921595941742084479e-01 -7.047943271293374279e-01 -4.113884295435793481e-01 3.136024581969259484e-01 4.854668008183637418e-01
1.403636739163555622e+09 4.624284973700617307e+00 5.121090711964573217e-01 7.667179619674324709e-01 -7.156536380155241739e-01 -3.925025455156225807e-01 2.960019330239809232e-01 4.961496526300994692e-01
1.403636739263555765e+09 4.625039797881107972e+00 5.376968084562894212e-01 7.356577504503468701e-01 -7.248528470985098338e-01 -3.744868708463197082e-01 2.752653013800942516e-01 5.085046189298993990e-01
1.403636739363555670e+09 4.630900743556774835e+00 5.629827311035446868e-01 7.066218338326238912e-01 -7.323073581374769381e-01 -3.583946758730843785e-01 2.518397833352013504e-01 5.213980370630627581e-01
1.403636739463555574e+09 4.633887747865921725e+00 5.912113086780030891e-01 6.803688622977175360e-01 -7.400294972092947843e-01 -3.414699295993760542e-01 2.321280525914129200e-01 5.309154336047064993e-01
1.403636739563555717e+09 4.639509717206237838e+00 6.155705835969706996e-01 6.641007688042790402e-01 -7.484178109400965173e-01 -3.219134677524372323e-01 2.202781106142916723e-01 5.363954264639403391e-01
1.403636739663555622e+09 4.644980418993909232e+00 6.365583321349101986e-01 6.583648937023939274e-01 -7.550622682339357405e-01 -3.078006753647213323e-01 2.118615829730386424e-01 5.387526194781827593e-01
1.403636739763555765e+09 4.650402693119144004e+00 6.572387818187066522e-01 6.530757149474536449e-01 -7.589297151061114022e-01 -2.973284444762078760e-01 2.090123948362173356e-01 5.403103760239517106e-01
1.403636739863555670e+09 4.655772098427122252e+00 6.772570863921547613e-01 6.453104200391297507e-01 -7.615913813208416983e-01 -2.915164751837007184e-01 2.073720769855528223e-01 5.403642607362011407e-01
1.403636739963555574e+09 4.661571495760260753e+00 6.994257482236538870e-01 6.313529175161693985e-01 -7.620666995508222907e-01 -2.901247402615074744e-01 2.057290769563938637e-01 5.410707231209054280e-01
1.403636740063555717e+09 4.668746119319462373e+00 7.181941805545326574e-01 6.097186515122156036e-01 -7.617632414694190945e-01 -2.920218055174783611e-01 2.033506284598968761e-01 5.413765334342454105e-01
1.403636740163555622e+09 4.676686254206366300e+00 7.400914103126590149e-01 5.852764382306712143e-01 -7.591943421208472431e-01 -2.969416446278387856e-01 1.991088192899435061e-01 5.438798476303129403e-01
1.403636740263555765e+09 4.685868533429175642e+00 7.586464300508106717e-01 5.588849406047333712e-01 -7.559385321759607423e-01 -3.027370357403205148e-01 1.949060907408445287e-01 5.467347058262713722e-01
1.403636740363555670e+09 4.692931649749935374e+00 7.770460159762229146e-01 5.310770421769841487e-01 -7.547010863087717514e-01 -3.027476795333526871e-01 1.995518713727579274e-01 5.467624378952533615e-01
1.403636740463555574e+09 4.697609111162673656e+00 7.913528426514608860e-01 4.943605064966399842e-01 -7.554008092720181367e-01 -3.010756468459754309e-01 2.055981936084372574e-01 5.444744759971813508e-01
1.403636740563555717e+09 4.702089744854899500e+00 8.063824768548464306e-01 4.597953625559010882e-01 -7.539859158889741231e-01 -3.006898437283658243e-01 2.100552732338261397e-01 5.449473724189688451e-01
1.403636740663555622e+09 4.710618223603352028e+00 8.211297972809679102e-01 4.293319747505511819e-01 -7.542714626591510152e-01 -3.014080519409154668e-01 2.126730074512843682e-01 5.431371270175086030e-01
1.403636740763555765e+09 4.721017086956551090e+00 8.339676642460265299e-01 4.064558744548266711e-01 -7.562857387214818594e-01 -3.038596730808110769e-01 2.122827527409117676e-01 5.391077938320554264e-01
1.403636740863555670e+09 4.730406803213050182e+00 8.478952417835508015e-01 3.819039714982532807e-01 -7.557952384945726410e-01 -3.044855353464789305e-01 2.139373665610465047e-01 5.387883809276372560e-01
1.403636740963555574e+09 4.741609560214369523e+00 8.610692366581931267e-01 3.526249583938150245e-01 -7.515970006194950814e-01 -3.084697247611276616e-01 2.100222731548046229e-01 5.439108588219775386e-01
1.403636741063555717e+09 4.752523012477129605e+00 8.753369462234128484e-01 3.160952396997838143e-01 -7.463573164540455718e-01 -3.149778780831753444e-01 1.999272734379721195e-01 5.511522274557129064e-01
1.403636741163555622e+09 4.764066385102773360e+00 8.858881040698771692e-01 2.748696196775773926e-01 -7.458516618068921078e-01 -3.105830055989943217e-01 1.965981734354581567e-01 5.555111640775853843e-01
1.403636741263555765e+09 4.773512887687956230e+00 8.913592405928651985e-01 2.279374543037286927e-01 -7.500035034296373970e-01 -2.985412471601203155e-01 2.000817058663637849e-01 5.552793707359886533e-01
1.403636741363555670e+09 4.784420249757412869e+00 8.934138386788488262e-01 1.766103553252557079e-01 -7.570977258263628107e-01 -2.898800876202681787e-01 2.025018140144622114e-01 5.493319430641798728e-01
1.403636741463555574e+09 4.796042481944979841e+00 8.958089850975676782e-01 1.294118678205939954e-01 -7.642242945730887138e-01 -2.858428523654369391e-01 1.999423731448963792e-01 5.424740904015995513e-01
1.403636741563555717e+09 4.808348523379073924e+00 8.974585408413586762e-01 8.935914288440083286e-02 -7.725482857334249331e-01 -2.833838428901794826e-01 1.980737635471995217e-01 5.325688011828972890e-01
1.403636741663555622e+09 4.820442782534704484e+00 9.013031976024876712e-01 5.457399181047672965e-02 -7.750762328020903702e-01 -2.851178954760200668e-01 1.929466146026199147e-01 5.298454708101532074e-01
1.403636741763555765e+09 4.832391440200895616e+00 9.087229090238606588e-01 3.038870612187172249e-02 -7.728259944948956406e-01 -2.859032050807677194e-01 1.921504697962183872e-01 5.329892461528771275e-01
1.403636741863555670e+09 4.839891638810924768e+00 9.170581581125292203e-01 7.726079897786508610e-03 -7.682021678760697636e-01 -2.885317280793417982e-01 1.908428126375561751e-01 5.386964748600474584e-01
1.403636741963555574e+09 4.849580588614875509e+00 9.268730839094434515e-01 -2.008550368770634087e-02 -7.635768772366057222e-01 -2.944980643354682126e-01 1.868914937978697899e-01 5.434085131816184244e-01
1.403636742063555717e+09 4.854818657550111105e+00 9.349054100505820308e-01 -5.467756130801648684e-02 -7.631257198440274392e-01 -3.009120266973673852e-01 1.828689168952131461e-01 5.418948672344013895e-01
1.403636742163555622e+09 4.858206440884074162e+00 9.435971552145523411e-01 -8.574598563466517831e-02 -7.676347747718403891e-01 -3.032117017297930595e-01 1.850886633422633987e-01 5.334245056212580938e-01
1.403636742263555765e+09 4.854829927662806632e+00 9.521942776995158120e-01 -1.096849641105033246e-01 -7.696082182665754390e-01 -3.024287132985811200e-01 1.911582097222559173e-01 5.288653917632480939e-01
1.403636742363555670e+09 4.849492343417448836e+00 9.626449773438214841e-01 -1.227060038866785163e-01 -7.665595191545062637e-01 -3.011250645563788852e-01 1.975620313413158913e-01 5.316760694838748025e-01
1.403636742463555574e+09 4.841285433333905708e+00 9.754665060799538878e-01 -1.299091109565588820e-01 -7.625103725782215180e-01 -3.005617021232480646e-01 2.021669486007705019e-01 5.360682044486980713e-01
1.403636742563555717e+09 4.830543822342320937e+00 9.884137329608884137e-01 -1.338138919424729512e-01 -7.603617330021731346e-01 -3.013154516112577230e-01 2.041787948140448283e-01 5.379312719618747352e-01
1.403636742663555622e+09 4.825121884664660854e+00 1.002488960772193405e+00 -1.357997786482094682e-01 -7.572532214105415216e-01 -3.014860910394008275e-01 2.061940942396102427e-01 5.414403855216621819e-01
1.403636742763555765e+09 4.816039061811772548e+00 1.016057571118609726e+00 -1.465224355563319314e-01 -7.544135135285164884e-01 -3.014379789954041433e-01 2.088474913027390800e-01 5.444062093706109051e-01
1.403636742863555670e+09 4.810665665998156371e+00 1.028191071759097852e+00 -1.645105165383788925e-01 -7.528025184196627251e-01 -3.013072575879482962e-01 2.113688413577506364e-01 5.457339257265625410e-01
1.403636742963555574e+09 4.803971275256460061e+00 1.040781550637427610e+00 -1.923887985408325729e-01 -7.529813374291555172e-01 -3.000722094291936592e-01 2.124689220610212759e-01 5.457405352087293382e-01
1.403636743063555717e+09 4.804396510436592216e+00 1.054292433548827734e+00 -2.268185243062170731e-01 -7.590549881408248378e-01 -2.974562405932499320e-01 2.077473478997473588e-01 5.405518933009894056e-01
1.403636743163555622e+09 4.802228537497584604e+00 1.066943804291285325e+00 -2.664044341832043639e-01 -7.722717832665503268e-01 -2.955732767035715858e-01 1.991698741644474802e-01 5.258936129050573172e-01
1.403636743263555765e+09 4.797262449803448625e+00 1.082372030568674148e+00 -2.986933162030049882e-01 -7.824100797806157193e-01 -2.958838572375478426e-01 1.897724734384919343e-01 5.140754987440641077e-01
1.403636743363555670e+09 4.788150970706169574e+00 1.105704085326505215e+00 -3.219240046362548124e-01 -7.870670559509790332e-01 -2.928806378000464727e-01 1.881108325199098430e-01 5.092746765029289024e-01
1.403636743463555574e+09 4.775796683623415362e+00 1.135275114024201226e+00 -3.369227678353841071e-01 -7.860661690558241599e-01 -2.897587437222914897e-01 1.891477683195623427e-01 5.122137932954450301e-01
1.403636743563555717e+09 4.757246680037511943e+00 1.170716276636088349e+00 -3.536609864014217397e-01 -7.817364752476833045e-01 -2.873089885741217930e-01 1.905104969611307320e-01 5.196608306380869902e-01
1.403636743663555622e+09 4.735960592294190974e+00 1.209227041378861944e+00 -3.782521536963607822e-01 -7.758602211204403964e-01 -2.878333037503101322e-01 1.895564714347637569e-01 5.284517486699467081e-01
1.403636743763555765e+09 4.710400385329773343e+00 1.250391720217655323e+00 -4.068741743155588342e-01 -7.698360589632454731e-01 -2.860427705561375822e-01 1.883862945888049312e-01 5.385560135618272515e-01
1.403636743863555670e+09 4.686306697683428446e+00 1.294317360073832468e+00 -4.396186505162911207e-01 -7.691049901411542988e-01 -2.778400402337133368e-01 1.891720295096745996e-01 5.435957776087798621e-01
1.403636743963555574e+09 4.659992671172307865e+00 1.336849466886070203e+00 -4.790452686906416790e-01 -7.668326357360910617e-01 -2.734168980857919484e-01 1.860750767928364691e-01 5.500790619608454390e-01
1.403636744063555717e+09 4.637078620945786156e+00 1.380541256490571023e+00 -5.266257315137732320e-01 -7.663025855756235849e-01 -2.692834288424206246e-01 1.825746845984324018e-01 5.540155835667135431e-01
1.403636744163555622e+09 4.612341440494112099e+00 1.422336227354307425e+00 -5.794702875321995350e-01 -7.676027369765410224e-01 -2.619671971540699085e-01 1.783076602842185721e-01 5.571046616977203270e-01
1.403636744263555765e+09 4.587442105127621517e+00 1.459881461058821106e+00 -6.335693171473670837e-01 -7.687186476857120754e-01 -2.532901319510706406e-01 1.789891442386533638e-01 5.593555541881868320e-01
1.403636744363555670e+09 4.564227434777803794e+00 1.496439747900923489e+00 -6.946166602053511774e-01 -7.706678328699840819e-01 -2.468222027065972712e-01 1.801725918023739104e-01 5.591848789029983946e-01
1.403636744463555574e+09 4.541231688516988108e+00 1.529194486205956327e+00 -7.603358027619988579e-01 -7.724859399999718379e-01 -2.411062933976843015e-01 1.848024178337543677e-01 5.576569681705663140e-01
1.403636744563555717e+09 4.522312423606229537e+00 1.560508129720231896e+00 -8.315469417695151577e-01 -7.727509042804810990e-01 -2.365643458861661497e-01 1.913766565112104134e-01 5.570173476039498306e-01
1.403636744663555622e+09 4.505988271631292008e+00 1.592190154184516704e+00 -9.088553482342567325e-01 -7.715554150918459975e-01 -2.342920919753763709e-01 1.956301037595925274e-01 5.581561784870451293e-01
1.403636744763555765e+09 4.500586393236785554e+00 1.624584156118896061e+00 -9.866442176468643854e-01 -7.682672431076333908e-01 -2.383859569872075479e-01 1.905197939242190552e-01 5.627075499779282675e-01
1.403636744863555670e+09 4.495075544044737192e+00 1.653148088694612827e+00 -1.064137804709889057e+00 -7.677500959716024864e-01 -2.431501514249726492e-01 1.835468535283497626e-01 5.636917123370276395e-01
1.403636744963555574e+09 4.493759418697132801e+00 1.681165148847762580e+00 -1.131661112151978621e+00 -7.702178469326068644e-01 -2.481685839082217182e-01 1.781782432892900780e-01 5.598476005537845746e-01
1.403636745063555717e+09 4.494525789863968335e+00 1.707737465675660538e+00 -1.189845907374852629e+00 -7.738406366487126098e-01 -2.524933851967975373e-01 1.764541880889051451e-01 5.534272120241848780e-01
1.403636745163555622e+09 4.493609347860950898e+00 1.733562412906306527e+00 -1.240458788595301787e+00 -7.770415296822464901e-01 -2.552318708991720975e-01 1.786343478078354918e-01 5.469487389231750818e-01
1.403636745263555765e+09 4.493093054013721499e+00 1.760805686070223697e+00 -1.282896839128552013e+00 -7.762039173223987953e-01 -2.604796209009374586e-01 1.792527818832042596e-01 5.454597015507185453e-01
1.403636745363555670e+09 4.490536172150195071e+00 1.789574588553743517e+00 -1.317440249055952695e+00 -7.714910547764939341e-01 -2.647898797152586914e-01 1.814990581196304908e-01 5.493140849294858574e-01
1.403636745463555574e+09 4.486458026452719849e+00 1.820731304818835827e+00 -1.342830922547169958e+00 -7.650823317795709677e-01 -2.665176178782867611e-01 1.835978338277268751e-01 5.566949078022757069e-01
1.403636745563555717e+09 4.483648841158943910e+00 1.850405157336376227e+00 -1.361661011832149715e+00 -7.628069713888016024e-01 -2.646844039738492915e-01 1.853378583599010754e-01 5.601049624420559869e-01
1.403636745663555622e+09 4.480894169300555063e+00 1.876410521200298831e+00 -1.371656026035482867e+00 -7.628605397335914695e-01 -2.610649394218058639e-01 1.836326393384430100e-01 5.622881361825620150e-01
1.403636745763555765e+09 4.477052601865882941e+00 1.899488007337772455e+00 -1.375854845061283527e+00 -7.634520417587402630e-01 -2.580431026918869053e-01 1.781392961703283095e-01 5.646424782528278730e-01
1.403636745863555670e+09 4.474812393722264581e+00 1.919087760926503794e+00 -1.372587905400168840e+00 -7.650613749843681033e-01 -2.553807724196776041e-01 1.709656211326160413e-01 5.658908993579024882e-01
1.403636745963555574e+09 4.473237662121785974e+00 1.935234465328839804e+00 -1.361776354821178092e+00 -7.658418552353460917e-01 -2.527232780478658736e-01 1.625611547996719253e-01 5.684989608192977384e-01
1.403636746063555717e+09 4.469170917393878284e+00 1.945755419352621196e+00 -1.345977606215741140e+00 -7.668713060641145773e-01 -2.509410961370441839e-01 1.542685711068814136e-01 5.702088864387317990e-01
1.403636746163555622e+09 4.461601642120167632e+00 1.950991622820394955e+00 -1.325276764867808765e+00 -7.675402459805268363e-01 -2.493048790240645074e-01 1.480440784374426888e-01 5.716747317614774282e-01
1.403636746263555765e+09 4.452607078897748316e+00 1.952304962815161193e+00 -1.294037625271418079e+00 -7.647808421136405022e-01 -2.457057814667824580e-01 1.477693926448864215e-01 5.769775897616040705e-01
1.403636746363555670e+09 4.438097795026713754e+00 1.947837374193233551e+00 -1.265558090941421909e+00 -7.573114073048132777e-01 -2.405756016981331902e-01 1.516279899771452166e-01 5.878875444241652426e-01
1.403636746463555574e+09 4.426379876790142553e+00 1.937184407116582907e+00 -1.246075507448174857e+00 -7.578243236105067782e-01 -2.385531546783553614e-01 1.547301820190171151e-01 5.872420776048361546e-01
1.403636746563555717e+09 4.413052431771649076e+00 1.915960942032261638e+00 -1.236661597499879583e+00 -7.671799160406446161e-01 -2.393895434457575799e-01 1.567410745504034530e-01 5.740730427928888435e-01
1.403636746663555622e+09 4.397909308806855044e+00 1.891915107688471931e+00 -1.235322493016236312e+00 -7.811126081794236287e-01 -2.422866279550148771e-01 1.583281199111146453e-01 5.532562604279667173e-01
1.403636746763555765e+09 4.383132441690956504e+00 1.868939098519555753e+00 -1.237074509028390779e+00 -7.923007166021798220e-01 -2.418275968648471164e-01 1.652516394861930082e-01 5.352297483449237614e-01
1.403636746863555670e+09 4.363845586875845228e+00 1.850809967324906324e+00 -1.238899023770982044e+00 -7.951066275724344434e-01 -2.394139100110849183e-01 1.735453520581423381e-01 5.294982920299269313e-01
1.403636746963555574e+09 4.346074842700297758e+00 1.840578021015192967e+00 -1.239604796723247748e+00 -7.934032539771539438e-01 -2.397987044719933625e-01 1.776847142582330397e-01 5.305054196056695481e-01
1.403636747063555717e+09 4.327661041485863613e+00 1.835804348440706057e+00 -1.233758003405653891e+00 -7.883164987115096611e-01 -2.430702438788696629e-01 1.760402891007324666e-01 5.371068525100228808e-01
1.403636747163555622e+09 4.308669285989926934e+00 1.837019321206754707e+00 -1.222103448118926128e+00 -7.812402363710603259e-01 -2.469178461388862322e-01 1.710720750632580001e-01 5.472016223171984883e-01
1.403636747263555765e+09 4.290408250128767698e+00 1.840746169836407820e+00 -1.198901784371106505e+00 -7.758059333705470406e-01 -2.503395571754613025e-01 1.652378468987249216e-01 5.551141448499771203e-01
1.403636747363555670e+09 4.269728322118021779e+00 1.842948845937151248e+00 -1.168969883023424750e+00 -7.742436011740850832e-01 -2.511279778513761940e-01 1.622314705530111256e-01 5.578194463654618795e-01
1.403636747463555574e+09 4.245728976055331394e+00 1.843353993950664016e+00 -1.143059297425487397e+00 -7.736899703984233545e-01 -2.499931217886909307e-01 1.599568875264202605e-01 5.597508936090156428e-01
1.403636747563555717e+09 4.220802864201887772e+00 1.843670783170642480e+00 -1.122410874966106586e+00 -7.760397922808401905e-01 -2.478225360131491861e-01 1.590156173292326114e-01 5.577277695131600543e-01
1.403636747663555622e+09 4.194056804683069295e+00 1.842313461739940372e+00 -1.101687071110093896e+00 -7.779281935500585998e-01 -2.456758143299232477e-01 1.580777698716068769e-01 5.563115481505761517e-01
1.403636747763555765e+09 4.166149148777384070e+00 1.841675556414064552e+00 -1.077403381681078187e+00 -7.790967389428928858e-01 -2.436687708349574155e-01 1.564388353906796814e-01 5.560222048353271607e-01
1.403636747863555670e+09 4.134978737588789421e+00 1.840653160966629898e+00 -1.041342126143107061e+00 -7.799683344784311689e-01 -2.404322345139987549e-01 1.568452455256021116e-01 5.560946922724231412e-01
1.403636747963555574e+09 4.102260613659929334e+00 1.838101139534228601e+00 -1.000368017069307447e+00 -7.818730228308036212e-01 -2.288605084769914644e-01 1.686967244863753490e-01 5.548322800420342205e-01
1.403636748063555717e+09 4.070826142826186711e+00 1.836930454086458386e+00 -9.608765535414167669e-01 -7.843425595305452136e-01 -2.188869800242518870e-01 1.783893043696360148e-01 5.523336811850723116e-01
1.403636748163555622e+09 4.043286928177941775e+00 1.838840329210027491e+00 -9.297391862202342150e-01 -7.865089437544101614e-01 -2.143938109644227819e-01 1.813511492172286965e-01 5.500461216044196799e-01
1.403636748263555765e+09 4.017926245724097178e+00 1.843191844857197115e+00 -9.072578895375540409e-01 -7.863094415744162902e-01 -2.182933823981488830e-01 1.739794197321489211e-01 5.511774875679973373e-01
1.403636748363555670e+09 3.997043011046408800e+00 1.851694671056106412e+00 -8.907833116612695612e-01 -7.838190929495957304e-01 -2.274055118371912654e-01 1.608613521183608064e-01 5.550117008752074588e-01
1.403636748463555574e+09 3.978668287928749159e+00 1.858971405032264101e+00 -8.735636934892199168e-01 -7.810221325173282159e-01 -2.331545392627708546e-01 1.537480479408357137e-01 5.585740121896405341e-01
1.403636748563555717e+09 3.956516974691425048e+00 1.866902605783070435e+00 -8.499552556058147523e-01 -7.794663994899851955e-01 -2.350266393517408403e-01 1.513627266222338508e-01 5.606103244238627159e-01
1.403636748663555622e+09 3.932812111597103311e+00 1.875024237601673693e+00 -8.207904359491720037e-01 -7.800916395118556723e-01 -2.297541283208863749e-01 1.580954116138178212e-01 5.600677774250829577e-01
1.403636748763555765e+09 3.911598236508252224e+00 1.882738430208024116e+00 -7.896924390137511907e-01 -7.816604366939388093e-01 -2.230943616540288499e-01 1.660158079534926612e-01 5.582782630688492009e-01
1.403636748863555670e+09 3.890264211154898621e+00 1.889935162568423532e+00 -7.635709946324449326e-01 -7.828579960527458637e-01 -2.179441453327763956e-01 1.701208658683110442e-01 5.573980611086306602e-01
1.403636748963555574e+09 3.872660057408050971e+00 1.901467752061669181e+00 -7.441354231992896029e-01 -7.836934061846321242e-01 -2.131318191570842346e-01 1.715445366319932885e-01 5.576485853270285453e-01
1.403636749063555717e+09 3.858110018017578025e+00 1.913394606831615441e+00 -7.263980500781144212e-01 -7.847040722476854580e-01 -2.081638618275534203e-01 1.734090424631981875e-01 5.575272456292473811e-01
1.403636749163555622e+09 3.848936627912296071e+00 1.925864165616312018e+00 -7.108661946316277014e-01 -7.854291384476534965e-01 -2.027243642208684804e-01 1.770363565133446782e-01 5.573706388939962952e-01
1.403636749263555765e+09 3.843159467641437121e+00 1.941560611655197555e+00 -6.943594533775963029e-01 -7.842412886964533758e-01 -2.051713707751692262e-01 1.693305728089295192e-01 5.605331986868966609e-01
1.403636749363555670e+09 3.842665437610332191e+00 1.957664068651300049e+00 -6.736152943722988340e-01 -7.822981099248033088e-01 -2.101180017325104954e-01 1.595042045559657007e-01 5.642858329649836913e-01
1.403636749463555574e+09 3.845912333713545017e+00 1.973948110987448157e+00 -6.455369093101746003e-01 -7.803977545994809084e-01 -2.149649092166990849e-01 1.514334414084583247e-01 5.673070995895750368e-01
1.403636749563555717e+09 3.847771706104263778e+00 1.987638922189900903e+00 -6.131488645750500233e-01 -7.791056923133753420e-01 -2.207492130293845500e-01 1.434819423389212256e-01 5.689262143498520219e-01
1.403636749663555622e+09 3.850809532762160536e+00 2.000852791705226341e+00 -5.827297341698787214e-01 -7.773468395594185232e-01 -2.245696758806708937e-01 1.395656311928660798e-01 5.708080117618978822e-01
1.403636749763555765e+09 3.850668252182308127e+00 2.010438246323474232e+00 -5.577143946553784204e-01 -7.751892472159374048e-01 -2.239763475538629756e-01 1.431143910131161823e-01 5.730920500427171271e-01
1.403636749863555670e+09 3.850357725607824300e+00 2.018431612558956978e+00 -5.378612873410113515e-01 -7.704179261192420913e-01 -2.219906303080596555e-01 1.495190659086700902e-01 5.786366978505211867e-01
1.403636749963555574e+09 3.846992308553481621e+00 2.020951732887137364e+00 -5.275032435971240830e-01 -7.665682894220897658e-01 -2.221591037175884020e-01 1.539148636902897826e-01 5.825191885449687579e-01
1.403636750063555717e+09 3.848645883036693860e+00 2.019168186130382292e+00 -5.200850424356371349e-01 -7.649461995277302417e-01 -2.237205093589986760e-01 1.575172193248834951e-01 5.830907057537350058e-01
1.403636750163555622e+09 3.851205750492211699e+00 2.012743912095482646e+00 -5.145526946213592190e-01 -7.666149995306045239e-01 -2.263172713107027834e-01 1.589445315858508401e-01 5.794985514046804287e-01
1.403636750263555765e+09 3.855205455879162635e+00 1.999676442727949421e+00 -5.026251925225917461e-01 -7.690192982493523344e-01 -2.294897359221378386e-01 1.593950274579973292e-01 5.749234777325803458e-01
1.403636750363555670e+09 3.860764236062924404e+00 1.983378125681041659e+00 -4.811386815921601112e-01 -7.714457386606465850e-01 -2.330641464988476574e-01 1.595992366361847770e-01 5.701584512959879669e-01
1.403636750463555574e+09 3.867086336408661396e+00 1.965662665117295038e+00 -4.503102180005751354e-01 -7.726510450334060920e-01 -2.356825094843214563e-01 1.614717430498898432e-01 5.669135679522837590e-01
1.403636750563555717e+09 3.874612658658638686e+00 1.945757333657131660e+00 -4.127632203367723740e-01 -7.717721469773647369e-01 -2.392988105169400193e-01 1.630697452505541212e-01 5.661378724472035939e-01
1.403636750663555622e+09 3.882801344449409164e+00 1.924930472978370499e+00 -3.644822332428425682e-01 -7.712862143700198736e-01 -2.429096839378473982e-01 1.634876783727871596e-01 5.651409027775773364e-01
1.403636750763555765e+09 3.890760877856142663e+00 1.901621011701700947e+00 -3.132905072532174984e-01 -7.717336158173621063e-01 -2.456561955767989636e-01 1.640941743084876614e-01 5.631637077708481209e-01
1.403636750863555670e+09 3.895703197341317647e+00 1.876526642890417484e+00 -2.524288834151391381e-01 -7.719995198023985594e-01 -2.480628361058845321e-01 1.634750730088492532e-01 5.619230118732657653e-01
1.403636750963555574e+09 3.904616969303294383e+00 1.853808913428605987e+00 -1.908095271713876606e-01 -7.724679547271737778e-01 -2.512974342432334751e-01 1.604022037934914047e-01 5.607263071058609105e-01
1.403636751063555717e+09 3.909139522101803710e+00 1.827543648681270394e+00 -1.308149329848462550e-01 -7.730908034180002941e-01 -2.523312878773926737e-01 1.583941993092644607e-01 5.599739355129164098e-01
1.403636751163555622e+09 3.912845243484099012e+00 1.802881594963943623e+00 -7.849210565843556253e-02 -7.754133458826087955e-01 -2.512386153248025167e-01 1.585764605947260208e-01 5.571954839569885909e-01
1.403636751263555765e+09 3.913463174146383672e+00 1.775461007318669182e+00 -3.075738066664002179e-02 -7.809873238416901176e-01 -2.518969345671867588e-01 1.555361556735137263e-01 5.499229388128431539e-01
1.403636751363555670e+09 3.910538230744865729e+00 1.750583614428411483e+00 1.677608286872600551e-02 -7.842548176026954421e-01 -2.479200447762891502e-01 1.588738521718933427e-01 5.461127461991243104e-01
1.403636751463555574e+09 3.906873587933080039e+00 1.728667462965119750e+00 6.295428871694730422e-02 -7.838194311006078108e-01 -2.402038086426986352e-01 1.674211959541499206e-01 5.476306902356218309e-01
1.403636751563555717e+09 3.902683827890239598e+00 1.708992762625172190e+00 1.102460420667915608e-01 -7.810762872848423521e-01 -2.361764697171458982e-01 1.764984136138681992e-01 5.504442011549038893e-01
1.403636751663555622e+09 3.900455625004682236e+00 1.691546952611982846e+00 1.517363819454643492e-01 -7.802444573099839298e-01 -2.372204767546781667e-01 1.841984247831389143e-01 5.486492254188842788e-01
1.403636751763555765e+09 3.901487877606911070e+00 1.676986548395016374e+00 1.896056686541680580e-01 -7.834914763644228453e-01 -2.416632447649640358e-01 1.870799596782634078e-01 5.410555158953148647e-01
1.403636751863555670e+09 3.903396962972751627e+00 1.666209991920406530e+00 2.244040072299470223e-01 -7.872129890142004482e-01 -2.482907215770697729e-01 1.847266929566048210e-01 5.334074206602140711e-01
1.403636751963555574e+09 3.906809724060881450e+00 1.662518089043355296e+00 2.604392630240170980e-01 -7.866649434902989180e-01 -2.573088994735361901e-01 1.776753067997242919e-01 5.323362492717798045e-01
1.403636752063555717e+09 3.910859895113565798e+00 1.663611182331109717e+00 2.942845419888548975e-01 -7.846271556907618017e-01 -2.628246803478069271e-01 1.730068479693967487e-01 5.341835307348893336e-01
1.403636752163555622e+09 3.909824701130125035e+00 1.668750946476780239e+00 3.282886799459352467e-01 -7.798035270069555436e-01 -2.646052716702590457e-01 1.742572953182125739e-01 5.399304626525547324e-01
1.403636752263555765e+09 3.908768732019772152e+00 1.675798898713731333e+00 3.604831926530080999e-01 -7.723421346600058968e-01 -2.686599358095782542e-01 1.807631202974559759e-01 5.464742997250157108e-01
1.403636752363555670e+09 3.906048227145493268e+00 1.682288224884270544e+00 3.991033043334276664e-01 -7.634246051508830622e-01 -2.760165051133873781e-01 1.911778080637203392e-01 5.517687983740665603e-01
1.403636752463555574e+09 3.903708656058801019e+00 1.685467270022173558e+00 4.410806009726901955e-01 -7.569056825315964021e-01 -2.886081674549891840e-01 2.019435034627237724e-01 5.504706484807817546e-01
1.403636752563555717e+09 3.903351937659096382e+00 1.687537533621799923e+00 4.859772883594820625e-01 -7.509718356103848302e-01 -3.056281883598248594e-01 2.115966631733560976e-01 5.457651186488206019e-01
1.403636752663555622e+09 3.903696544513359790e+00 1.686979196810200143e+00 5.254457164764363419e-01 -7.455931615507975785e-01 -3.241332524758929745e-01 2.211322481157316500e-01 5.386362417544588999e-01
1.403636752763555765e+09 3.904103902314646657e+00 1.686703236650267002e+00 5.553244669514445508e-01 -7.385453854543043706e-01 -3.417108931988207532e-01 2.328742656110018572e-01 5.324978455445184000e-01
1.403636752863555670e+09 3.905383657341717552e+00 1.685290039802600059e+00 5.806808365334690247e-01 -7.304087117764259673e-01 -3.616509903529822045e-01 2.422644966789807286e-01 5.263265037851402317e-01
1.403636752963555574e+09 3.908768260831070762e+00 1.684302671819220887e+00 5.974806331680595495e-01 -7.188875845987509061e-01 -3.829628616920920381e-01 2.504417798739341228e-01 5.232771752789846520e-01
1.403636753063555717e+09 3.909382118943868445e+00 1.680052631920779138e+00 6.057585703219490192e-01 -7.077348069701802080e-01 -4.045290667173397914e-01 2.590715603591638994e-01 5.180247134999911296e-01
1.403636753163555622e+09 3.909144465487071951e+00 1.673700570423052980e+00 6.085849859281907692e-01 -6.961548097180603190e-01 -4.250802297687245046e-01 2.701300537691294634e-01 5.115711418921774500e-01
1.403636753263555765e+09 3.909866626676671508e+00 1.665455476001685753e+00 6.075169479022077823e-01 -6.835178621600522808e-01 -4.459627606654656962e-01 2.805332228988306476e-01 5.051946744155002555e-01
1.403636753363555670e+09 3.908300165963167760e+00 1.654745561983961277e+00 5.989121966386754536e-01 -6.696462505478758542e-01 -4.651081025130470170e-01 2.907889513229156009e-01 5.006896622583726364e-01
1.403636753463555574e+09 3.901462466058234213e+00 1.637721660227280829e+00 5.950447803825859028e-01 -6.621585248334708185e-01 -4.745621705376271704e-01 3.043411269560578614e-01 4.936732854105990165e-01
1.403636753563555717e+09 3.894679812703265576e+00 1.618791344838728552e+00 5.948381528614291591e-01 -6.588903315564819119e-01 -4.786131089314874520e-01 3.156897504120565467e-01 4.869630421552536004e-01
1.403636753663555622e+09 3.884510285803952190e+00 1.597643182331771605e+00 6.003570198095347088e-01 -6.565185371047363994e-01 -4.800110885961439422e-01 3.225825738648895880e-01 4.842656794583991009e-01
1.403636753763555765e+09 3.877832943418209943e+00 1.577152601917134689e+00 6.067650092560350483e-01 -6.555632690968362652e-01 -4.802035141813768560e-01 3.251882526676539986e-01 4.836258734868130182e-01
1.403636753863555670e+09 3.871985445989440944e+00 1.555551672272004637e+00 6.089808571827789452e-01 -6.546854006783535684e-01 -4.800341715519730323e-01 3.249063133851847196e-01 4.851701843719194995e-01
1.403636753963555574e+09 3.866042175459060815e+00 1.532138129765787227e+00 6.031799426783848173e-01 -6.557143483289520347e-01 -4.783296315718462699e-01 3.246242498962205736e-01 4.856527085636358487e-01
1.403636754063555717e+09 3.861728664179902903e+00 1.507562873342549015e+00 6.002025733588003398e-01 -6.551767747364480865e-01 -4.752107259665608874e-01 3.249123349717004672e-01 4.892342326079782144e-01
1.403636754163555622e+09 3.859689255352635406e+00 1.480002829759686556e+00 6.057071576233286070e-01 -6.535211661374956682e-01 -4.714004815744263777e-01 3.262015894082361811e-01 4.942511451167584391e-01
1.403636754263555765e+09 3.860483077982023836e+00 1.451412758903029232e+00 6.158995240752901390e-01 -6.521740419002396427e-01 -4.696186101998227613e-01 3.243089743488392074e-01 4.989499666121795518e-01
1.403636754363555670e+09 3.863948466748275745e+00 1.417286932021740054e+00 6.328911080232642039e-01 -6.521651423902138367e-01 -4.694875156599739308e-01 3.214760145519128254e-01 5.009144355659912451e-01
1.403636754463555574e+09 3.871293605958341821e+00 1.380639784592629038e+00 6.530682086215808813e-01 -6.514783485924131590e-01 -4.710311505717887925e-01 3.230108674133968516e-01 4.993691981281624392e-01
1.403636754563555717e+09 3.882265568634329700e+00 1.338811928422550590e+00 6.679118726590141941e-01 -6.485947173525791198e-01 -4.776681077201627712e-01 3.240492606327718961e-01 4.961352115832137200e-01
1.403636754663555622e+09 3.896038873232972932e+00 1.294381669894144604e+00 6.800697410730554004e-01 -6.431916756135559465e-01 -4.872893248739997851e-01 3.285577072219061923e-01 4.908191268790899064e-01
1.403636754763555765e+09 3.908978529614748787e+00 1.243993144444916599e+00 6.860185714954967207e-01 -6.359878371853814327e-01 -4.976462228347077188e-01 3.369345205282112121e-01 4.840896990507371767e-01
1.403636754863555670e+09 3.924505243111500619e+00 1.192246308941903532e+00 6.864892694231596870e-01 -6.285059263139293195e-01 -5.075939710247194814e-01 3.448846291629495409e-01 4.778946052580637094e-01
1.403636754963555574e+09 3.942133451815990508e+00 1.136852809376679208e+00 6.825860102453202849e-01 -6.224244436308562500e-01 -5.150833583094930335e-01 3.509315768246890621e-01 4.734173363437071402e-01
1.403636755063555717e+09 3.959477384998155269e+00 1.080838403335125708e+00 6.758219747777731712e-01 -6.177973908172854633e-01 -5.209253809687769410e-01 3.544929023827457226e-01 4.704231217979680801e-01
1.403636755163555622e+09 3.980618204245326641e+00 1.022296219506978243e+00 6.727244917195525087e-01 -6.156330524805951887e-01 -5.246649785600048244e-01 3.572065911528546911e-01 4.670396730503865168e-01
1.403636755263555765e+09 4.003415001803356965e+00 9.628145257962699155e-01 6.763018668691959112e-01 -6.156135088648219122e-01 -5.273157562812023080e-01 3.580305902485196312e-01 4.634352137322129139e-01
1.403636755363555670e+09 4.026254147481322043e+00 9.003095043615600979e-01 6.864200435012119961e-01 -6.204551367083004365e-01 -5.320485957541608579e-01 3.534755536078916793e-01 4.549887340252553591e-01
1.403636755463555574e+09 4.049947374959504742e+00 8.379517784797632096e-01 7.004620486469242957e-01 -6.241609675622677988e-01 -5.353230797486981940e-01 3.490031376899298543e-01 4.494987171757964250e-01
1.403636755563555717e+09 4.070829291538717420e+00 7.743394959234350949e-01 7.166718455896140538e-01 -6.242843091898567787e-01 -5.361129053027677838e-01 3.462818559286535702e-01 4.504896561762279927e-01
1.403636755663555622e+09 4.092270066695417263e+00 7.107394530624078222e-01 7.282347334740519873e-01 -6.236849730454481211e-01 -5.339845705764921791e-01 3.476813073830563039e-01 4.527640017491969537e-01
1.403636755763555765e+09 4.106378358074812773e+00 6.447298207095326639e-01 7.324439973049114982e-01 -6.240652943308929723e-01 -5.313401619032964707e-01 3.495863631185338605e-01 4.538827111510539969e-01
1.403636755863555670e+09 4.119919657670951807e+00 5.787500636834779222e-01 7.334372140476743684e-01 -6.231964262666545018e-01 -5.281775547608988930e-01 3.529135290836810102e-01 4.561871610698505775e-01
1.403636755963555574e+09 4.133392800958488600e+00 5.114428952042060494e-01 7.307156704979684836e-01 -6.223542704659379421e-01 -5.258551310903800680e-01 3.556523692861844332e-01 4.578896541306132772e-01
1.403636756063555717e+09 4.146900667294111997e+00 4.433426726319229516e-01 7.335517741767929589e-01 -6.218883320738893827e-01 -5.244392532777403249e-01 3.575391327810873987e-01 4.586765097342460074e-01
1.403636756163555622e+09 4.161278329950103050e+00 3.756436627321648736e-01 7.419288730943813803e-01 -6.201972988254367269e-01 -5.245827254252689587e-01 3.574713459702402174e-01 4.608497711025292820e-01
1.403636756263555765e+09 4.178440610482843098e+00 3.066486400265628909e-01 7.541030825283704386e-01 -6.195478490737709176e-01 -5.238580193872341972e-01 3.591014883107205846e-01 4.612801310752213668e-01
1.403636756363555670e+09 4.190699540322626149e+00 2.386893000150429600e-01 7.663041093232998424e-01 -6.187352204072085193e-01 -5.243099863876552469e-01 3.596069008438212422e-01 4.614635869354395403e-01
1.403636756463555574e+09 4.207078776794585195e+00 1.690426681772161377e-01 7.709511115008027549e-01 -6.177659535949723280e-01 -5.245719078802698609e-01 3.603110110669794919e-01 4.619150520881943334e-01
1.403636756563555717e+09 4.226385445036370925e+00 9.878214224157111367e-02 7.713702221110875223e-01 -6.170763280149814678e-01 -5.251673134757276484e-01 3.610242929591384042e-01 4.616032475552875325e-01
1.403636756663555622e+09 4.247131164808672033e+00 2.700900486751911522e-02 7.674469022353108683e-01 -6.165345108350056558e-01 -5.250651905070381487e-01 3.624995303057051421e-01 4.612871483093711200e-01
1.403636756763555765e+09 4.268598252959105999e+00 -4.564232396178447004e-02 7.691261883002626920e-01 -6.151145874920300738e-01 -5.249468789293048054e-01 3.640551465472509074e-01 4.620916238467767667e-01
1.403636756863555670e+09 4.292796947069486890e+00 -1.170644556538067427e-01 7.744976127036560243e-01 -6.147444660671264050e-01 -5.248990142649642143e-01 3.657173606324445325e-01 4.613253498297608668e-01
1.403636756963555574e+09 4.319905939354916846e+00 -1.897394071279985273e-01 7.877208386677004848e-01 -6.147548889545814133e-01 -5.253426758998682722e-01 3.663007523384698705e-01 4.603425444395484734e-01
1.403636757063555717e+09 4.347617685232592066e+00 -2.635764746109421353e-01 8.041009920238654241e-01 -6.151172930191309840e-01 -5.253220479894409323e-01 3.675732028402364793e-01 4.588653422070214094e-01
1.403636757163555622e+09 4.376517940873433155e+00 -3.372738919343349906e-01 8.135517548739391591e-01 -6.152514650365966675e-01 -5.256652419544574073e-01 3.673965478819997688e-01 4.584337081581943418e-01
1.403636757263555765e+09 4.408175959015149914e+00 -4.081770696246962427e-01 8.170224434322919116e-01 -6.146890835974057055e-01 -5.261519227895815609e-01 3.673978108298225909e-01 4.586287531854732480e-01
1.403636757363555670e+09 4.441341360539322380e+00 -4.812652020754211168e-01 8.143847089599925981e-01 -6.144085694362475536e-01 -5.281335787261555170e-01 3.651902194584352168e-01 4.584900614376580807e-01
1.403636757463555574e+09 4.476375963642947653e+00 -5.537492154136456346e-01 8.084632668062727845e-01 -6.144802519045606815e-01 -5.317236770961852876e-01 3.609858301529091373e-01 4.575731435119789192e-01
1.403636757563555717e+09 4.513720899926592978e+00 -6.282242977042087340e-01 8.050490366204783310e-01 -6.139094879568444130e-01 -5.382763205177709676e-01 3.581087888184975587e-01 4.529148250359698591e-01
1.403636757663555622e+09 4.548848065962658893e+00 -7.054581116534990315e-01 8.085195646961329530e-01 -6.149266204345948950e-01 -5.478806126884946393e-01 3.545102667721823919e-01 4.427353119800622738e-01
1.403636757763555765e+09 4.581798441644838071e+00 -7.817723429981693339e-01 8.191632846251158950e-01 -6.161581910485716129e-01 -5.561151373334182191e-01 3.529046535104183313e-01 4.319066370907923003e-01
1.403636757863555670e+09 4.606951930791219674e+00 -8.607241675399307512e-01 8.383774668697071553e-01 -6.162081999586876968e-01 -5.612687218509198050e-01 3.538615864762575391e-01 4.243192828425487728e-01
1.403636757963555574e+09 4.625702065412894193e+00 -9.379812757158654257e-01 8.669950305254361389e-01 -6.135661784688831721e-01 -5.618678949844712056e-01 3.596993920779035792e-01 4.224421387167674458e-01
1.403636758063555717e+09 4.635863422214523411e+00 -1.015147941238375928e+00 8.962114969010768206e-01 -6.057123654251508338e-01 -5.577245233116613354e-01 3.702495116617599002e-01 4.300827659672931125e-01
1.403636758163555622e+09 4.645338204236954205e+00 -1.091047419671526963e+00 9.212561678846716839e-01 -6.002629773207811548e-01 -5.533014252723329474e-01 3.792509389889541782e-01 4.355578217936081908e-01
1.403636758263555765e+09 4.654419495344907176e+00 -1.166039307779816792e+00 9.374386649503433366e-01 -5.972463142375016298e-01 -5.505439532448376250e-01 3.847658733643824491e-01 4.383530750085017913e-01
1.403636758363555670e+09 4.664558450650801547e+00 -1.239883563826519541e+00 9.467213636288518419e-01 -5.980117977547129149e-01 -5.493245052705943987e-01 3.869749474154108304e-01 4.368922838964236499e-01
1.403636758463555574e+09 4.677265248950662979e+00 -1.311361760624333739e+00 9.473975489976736997e-01 -6.072692745514193247e-01 -5.524411898298529078e-01 3.829776779547551246e-01 4.235101629873285201e-01
1.403636758563555717e+09 4.688501698656243555e+00 -1.381515441695395863e+00 9.424190994848350433e-01 -6.217525068276943401e-01 -5.545737946216378056e-01 3.793460874552023743e-01 4.024528202222780737e-01
1.403636758663555622e+09 4.693067877394485166e+00 -1.443441415916903114e+00 9.359588991901454103e-01 -6.291402082387531625e-01 -5.546441921983588097e-01 3.781865759209711575e-01 3.918256400889301161e-01
1.403636758763555765e+09 4.689890810756503825e+00 -1.498202711713120250e+00 9.298226326458062241e-01 -6.217987252379704177e-01 -5.503496905435223407e-01 3.830169522032013663e-01 4.046968961285153932e-01
1.403636758863555670e+09 4.682039269264351766e+00 -1.546714636457228620e+00 9.224636747973197215e-01 -6.131032514449368254e-01 -5.459042723887572723e-01 3.889720069156841764e-01 4.180833724167140053e-01
1.403636758963555574e+09 4.674254857709809308e+00 -1.589909795249494939e+00 9.108906712867383959e-01 -6.057059056294178401e-01 -5.458074367434676555e-01 3.886719538711618238e-01 4.291255179491728078e-01
1.403636759063555717e+09 4.666926230882385340e+00 -1.631365699267528724e+00 8.967712472835898119e-01 -6.035423347677107975e-01 -5.440549874912221640e-01 3.914262710495760578e-01 4.318869007752957900e-01
1.403636759163555622e+09 4.661481778084000105e+00 -1.670261021826168868e+00 8.835718702325798812e-01 -6.095824595312607785e-01 -5.352798667843914338e-01 4.042259246681907947e-01 4.224761426083714633e-01
1.403636759263555765e+09 4.659011489208343626e+00 -1.704017367897625812e+00 8.677971126292691739e-01 -6.164706925212293243e-01 -5.264099443754691743e-01 4.167583385799652484e-01 4.113015231543380446e-01
1.403636759363555670e+09 4.658872860021670448e+00 -1.727695751060634999e+00 8.451895042523358548e-01 -6.141464732201693533e-01 -5.283316876844743604e-01 4.148234728957675421e-01 4.142598502804706873e-01
1.403636759463555574e+09 4.658631370926718418e+00 -1.740223042838358269e+00 8.140967597431578717e-01 -6.071618140269148256e-01 -5.358355345622501931e-01 4.054269074577138698e-01 4.241035654144024725e-01
1.403636759563555717e+09 4.665005526217979259e+00 -1.750614096875919623e+00 7.842921160530710312e-01 -6.013567929444457727e-01 -5.421246516259708992e-01 3.976461305160651771e-01 4.316809291184763309e-01
1.403636759663555622e+09 4.671822476441253258e+00 -1.756248279651757560e+00 7.577389109041404724e-01 -5.969220773586728646e-01 -5.469381232535546200e-01 3.921364909283150957e-01 4.367741926626537152e-01
1.403636759763555765e+09 4.681845997048840857e+00 -1.762802708100026372e+00 7.439202943113643052e-01 -5.957411171807485140e-01 -5.482594974654159126e-01 3.915630830174191002e-01 4.372440928784491199e-01
1.403636759863555670e+09 4.693814923294045371e+00 -1.768884391605811013e+00 7.387172572620195332e-01 -5.952832554414441146e-01 -5.488264854943575299e-01 3.908361589767618827e-01 4.378063857999779929e-01
1.403636759963555574e+09 4.708332632765601211e+00 -1.775201661909492357e+00 7.323110459852025800e-01 -5.997666195839940206e-01 -5.533276308468607629e-01 3.845814915028249459e-01 4.315154821876633351e-01
1.403636760063555717e+09 4.723435792010431733e+00 -1.781594360067196403e+00 7.239243817947582649e-01 -6.047403330033666036e-01 -5.554691326021595765e-01 3.810829025805049786e-01 4.248752684329827334e-01
1.403636760163555622e+09 4.736345133696215903e+00 -1.786780532912301211e+00 7.131244362686587346e-01 -6.081535608991975872e-01 -5.586497539273953539e-01 3.759437800737437385e-01 4.203878840146926255e-01
1.403636760263555765e+09 4.744194949851674892e+00 -1.790902104953954188e+00 7.032571178693275415e-01 -6.039222772590543409e-01 -5.534346142176015393e-01 3.829447598978789613e-01 4.270144279562558820e-01
1.403636760363555670e+09 4.751765571386141751e+00 -1.794271123659330947e+00 6.910286657510038566e-01 -5.991852988716293016e-01 -5.489738759652769140e-01 3.890546306503563923e-01 4.338676704863961286e-01
1.403636760463555574e+09 4.761173645726211490e+00 -1.797054299115532716e+00 6.753949203391056422e-01 -5.954585380208413659e-01 -5.485347916701064364e-01 3.897104510512149345e-01 4.389356173369544090e-01
1.403636760563555717e+09 4.772918161242531099e+00 -1.800323700152168804e+00 6.577691731169521550e-01 -5.972087943153725487e-01 -5.526434149674196439e-01 3.843682874234218283e-01 4.361054132990252463e-01
1.403636760663555622e+09 4.785946820944063873e+00 -1.803942662778976747e+00 6.407991602880701576e-01 -5.998453231862895807e-01 -5.581376659981007737e-01 3.772052577392371875e-01 4.317222806152169468e-01
1.403636760763555765e+09 4.797605637107005272e+00 -1.808729100006503998e+00 6.258313598002498424e-01 -5.993100928753374301e-01 -5.614026370523925724e-01 3.732740949368844041e-01 4.316490956059374495e-01
1.403636760863555670e+09 4.806911344823483034e+00 -1.815281515598242690e+00 6.129808021988536471e-01 -5.951990979413478433e-01 -5.605570017751818623e-01 3.750395184224072365e-01 4.368743997902745368e-01
1.403636760963555574e+09 4.815812166368536928e+00 -1.824178469206687581e+00 6.004464805541303019e-01 -5.930945306602700695e-01 -5.604359196171537771e-01 3.759676788185325469e-01 4.390885584794414487e-01
1.403636761063555717e+09 4.825108022698184840e+00 -1.836261451122141342e+00 5.869103797223864660e-01 -5.982546982907221977e-01 -5.621054816376860330e-01 3.741801430647295201e-01 4.314139126430679427e-01
1.403636761163555622e+09 4.833688706340788954e+00 -1.850007835012757340e+00 5.726011642312206495e-01 -6.054953940254321765e-01 -5.661056962052896102e-01 3.690235002142724374e-01 4.203823555140227541e-01
1.403636761263555765e+09 4.838129719105751292e+00 -1.864554065984815878e+00 5.597764889685927781e-01 -6.102561045514455218e-01 -5.704627442121800174e-01 3.630927831290335916e-01 4.127025262379874770e-01
1.403636761363555670e+09 4.835712399338623513e+00 -1.879156898901881867e+00 5.514159805658993552e-01 -6.093915445579767276e-01 -5.700840330788419230e-01 3.640328988334435856e-01 4.136740132238482248e-01
1.403636761463555574e+09 4.826976824186137272e+00 -1.893709518375336742e+00 5.481985894816219229e-01 -6.030584034186313724e-01 -5.645522072729641794e-01 3.718501239341522879e-01 4.234723753204582275e-01
1.403636761563555717e+09 4.815338391770509929e+00 -1.908540909197742330e+00 5.478874564206721587e-01 -5.979561674141350425e-01 -5.585179997934193175e-01 3.796432917760257375e-01 4.317140682994016765e-01
1.403636761663555622e+09 4.804210379721157942e+00 -1.924046981344602170e+00 5.502437590422981639e-01 -5.973555923127851219e-01 -5.530613041979477451e-01 3.862847487913770306e-01 4.336745127197236815e-01
1.403636761763555765e+09 4.794750576075063719e+00 -1.939409840043929023e+00 5.549937444197718950e-01 -6.019680538646071666e-01 -5.461963348954695929e-01 3.950840918841621585e-01 4.280333938062314547e-01
1.403636761863555670e+09 4.787360309454941287e+00 -1.951651310332893408e+00 5.608442595973412992e-01 -6.054518342739795278e-01 -5.421090594267429230e-01 4.000771919906142005e-01 4.236556201806259137e-01
1.403636761963555574e+09 4.782089933699623430e+00 -1.958916944331710930e+00 5.664072174580530028e-01 -6.044441831032950629e-01 -5.445257649362820196e-01 3.959431236841116641e-01 4.258731778832938186e-01
1.403636762063555717e+09 4.778536805533089904e+00 -1.962368097947397860e+00 5.722905013934710405e-01 -5.968544185122315326e-01 -5.518503109210898261e-01 3.843477764147281706e-01 4.376103566002257361e-01
1.403636762163555622e+09 4.776465411422764262e+00 -1.966177209047418550e+00 5.788981005452804585e-01 -5.890005242546275666e-01 -5.610303345910959694e-01 3.699519851015193872e-01 4.488417035167538427e-01
1.403636762263555765e+09 4.775581745175348836e+00 -1.975657106311020428e+00 5.859630076094362039e-01 -5.940940621914292397e-01 -5.664278850550880096e-01 3.611547827636950037e-01 4.424691166486249272e-01
1.403636762363555670e+09 4.772945462234888581e+00 -1.990071217955994065e+00 5.873873448793383023e-01 -6.034799700165944802e-01 -5.690178119254497568e-01 3.569105976174263839e-01 4.297039455354291215e-01
1.403636762463555574e+09 4.765692437171193063e+00 -2.007763865303968220e+00 5.817294210346782846e-01 -6.110897938138959429e-01 -5.650821741487056515e-01 3.623733688949013487e-01 4.194483780772340631e-01
1.403636762563555717e+09 4.752967563758921266e+00 -2.026727871852799012e+00 5.711009854150905785e-01 -6.181397174958022100e-01 -5.483257056197192725e-01 3.860621162552457797e-01 4.101198027447202632e-01
1.403636762663555622e+09 4.738193945044894662e+00 -2.041286264124858807e+00 5.517031482672971610e-01 -6.206871275741813188e-01 -5.340928164336554707e-01 4.056996117659458778e-01 4.060790293903861481e-01
1.403636762763555765e+09 4.724177684571605695e+00 -2.047236308436255037e+00 5.205309977946729338e-01 -6.132858218359300562e-01 -5.362921944631326987e-01 4.033388084968287379e-01 4.166401186315404348e-01
