1413394882.8057606220 -1.1879837243 0.4733437502 1.3549551663 -0.5484803452 -0.5736717627 0.4471785574 0.4124334581
1413394882.8557605743 -1.1879837243 0.4733437502 1.3549551663 -0.5484803452 -0.5736717627 0.4471785574 0.4124334581
1413394882.9057605267 -1.1879837243 0.4733437502 1.3549551663 -0.5484803452 -0.5736717627 0.4471785574 0.4124334581
1413394882.9557604790 -1.1879837243 0.4733437502 1.3549551663 -0.5484803452 -0.5736717627 0.4471785574 0.4124334581
1413394883.0057606697 -1.1879837243 0.4733437502 1.3549551663 -0.5484803452 -0.5736717627 0.4471785574 0.4124334581
1413394883.0557603836 -1.1879837243 0.4733437502 1.3549551663 -0.5484803452 -0.5736717627 0.4471785574 0.4124334581
1413394883.1057605743 -1.1879837243 0.4733437502 1.3549551663 -0.5484803452 -0.5736717627 0.4471785574 0.4124334581
1413394883.1557605267 -1.1879837243 0.4733437502 1.3549551663 -0.5484803452 -0.5736717627 0.4471785574 0.4124334581
1413394883.2057607174 -1.1879837243 0.4733437502 1.3549551663 -0.5484803452 -0.5736717627 0.4471785574 0.4124334581
1413394883.2557604313 -1.1879837243 0.4733437502 1.3549551663 -0.5484803452 -0.5736717627 0.4471785574 0.4124334581
1413394883.3057606220 -1.1879837243 0.4733437502 1.3549551663 -0.5484803452 -0.5736717627 0.4471785574 0.4124334581
1413394883.3557605743 -1.1879837243 0.4733437502 1.3549551663 -0.5484803452 -0.5736717627 0.4471785574 0.4124334581
1413394883.4057605267 -1.1879837243 0.4733437502 1.3549551663 -0.5484803452 -0.5736717627 0.4471785574 0.4124334581
1413394883.4557604790 -1.1879837243 0.4733437502 1.3549551663 -0.5484803452 -0.5736717627 0.4471785574 0.4124334581
1413394883.5057606697 -1.1879837243 0.4733437502 1.3549551663 -0.5484803452 -0.5736717627 0.4471785574 0.4124334581
1413394883.5557603836 -1.1879837243 0.4733437502 1.3549551663 -0.5484803452 -0.5736717627 0.4471785574 0.4124334581
1413394883.6057605743 -1.1879837243 0.4733437502 1.3549551663 -0.5484803452 -0.5736717627 0.4471785574 0.4124334581
1413394883.6557605267 -1.1879837243 0.4733437502 1.3549551663 -0.5484803452 -0.5736717627 0.4471785574 0.4124334581
1413394883.7057607174 -1.1879837243 0.4733437502 1.3549551663 -0.5484803452 -0.5736717627 0.4471785574 0.4124334581
1413394883.7557604313 -1.1879837243 0.4733437502 1.3549551663 -0.5484803452 -0.5736717627 0.4471785574 0.4124334581
1413394883.8057606220 -1.1879837243 0.4733437502 1.3549551663 -0.5484803452 -0.5736717627 0.4471785574 0.4124334581
1413394883.8557605743 -1.1879837243 0.4733437502 1.3549551663 -0.5484803452 -0.5736717627 0.4471785574 0.4124334581
1413394883.9057605267 -1.1879837243 0.4733437502 1.3549551663 -0.5484803452 -0.5736717627 0.4471785574 0.4124334581
1413394883.9557604790 -1.1879837243 0.4733437502 1.3549551663 -0.5484803452 -0.5736717627 0.4471785574 0.4124334581
1413394884.0057606697 -1.1879837243 0.4733437502 1.3549551663 -0.5484803452 -0.5736717627 0.4471785574 0.4124334581
1413394884.0557603836 -1.1879837243 0.4733437502 1.3549551663 -0.5484803452 -0.5736717627 0.4471785574 0.4124334581
1413394884.1057605743 -1.1879837243 0.4733437502 1.3549551663 -0.5484803452 -0.5736717627 0.4471785574 0.4124334581
1413394884.1557605267 -1.1879837243 0.4733437502 1.3549551663 -0.5484803452 -0.5736717627 0.4471785574 0.4124334581
1413394884.2057607174 -1.1879837243 0.4733437502 1.3549551663 -0.5484803452 -0.5736717627 0.4471785574 0.4124334581
1413394884.2557604313 -1.1879837243 0.4733437502 1.3549551663 -0.5484803452 -0.5736717627 0.4471785574 0.4124334581
1413394884.3057606220 -1.1879837243 0.4733437502 1.3549551663 -0.5484803452 -0.5736717627 0.4471785574 0.4124334581
1413394884.3557605743 -1.1879837243 0.4733437502 1.3549551663 -0.5484803452 -0.5736717627 0.4471785574 0.4124334581
1413394884.4057605267 -1.1879837243 0.4733437502 1.3549551663 -0.5484803452 -0.5736717627 0.4471785574 0.4124334581
1413394884.4557604790 -1.1879837243 0.4733437502 1.3549551663 -0.5484803452 -0.5736717627 0.4471785574 0.4124334581
1413394884.5057606697 -1.1879837243 0.4733437502 1.3549551663 -0.5484803452 -0.5736717627 0.4471785574 0.4124334581
1413394884.5557603836 -1.1879837243 0.4733437502 1.3549551663 -0.5484803452 -0.5736717627 0.4471785574 0.4124334581
1413394884.6057605743 -1.1879837243 0.4733437502 1.3549551663 -0.5484803452 -0.5736717627 0.4471785574 0.4124334581
1413394884.6557605267 -1.1879837243 0.4733437502 1.3549551663 -0.5484803452 -0.5736717627 0.4471785574 0.4124334581
1413394884.7057607174 -1.1879837243 0.4733437502 1.3549551663 -0.5484803452 -0.5736717627 0.4471785574 0.4124334581
1413394884.7557604313 -1.1879837243 0.4733437502 1.3549551663 -0.5484803452 -0.5736717627 0.4471785574 0.4124334581
1413394884.8057606220 -1.1879837243 0.4733437502 1.3549551663 -0.5484803452 -0.5736717627 0.4471785574 0.4124334581
1413394884.8557605743 -1.1879837243 0.4733437502 1.3549551663 -0.5484803452 -0.5736717627 0.4471785574 0.4124334581
1413394884.9057605267 -1.1879837243 0.4733437502 1.3549551663 -0.5484803452 -0.5736717627 0.4471785574 0.4124334581
1413394884.9557604790 -1.1879837243 0.4733437502 1.3549551663 -0.5484803452 -0.5736717627 0.4471785574 0.4124334581
1413394885.0057606697 -1.1879837243 0.4733437502 1.3549551663 -0.5484803452 -0.5736717627 0.4471785574 0.4124334581
1413394885.0557603836 -1.1879837243 0.4733437502 1.3549551663 -0.5484803452 -0.5736717627 0.4471785574 0.4124334581
1413394885.1057605743 -1.1879837243 0.4733437502 1.3549551663 -0.5484803452 -0.5736717627 0.4471785574 0.4124334581
1413394885.1557605267 -1.1879837243 0.4733437502 1.3549551663 -0.5484803452 -0.5736717627 0.4471785574 0.4124334581
1413394885.2057607174 -1.1879837243 0.4733437502 1.3549551663 -0.5484803452 -0.5736717627 0.4471785574 0.4124334581
1413394885.2557604313 -1.1879837243 0.4733437502 1.3549551663 -0.5484803452 -0.5736717627 0.4471785574 0.4124334581
1413394885.3057606220 -1.1879837243 0.4733437502 1.3549551663 -0.5484803452 -0.5736717627 0.4471785574 0.4124334581
1413394885.3557605743 -1.1879837243 0.4733437502 1.3549551663 -0.5484803452 -0.5736717627 0.4471785574 0.4124334581
1413394885.4057605267 -1.1879837243 0.4733437502 1.3549551663 -0.5484803452 -0.5736717627 0.4471785574 0.4124334581
1413394885.4557604790 -1.1879837243 0.4733437502 1.3549551663 -0.5484803452 -0.5736717627 0.4471785574 0.4124334581
1413394885.5057606697 -1.1879837243 0.4733437502 1.3549551663 -0.5484803452 -0.5736717627 0.4471785574 0.4124334581
1413394885.5557603836 -1.1879837243 0.4733437502 1.3549551663 -0.5484803452 -0.5736717627 0.4471785574 0.4124334581
1413394885.6057605743 -1.1879837243 0.4733437502 1.3549551663 -0.5484803452 -0.5736717627 0.4471785574 0.4124334581
1413394885.6557605267 -1.1879837243 0.4733437502 1.3549551663 -0.5484803452 -0.5736717627 0.4471785574 0.4124334581
1413394885.7057607174 -1.1879837243 0.4733437502 1.3549551663 -0.5484803452 -0.5736717627 0.4471785574 0.4124334581
1413394885.7557604313 -1.1879837243 0.4733437502 1.3549551663 -0.5484803452 -0.5736717627 0.4471785574 0.4124334581
1413394885.8057606220 -1.1879837243 0.4733437502 1.3549551663 -0.5484803452 -0.5736717627 0.4471785574 0.4124334581
1413394885.8557605743 -1.1879837243 0.4733437502 1.3549551663 -0.5484803452 -0.5736717627 0.4471785574 0.4124334581
1413394885.9057605267 -1.1879837243 0.4733437502 1.3549551663 -0.5484803452 -0.5736717627 0.4471785574 0.4124334581
1413394885.9557604790 -1.1879837243 0.4733437502 1.3549551663 -0.5484803452 -0.5736717627 0.4471785574 0.4124334581
1413394886.0057606697 -1.1879837243 0.4733437502 1.3549551663 -0.5484803452 -0.5736717627 0.4471785574 0.4124334581
1413394886.0557603836 -1.1879837243 0.4733437502 1.3549551663 -0.5484803452 -0.5736717627 0.4471785574 0.4124334581
1413394886.1057605743 -1.1879837243 0.4733437502 1.3549551663 -0.5484803452 -0.5736717627 0.4471785574 0.4124334581
1413394886.1557605267 -1.1879837243 0.4733437502 1.3549551663 -0.5484803452 -0.5736717627 0.4471785574 0.4124334581
1413394886.2057607174 -1.1879837243 0.4733437502 1.3549551663 -0.5484803452 -0.5736717627 0.4471785574 0.4124334581
1413394886.2557604313 -1.1879837243 0.4733437502 1.3549551663 -0.5484803452 -0.5736717627 0.4471785574 0.4124334581
1413394886.3057606220 -1.1879837243 0.4733437502 1.3549551663 -0.5484803452 -0.5736717627 0.4471785574 0.4124334581
1413394886.3557605743 -1.1879837243 0.4733437502 1.3549551663 -0.5484803452 -0.5736717627 0.4471785574 0.4124334581
1413394886.4057605267 -1.1879837243 0.4733437502 1.3549551663 -0.5484803452 -0.5736717627 0.4471785574 0.4124334581
1413394886.4557604790 -1.1879837243 0.4733437502 1.3549551663 -0.5484803452 -0.5736717627 0.4471785574 0.4124334581
1413394886.5057606697 -1.1879837243 0.4733437502 1.3549551663 -0.5484803452 -0.5736717627 0.4471785574 0.4124334581
1413394886.5557603836 -1.1879837243 0.4733437502 1.3549551663 -0.5484803452 -0.5736717627 0.4471785574 0.4124334581
1413394886.6057605743 -1.1879837243 0.4733437502 1.3549551663 -0.5484803452 -0.5736717627 0.4471785574 0.4124334581
1413394886.6557605267 -1.1879837243 0.4733437502 1.3549551663 -0.5484803452 -0.5736717627 0.4471785574 0.4124334581
1413394886.7057607174 -1.1879837243 0.4733437502 1.3549551663 -0.5484803452 -0.5736717627 0.4471785574 0.4124334581
1413394886.7557604313 -1.1888427319 0.4732868807 1.3561725349 -0.5507987089 -0.5764048423 0.4439241244 0.4090349762
1413394886.8057606220 -1.1888427319 0.4732868807 1.3561725349 -0.5507987089 -0.5764048423 0.4439241244 0.4090349762
1413394886.8557605743 -1.1888427319 0.4732868807 1.3561725349 -0.5507987089 -0.5764048423 0.4439241244 0.4090349762
1413394886.9057605267 -1.1888427319 0.4732868807 1.3561725349 -0.5507987089 -0.5764048423 0.4439241244 0.4090349762
1413394886.9557604790 -1.1887376017 0.4734716359 1.3561811254 -0.5531142098 -0.5790699838 0.4404685644 0.4058695217
1413394887.0057606697 -1.1887376017 0.4734716359 1.3561811254 -0.5531142098 -0.5790699838 0.4404685644 0.4058695217
1413394887.0557603836 -1.1887376017 0.4734716359 1.3561811254 -0.5531142098 -0.5790699838 0.4404685644 0.4058695217
1413394887.1057605743 -1.1864833443 0.4755851024 1.3579851071 -0.5553114241 -0.5824100659 0.4344731918 0.4045500995
1413394887.1557605267 -1.1864833443 0.4755851024 1.3579851071 -0.5553114241 -0.5824100659 0.4344731918 0.4045500995
1413394887.2057607174 -1.1864833443 0.4755851024 1.3579851071 -0.5553114241 -0.5824100659 0.4344731918 0.4045500995
1413394887.2557604313 -1.1864833443 0.4755851024 1.3579851071 -0.5553114241 -0.5824100659 0.4344731918 0.4045500995
1413394887.3057606220 -1.1808629726 0.4795711457 1.3784002627 -0.5546495124 -0.5826070884 0.4284726447 0.4115143881
1413394887.3557605743 -1.1808629726 0.4795711457 1.3784002627 -0.5546495124 -0.5826070884 0.4284726447 0.4115143881
1413394887.4057605267 -1.1808629726 0.4795711457 1.3784002627 -0.5546495124 -0.5826070884 0.4284726447 0.4115143881
1413394887.4557604790 -1.1808629726 0.4795711457 1.3784002627 -0.5546495124 -0.5826070884 0.4284726447 0.4115143881
1413394887.5057606697 -1.1720137842 0.4808105707 1.4360513539 -0.5564650145 -0.5847657895 0.4202856032 0.4144341574
1413394887.5557603836 -1.1720137842 0.4808105707 1.4360513539 -0.5564650145 -0.5847657895 0.4202856032 0.4144341574
1413394887.6057605743 -1.1720137842 0.4808105707 1.4360513539 -0.5564650145 -0.5847657895 0.4202856032 0.4144341574
1413394887.6557605267 -1.1720137842 0.4808105707 1.4360513539 -0.5564650145 -0.5847657895 0.4202856032 0.4144341574
1413394887.7057607174 -1.1623136853 0.4748535078 1.5290370189 -0.5641171070 -0.5918215272 0.4075180851 0.4067532174
1413394887.7557604313 -1.1623136853 0.4748535078 1.5290370189 -0.5641171070 -0.5918215272 0.4075180851 0.4067532174
1413394887.8057606220 -1.1608303091 0.4677149306 1.5674659280 -0.5694104179 -0.5953862372 0.4015543355 0.4000513968
1413394887.8557605743 -1.1614503149 0.4631604034 1.5806509920 -0.5699715817 -0.5977476062 0.3980202700 0.3992618940
1413394887.9057605267 -1.1645958008 0.4579687611 1.5942578493 -0.5722951255 -0.5990862379 0.3956182169 0.3963082075
1413394887.9557604790 -1.1687892190 0.4513911456 1.6085965870 -0.5730813253 -0.5994414127 0.3948758313 0.3953743355
1413394888.0057606697 -1.1740743573 0.4459343123 1.6207751846 -0.5733260755 -0.5991051761 0.3957329422 0.3946715565
1413394888.0557603836 -1.1821212347 0.4377533847 1.6337309217 -0.5715001021 -0.5977661600 0.3979805886 0.3970827400
1413394888.1057605743 -1.1922725385 0.4287738607 1.6456171182 -0.5691560043 -0.5958907317 0.4009896545 0.4002286542
1413394888.1557605267 -1.2022929049 0.4202023438 1.6586970187 -0.5662578648 -0.5937104129 0.4049401566 0.4035882131
1413394888.2057607174 -1.2129172258 0.4112246858 1.6711252620 -0.5638438410 -0.5923211925 0.4075885145 0.4063340138
1413394888.2557604313 -1.2265973494 0.4005765869 1.6842391751 -0.5625015408 -0.5916807386 0.4090158835 0.4076909703
1413394888.3057606220 -1.2392974708 0.3903399251 1.6958632709 -0.5615176144 -0.5929436006 0.4079577985 0.4082723231
1413394888.3557605743 -1.2534019433 0.3786161719 1.7100075187 -0.5615364460 -0.5935489285 0.4079350393 0.4073886266
1413394888.4057605267 -1.2680952393 0.3668198282 1.7235087906 -0.5615511866 -0.5950313810 0.4065032690 0.4066362167
1413394888.4557604790 -1.2815428490 0.3553853310 1.7363922265 -0.5618839878 -0.5958386674 0.4060094439 0.4054861258
1413394888.5057606697 -1.2940465782 0.3456116771 1.7441027733 -0.5634465535 -0.5961611208 0.4059795007 0.4028654173
1413394888.5557603836 -1.3100125583 0.3324351591 1.7573652586 -0.5653008382 -0.5959576233 0.4065702406 0.3999626395
1413394888.6057605743 -1.3270304277 0.3185560341 1.7662786216 -0.5667847219 -0.5959682133 0.4070489054 0.3973514268
1413394888.6557605267 -1.3446787373 0.3043986882 1.7709134559 -0.5673559071 -0.5952479702 0.4085412474 0.3960822866
1413394888.7057607174 -1.3639896388 0.2891007913 1.7719080818 -0.5662085662 -0.5935079085 0.4114799310 0.3972914403
1413394888.7557604313 -1.3825731106 0.2750632867 1.7737752906 -0.5661483533 -0.5901568247 0.4164332606 0.3972081367
1413394888.8057606220 -1.4027315334 0.2613094180 1.7747173498 -0.5651859696 -0.5858993861 0.4226039362 0.3983624509
1413394888.8557605743 -1.4226594051 0.2466528340 1.7758838041 -0.5648739751 -0.5827236038 0.4271265665 0.3986395490
1413394888.9057605267 -1.4422330868 0.2339002252 1.7792375191 -0.5644035502 -0.5799065896 0.4316636919 0.3985265825
1413394888.9557604790 -1.4623942257 0.2211865645 1.7797880269 -0.5644337996 -0.5769590513 0.4358305388 0.3982266697
1413394889.0057606697 -1.4809441592 0.2092475308 1.7840571252 -0.5642942151 -0.5759073573 0.4376571937 0.3979433822
1413394889.0557603836 -1.5014295766 0.1983028343 1.7889736102 -0.5639497865 -0.5743022330 0.4401638222 0.3979866745
1413394889.1057605743 -1.5209736330 0.1871810898 1.7938063472 -0.5644321452 -0.5732306703 0.4416457148 0.3972052551
1413394889.1557605267 -1.5448177166 0.1746699752 1.7964378069 -0.5626643384 -0.5733672642 0.4419036236 0.3992242604
1413394889.2057607174 -1.5629847309 0.1655816912 1.8011545728 -0.5591138589 -0.5724938125 0.4427311635 0.4045140841
1413394889.2557604313 -1.5818829394 0.1596119079 1.8068598404 -0.5529941955 -0.5675903771 0.4491151888 0.4127155569
1413394889.3057606220 -1.5998957075 0.1503292254 1.8150693422 -0.5448741229 -0.5599472077 0.4578851371 0.4241609552
1413394889.3557605743 -1.6165322309 0.1421309503 1.8255355439 -0.5328163043 -0.5495119533 0.4698884512 0.4397138188
1413394889.4057605267 -1.6258165892 0.1360314694 1.8392220164 -0.5212392268 -0.5384276427 0.4825428459 0.4533847637
1413394889.4557604790 -1.6330359760 0.1301273620 1.8524878996 -0.5089411626 -0.5276806133 0.4936185451 0.4678384285
1413394889.5057606697 -1.6347766396 0.1287874216 1.8607171345 -0.5028673104 -0.5221993977 0.4994358006 0.4743375785
1413394889.5557603836 -1.6283383590 0.1215137508 1.8651204926 -0.5038174003 -0.5259968645 0.4943549796 0.4744559831
1413394889.6057605743 -1.6187224390 0.1153893978 1.8726860543 -0.5147006689 -0.5368614642 0.4823475151 0.4628216335
1413394889.6557605267 -1.6043887352 0.1135569916 1.8820222536 -0.5281135870 -0.5513503851 0.4655846659 0.4475932427
1413394889.7057607174 -1.5878896264 0.1078880202 1.8892689193 -0.5426705737 -0.5666550355 0.4464930390 0.4301798289
1413394889.7557604313 -1.5663729976 0.1027768375 1.9026163156 -0.5569477638 -0.5826665551 0.4251868612 0.4117341462
1413394889.8057606220 -1.5446844067 0.0971212893 1.9059744715 -0.5699093644 -0.5949482691 0.4075225747 0.3939101733
1413394889.8557605743 -1.5282059225 0.0948001418 1.9217926626 -0.5811175032 -0.6060501003 0.3910449736 0.3769476782
1413394889.9057605267 -1.5112341403 0.0893386978 1.9284345723 -0.5908362931 -0.6143167389 0.3767099433 0.3627906252
1413394889.9557604790 -1.4980439891 0.0845189551 1.9395139479 -0.5994370560 -0.6209049251 0.3649576174 0.3492251816
1413394890.0057606697 -1.4910592572 0.0795458909 1.9459615120 -0.6058549129 -0.6273711983 0.3532241645 0.3384935653
1413394890.0557603836 -1.4865450597 0.0749884356 1.9492636592 -0.6112535120 -0.6323885276 0.3437504017 0.3290737844
1413394890.1057605743 -1.4882233191 0.0683036040 1.9510343678 -0.6167202360 -0.6335074589 0.3392664868 0.3212828986
1413394890.1557605267 -1.4974641499 0.0615851478 1.9524318014 -0.6179667255 -0.6300196645 0.3434062528 0.3213479330
1413394890.2057607174 -1.5144604233 0.0531708482 1.9551263089 -0.6140324298 -0.6228582745 0.3544909126 0.3306779972
1413394890.2557604313 -1.5365846301 0.0490415486 1.9550819739 -0.6090411121 -0.6106847588 0.3732907839 0.3417411883
1413394890.3057606220 -1.5611847461 0.0453323076 1.9539259083 -0.6020692301 -0.5969650218 0.3938913799 0.3549577240
1413394890.3557605743 -1.5876271308 0.0418498044 1.9481892917 -0.5937649136 -0.5813136658 0.4158927694 0.3695278794
1413394890.4057605267 -1.6184259847 0.0407435364 1.9433519309 -0.5841401177 -0.5654025393 0.4379741963 0.3837693251
1413394890.4557604790 -1.6452787919 0.0407393534 1.9329409993 -0.5728116114 -0.5513173605 0.4569761634 0.3988844595
1413394890.5057606697 -1.6767293834 0.0405546065 1.9294841850 -0.5605863329 -0.5382044262 0.4740052175 0.4140024310
1413394890.5557603836 -1.7016079182 0.0410623414 1.9215163220 -0.5486725473 -0.5267537434 0.4875811138 0.4286648890
1413394890.6057605743 -1.7233954458 0.0460344506 1.9120654709 -0.5376824768 -0.5187894784 0.4974988547 0.4407379276
1413394890.6557605267 -1.7407897530 0.0499053083 1.9030630132 -0.5269854724 -0.5148772285 0.5022072550 0.4527423378
1413394890.7057607174 -1.7545964684 0.0582101222 1.9014761008 -0.5196442132 -0.5129615668 0.5049023953 0.4603410626
1413394890.7557604313 -1.7591345597 0.0676193096 1.8863402213 -0.5152314011 -0.5145780216 0.5039084180 0.4645668620
1413394890.8057606220 -1.7569451659 0.0781595425 1.8746858587 -0.5178104950 -0.5247625159 0.4931830509 0.4618084792
1413394890.8557605743 -1.7538878110 0.0866763216 1.8733920658 -0.5285148507 -0.5394510500 0.4778544347 0.4486867020
1413394890.9057605267 -1.7422221644 0.0992800402 1.8679104257 -0.5409358405 -0.5562499794 0.4595023998 0.4322405828
1413394890.9557604790 -1.7316659007 0.1117028655 1.8609346830 -0.5544301358 -0.5738816058 0.4382729219 0.4137438495
1413394891.0057606697 -1.7159690091 0.1215876552 1.8450990389 -0.5667194867 -0.5899526819 0.4166942845 0.3964224134
1413394891.0557603836 -1.7038019866 0.1322150770 1.8376899703 -0.5780060663 -0.6035910983 0.3972457574 0.3791867372
1413394891.1057605743 -1.6952619504 0.1444281962 1.8370093976 -0.5867281472 -0.6153086669 0.3797421317 0.3646110792
1413394891.1557605267 -1.6884662257 0.1544638632 1.8351533734 -0.5941144139 -0.6231600360 0.3667126996 0.3524506045
1413394891.2057607174 -1.6875951277 0.1649310894 1.8320256634 -0.5995812769 -0.6293341173 0.3562666857 0.3428044776
1413394891.2557604313 -1.6891604486 0.1736511777 1.8270429858 -0.6023163911 -0.6339965309 0.3482752604 0.3375910349
1413394891.3057606220 -1.6990437066 0.1837065969 1.8253653730 -0.6037627759 -0.6361541834 0.3446431928 0.3346631666
1413394891.3557605743 -1.7137347598 0.1927882605 1.8247903269 -0.6023392909 -0.6366474738 0.3444032036 0.3365320283
1413394891.4057605267 -1.7373129508 0.1985099815 1.8237654879 -0.5964399937 -0.6339096452 0.3496291634 0.3466660407
1413394891.4557604790 -1.7656752847 0.2047485110 1.8262840898 -0.5905435618 -0.6282309629 0.3595131976 0.3568394871
1413394891.5057606697 -1.7979656937 0.2118128201 1.8273528473 -0.5825161442 -0.6213421173 0.3713613821 0.3697291426
1413394891.5557603836 -1.8361658589 0.2160729558 1.8322150246 -0.5752536506 -0.6138064901 0.3831600510 0.3814619320
1413394891.6057605743 -1.8751618419 0.2188731547 1.8336571126 -0.5671197731 -0.6084170952 0.3918883386 0.3932268191
1413394891.6557605267 -1.9146557982 0.2205515072 1.8398387427 -0.5615053439 -0.6041178235 0.3987666888 0.4009221021
1413394891.7057607174 -1.9554666490 0.2233384060 1.8406018248 -0.5565024549 -0.6008373930 0.4041521024 0.4073825266
1413394891.7557604313 -1.9970454071 0.2251140277 1.8440701194 -0.5534252535 -0.5984281042 0.4083147832 0.4109541712
1413394891.8057606220 -2.0385784240 0.2226946902 1.8474275824 -0.5515366257 -0.5974684041 0.4102472100 0.4129601472
1413394891.8557605743 -2.0793123177 0.2194372487 1.8576858080 -0.5469561531 -0.5943965536 0.4147314686 0.4189624238
1413394891.9057605267 -2.1195174644 0.2159067968 1.8681274656 -0.5400493001 -0.5893307159 0.4223314938 0.4274016497
1413394891.9557604790 -2.1602016265 0.2115351171 1.8871088594 -0.5334562131 -0.5831744580 0.4308402172 0.4355556538
1413394892.0057606697 -2.1973344811 0.2055723455 1.8970994717 -0.5261186002 -0.5775520070 0.4387898828 0.4439553316
1413394892.0557603836 -2.2347764896 0.1967912424 1.9199130438 -0.5203137619 -0.5745576736 0.4452517685 0.4482275444
1413394892.1057605743 -2.2671271631 0.1866778398 1.9365958380 -0.5138065339 -0.5726856393 0.4521633033 0.4512010100
1413394892.1557605267 -2.2946903702 0.1774834338 1.9559291633 -0.5072524296 -0.5745831349 0.4574744175 0.4508506973
1413394892.2057607174 -2.3196332977 0.1681429390 1.9734323444 -0.5002877583 -0.5790875540 0.4624504642 0.4477826837
1413394892.2557604313 -2.3393745037 0.1569512318 1.9883647874 -0.4924757940 -0.5846455588 0.4680097699 0.4434230690
1413394892.3057606220 -2.3587409782 0.1402108334 2.0057215910 -0.4853344306 -0.5910033876 0.4731160204 0.4374090964
1413394892.3557605743 -2.3767816864 0.1305230994 2.0112152845 -0.4765315764 -0.5991214129 0.4788775182 0.4297063089
1413394892.4057605267 -2.3895669585 0.1164153644 2.0176420945 -0.4674844240 -0.6063220326 0.4856013573 0.4219279890
1413394892.4557604790 -2.3969465106 0.0999512747 2.0208307539 -0.4586267708 -0.6138343373 0.4922380803 0.4130018933
1413394892.5057606697 -2.4046541783 0.0839504655 2.0198094752 -0.4482871743 -0.6223886987 0.4987801852 0.4035953964
1413394892.5557603836 -2.4076132429 0.0703089241 2.0176343986 -0.4380378009 -0.6319360152 0.5049874857 0.3921318617
1413394892.6057605743 -2.4047898713 0.0523871316 2.0179585154 -0.4288907566 -0.6435165793 0.5084954746 0.3786442701
1413394892.6557605267 -2.3999965847 0.0324412395 2.0120606808 -0.4187409837 -0.6553198453 0.5121191727 0.3646173911
1413394892.7057607174 -2.3928138439 0.0128986081 2.0133149551 -0.4084926192 -0.6675703251 0.5152270238 0.3493204188
1413394892.7557604313 -2.3845767583 -0.0032524031 2.0162676539 -0.3979770042 -0.6804713232 0.5165142940 0.3343442335
1413394892.8057606220 -2.3695940581 -0.0257126888 2.0199848590 -0.3846179539 -0.6924854166 0.5207297439 0.3183920713
1413394892.8557605743 -2.3531285849 -0.0460080841 2.0234406222 -0.3715982645 -0.7030916057 0.5241494103 0.3047036585
1413394892.9057605267 -2.3394970154 -0.0599423009 2.0296269416 -0.3593768169 -0.7141415160 0.5255909797 0.2908682186
1413394892.9557604790 -2.3259546858 -0.0761592287 2.0344839255 -0.3470584453 -0.7268665905 0.5247602118 0.2753944722
1413394893.0057606697 -2.3127418082 -0.0952198865 2.0369255210 -0.3343701563 -0.7379642390 0.5237741054 0.2631844733
1413394893.0557603836 -2.3013702078 -0.1115225020 2.0411921590 -0.3212026917 -0.7473723271 0.5238045158 0.2527691927
1413394893.1057605743 -2.2877448498 -0.1296892897 2.0477722577 -0.3056241965 -0.7564208534 0.5239808442 0.2446741056
1413394893.1557605267 -2.2713418053 -0.1484809977 2.0555875709 -0.2894080632 -0.7648762994 0.5236637446 0.2387121742
1413394893.2057607174 -2.2599735527 -0.1683321683 2.0618631470 -0.2753693584 -0.7712704567 0.5261315204 0.2291270876
1413394893.2557604313 -2.2470677052 -0.1890440928 2.0685226340 -0.2622381581 -0.7766295352 0.5280187216 0.2219773483
1413394893.3057606220 -2.2341840175 -0.2104911852 2.0785458382 -0.2512734848 -0.7782687074 0.5336683661 0.2153079883
1413394893.3557605743 -2.2226746666 -0.2346503064 2.0896647842 -0.2417222600 -0.7784882943 0.5393233165 0.2113212836
1413394893.4057605267 -2.2115644603 -0.2592542601 2.0991973268 -0.2299417483 -0.7768342122 0.5462703075 0.2127067236
1413394893.4557604790 -2.1974729819 -0.2846182205 2.1068561438 -0.2188617909 -0.7766281363 0.5495307853 0.2167121835
1413394893.5057606697 -2.1853661212 -0.3095593553 2.1164605688 -0.2088705839 -0.7753695782 0.5543016221 0.2189173545
1413394893.5557603836 -2.1684012441 -0.3380908009 2.1230587405 -0.2011993782 -0.7750874491 0.5560149507 0.2227232161
1413394893.6057605743 -2.1497561553 -0.3686004754 2.1287404993 -0.1940526735 -0.7738729766 0.5578858624 0.2285334560
1413394893.6557605267 -2.1307833538 -0.3996069069 2.1269817739 -0.1878259795 -0.7728758020 0.5583871456 0.2357714820
1413394893.7057607174 -2.1141167536 -0.4268098954 2.1308534986 -0.1798483885 -0.7705438951 0.5599369773 0.2457381623
1413394893.7557604313 -2.0884561557 -0.4587544741 2.1232471493 -0.1763108111 -0.7679556279 0.5611704006 0.2534688006
1413394893.8057606220 -2.0580860563 -0.4902554791 2.1228113042 -0.1745424836 -0.7649926486 0.5627091135 0.2601530753
1413394893.8557605743 -2.0319771776 -0.5238290174 2.1190636599 -0.1766970368 -0.7629366644 0.5640583614 0.2618090300
1413394893.9057605267 -1.9981236769 -0.5586252967 2.1164963503 -0.1791451242 -0.7616746690 0.5650509935 0.2616793800
1413394893.9557604790 -1.9583556174 -0.5923403829 2.1127797373 -0.1814779205 -0.7596548347 0.5684261688 0.2586155198
1413394894.0057606697 -1.9158487022 -0.6288303444 2.1065245991 -0.1817359163 -0.7576642460 0.5728784192 0.2544155338
1413394894.0557603836 -1.8646485489 -0.6652296043 2.1001613263 -0.1793580073 -0.7552748087 0.5786371404 0.2501394178
1413394894.1057605743 -1.8227431763 -0.6924909054 2.0966765263 -0.1764719866 -0.7548339275 0.5842386000 0.2403094631
1413394894.1557605267 -1.7630846432 -0.7337232687 2.0928391898 -0.1753758317 -0.7549210122 0.5892263920 0.2283633989
1413394894.2057607174 -1.7111216662 -0.7607332732 2.0838174980 -0.1751338227 -0.7555349767 0.5959808318 0.2080910645
1413394894.2557604313 -1.6484517767 -0.7937426822 2.0769244207 -0.1741270694 -0.7569237366 0.6012326709 0.1877910969
1413394894.3057606220 -1.5867237830 -0.8233722923 2.0672182305 -0.1703391469 -0.7609039782 0.6028814105 0.1689488558
1413394894.3557605743 -1.5224884037 -0.8533755619 2.0572252778 -0.1646512014 -0.7636903493 0.6053486520 0.1523812380
1413394894.4057605267 -1.4648532835 -0.8750289310 2.0465907818 -0.1567258527 -0.7677829117 0.6061904037 0.1359397002
1413394894.4557604790 -1.4035510002 -0.8990262523 2.0356860859 -0.1487394571 -0.7728956352 0.6048262163 0.1212194665
1413394894.5057606697 -1.3397251353 -0.9234207429 2.0238702275 -0.1386519899 -0.7781742261 0.6024324895 0.1108855046
1413394894.5557603836 -1.2743165893 -0.9457498046 2.0076231386 -0.1279982997 -0.7822131524 0.6009886938 0.1028183319
1413394894.6057605743 -1.2152178045 -0.9635852940 1.9958723260 -0.1184396955 -0.7863736698 0.5993899990 0.0912146869
1413394894.6557605267 -1.1565438133 -0.9804805297 1.9786219190 -0.1074267386 -0.7883927258 0.6000624547 0.0825921077
1413394894.7057607174 -1.0943130835 -0.9966853987 1.9650636136 -0.0960702856 -0.7893271092 0.6012855941 0.0786692392
1413394894.7557604313 -1.0420943337 -1.0125533738 1.9479438297 -0.0835516461 -0.7904763097 0.6017634139 0.0777632299
1413394894.8057606220 -0.9818843593 -1.0280720202 1.9343878689 -0.0764231427 -0.7925762070 0.6003680875 0.0744353332
1413394894.8557605743 -0.9283240875 -1.0407597650 1.9182682322 -0.0675809710 -0.7947575430 0.5987771315 0.0725203906
1413394894.9057605267 -0.8663407405 -1.0532202657 1.8976486685 -0.0650332470 -0.7968701263 0.5968259991 0.0675825812
1413394894.9557604790 -0.8114166112 -1.0647317415 1.8832983411 -0.0634428017 -0.7992683029 0.5944250276 0.0616772037
1413394895.0057606697 -0.7577690170 -1.0757402369 1.8697197686 -0.0663251666 -0.8016425145 0.5918057308 0.0523089683
1413394895.0557603836 -0.6995576334 -1.0849956918 1.8537311999 -0.0691980705 -0.8029047617 0.5902305004 0.0467282257
1413394895.1057605743 -0.6462669498 -1.0938728613 1.8417007005 -0.0702924851 -0.8050408086 0.5874084004 0.0438136299
1413394895.1557605267 -0.5947310083 -1.1042182407 1.8283265532 -0.0724332110 -0.8072169541 0.5843631746 0.0409133134
1413394895.2057607174 -0.5400981993 -1.1128987421 1.8156311977 -0.0749858863 -0.8078746147 0.5831564750 0.0405493455
1413394895.2557604313 -0.4911986438 -1.1242889972 1.8083629112 -0.0770907267 -0.8073096406 0.5836239916 0.0411242069
1413394895.3057606220 -0.4428980595 -1.1306340934 1.7988800106 -0.0778431658 -0.8067802875 0.5839994663 0.0446165048
1413394895.3557605743 -0.3970185878 -1.1388739952 1.7911304913 -0.0733279657 -0.8062330248 0.5843190739 0.0564139964
1413394895.4057605267 -0.3530839425 -1.1477210983 1.7848292399 -0.0679432478 -0.8053049540 0.5848109641 0.0697408232
1413394895.4557604790 -0.3091414412 -1.1558167714 1.7827402586 -0.0637470971 -0.8051389702 0.5840493346 0.0810797204
1413394895.5057606697 -0.2638634432 -1.1641689926 1.7818067503 -0.0623350572 -0.8060189008 0.5818748563 0.0887103368
1413394895.5557603836 -0.2177299351 -1.1715204361 1.7843540425 -0.0611649224 -0.8072182744 0.5791790728 0.0959641150
1413394895.6057605743 -0.1676476395 -1.1810504060 1.7917524282 -0.0642490611 -0.8071742722 0.5787110066 0.0971355926
1413394895.6557605267 -0.1227605570 -1.1882233211 1.8023588436 -0.0681010036 -0.8074912961 0.5782814986 0.0943958066
1413394895.7057607174 -0.0729729462 -1.1978580751 1.8174152864 -0.0736474020 -0.8088484333 0.5765351409 0.0891487711
1413394895.7557604313 -0.0237464125 -1.2068559736 1.8366482239 -0.0776928170 -0.8100053264 0.5750285603 0.0848372100
1413394895.8057606220 0.0256619486 -1.2166486378 1.8547195292 -0.0813734004 -0.8099805136 0.5752003154 0.0803401172
1413394895.8557605743 0.0758613725 -1.2268716213 1.8706254257 -0.0835215804 -0.8093768909 0.5760692627 0.0779576725
1413394895.9057605267 0.1234850637 -1.2379259974 1.8893612651 -0.0840817831 -0.8096031506 0.5759669657 0.0757300916
1413394895.9557604790 0.1729378632 -1.2492175257 1.9034114696 -0.0839667978 -0.8090984902 0.5767941133 0.0749517241
1413394896.0057606697 0.2211851973 -1.2594556735 1.9112125286 -0.0835452086 -0.8081441279 0.5782760568 0.0742971660
1413394896.0557603836 0.2673411951 -1.2702576175 1.9204251869 -0.0827563101 -0.8084410505 0.5781168526 0.0731803646
1413394896.1057605743 0.3144540446 -1.2814599226 1.9228893808 -0.0820927678 -0.8080428668 0.5789454912 0.0717608604
1413394896.1557605267 0.3596540773 -1.2907146222 1.9241276624 -0.0808731626 -0.8083137644 0.5788089968 0.0711936445
1413394896.2057607174 0.4043164855 -1.3029622810 1.9246775520 -0.0805891168 -0.8089731209 0.5780625743 0.0700824091
1413394896.2557604313 0.4498255429 -1.3155668852 1.9233790125 -0.0848532246 -0.8088699764 0.5785363398 0.0618465452
1413394896.3057606220 0.4951021242 -1.3279477896 1.9201016507 -0.0923428669 -0.8081257052 0.5796011323 0.0496806506
1413394896.3557605743 0.5403125678 -1.3392153199 1.9145487417 -0.1015664854 -0.8072119997 0.5803089160 0.0365321599
1413394896.4057605267 0.5815287970 -1.3510011747 1.9102418160 -0.1085732213 -0.8067999508 0.5802286906 0.0249070610
1413394896.4557604790 0.6207622962 -1.3642876894 1.9066972648 -0.1160126700 -0.8060268652 0.5802327984 0.0138438634
1413394896.5057606697 0.6558002752 -1.3771767227 1.9045145925 -0.1226423063 -0.8060180967 0.5790299698 0.0042410527
1413394896.5557603836 0.6853559682 -1.3884850567 1.9001682416 0.1301319688 0.8052312571 -0.5784532991 0.0077507432
1413394896.6057605743 0.7118164606 -1.3999682508 1.8933358989 0.1378320395 0.8043046364 -0.5777046508 0.0188073674
1413394896.6557605267 0.7344777901 -1.4116200435 1.8845985257 0.1469592920 0.8025142351 -0.5774151729 0.0310738957
1413394896.7057607174 0.7500244880 -1.4208390005 1.8732671709 0.1545658016 0.8003295617 -0.5776947675 0.0430204757
1413394896.7557604313 0.7614481079 -1.4323681874 1.8613340325 0.1630665512 0.7988942819 -0.5764392729 0.0538051198
1413394896.8057606220 0.7655163138 -1.4427633119 1.8475629295 0.1711303379 0.7961425982 -0.5767816264 0.0647636186
1413394896.8557605743 0.7646217446 -1.4503558970 1.8306080068 0.1766180908 0.7923255326 -0.5797224946 0.0703429423
1413394896.9057605267 0.7523412317 -1.4557006210 1.8126188650 0.1800329092 0.7880163040 -0.5842765996 0.0723830870
1413394896.9557604790 0.7336485462 -1.4612359835 1.7979048640 0.1828897627 0.7858843282 -0.5858625318 0.0755132521
1413394897.0057606697 0.7064939148 -1.4639910095 1.7828406534 0.1856614986 0.7840398496 -0.5869375806 0.0794707410
1413394897.0557603836 0.6699853199 -1.4641075553 1.7701696517 0.1882187243 0.7836864934 -0.5861015364 0.0830312046
1413394897.1057605743 0.6221010177 -1.4640601913 1.7625813277 0.1874470586 0.7856461246 -0.5838636654 0.0820182130
1413394897.1557605267 0.5661045740 -1.4613190009 1.7522047109 0.1841490630 0.7862604652 -0.5846357595 0.0780040527
1413394897.2057607174 0.5070751344 -1.4571978476 1.7436757143 0.1809310871 0.7875922676 -0.5847598636 0.0708397037
1413394897.2557604313 0.4373839313 -1.4519163514 1.7338853165 0.1717949944 0.7910082613 -0.5844535017 0.0566260971
1413394897.3057606220 0.3618780059 -1.4450458531 1.7259306219 0.1545260943 0.7952749074 -0.5854172321 0.0307599121
1413394897.3557605743 0.2803315945 -1.4387766136 1.7197627651 0.1363867061 0.7982233435 -0.5867089332 0.0032845099
1413394897.4057605267 0.1931056269 -1.4318167398 1.7160957035 -0.1207495006 -0.7996345730 0.5879028236 0.0193488445
1413394897.4557604790 0.1070077347 -1.4249528915 1.7132726599 -0.1077473819 -0.7998070597 0.5892849903 0.0379785366
1413394897.5057606697 0.0172665200 -1.4163504459 1.7125149281 -0.0974651817 -0.8000656073 0.5896430645 0.0521211951
1413394897.5557603836 -0.0695807333 -1.4081445990 1.7124402813 -0.0912363351 -0.8007316974 0.5888782007 0.0610503457
1413394897.6057605743 -0.1594442045 -1.3983627842 1.7136426672 -0.0857728309 -0.8012956243 0.5882708375 0.0671250011
1413394897.6557605267 -0.2483933166 -1.3885064415 1.7172215260 -0.0823463413 -0.8004320066 0.5895292848 0.0705896966
1413394897.7057607174 -0.3342134628 -1.3794149696 1.7209028476 -0.0807079866 -0.7980557783 0.5927025462 0.0727797178
1413394897.7557604313 -0.4192859130 -1.3697874450 1.7266846645 -0.0791389581 -0.7966328801 0.5946138926 0.0744808599
1413394897.8057606220 -0.5056809406 -1.3594405551 1.7333502537 -0.0768157006 -0.7938763728 0.5983815274 0.0761524826
1413394897.8557605743 -0.5884900805 -1.3485625449 1.7422606864 -0.0762871101 -0.7920240452 0.6009605001 0.0756615228
1413394897.9057605267 -0.6706972787 -1.3365425903 1.7511233692 -0.0746749749 -0.7898766177 0.6037533420 0.0774627584
1413394897.9557604790 -0.7517196802 -1.3241570402 1.7622658738 -0.0736975290 -0.7872820715 0.6070999319 0.0786465950
1413394898.0057606697 -0.8340751919 -1.3088093024 1.7720890253 -0.0723164919 -0.7873357098 0.6071570526 0.0789501020
1413394898.0557603836 -0.9116003017 -1.2938350109 1.7822923938 -0.0712031164 -0.7891432002 0.6047058997 0.0807087390
1413394898.1057605743 -0.9877021051 -1.2765013918 1.7938596085 -0.0693268305 -0.7902795092 0.6031545450 0.0828050895
1413394898.1557605267 -1.0627623404 -1.2589374066 1.8029866691 -0.0654531231 -0.7918577220 0.6009778367 0.0866191470
1413394898.2057607174 -1.1366604768 -1.2397419721 1.8149297905 -0.0620860341 -0.7925692157 0.6000588039 0.0889314039
1413394898.2557604313 -1.2067471325 -1.2213997272 1.8280689110 -0.0556330899 -0.7929748206 0.5989827742 0.0965169905
1413394898.3057606220 -1.2748901105 -1.2019406777 1.8391466749 -0.0471255451 -0.7927389695 0.5987160062 0.1043228312
1413394898.3557605743 -1.3387518085 -1.1819168689 1.8523618025 -0.0373310156 -0.7930554283 0.5977191494 0.1113611304
1413394898.4057605267 -1.4010033848 -1.1615371467 1.8659682705 -0.0255804614 -0.7938401063 0.5960899273 0.1176449076
1413394898.4557604790 -1.4562759130 -1.1405729485 1.8768068056 -0.0143656031 -0.7952025003 0.5942634424 0.1195724632
1413394898.5057606697 -1.5083034804 -1.1183273117 1.8913371301 -0.0018905669 -0.7971023199 0.5920244073 0.1188756432
1413394898.5557603836 -1.5571021675 -1.0964527680 1.9043231194 0.0112507467 -0.7997745171 0.5889402309 0.1156872810
1413394898.6057605743 -1.5973205503 -1.0754040583 1.9181092856 0.0241355929 -0.8014673834 0.5866035167 0.1138587749
1413394898.6557605267 -1.6372103490 -1.0530597070 1.9303938750 0.0349646867 -0.8029537811 0.5846329776 0.1106660633
1413394898.7057607174 -1.6701505032 -1.0336316474 1.9460965421 0.0432028342 -0.8063913646 0.5801988610 0.1059988863
1413394898.7557604313 -1.7002998267 -1.0134622371 1.9627793104 0.0476997123 -0.8112891049 0.5743692802 0.0981562822
1413394898.8057606220 -1.7244154341 -0.9930713169 1.9748752017 0.0525452320 -0.8150049295 0.5692733316 0.0945189791
1413394898.8557605743 -1.7418509658 -0.9758195559 1.9910389215 0.0578025450 -0.8174896805 0.5654209929 0.0931052568
1413394898.9057605267 -1.7606133493 -0.9574267330 2.0052633660 0.0663671448 -0.8188165802 0.5617807976 0.0976583099
1413394898.9557604790 -1.7688875393 -0.9415329466 2.0196056004 0.0727983100 -0.8192452217 0.5595624099 0.1021155334
1413394899.0057606697 -1.7753716906 -0.9279801621 2.0352385442 0.0781180030 -0.8208489196 0.5556653542 0.1064924546
1413394899.0557603836 -1.7737706088 -0.9144740140 2.0501134623 0.0788896751 -0.8232137965 0.5520376618 0.1065358362
1413394899.1057605743 -1.7687172665 -0.9054557291 2.0636541846 0.0770207396 -0.8281063801 0.5455153378 0.1035405481
1413394899.1557605267 -1.7568447212 -0.8968700476 2.0710947325 0.0740479521 -0.8320131837 0.5405526515 0.1003682913
1413394899.2057607174 -1.7432062801 -0.8926328374 2.0830661465 0.0730311828 -0.8350042002 0.5364718735 0.0981445922
1413394899.2557604313 -1.7229037385 -0.8883671593 2.0874534430 0.0748349348 -0.8354598588 0.5350964596 0.1003909145
1413394899.3057606220 -1.6984178069 -0.8868130174 2.0877137356 0.0739174249 -0.8349162313 0.5363665999 0.0988026896
1413394899.3557605743 -1.6716994851 -0.8888865785 2.0899403471 0.0713904866 -0.8341850167 0.5386235121 0.0944641123
1413394899.4057605267 -1.6390509248 -0.8919739028 2.0877507835 0.0637564695 -0.8335901213 0.5424427711 0.0825739814
1413394899.4557604790 -1.6046676864 -0.8977989648 2.0863768320 0.0550446955 -0.8338316858 0.5453343836 0.0656141090
1413394899.5057606697 -1.5642574083 -0.9038983318 2.0797292334 0.0497314005 -0.8336507757 0.5477661853 0.0500537530
1413394899.5557603836 -1.5221797573 -0.9122115807 2.0721066639 0.0495128400 -0.8331923236 0.5495722932 0.0361845995
1413394899.6057605743 -1.4776140823 -0.9214997590 2.0616839515 0.0536204756 -0.8326848124 0.5505781456 0.0249910647
1413394899.6557605267 -1.4287344589 -0.9312595488 2.0485475618 0.0614287931 -0.8317045015 0.5515823031 0.0158457707
1413394899.7057607174 -1.3785932312 -0.9433207034 2.0373877496 0.0716481472 -0.8314316986 0.5509492606 0.0065410871
1413394899.7557604313 -1.3324906637 -0.9584417177 2.0280204417 -0.0843686248 0.8304025284 -0.5507293792 0.0032751949
1413394899.8057606220 -1.2807045700 -0.9731057890 2.0213540610 -0.0983582723 0.8281063541 -0.5517097239 0.0134869246
1413394899.8557605743 -1.2322625898 -0.9922271853 2.0116708982 -0.1134602294 0.8234570346 -0.5553964212 0.0240853444
1413394899.9057605267 -1.1796535719 -1.0085238515 2.0046466538 -0.1272851801 0.8187485908 -0.5587075588 0.0359873836
1413394899.9557604790 -1.1252923259 -1.0274422124 1.9990620145 -0.1383289627 0.8133334792 -0.5627076348 0.0520947927
1413394900.0057606697 -1.0706999427 -1.0473028025 1.9967460839 -0.1494474042 0.8087445024 -0.5648571222 0.0673367257
1413394900.0557603836 -1.0129515127 -1.0698513471 2.0009590587 -0.1599447644 0.8036778114 -0.5671984151 0.0824960954
1413394900.1057605743 -0.9524709448 -1.0875526631 2.0030086309 -0.1713567306 0.7968342182 -0.5715791812 0.0948121253
1413394900.1557605267 -0.8984645930 -1.1094293919 2.0109252594 -0.1814876293 0.7896245624 -0.5757476319 0.1098633484
1413394900.2057607174 -0.8433411700 -1.1306998711 2.0189683849 -0.1910023317 0.7835388066 -0.5781612585 0.1237521999
1413394900.2557604313 -0.7885277232 -1.1509625308 2.0267331619 -0.2002299299 0.7783273876 -0.5793064108 0.1360828252
1413394900.3057606220 -0.7345657943 -1.1717538171 2.0323416982 -0.2116485191 0.7718932728 -0.5819387246 0.1439895851
1413394900.3557605743 -0.6826399159 -1.1881208237 2.0320816202 -0.2229424634 0.7650101962 -0.5849501286 0.1512924478
1413394900.4057605267 -0.6298410135 -1.2065759019 2.0341472853 -0.2359873373 0.7580874128 -0.5876868723 0.1556842679
1413394900.4557604790 -0.5816737240 -1.2260450477 2.0312546606 -0.2520706025 0.7525130683 -0.5879229928 0.1566239058
1413394900.5057606697 -0.5337460883 -1.2424694835 2.0282572411 -0.2696333582 0.7478023436 -0.5866980654 0.1545150060
1413394900.5557603836 -0.4846325008 -1.2566281154 2.0231706946 -0.2857369582 0.7428866419 -0.5858234015 0.1525934806
1413394900.6057605743 -0.4379884852 -1.2702249605 2.0154612330 -0.3022880702 0.7375307386 -0.5851296963 0.1493103173
1413394900.6557605267 -0.3872663855 -1.2770795167 2.0068234092 -0.3177690647 0.7301114969 -0.5868930285 0.1466853666
1413394900.7057607174 -0.3354895549 -1.2858985434 2.0030113755 -0.3320344569 0.7239080649 -0.5867938407 0.1462300298
1413394900.7557604313 -0.2844011946 -1.2922340412 1.9984565359 -0.3454034367 0.7169477798 -0.5869375490 0.1489518731
1413394900.8057606220 -0.2301217315 -1.2881679964 1.9951875250 -0.3595481937 0.7118585678 -0.5840272813 0.1513096515
1413394900.8557605743 -0.1723560996 -1.2813135470 1.9994009445 -0.3702444188 0.7076215839 -0.5803400095 0.1593619706
1413394900.9057605267 -0.1152341231 -1.2724399265 2.0031623593 -0.3821011823 0.7029166550 -0.5759557504 0.1678744656
1413394900.9557604790 -0.0530627949 -1.2573923759 2.0177302171 -0.3936802208 0.6967153741 -0.5728901739 0.1772016364
1413394901.0057606697 0.0065539953 -1.2390345873 2.0300594046 -0.4062063060 0.6893198885 -0.5698966373 0.1872227312
1413394901.0557603836 0.0708774598 -1.2158626174 2.0476944390 -0.4176405584 0.6822998891 -0.5665319499 0.1976986978
1413394901.1057605743 0.1345975184 -1.1876304051 2.0648097714 -0.4284780512 0.6738400236 -0.5638215344 0.2108351479
1413394901.1557605267 0.1972257557 -1.1590863829 2.0782189370 -0.4380478333 0.6650946794 -0.5604609802 0.2272589995
1413394901.2057607174 0.2597109382 -1.1275049299 2.0920757150 -0.4437773594 0.6577762935 -0.5557222114 0.2481226042
1413394901.2557604313 0.3209920960 -1.0914289456 2.1024287646 -0.4469054589 0.6522493828 -0.5489489464 0.2711112461
1413394901.3057606220 0.3872445351 -1.0477505149 2.1148241472 -0.4494055671 0.6470931723 -0.5418690759 0.2927165306
1413394901.3557605743 0.4475473083 -1.0076356173 2.1240975157 -0.4503399155 0.6434271666 -0.5322165248 0.3161344847
1413394901.4057605267 0.5039674962 -0.9657616439 2.1319237712 -0.4501674053 0.6381419975 -0.5241450221 0.3397000059
1413394901.4557604790 0.5598089886 -0.9240715142 2.1374317853 -0.4509811669 0.6304605547 -0.5188046140 0.3605235756
1413394901.5057606697 0.6106495668 -0.8823182167 2.1430480674 -0.4524487761 0.6237676951 -0.5131272276 0.3780270041
1413394901.5557603836 0.6592630594 -0.8398790061 2.1442351346 -0.4578369673 0.6180624738 -0.5062073258 0.3900490138
1413394901.6057605743 0.7035082822 -0.7958368536 2.1387825039 -0.4667248809 0.6138757558 -0.4975457240 0.3972061109
1413394901.6557605267 0.7431406577 -0.7545504591 2.1362973722 -0.4809585187 0.6099910832 -0.4879605312 0.3981008689
1413394901.7057607174 0.7794262111 -0.7075322352 2.1269938922 -0.4955925700 0.6056990580 -0.4788477821 0.3977706089
1413394901.7557604313 0.8120265291 -0.6704910043 2.1181225364 -0.5135646547 0.5961599573 -0.4725577112 0.3969053545
1413394901.8057606220 0.8417968519 -0.6325408662 2.1094989965 -0.5308693350 0.5847113160 -0.4677175520 0.3969013954
1413394901.8557605743 0.8712957897 -0.5910422735 2.1051959033 -0.5480151264 0.5710786321 -0.4636201938 0.3982523485
1413394901.9057605267 0.8982937296 -0.5500952678 2.1008466852 -0.5633507415 0.5551184223 -0.4605144837 0.4029961408
1413394901.9557604790 0.9210122794 -0.5098952317 2.0967794709 -0.5773831997 0.5396738456 -0.4557780347 0.4094473888
1413394902.0057606697 0.9424413053 -0.4666707526 2.0960616469 -0.5904791580 0.5258797388 -0.4492446531 0.4158895357
1413394902.0557603836 0.9608048809 -0.4239967451 2.0941907927 -0.6017434297 0.5132259257 -0.4406348688 0.4246703502
1413394902.1057605743 0.9778741617 -0.3779001178 2.0966343420 -0.6124481061 0.5013424333 -0.4330148657 0.4313481287
1413394902.1557605267 0.9927704333 -0.3321086035 2.0988862828 -0.6218499941 0.4902069605 -0.4246903957 0.4389052158
1413394902.2057607174 1.0055600728 -0.2814633345 2.1017966480 -0.6293908285 0.4789815180 -0.4160834322 0.4486852660
1413394902.2557604313 1.0157516483 -0.2354573998 2.0995406051 -0.6356474965 0.4673768498 -0.4091691457 0.4583576668
1413394902.3057606220 1.0235724700 -0.1854577197 2.0974918648 -0.6404755440 0.4546450173 -0.4043619057 0.4685941049
1413394902.3557605743 1.0284629824 -0.1302572484 2.0983871588 -0.6443739935 0.4422876802 -0.4010060451 0.4778680950
1413394902.4057605267 1.0297583911 -0.0794996180 2.0948392804 -0.6466107873 0.4306218317 -0.3983921323 0.4875890040
1413394902.4557604790 1.0271383138 -0.0288114474 2.0904881854 -0.6484086525 0.4234752557 -0.3894694330 0.4985463750
1413394902.5057606697 1.0199179101 0.0224646936 2.0859648253 -0.6485631761 0.4224988798 -0.3743139247 0.5106364548
1413394902.5557603836 1.0099371529 0.0689951167 2.0807671390 -0.6466282931 0.4227260929 -0.3588839099 0.5238099275
1413394902.6057605743 0.9967717722 0.1161172913 2.0772795438 -0.6446464370 0.4271253359 -0.3407951136 0.5346527931
1413394902.6557605267 0.9799728883 0.1638942265 2.0754306931 -0.6429270889 0.4334962521 -0.3230367244 0.5425615472
1413394902.7057607174 0.9637225083 0.2049045765 2.0736373788 -0.6417664973 0.4408478114 -0.3059861062 0.5478699417
1413394902.7557604313 0.9451990438 0.2441205746 2.0732974337 -0.6406732315 0.4487637839 -0.2899302165 0.5514429674
1413394902.8057606220 0.9258937782 0.2795246164 2.0727241633 -0.6412456944 0.4544609644 -0.2789833978 0.5517585115
1413394902.8557605743 0.9067785031 0.3080846980 2.0712112851 -0.6438884874 0.4583123191 -0.2724611470 0.5487461684
1413394902.9057605267 0.8879315227 0.3329714188 2.0686141755 -0.6488574877 0.4600318096 -0.2710328444 0.5421216580
1413394902.9557604790 0.8676151835 0.3572962370 2.0659330109 -0.6535491898 0.4616681328 -0.2715358011 0.5347936988
1413394903.0557603836 0.8325417720 0.3897030054 2.0530420604 -0.6579746715 0.4663782545 -0.2776573569 0.5219837618
1413394903.1557605267 0.7993511600 0.4110943766 2.0316253399 -0.6605541075 0.4828252622 -0.2755247828 0.5046128530
1413394903.2557604313 0.7646238638 0.4271087771 1.9892345060 -0.6617196992 0.5084417201 -0.2684330138 0.4812045033
1413394903.3557605743 0.7438814061 0.4335056258 1.9524213541 -0.6589986007 0.5224795923 -0.2834076933 0.4608861023
1413394903.4557604790 0.7363835802 0.4282870810 1.9207091209 -0.6473557052 0.5252122759 -0.3109654338 0.4564900384
1413394903.5557603836 0.7368560585 0.4182431652 1.9036587829 -0.6356207741 0.5253675323 -0.3331193669 0.4571724783
1413394903.6057605743 0.7406856166 0.4085334363 1.8962664742 -0.6321408435 0.5223547876 -0.3457049148 0.4561047487
1413394903.6557605267 0.7421673340 0.4009146980 1.8951132094 -0.6297409443 0.5210729123 -0.3546237948 0.4540389051
1413394903.7057607174 0.7439805796 0.3934601866 1.8967997357 -0.6281368256 0.5201209446 -0.3607436997 0.4525287995
1413394903.7557604313 0.7457103037 0.3846634587 1.9003900177 -0.6281419651 0.5186382289 -0.3674318298 0.4488272604
1413394903.8057606220 0.7473606376 0.3750474964 1.9074694870 -0.6284373028 0.5166521019 -0.3726267560 0.4464151238
1413394903.8557605743 0.7480221203 0.3664725436 1.9171497171 -0.6322325133 0.5130672794 -0.3791434380 0.4396524415
1413394903.9057605267 0.7483848634 0.3569227030 1.9246928001 -0.6352024351 0.5102918238 -0.3850361688 0.4334365809
1413394903.9557604790 0.7509273635 0.3471917358 1.9332988462 -0.6367269436 0.5103886944 -0.3897149399 0.4268541268
1413394904.0057606697 0.7494765729 0.3420056728 1.9377151565 -0.6337345476 0.5155094949 -0.3918170443 0.4232137611
1413394904.0557603836 0.7494015830 0.3355732546 1.9404044152 -0.6286913433 0.5253794141 -0.3904144252 0.4198812246
1413394904.1057605743 0.7507883240 0.3304201405 1.9443507014 -0.6216258345 0.5393869080 -0.3860424164 0.4166705391
1413394904.1557605267 0.7526214537 0.3256427388 1.9464402635 -0.6137876596 0.5544468879 -0.3823031807 0.4119437284
1413394904.2057607174 0.7530080046 0.3205784797 1.9433147721 -0.6053468882 0.5704974051 -0.3793500293 0.4051930540
1413394904.2557604313 0.7565505084 0.3142108251 1.9406936863 -0.5975395340 0.5863814095 -0.3774377238 0.3957829108
1413394904.3057606220 0.7602531437 0.3084039154 1.9347660395 -0.5895695466 0.6009589258 -0.3793420312 0.3838694343
1413394904.3557605743 0.7676915368 0.2971591979 1.9265475442 -0.5803148751 0.6158883121 -0.3809532304 0.3725464656
1413394904.4057605267 0.7763296609 0.2876984923 1.9187347774 -0.5701788014 0.6298185890 -0.3859418904 0.3595462928
1413394904.4557604790 0.7854400878 0.2785516608 1.9065585737 -0.5584848963 0.6423223724 -0.3937113510 0.3471425681
1413394904.5057606697 0.7962796630 0.2667764131 1.8939017729 -0.5455578160 0.6521304939 -0.4057030657 0.3354064858
1413394904.5557603836 0.8084494751 0.2504085013 1.8816739501 -0.5295776311 0.6592200064 -0.4210336646 0.3281877041
1413394904.6057605743 0.8253397207 0.2387029483 1.8737741680 -0.5121577670 0.6665457276 -0.4359537292 0.3214895968
1413394904.6557605267 0.8437792955 0.2242962275 1.8654556900 -0.4928722462 0.6725788069 -0.4524287862 0.3162639575
1413394904.7057607174 0.8624091707 0.2110074370 1.8593663847 -0.4739453564 0.6799524802 -0.4658082941 0.3099404088
1413394904.7557604313 0.8806610014 0.1968350446 1.8514514297 -0.4570174450 0.6859787703 -0.4788781471 0.3020660555
1413394904.8057606220 0.9025265496 0.1827897133 1.8470137908 -0.4393553293 0.6919469380 -0.4919817391 0.2934796380
1413394904.8557605743 0.9240426249 0.1707747301 1.8443734825 -0.4221979554 0.6978232066 -0.5045999349 0.2831440704
1413394904.9057605267 0.9430876128 0.1565740894 1.8405749115 -0.4040234790 0.7022043135 -0.5175109012 0.2754207647
1413394904.9557604790 0.9627117451 0.1437293473 1.8385274948 -0.3845906149 0.7044236310 -0.5327873409 0.2683562118
1413394905.0057606697 0.9822560653 0.1339004068 1.8362447598 -0.3632141503 0.7056650705 -0.5486867156 0.2627835182
1413394905.0557603836 0.9975946587 0.1232482799 1.8348371077 -0.3423265540 0.7059544621 -0.5632274100 0.2592599323
1413394905.1057605743 1.0115901375 0.1119241344 1.8395077371 -0.3217563363 0.7072456092 -0.5759870220 0.2539989347
1413394905.1557605267 1.0224740891 0.1029128397 1.8425858307 -0.3025274844 0.7109814987 -0.5837657045 0.2493993422
1413394905.2057607174 1.0256910928 0.0936366601 1.8443552125 -0.2872624237 0.7212433883 -0.5811602910 0.2440102270
1413394905.2557604313 1.0269300498 0.0922323947 1.8351573514 -0.2736945442 0.7361412995 -0.5725781458 0.2352478493
1413394905.3057606220 1.0282771015 0.0891518898 1.8340662705 -0.2661036829 0.7577528194 -0.5522709997 0.2235983846
1413394905.3557605743 1.0213888375 0.0914120095 1.8283305628 -0.2637199177 0.7805258087 -0.5271879422 0.2080964691
1413394905.4057605267 1.0187759321 0.0913949897 1.8174296919 -0.2606686769 0.8012575017 -0.5013551995 0.1966754200
1413394905.4557604790 1.0175564430 0.0861044002 1.8135832058 -0.2625475762 0.8197420643 -0.4759289582 0.1805085729
1413394905.5057606697 1.0171108081 0.0793371879 1.8097217747 -0.2624278505 0.8357593191 -0.4523559688 0.1673680416
1413394905.5557603836 1.0175532252 0.0701854978 1.8056996900 -0.2635922914 0.8463403416 -0.4356757682 0.1562490161
1413394905.6057605743 1.0192588733 0.0520800068 1.8053807556 -0.2669627551 0.8506498761 -0.4286962553 0.1460999531
1413394905.6557605267 1.0215800673 0.0223583682 1.8082852990 -0.2713277718 0.8438253235 -0.4409205796 0.1411704861
1413394905.7057607174 1.0255041465 -0.0048057736 1.8051043595 -0.2726413504 0.8295702356 -0.4662313843 0.1418034365
1413394905.7557604313 1.0342304452 -0.0352138622 1.8109889707 -0.2705595517 0.8089372616 -0.5003446047 0.1485709004
1413394905.8057606220 1.0635692431 -0.0809248145 1.8409106762 -0.2707167397 0.7892841132 -0.5295969279 0.1525454994
1413394905.8557605743 1.0779862571 -0.1208586387 1.8545042057 -0.2651917555 0.7617694558 -0.5673236361 0.1659051565
1413394905.9057605267 1.1116112504 -0.1590017221 1.8745942909 -0.2611134736 0.7391066271 -0.5962413197 0.1733131165
1413394905.9557604790 1.1366603965 -0.1948875626 1.8975918024 -0.2568082520 0.7195242342 -0.6190137195 0.1820890251
1413394906.0057606697 1.1485446608 -0.2246163719 1.9071231488 -0.2511361156 0.7001606643 -0.6390812162 0.1956550402
1413394906.0557603836 1.1669470257 -0.2485760789 1.9184656272 -0.2440471265 0.6846990300 -0.6544598544 0.2081118384
1413394906.1057605743 1.1719228287 -0.2681315322 1.9352245834 -0.2380731558 0.6756208197 -0.6615415162 0.2218569421
1413394906.1557605267 1.1797561942 -0.2826190802 1.9535166611 -0.2297926690 0.6743994744 -0.6608875822 0.2358140835
1413394906.2057607174 1.1726194367 -0.2892656627 1.9657341597 -0.2243305298 0.6805180900 -0.6532083329 0.2447239598
1413394906.2557604313 1.1698125786 -0.2911398202 1.9731685268 -0.2200813551 0.6979703134 -0.6349492865 0.2474692755
1413394906.3057606220 1.1544308183 -0.2930010062 1.9835322181 -0.2199029277 0.7191212987 -0.6128161155 0.2428243576
1413394906.3557605743 1.1407602979 -0.2902212923 1.9961755772 -0.2196069605 0.7421132265 -0.5893236330 0.2318154387
1413394906.4057605267 1.1267643708 -0.2885881179 2.0038700481 -0.2196237230 0.7638403575 -0.5672429264 0.2157516882
1413394906.4557604790 1.1047027889 -0.2849600403 2.0052242068 -0.2214149256 0.7856557950 -0.5441390633 0.1939924799
1413394906.5057606697 1.0795032924 -0.2833294263 2.0077660243 -0.2251690749 0.8049967673 -0.5230276135 0.1664968701
1413394906.5557603836 1.0518952560 -0.2845100220 2.0070380485 -0.2238749390 0.8222431202 -0.5033359269 0.1430007259
1413394906.6057605743 1.0265127749 -0.2856858641 2.0059655133 -0.2214322820 0.8348835384 -0.4891477321 0.1211268669
1413394906.6557605267 1.0041000446 -0.2927225674 2.0036015879 -0.2160058005 0.8418349865 -0.4840647990 0.1016691692
1413394906.7057607174 0.9824798680 -0.3047389808 2.0019672588 -0.2068254499 0.8418529311 -0.4905914311 0.0884699005
1413394906.7557604313 0.9648988510 -0.3183284777 2.0047949334 -0.1961285906 0.8342158008 -0.5091287884 0.0800340585
1413394906.8057606220 0.9488123513 -0.3363895250 2.0017182672 -0.1825524017 0.8196757422 -0.5376290988 0.0759029016
1413394906.8557605743 0.9421155718 -0.3574718639 2.0038853744 -0.1707524015 0.8027610668 -0.5669290836 0.0707792425
1413394906.9057605267 0.9285908721 -0.3766736842 2.0053369191 -0.1578481352 0.7808883980 -0.6002336616 0.0708295678
1413394906.9557604790 0.9220568882 -0.3940335406 2.0085487589 -0.1457594807 0.7582216211 -0.6316290576 0.0699920040
1413394907.0057606697 0.9173892900 -0.4042867336 2.0057778455 -0.1356813603 0.7367433776 -0.6587514884 0.0696149445
1413394907.0557603836 0.9109136190 -0.4098842392 2.0029840171 -0.1249434664 0.7140436571 -0.6850033126 0.0728096670
1413394907.1057605743 0.9046165558 -0.4085273582 2.0068056487 -0.1153359619 0.6986246278 -0.7017802299 0.0782671977
1413394907.1557605267 0.8889917549 -0.4007645645 2.0037456353 -0.1081312634 0.6937856061 -0.7068936078 0.0852677541
1413394907.2057607174 0.8681424444 -0.3863836073 2.0019485445 -0.1062778913 0.7046916414 -0.6961324690 0.0866849805
1413394907.2557604313 0.8561777962 -0.3641598476 2.0038024927 -0.1040372470 0.7248820290 -0.6754144832 0.0868191863
1413394907.3057606220 0.8289590713 -0.3350578191 1.9945342623 -0.1053227516 0.7488397948 -0.6485296956 0.0869213069
1413394907.3557605743 0.8173496776 -0.3043124846 1.9916348255 -0.1034997255 0.7779089254 -0.6137244175 0.0865323639
1413394907.4057605267 0.7898884883 -0.2673605575 1.9762755910 -0.0963860931 0.8047929840 -0.5780468511 0.0942327542
1413394907.4557604790 0.7653748293 -0.2344346565 1.9718890333 -0.0808960393 0.8317184774 -0.5383708229 0.1088901382
1413394907.5057606697 0.7437835585 -0.2031048687 1.9687927187 -0.0639507639 0.8511973246 -0.5068714501 0.1202278979
1413394907.5557603836 0.7204542500 -0.1761465586 1.9664412416 -0.0454961814 0.8678890636 -0.4774928969 0.1292254008
1413394907.6057605743 0.6926589005 -0.1535695234 1.9575480626 -0.0319013675 0.8791384834 -0.4578394559 0.1283778110
1413394907.6557605267 0.6634894931 -0.1401728393 1.9487070836 -0.0245587778 0.8857578346 -0.4475323830 0.1206013728
1413394907.7057607174 0.6309686229 -0.1322502758 1.9421633812 -0.0239652489 0.8850647573 -0.4534844523 0.1021660104
1413394907.7557604313 0.5909121233 -0.1329096895 1.9310050627 -0.0316654841 0.8757589372 -0.4753645796 0.0779236645
1413394907.8057606220 0.5511572703 -0.1391675306 1.9208421142 -0.0411288295 0.8582356293 -0.5087109435 0.0543433523
1413394907.8557605743 0.5101265447 -0.1486244174 1.9094243750 -0.0510436878 0.8358931482 -0.5454902310 0.0334304449
1413394907.9057605267 0.4718754875 -0.1606241016 1.8922258517 -0.0581786206 0.8120212138 -0.5804151551 0.0188426143
1413394907.9557604790 0.4328821221 -0.1702661603 1.8763569631 -0.0631634907 0.7887850447 -0.6113420574 0.0094559771
1413394908.0057606697 0.3943614263 -0.1799610612 1.8632789893 -0.0674640309 0.7698935796 -0.6345854297 0.0037165927
1413394908.0557603836 0.3616338380 -0.1840928373 1.8498190257 -0.0690576383 0.7578657062 -0.6487418126 0.0021620548
1413394908.1057605743 0.3275050243 -0.1846141292 1.8304544928 -0.0715521239 0.7578959483 -0.6484396790 0.0000882951
1413394908.1557605267 0.2955032406 -0.1818654183 1.8145696802 0.0731771888 -0.7703208271 0.6334433887 0.0006290808
1413394908.2057607174 0.2697287615 -0.1751884903 1.7969917334 0.0744960954 -0.7886733930 0.6102800201 0.0017052949
1413394908.2557604313 0.2386741400 -0.1683404768 1.7780122718 0.0785420235 -0.8095732022 0.5817175146 0.0052071061
1413394908.3057606220 0.2120319327 -0.1598865390 1.7622615266 0.0801953596 -0.8291557658 0.5532063241 0.0056730371
1413394908.3557605743 0.1869346694 -0.1525530809 1.7471842351 0.0817309011 -0.8466196450 0.5258567917 0.0054654418
1413394908.4057605267 0.1635771648 -0.1496661120 1.7341103507 0.0816866859 -0.8595307664 0.5045076272 0.0024901842
1413394908.4557604790 0.1442785735 -0.1503669177 1.7235919381 -0.0788066080 0.8700460986 -0.4866185488 0.0034194864
1413394908.5057606697 0.1252874824 -0.1587972340 1.7178806785 -0.0749224604 0.8780018592 -0.4726224249 0.0112873259
1413394908.5557603836 0.1108323682 -0.1722103146 1.7164842975 -0.0740187565 0.8779906626 -0.4726388281 0.0163143610
1413394908.6057605743 0.0985391486 -0.1945111439 1.7221197987 -0.0796637888 0.8674821606 -0.4908244641 0.0148232004
1413394908.6557605267 0.0871980847 -0.2231224515 1.7326119641 -0.0863581401 0.8500431110 -0.5194138056 0.0133521420
1413394908.7057607174 0.0777873714 -0.2539699841 1.7463003265 -0.0900068307 0.8268577257 -0.5549527259 0.0152493905
1413394908.7557604313 0.0696057188 -0.2850552385 1.7660227403 -0.0951658298 0.8014050920 -0.5903095282 0.0150998089
1413394908.8057606220 0.0624459855 -0.3129735477 1.7819543892 -0.0975058787 0.7796115648 -0.6183780674 0.0175207692
1413394908.8557605743 0.0572178740 -0.3417320649 1.8018212572 -0.0993274095 0.7564845067 -0.6460988743 0.0205305034
1413394908.9057605267 0.0511480057 -0.3653721873 1.8241356832 -0.0982117367 0.7382995471 -0.6667240962 0.0273352003
1413394908.9557604790 0.0499099723 -0.3836959159 1.8516802090 -0.0950943591 0.7216048118 -0.6847833411 0.0362675360
1413394909.0057606697 0.0498718495 -0.3950013981 1.8862151871 -0.0890638110 0.7147320232 -0.6919896952 0.0487445829
1413394909.0557603836 0.0420899501 -0.3990836310 1.9035873870 -0.0858662472 0.7192894477 -0.6869894023 0.0574041728
1413394909.1057605743 0.0375019314 -0.3990833527 1.9323460055 -0.0826436908 0.7360713242 -0.6687717447 0.0641356334
1413394909.1557605267 0.0290749853 -0.3914997655 1.9481528523 -0.0790945461 0.7574112569 -0.6443312113 0.0700680443
1413394909.2057607174 0.0188078716 -0.3808727043 1.9629872817 -0.0772318467 0.7803316869 -0.6169786826 0.0667458265
1413394909.2557604313 0.0082570181 -0.3691686987 1.9805387584 -0.0734323846 0.8053075595 -0.5851252887 0.0609574933
1413394909.3057606220 -0.0044615034 -0.3605983607 1.9933913550 -0.0676885783 0.8249830873 -0.5584872505 0.0539736326
1413394909.3557605743 -0.0173519110 -0.3514557422 2.0081594657 -0.0565377495 0.8405785504 -0.5365135502 0.0488302555
1413394909.4057605267 -0.0291230068 -0.3451457463 2.0200738835 -0.0425436868 0.8501636300 -0.5229683725 0.0437712044
1413394909.4557604790 -0.0436385394 -0.3430865918 2.0314843510 -0.0279071498 0.8529040875 -0.5198965202 0.0385151506
1413394909.5057606697 -0.0575948257 -0.3446564393 2.0448210892 -0.0119051494 0.8493635545 -0.5266253279 0.0332503188
1413394909.5557603836 -0.0736965114 -0.3493011609 2.0551475035 0.0050749280 0.8407316524 -0.5405718686 0.0304399176
1413394909.6057605743 -0.0908840554 -0.3557379347 2.0675525691 0.0205672869 0.8292384550 -0.5577978645 0.0283216128
1413394909.6557605267 -0.1120039011 -0.3641025733 2.0823796676 0.0333754289 0.8172298649 -0.5747323242 0.0265364703
1413394909.7057607174 -0.1334628547 -0.3711349936 2.0899159405 0.0415642430 0.8036384307 -0.5933101079 0.0205134678
1413394909.7557604313 -0.1597138297 -0.3785359211 2.1065212525 0.0454457740 0.7875298025 -0.6144828507 0.0119297081
1413394909.8057606220 -0.1862008733 -0.3832313758 2.1240644717 -0.0444126328 -0.7714350967 0.6347561614 0.0001589520
1413394909.8557605743 -0.2113781318 -0.3882852798 2.1449372508 -0.0426803526 -0.7547684378 0.6545005184 0.0114919232
1413394909.9057605267 -0.2376254276 -0.3826097477 2.1524404594 -0.0410520252 -0.7421807621 0.6686481227 0.0198024146
1413394909.9557604790 -0.2624620668 -0.3783937634 2.1679835737 -0.0369493969 -0.7408661913 0.6699779577 0.0296911573
1413394910.0057606697 -0.2898555389 -0.3667766811 2.1759776013 -0.0329711795 -0.7521231216 0.6570620060 0.0386423547
1413394910.0557603836 -0.3158176415 -0.3508353377 2.1857311570 -0.0289166592 -0.7684711191 0.6375271238 0.0466383146
1413394910.1057605743 -0.3461662740 -0.3363581384 2.1903139322 -0.0256979321 -0.7880764772 0.6130043230 0.0500078237
1413394910.1557605267 -0.3695520840 -0.3184051646 2.1966834332 -0.0249975104 -0.8072685143 0.5874539965 0.0508966827
1413394910.2057607174 -0.3950545180 -0.2985147018 2.1966728750 -0.0258779778 -0.8250456484 0.5623859474 0.0484979839
1413394910.2557604313 -0.4134263027 -0.2804969592 2.2015933247 -0.0272492632 -0.8416099242 0.5374488648 0.0458140892
1413394910.3057606220 -0.4358824991 -0.2641713123 2.2011521010 -0.0282433881 -0.8549744515 0.5161509315 0.0425348590
1413394910.3557605743 -0.4568102635 -0.2516904143 2.1992214104 -0.0294700263 -0.8647641105 0.4998196034 0.0386641268
1413394910.4057605267 -0.4774676079 -0.2431302463 2.1972443291 -0.0303901873 -0.8724578909 0.4864837030 0.0350324388
1413394910.4557604790 -0.4992478166 -0.2394571605 2.1919432617 -0.0299125124 -0.8773409209 0.4777785768 0.0332532973
1413394910.5057606697 -0.5203943953 -0.2423633736 2.1887991670 -0.0277015470 -0.8740562302 0.4838798110 0.0334463645
1413394910.5557603836 -0.5438751505 -0.2493695795 2.1863649146 -0.0236281195 -0.8627696068 0.5038096243 0.0353012757
1413394910.6057605743 -0.5651735703 -0.2626600319 2.1822461243 -0.0181602689 -0.8442814517 0.5341748650 0.0389390363
1413394910.6557605267 -0.5868912563 -0.2773565007 2.1811566732 -0.0154098581 -0.8199984004 0.5708702006 0.0383715220
1413394910.7057607174 -0.6073242012 -0.2925283495 2.1760195136 -0.0125653613 -0.7953650059 0.6048077511 0.0380026751
1413394910.7557604313 -0.6279443148 -0.3036289411 2.1659626082 -0.0118177710 -0.7720436921 0.6345268453 0.0344174444
1413394910.8057606220 -0.6463134175 -0.3157587418 2.1650650111 -0.0137735840 -0.7524184995 0.6579729286 0.0273553507
1413394910.8557605743 -0.6651809400 -0.3187983824 2.1514980530 -0.0157299479 -0.7380753408 0.6742405724 0.0199251251
1413394910.9057605267 -0.6829645257 -0.3206787460 2.1511593936 -0.0177284085 -0.7292895652 0.6838414190 0.0135405789
1413394910.9557604790 -0.6966789598 -0.3142323637 2.1493503311 -0.0208237510 -0.7231712892 0.6903249246 0.0064153220
1413394911.0057606697 -0.7220148461 -0.3035272659 2.1413026034 0.0229621209 0.7232038717 -0.6902443073 0.0034201108
1413394911.0557603836 -0.7384139189 -0.2890542440 2.1363016345 0.0249877466 0.7367240471 -0.6756619829 0.0097044204
1413394911.1057605743 -0.7637760227 -0.2704391307 2.1272338310 0.0192940656 0.7555864348 -0.6547557082 0.0034411082
1413394911.1557605267 -0.7877660366 -0.2494196453 2.1252423710 -0.0140381840 -0.7810524386 0.6242937852 0.0041578032
1413394911.2057607174 -0.8103543267 -0.2218694740 2.1117839113 -0.0082896110 -0.8046109687 0.5935922766 0.0134417445
1413394911.2557604313 -0.8347673563 -0.1954409286 2.1008517172 -0.0041161683 -0.8252967395 0.5643304044 0.0199885855
1413394911.3057606220 -0.8578825432 -0.1707169146 2.0898260047 -0.0033279349 -0.8416863234 0.5393794569 0.0249571502
1413394911.3557605743 -0.8793394359 -0.1469369736 2.0782646715 -0.0027670961 -0.8551845245 0.5173953780 0.0308835745
1413394911.4057605267 -0.9031153489 -0.1279460624 2.0613515838 -0.0036065251 -0.8639473992 0.5024262304 0.0339082198
1413394911.4557604790 -0.9239898860 -0.1127681537 2.0459484926 -0.0043954331 -0.8689158243 0.4935591173 0.0369508878
1413394911.5057606697 -0.9451466212 -0.1020921485 2.0297148571 -0.0050376020 -0.8722179252 0.4874738637 0.0397460153
1413394911.5557603836 -0.9659568557 -0.0964013774 2.0155345467 -0.0070871216 -0.8696618560 0.4918166926 0.0418851969
1413394911.6057605743 -0.9846032906 -0.0957318652 1.9997431891 -0.0099712096 -0.8606421962 0.5072149534 0.0439155578
1413394911.6557605267 -1.0014780166 -0.0989477168 1.9827432795 -0.0128878318 -0.8454028870 0.5318941652 0.0470792888
1413394911.7057607174 -1.0235008206 -0.1054130400 1.9673883034 -0.0153928421 -0.8242184226 0.5639465517 0.0489013204
1413394911.7557604313 -1.0402397656 -0.1134873464 1.9549937056 -0.0175841725 -0.8015040013 0.5956396058 0.0499559081
1413394911.8057606220 -1.0540767049 -0.1206733302 1.9425179783 -0.0181195979 -0.7796453650 0.6237042819 0.0530825175
1413394911.8557605743 -1.0649163831 -0.1246738138 1.9338152995 -0.0201868421 -0.7596141739 0.6477057482 0.0552816605
1413394911.9057605267 -1.0783864654 -0.1245094349 1.9255988935 -0.0209217626 -0.7471213674 0.6619512825 0.0565016972
1413394911.9557604790 -1.0864962910 -0.1212292458 1.9175587729 -0.0218319809 -0.7471757758 0.6615743064 0.0597591989
1413394912.0057606697 -1.0970795204 -0.1110495145 1.9154903032 -0.0238511168 -0.7578428615 0.6491089039 0.0613429088
1413394912.0557603836 -1.1035192039 -0.0979741512 1.9129810592 -0.0263174057 -0.7763124858 0.6266927075 0.0624705438
1413394912.1057605743 -1.1120955797 -0.0841590062 1.9108564475 -0.0293436531 -0.7982173368 0.5983841216 0.0626456413
1413394912.1557605267 -1.1171682397 -0.0675658789 1.9101892014 -0.0333858426 -0.8177943758 0.5708836917 0.0647267719
1413394912.2057607174 -1.1205173858 -0.0537066512 1.9119326758 -0.0392701090 -0.8331509624 0.5474967366 0.0675622365
1413394912.2557604313 -1.1250584524 -0.0400798941 1.9128920255 -0.0451936050 -0.8438865474 0.5296691537 0.0725508145
1413394912.3057606220 -1.1267337031 -0.0297551243 1.9160512271 -0.0532811560 -0.8507396442 0.5170784357 0.0776728233
1413394912.3557605743 -1.1291361962 -0.0235619577 1.9194922199 -0.0615071231 -0.8541546476 0.5094526145 0.0842303117
1413394912.4057605267 -1.1323935173 -0.0211771536 1.9259591636 -0.0743956925 -0.8557722350 0.5043657439 0.0879452049
1413394912.4557604790 -1.1368239651 -0.0224153192 1.9325842830 -0.0883189001 -0.8547066938 0.5034456552 0.0906571110
1413394912.5057606697 -1.1375016673 -0.0296151196 1.9407692077 -0.1020867056 -0.8501103466 0.5077251153 0.0954248941
1413394912.5557603836 -1.1375126739 -0.0408299651 1.9498766712 -0.1175522032 -0.8418895579 0.5174159352 0.0984083427
1413394912.6057605743 -1.1408222146 -0.0557533069 1.9605339430 -0.1319721537 -0.8312783644 0.5301697473 0.1023702628
1413394912.6557605267 -1.1459171652 -0.0727171193 1.9706409388 -0.1469750200 -0.8189233405 0.5446189276 0.1056083782
1413394912.7057607174 -1.1498335058 -0.0908685799 1.9815039061 -0.1608628525 -0.8088497226 0.5550648735 0.1085737312
1413394912.7557604313 -1.1562181590 -0.1100304940 1.9923639689 -0.1741146833 -0.7997532275 0.5633790675 0.1126182869
1413394912.8057606220 -1.1630645260 -0.1289766807 2.0018409943 -0.1859406931 -0.7929309409 0.5686861528 0.1152503416
1413394912.8557605743 -1.1686791649 -0.1488255963 2.0126038023 -0.1948019986 -0.7883269366 0.5715075395 0.1182030232
1413394912.9057605267 -1.1760106046 -0.1672175471 2.0215086600 -0.2000594587 -0.7854865141 0.5724472077 0.1236581722
1413394912.9557604790 -1.1829050393 -0.1854300152 2.0319481586 -0.2006044543 -0.7856191678 0.5697217263 0.1340803144
1413394913.0057606697 -1.1912631430 -0.2017109675 2.0415880510 -0.1986106953 -0.7854911170 0.5681188949 0.1442165671
1413394913.0557603836 -1.1996587077 -0.2194768513 2.0503088629 -0.1963268725 -0.7853565376 0.5666422209 0.1535821002
1413394913.1057605743 -1.2082803265 -0.2374198075 2.0603397794 -0.1938505599 -0.7855429372 0.5650581320 0.1614111576
1413394913.1557605267 -1.2155156827 -0.2543317583 2.0703594289 -0.1906224904 -0.7858593192 0.5644684292 0.1657214199
1413394913.2057607174 -1.2210669716 -0.2725945471 2.0796531746 -0.1861509434 -0.7864146667 0.5647907422 0.1670665014
1413394913.2557604313 -1.2247983395 -0.2910836689 2.0893878414 -0.1797063366 -0.7871894439 0.5661657319 0.1658154882
1413394913.3057606220 -1.2275533785 -0.3108687830 2.1001214870 -0.1705000218 -0.7866437690 0.5709813295 0.1615600343
1413394913.3557605743 -1.2290736065 -0.3275756069 2.1120396359 -0.1588961016 -0.7851599442 0.5779204046 0.1558329136
1413394913.4057605267 -1.2273814415 -0.3471712213 2.1207440730 -0.1448182438 -0.7856490467 0.5826805640 0.1492200122
1413394913.4557604790 -1.2257234257 -0.3662261998 2.1303161072 -0.1280866581 -0.7871903748 0.5865045035 0.1412005284
1413394913.5057606697 -1.2228867134 -0.3848687623 2.1340784869 -0.1085129896 -0.7884880123 0.5903317878 0.1342384665
1413394913.5557603836 -1.2173261369 -0.4015220218 2.1378314214 -0.0860750991 -0.7905986558 0.5923654992 0.1290269670
1413394913.6057605743 -1.2107616789 -0.4178854168 2.1411372417 -0.0623393797 -0.7927810105 0.5935925689 0.1235311023
1413394913.6557605267 -1.1962465139 -0.4359036616 2.1343694909 -0.0379928488 -0.7946067777 0.5941909928 0.1187167905
1413394913.7057607174 -1.1838301404 -0.4529050547 2.1288517789 -0.0156334050 -0.7988380892 0.5912486048 0.1097196027
1413394913.7557604313 -1.1706740308 -0.4673812283 2.1228893577 0.0051967002 -0.8044801481 0.5859557984 0.0971621731
1413394913.8057606220 -1.1521544942 -0.4835604814 2.1110468458 0.0231685586 -0.8091111111 0.5816659287 0.0804187493
1413394913.8557605743 -1.1335896496 -0.4986081077 2.1003601525 0.0381846248 -0.8136916776 0.5769385360 0.0599142210
1413394913.9057605267 -1.1128774522 -0.5146794389 2.0853442299 0.0516006398 -0.8168679559 0.5732331512 0.0383128029
1413394913.9557604790 -1.0870610383 -0.5294560980 2.0710009065 0.0635693287 -0.8178733461 0.5716283186 0.0168284135
1413394914.0057606697 -1.0637951705 -0.5467179506 2.0531602930 -0.0761710595 0.8175544184 -0.5707799961 0.0035970450
1413394914.0557603836 -1.0397150681 -0.5633761167 2.0371775604 -0.0901073485 0.8163977727 -0.5700514701 0.0204123481
1413394914.1057605743 -1.0112383022 -0.5811788350 2.0151453826 -0.1058758183 0.8133000895 -0.5710983959 0.0343496386
1413394914.1557605267 -0.9855273321 -0.5990655139 1.9974627550 -0.1245009125 0.8097227365 -0.5717133104 0.0446374679
1413394914.2057607174 -0.9567812584 -0.6157932387 1.9833158633 -0.1442703640 0.8048484070 -0.5732819956 0.0524676793
1413394914.2557604313 -0.9302427952 -0.6351136058 1.9719943691 -0.1652912906 0.8005399532 -0.5729082578 0.0599224557
1413394914.3057606220 -0.9003463051 -0.6520195229 1.9648915425 -0.1846428957 0.7951904246 -0.5734634207 0.0686942129
1413394914.3557605743 -0.8674320070 -0.6695092347 1.9598092345 -0.2040274204 0.7897994969 -0.5734395714 0.0758724217
1413394914.4057605267 -0.8344310702 -0.6849330562 1.9608344508 -0.2231406037 0.7841985476 -0.5729262384 0.0836446903
1413394914.4557604790 -0.7983874013 -0.6993977859 1.9648521104 -0.2398134066 0.7793920960 -0.5714258081 0.0922498595
1413394914.5057606697 -0.7607238517 -0.7136098886 1.9721363740 -0.2555600775 0.7734873540 -0.5713827476 0.0996399307
1413394914.5557603836 -0.7229650872 -0.7251182022 1.9801717168 -0.2671656115 0.7708799778 -0.5676788778 0.1100331202
1413394914.6057605743 -0.6818703675 -0.7371823657 1.9884105496 -0.2731110706 0.7685233183 -0.5651093331 0.1242324194
1413394914.6557605267 -0.6406336233 -0.7473439619 1.9954477186 -0.2775930901 0.7674879286 -0.5609793088 0.1385877734
1413394914.7057607174 -0.5989067938 -0.7578033859 1.9987313937 -0.2828594547 0.7652589874 -0.5583058870 0.1505448361
1413394914.7557604313 -0.5550680096 -0.7661206650 1.9991503732 -0.2868240471 0.7637143476 -0.5548066136 0.1632849741
1413394914.8057606220 -0.5129917372 -0.7764997624 1.9987633158 -0.2928948777 0.7611625003 -0.5519693216 0.1737069567
1413394914.8557605743 -0.4698521289 -0.7851180472 1.9939918675 -0.3000603565 0.7585223980 -0.5493734419 0.1810976961
1413394914.9057605267 -0.4282565441 -0.7944873054 1.9909114867 -0.3093989967 0.7540539852 -0.5489092980 0.1854007303
1413394914.9557604790 -0.3855097556 -0.8030309319 1.9821248034 -0.3191738150 0.7484876935 -0.5495887910 0.1893314799
1413394915.0057606697 -0.3424875331 -0.8103980261 1.9710616546 -0.3305685710 0.7417794828 -0.5512389859 0.1913718872
1413394915.0557603836 -0.3004323751 -0.8177735207 1.9584481565 -0.3443747040 0.7326374530 -0.5544182851 0.1930512649
1413394915.1057605743 -0.2568236489 -0.8231994196 1.9459237540 -0.3588081634 0.7231825676 -0.5568096586 0.1955164442
1413394915.1557605267 -0.2131626106 -0.8244075369 1.9335155654 -0.3752741002 0.7149453732 -0.5560810638 0.1969677986
1413394915.2057607174 -0.1692023352 -0.8263947794 1.9250487637 -0.3929156462 0.7057092460 -0.5551023356 0.1986281752
1413394915.2557604313 -0.1230067372 -0.8205568745 1.9110352757 -0.4100947619 0.6961510188 -0.5536847407 0.2015669947
1413394915.3057606220 -0.0764822481 -0.8127928759 1.8981670931 -0.4262905728 0.6858842995 -0.5523685159 0.2067077598
1413394915.3557605743 -0.0267206848 -0.8000720756 1.8892011733 -0.4413028752 0.6762046320 -0.5505137464 0.2119756660
1413394915.4057605267 0.0257576821 -0.7827702940 1.8817428946 -0.4552667646 0.6659482352 -0.5486339241 0.2196495811
1413394915.4557604790 0.0766563661 -0.7647274873 1.8740504348 -0.4688167630 0.6553855729 -0.5467312949 0.2275202954
1413394915.5057606697 0.1291384576 -0.7396785093 1.8687097483 -0.4811758465 0.6447264620 -0.5447479794 0.2367429679
1413394915.5557603836 0.1846957869 -0.7074894697 1.8626187913 -0.4902524327 0.6346503160 -0.5410808626 0.2531857593
1413394915.6057605743 0.2339931482 -0.6793579065 1.8575062132 -0.4963308591 0.6256858509 -0.5337850879 0.2779323195
1413394915.6557605267 0.2879274936 -0.6391634028 1.8549270914 -0.5002112277 0.6190163373 -0.5232199013 0.3047104146
1413394915.7057607174 0.3372494077 -0.6014945265 1.8491336893 -0.5054277474 0.6100691382 -0.5114345305 0.3328560646
1413394915.7557604313 0.3860908555 -0.5575448945 1.8470415867 -0.5122818290 0.6005573687 -0.4995078275 0.3569175043
1413394915.8057606220 0.4330190223 -0.5141376756 1.8461471654 -0.5199886633 0.5866485648 -0.4924675740 0.3780620847
1413394915.8557605743 0.4766173019 -0.4704960399 1.8457084214 -0.5281586553 0.5705622434 -0.4860639075 0.3990601947
1413394915.9057605267 0.5163956909 -0.4329309574 1.8474943270 -0.5379171001 0.5544956168 -0.4794559117 0.4162953677
1413394915.9557604790 0.5537180140 -0.3916848367 1.8485922939 -0.5483578457 0.5393757746 -0.4724515835 0.4303102928
1413394916.0057606697 0.5865802509 -0.3495959545 1.8479868487 -0.5581704654 0.5264911494 -0.4629870747 0.4437293880
1413394916.0557603836 0.6167436111 -0.3064880359 1.8491984046 -0.5680279922 0.5148138096 -0.4542657232 0.4538211038
1413394916.1057605743 0.6402008411 -0.2621716263 1.8505057137 -0.5747664122 0.5048153175 -0.4454083726 0.4652058127
1413394916.1557605267 0.6614476641 -0.2188955312 1.8500246963 -0.5855664798 0.4967999521 -0.4342467938 0.4708836665
1413394916.2057607174 0.6786907573 -0.1782119121 1.8484531892 -0.5988377640 0.4933031722 -0.4196502271 0.4711040220
1413394916.2557604313 0.6913876277 -0.1335109528 1.8454091043 -0.6118386642 0.4900280838 -0.4061168009 0.4696754945
1413394916.3057606220 0.7012789420 -0.0903525587 1.8427868657 -0.6267315053 0.4871807880 -0.3897007159 0.4669002593
1413394916.3557605743 0.7097793548 -0.0477117493 1.8434034254 -0.6368737192 0.4858231228 -0.3720829652 0.4689584483
1413394916.4057605267 0.7159584903 -0.0035919207 1.8427063472 -0.6444858301 0.4855004775 -0.3522684046 0.4741669246
1413394916.4557604790 0.7221949740 0.0384798049 1.8415739524 -0.6493370679 0.4869224160 -0.3281279525 0.4833218180
1413394916.5057606697 0.7271912195 0.0781612660 1.8374351114 -0.6530239030 0.4865565735 -0.3062263058 0.4929989173
1413394916.5557603836 0.7361587907 0.1162960174 1.8380655542 -0.6531921943 0.4856066673 -0.2835714008 0.5070634898
1413394916.6057605743 0.7424902943 0.1540950053 1.8333581406 -0.6499977416 0.4831455781 -0.2602051212 0.5257057934
1413394916.6557605267 0.7505850260 0.1862552323 1.8264168736 -0.6481992501 0.4777826013 -0.2399502359 0.5422042072
1413394916.7057607174 0.7603478827 0.2150371006 1.8158998512 -0.6536200178 0.4683372085 -0.2212422658 0.5518088359
1413394916.7557604313 0.7671467915 0.2444290077 1.7956383591 -0.6657209556 0.4502841821 -0.2094512527 0.5569469789
1413394916.8557605743 0.7878768925 0.2748050026 1.7606634558 -0.6945940684 0.4163511847 -0.1916567375 0.5544893742
1413394916.9557604790 0.8168465721 0.2925658727 1.7130709428 -0.7276687833 0.3764396250 -0.1778721327 0.5451172855
1413394917.0557603836 0.8600952185 0.3010342573 1.6636012897 -0.7606647807 0.3219078526 -0.1783119772 0.5347609416
1413394917.1557605267 0.9090854889 0.3044043735 1.6242339122 -0.7888152870 0.2732118784 -0.1671490156 0.5245826142
1413394917.2557604313 0.9613430302 0.3119645106 1.5832694520 -0.8116597342 0.2255155532 -0.1568520644 0.5155081386
1413394917.3557605743 1.0153769517 0.3292116433 1.5488585039 -0.8259529373 0.1891076652 -0.1426355861 0.5115614586
1413394917.4557604790 1.0706330193 0.3541043615 1.5145629220 -0.8329562040 0.1661503979 -0.1287456606 0.5118618587
1413394917.5557603836 1.1254229440 0.3896286125 1.4821777761 -0.8322745242 0.1433606418 -0.1303329266 0.5194036687
1413394917.6557605267 1.1767022755 0.4358251505 1.4553006021 -0.8285326993 0.1259478253 -0.1383941174 0.5277478373
1413394917.7557604313 1.2212694788 0.4898341780 1.4339303329 -0.8244216762 0.1161654222 -0.1472585764 0.5339938260
1413394917.8557605743 1.2539025146 0.5596693907 1.4259933388 -0.8210424080 0.1008210425 -0.1662925409 0.5367227147
1413394917.9557604790 1.2730730807 0.6320068674 1.4207194429 -0.8210483694 0.0834585963 -0.1765546548 0.5364165281
1413394918.0557603836 1.2775817113 0.7129582721 1.4093517937 -0.8221341850 0.0735084288 -0.1686326211 0.5387531270
1413394918.1557605267 1.2673427406 0.8018144116 1.3939093375 -0.8232863817 0.0782945188 -0.1338123643 0.5460437282
1413394918.2557604313 1.2515399910 0.8920506299 1.3846488925 -0.8238142591 0.0819772126 -0.0923003163 0.5532544213
1413394918.3557605743 1.2335510807 0.9862820449 1.3803163681 -0.8280920126 0.0905516222 -0.0424753460 0.5515975593
1413394918.4557604790 1.2137304754 1.0846998032 1.3740448693 -0.8284709973 0.0924239932 -0.0027835071 0.5523457832
1413394918.5557603836 1.1996042674 1.1864570046 1.3632482511 -0.8259870969 0.0782542334 0.0175522824 0.5579547546
1413394918.6557605267 1.1972166478 1.2884520951 1.3585744800 -0.8261894897 0.0489639003 0.0222390218 0.5608198369
1413394918.7557604313 1.2021391816 1.3907039700 1.3526242834 -0.8245661026 0.0124776841 0.0164598061 0.5653884723
1413394918.8557605743 1.2167184849 1.4951616651 1.3499959189 -0.8167855045 -0.0234091770 0.0069841355 0.5764240384
1413394918.9557604790 1.2272429994 1.5997764794 1.3524850688 -0.8015478937 -0.0511238929 0.0031038721 0.5957328996
1413394919.0557603836 1.2327703299 1.6991538718 1.3716719826 -0.7886849662 -0.0668038075 0.0187472730 0.6108697203
1413394919.1557605267 1.2366448010 1.7911093301 1.4126953467 -0.7791235538 -0.0811490900 0.0416575181 0.6201983265
1413394919.2557604313 1.2387435292 1.8705452953 1.4582350528 -0.7679802971 -0.1008658691 0.0658806904 0.6290405984
1413394919.3557605743 1.2388745528 1.9383674121 1.5145087908 -0.7550127707 -0.1301585676 0.0801232511 0.6376478087
1413394919.4557604790 1.2394090608 1.9883804281 1.5674305760 -0.7413079986 -0.1682932913 0.0815035310 0.6445905629
1413394919.5557603836 1.2394875504 2.0211733795 1.6116312980 -0.7422547812 -0.2063371621 0.0822111184 0.6322374138
1413394919.6557605267 1.2350618401 2.0487291046 1.6604921879 -0.7562195699 -0.2345305059 0.1008464596 0.6024594554
1413394919.7557604313 1.2106669384 2.0525012074 1.7137268272 -0.7740711649 -0.2477341501 0.1301172563 0.5679006271
1413394919.8557605743 1.1917731931 2.0595774079 1.7454146451 -0.7853752428 -0.2617129421 0.1628553354 0.5368148691
1413394919.9557604790 1.1698456266 2.0692097177 1.7682940199 -0.7865068689 -0.2857575756 0.1884365480 0.5140439870
1413394920.0557603836 1.1435243040 2.0816792040 1.7821756634 -0.7801326904 -0.3167681018 0.2113009301 0.4963898387
1413394920.1557605267 1.1138379606 2.0981526494 1.7873416897 -0.7696470266 -0.3505415015 0.2316592268 0.4807266508
1413394920.2557604313 1.0796259991 2.1275393401 1.7817203671 -0.7546773981 -0.3876934987 0.2479528649 0.4676271513
1413394920.3557605743 1.0392153361 2.1566796750 1.7696994987 -0.7303942810 -0.4236236930 0.2587357927 0.4691726235
1413394920.4557604790 0.9928829209 2.1926897045 1.7599932571 -0.7037683006 -0.4542592083 0.2684882938 0.4756813922
1413394920.5557603836 0.9399191056 2.2265934700 1.7503663870 -0.6767390591 -0.4811591469 0.2733976693 0.4855551829
1413394920.6557605267 0.8796993472 2.2565031874 1.7436350700 -0.6547838996 -0.5028249803 0.2699755109 0.4955182213
1413394920.7557604313 0.8127631844 2.2777969795 1.7411651911 -0.6432129054 -0.5164645706 0.2651716488 0.4992249016
1413394920.8557605743 0.7388918518 2.2895772616 1.7410015894 -0.6455738148 -0.5189578353 0.2693379029 0.4912985944
1413394920.9557604790 0.6555041156 2.2917366196 1.7363803712 -0.6506640676 -0.5155424829 0.2741740534 0.4854696776
1413394921.0557603836 0.5663688309 2.2867330627 1.7281807689 -0.6626812031 -0.5045510993 0.2832543574 0.4754458753
1413394921.1557605267 0.4694753857 2.2767900887 1.7134479662 -0.6715417259 -0.4846015993 0.3017066132 0.4724046146
1413394921.2557604313 0.3699524707 2.2672804428 1.6954149486 -0.6830466554 -0.4618627615 0.3211851936 0.4658005233
1413394921.3557605743 0.2699759071 2.2579519120 1.6647167117 -0.7051767401 -0.4325740089 0.3458379357 0.4427206956
1413394921.4557604790 0.1719594097 2.2582496294 1.6273445649 -0.7250804179 -0.4066065276 0.3641401675 0.4199183941
1413394921.5557603836 0.0782082693 2.2699552366 1.5844845456 -0.7326282918 -0.4040661154 0.3540946195 0.4178556700
1413394921.6557605267 -0.0165241343 2.3018102516 1.5323274658 -0.7183805010 -0.4197329892 0.3255094033 0.4492185458
1413394921.7557604313 -0.1096128487 2.3406348616 1.4844988525 -0.6964878363 -0.4364956076 0.2981971497 0.4852367858
1413394921.8557605743 -0.2016838482 2.3777229503 1.4451653928 -0.6753157173 -0.4447906967 0.2928099319 0.5102668536
1413394921.9557604790 -0.2998036190 2.4118145693 1.4122423512 -0.6547453823 -0.4426884955 0.3211484277 0.5217270049
1413394922.0557603836 -0.3844148963 2.4375495066 1.3866635369 -0.6391084239 -0.4445598466 0.3568463605 0.5163018887
1413394922.1557605267 -0.4616924853 2.4600186587 1.3707821897 -0.6230521287 -0.4629084135 0.3777324525 0.5048168380
1413394922.2557604313 -0.5213154416 2.4805926836 1.3673089445 -0.6130294823 -0.4987285413 0.3773185766 0.4827995314
1413394922.3557605743 -0.5781406404 2.5000603354 1.3716485660 -0.6000828310 -0.5375417754 0.3621245086 0.4688446181
1413394922.4557604790 -0.6317079109 2.5174867220 1.3915865013 -0.5861715331 -0.5643158762 0.3531069030 0.4618073632
1413394922.5557603836 -0.6867807012 2.5303843350 1.4231839698 -0.5810382154 -0.5749587891 0.3599714258 0.4497083006
1413394922.6557605267 -0.7429847985 2.5341996453 1.4653856896 -0.5855281385 -0.5732224892 0.3765492755 0.4321844745
1413394922.7557604313 -0.8005651167 2.5367702832 1.5078790774 -0.5917357271 -0.5736278558 0.3840400862 0.4163089292
1413394922.8557605743 -0.8606629006 2.5380973598 1.5520126220 -0.5976394100 -0.5771427689 0.3827770089 0.4039989125
1413394922.9557604790 -0.9251978849 2.5417409028 1.5944440523 -0.6006705733 -0.5805120214 0.3786928961 0.3984875730
1413394923.0557603836 -0.9932393499 2.5454185337 1.6306002081 -0.6038854709 -0.5834182831 0.3735764902 0.3941903739
1413394923.1557605267 -1.0710218625 2.5548373209 1.6592061340 -0.6023659271 -0.5851609714 0.3699373128 0.3973516226
1413394923.2557604313 -1.1519676125 2.5602400323 1.6870940064 -0.5873988509 -0.5863951693 0.3667173426 0.4202638291
1413394923.3557605743 -1.2362116843 2.5598837228 1.7198392591 -0.5809761011 -0.5841704470 0.3678599658 0.4311504429
1413394923.4557604790 -1.3217233765 2.5553245143 1.7500431979 -0.5856270351 -0.5866747605 0.3718699193 0.4178115177
1413394923.5557603836 -1.4087009532 2.5498566347 1.7803485080 -0.5854812490 -0.5973790090 0.3753130104 0.3993622051
1413394923.6557605267 -1.5004146601 2.5434414446 1.8040976331 -0.5702213752 -0.6115611755 0.3835170555 0.3921162839
1413394923.7557604313 -1.5968702647 2.5310230049 1.8217307076 -0.5430708235 -0.6274047069 0.3942152850 0.3950085107
1413394923.8557605743 -1.6950764396 2.5130805030 1.8351369286 -0.5164173386 -0.6423691242 0.4076985859 0.3930100554
1413394923.9557604790 -1.7966295118 2.4985316231 1.8386477951 -0.4896375416 -0.6568568604 0.4242014870 0.3858072593
1413394924.0557603836 -1.8935006802 2.4680652091 1.8374877435 -0.4660386867 -0.6700748176 0.4393972320 0.3751503083
1413394924.1557605267 -1.9910831757 2.4375650161 1.8470736190 -0.4466809896 -0.6829623620 0.4570721807 0.3537280415
1413394924.2557604313 -2.0843730992 2.3997498321 1.8465289740 -0.4311897475 -0.6938461266 0.4768145874 0.3245008527
1413394924.3557605743 -2.1763502832 2.3622035378 1.8475925251 -0.4154547288 -0.7053294902 0.4945565648 0.2920984129
1413394924.4557604790 -2.2655150223 2.3232480789 1.8490642948 -0.3909739267 -0.7173306304 0.5077214105 0.2734869736
1413394924.5557603836 -2.3573471298 2.2895451258 1.8533614440 -0.3637822787 -0.7296189697 0.5186343004 0.2575598478
1413394924.6557605267 -2.4474260006 2.2568921397 1.8545394323 -0.3304733104 -0.7453571098 0.5240212891 0.2462353723
1413394924.7557604313 -2.5367158590 2.2269277369 1.8604758103 -0.2941031882 -0.7586232516 0.5311279234 0.2364258993
1413394924.8557605743 -2.6159047113 2.2003174243 1.8699087562 -0.2551272553 -0.7655268431 0.5417473410 0.2353477314
1413394924.9057605267 -2.6591928272 2.1841277006 1.8758333961 -0.2342270266 -0.7675482246 0.5481695223 0.2356217262
1413394924.9557604790 -2.6958461609 2.1698451342 1.8817649681 -0.2154093895 -0.7692613808 0.5521306354 0.2387205150
1413394925.0057606697 -2.7305116088 2.1537725386 1.8872997422 -0.2003271852 -0.7692069271 0.5566832411 0.2414404506
1413394925.0557603836 -2.7646644818 2.1363161908 1.8925623699 -0.1849232285 -0.7702072441 0.5582593987 0.2468413346
1413394925.1057605743 -2.7915936730 2.1205942102 1.8988788619 -0.1762608327 -0.7748331568 0.5552807067 0.2454160440
1413394925.1557605267 -2.8266671760 2.1019880513 1.9057153607 -0.1672733981 -0.7810574300 0.5517642993 0.2398438227
1413394925.2057607174 -2.8480610321 2.0837817173 1.9133748712 -0.1579174038 -0.7873650405 0.5463890172 0.2378601027
1413394925.2557604313 -2.8665176326 2.0645213376 1.9184960827 -0.1498561684 -0.7930881072 0.5418224914 0.2344840523
1413394925.3057606220 -2.8816531300 2.0442106409 1.9265589382 -0.1417329261 -0.7976392917 0.5381544811 0.2325362176
1413394925.3557605743 -2.8914856538 2.0223031205 1.9331748321 -0.1342851505 -0.8006096490 0.5357815636 0.2322279147
1413394925.4057605267 -2.9011945700 1.9979631901 1.9396353496 -0.1316890500 -0.8026203294 0.5353435928 0.2277407268
1413394925.4557604790 -2.9036872807 1.9744390465 1.9420676576 -0.1316182026 -0.8029599406 0.5373019458 0.2218977275
1413394925.5057606697 -2.9079628586 1.9486439377 1.9425031281 -0.1340122884 -0.8033669275 0.5391454050 0.2143933735
1413394925.5557603836 -2.9116299346 1.9168019598 1.9450083383 -0.1363058448 -0.8041664230 0.5403806937 0.2067021689
1413394925.6057605743 -2.9094080687 1.8892167635 1.9421726202 -0.1372297671 -0.8043527618 0.5418636567 0.2014159955
1413394925.6557605267 -2.9011575762 1.8549680417 1.9403504318 -0.1404206649 -0.8046283137 0.5434804182 0.1936087516
1413394925.7057607174 -2.8922046799 1.8243524401 1.9387465636 -0.1479527404 -0.8039716875 0.5467434413 0.1811384049
1413394925.7557604313 -2.8829535299 1.7910329855 1.9327842137 -0.1567865983 -0.8028211660 0.5501826118 0.1679143581
1413394925.8057606220 -2.8720025569 1.7582151446 1.9283804736 -0.1648069404 -0.8015405846 0.5529421435 0.1569278484
1413394925.8557605743 -2.8556537026 1.7243107681 1.9269608552 -0.1717111696 -0.8008593290 0.5538595030 0.1495969929
1413394925.9057605267 -2.8440177334 1.6909814512 1.9213800352 -0.1750919836 -0.8006291312 0.5547117154 0.1436339247
1413394925.9557604790 -2.8322314498 1.6543210359 1.9165597081 -0.1765198688 -0.8004944407 0.5557512122 0.1385278908
1413394926.0057606697 -2.8207699183 1.6182665251 1.9095105343 -0.1743387373 -0.8017392919 0.5552142367 0.1362250488
1413394926.0557603836 -2.8071860527 1.5818955599 1.9022050252 -0.1680932590 -0.8033533338 0.5543536718 0.1380582626
1413394926.1057605743 -2.7947145663 1.5484529785 1.8987981450 -0.1618194702 -0.8059902871 0.5515638569 0.1413203026
1413394926.1557605267 -2.7796916506 1.5140335085 1.8985948650 -0.1558508323 -0.8079573218 0.5493642224 0.1453080706
1413394926.2057607174 -2.7662056150 1.4790298506 1.8960657804 -0.1490257453 -0.8104256091 0.5463894704 0.1498672949
1413394926.2557604313 -2.7504097851 1.4419373123 1.8907545896 -0.1450092757 -0.8117103243 0.5450232773 0.1518166215
1413394926.3057606220 -2.7329965836 1.4055545526 1.8886260276 -0.1456904391 -0.8132556529 0.5434205810 0.1486055558
1413394926.3557605743 -2.7195720906 1.3667124682 1.8879951597 -0.1476765825 -0.8158576134 0.5405302237 0.1428112702
1413394926.4057605267 -2.7035303109 1.3263661808 1.8846694357 -0.1496442518 -0.8176622966 0.5383967820 0.1384336367
1413394926.4557604790 -2.6853922715 1.2853349173 1.8832379071 -0.1512290957 -0.8195055720 0.5365160175 0.1330072968
1413394926.5057606697 -2.6686292712 1.2457546110 1.8803451814 -0.1499414025 -0.8203844578 0.5369516983 0.1271604926
1413394926.5557603836 -2.6498624318 1.2013649773 1.8791980100 -0.1469735237 -0.8203617202 0.5395604881 0.1194985816
1413394926.6057605743 -2.6308691470 1.1556562072 1.8787073661 -0.1425761857 -0.8207112958 0.5425460150 0.1083919818
1413394926.6557605267 -2.6168132339 1.1178016611 1.8805540117 -0.1371018923 -0.8202331452 0.5472917579 0.0942994712
1413394926.7057607174 -2.5996121873 1.0720622536 1.8830950686 -0.1321044326 -0.8194498900 0.5528208376 0.0737524109
1413394926.7557604313 -2.5835158438 1.0270989887 1.8824052635 -0.1256798696 -0.8187529359 0.5577294884 0.0527827447
1413394926.8057606220 -2.5677701729 0.9838240548 1.8845000345 -0.1194665718 -0.8185808718 0.5609810811 0.0308759008
1413394926.8557605743 -2.5560004930 0.9395823870 1.8860423764 -0.1137456753 -0.8174007684 0.5647055170 0.0050580933
1413394926.9057605267 -2.5454377446 0.8949877615 1.8856976913 0.1049467999 0.8167661607 -0.5671491575 0.0148674476
1413394926.9557604790 -2.5380421251 0.8515055571 1.8866407730 0.0965728037 0.8170890659 -0.5674065166 0.0329999533
1413394927.0057606697 -2.5345653567 0.8111789604 1.8839824827 0.0867180839 0.8172417491 -0.5678644480 0.0461071166
1413394927.0557603836 -2.5332709404 0.7679857232 1.8779819702 0.0729681569 0.8170476997 -0.5698717393 0.0485273653
1413394927.1057605743 -2.5370531404 0.7261250119 1.8694867521 0.0534897402 0.8170023655 -0.5727599533 0.0399001039
1413394927.1557605267 -2.5411126349 0.6836915423 1.8589833414 0.0348869462 0.8179038793 -0.5735234289 0.0297829088
1413394927.2057607174 -2.5500365149 0.6418108642 1.8486421414 0.0178887897 0.8169708954 -0.5760848410 0.0190998252
1413394927.2557604313 -2.5588011139 0.5985726808 1.8402157836 0.0022299034 0.8167022433 -0.5770043846 0.0076428734
1413394927.3057606220 -2.5668226556 0.5574540930 1.8342651404 -0.0081213534 0.8163909117 -0.5774425708 0.0000197267
1413394927.3557605743 -2.5746623279 0.5151554091 1.8305820169 0.0163681304 -0.8178784175 0.5751249369 0.0061875305
1413394927.4057605267 -2.5836697303 0.4726960099 1.8307648312 0.0196167928 -0.8201991021 0.5717029935 0.0066559506
1413394927.4557604790 -2.5912277516 0.4310563539 1.8354059214 0.0208371113 -0.8214979048 0.5697978876 0.0061134636
1413394927.5057606697 -2.5984362158 0.3897673061 1.8417139385 0.0203234170 -0.8234721869 0.5669796803 0.0038155162
1413394927.5557603836 -2.6050518007 0.3481502208 1.8507732747 0.0189825781 -0.8257019504 0.5637848553 0.0016086572
1413394927.6057605743 -2.6116219727 0.3055792594 1.8630673791 -0.0173677716 0.8266610215 -0.5624321340 0.0001036547
1413394927.6557605267 -2.6177001501 0.2618063721 1.8757393342 -0.0166859514 0.8260833927 -0.5632973939 0.0019629907
1413394927.7057607174 -2.6247025110 0.2200157693 1.8901852869 -0.0181277335 0.8269208880 -0.5620161026 0.0033362786
1413394927.7557604313 -2.6314794203 0.1770632465 1.9052960141 -0.0190384715 0.8256591329 -0.5638199739 0.0056187099
1413394927.8057606220 -2.6355263911 0.1333309063 1.9179005120 -0.0223291938 0.8242804844 -0.5657299341 0.0035681710
1413394927.8557605743 -2.6420442447 0.0900681054 1.9289857467 -0.0249363554 0.8230094075 -0.5674728277 0.0028780547
1413394927.9057605267 -2.6473546559 0.0457120937 1.9388358795 -0.0260933540 0.8231038376 -0.5672828567 0.0030610255
1413394927.9557604790 -2.6511950147 -0.0001990797 1.9473401599 -0.0269096491 0.8236171948 -0.5664962536 0.0035470840
1413394928.0057606697 -2.6503285486 -0.0408319243 1.9476488091 -0.0266354494 0.8224680624 -0.5681736962 0.0039357477
1413394928.0557603836 -2.6536360072 -0.0850533000 1.9496340880 -0.0294532744 0.8202663275 -0.5712223084 0.0008549401
1413394928.1057605743 -2.6590193378 -0.1291427285 1.9522815045 0.0341723316 -0.8171674579 0.5753720943 0.0040682469
1413394928.1557605267 -2.6616899329 -0.1735313142 1.9519094279 0.0392447865 -0.8126376238 0.5813520268 0.0104766399
1413394928.2057607174 -2.6666988279 -0.2182893546 1.9534077760 0.0430962299 -0.8068553269 0.5889929111 0.0146474272
1413394928.2557604313 -2.6675138791 -0.2611681677 1.9512721637 0.0473779529 -0.8010899392 0.5963373018 0.0198005423
1413394928.3057606220 -2.6598097837 -0.2999215040 1.9461718668 0.0482295024 -0.7945225765 0.6048197737 0.0245118707
1413394928.3557605743 -2.6572898007 -0.3399282942 1.9489547754 0.0489449316 -0.7911057876 0.6091443081 0.0264431162
1413394928.4057605267 -2.6550305931 -0.3788507672 1.9501635960 0.0474662731 -0.7893285690 0.6116431263 0.0244958984
1413394928.4557604790 -2.6464090336 -0.4125961792 1.9493564968 0.0410377739 -0.7912673436 0.6098251171 0.0180338173
1413394928.5057606697 -2.6404697109 -0.4485272281 1.9540172987 0.0334973746 -0.7947941189 0.6058890360 0.0088718950
1413394928.5557603836 -2.6327879890 -0.4794244735 1.9569197850 0.0283238676 -0.7969780572 0.6033363573 0.0029958144
1413394928.6057605743 -2.6259911643 -0.5106053933 1.9568922690 -0.0235667875 0.7996440213 -0.6000079760 0.0021152814
1413394928.6557605267 -2.6183702208 -0.5402134104 1.9611186131 -0.0196963325 0.8015490829 -0.5975790259 0.0055163385
1413394928.7057607174 -2.6073657876 -0.5685979303 1.9606201001 -0.0170133437 0.8027261301 -0.5960716280 0.0063182681
1413394928.7557604313 -2.5993525075 -0.5965374649 1.9650356088 -0.0157261759 0.8038378520 -0.5946082097 0.0062025832
1413394928.8057606220 -2.5918754081 -0.6244028294 1.9684547213 -0.0151595802 0.8050010704 -0.5930542396 0.0054893296
1413394928.8557605743 -2.5808270654 -0.6487362303 1.9668562242 -0.0167177968 0.8045969798 -0.5935858847 0.0001136744
1413394928.9057605267 -2.5709120813 -0.6741575668 1.9694240252 0.0193240577 -0.8049431856 0.5930052638 0.0061486466
1413394928.9557604790 -2.5643699663 -0.6990842723 1.9640313485 0.0207849467 -0.8049287552 0.5929365502 0.0091614673
1413394929.0057606697 -2.5576028407 -0.7232455786 1.9590900660 0.0210367388 -0.8051988606 0.5925437726 0.0102043159
1413394929.0557603836 -2.5469033688 -0.7471249489 1.9545978811 0.0206092186 -0.8043301573 0.5937330292 0.0104569741
1413394929.1057605743 -2.5334726359 -0.7687803739 1.9502011570 0.0189588675 -0.8018699340 0.5971134583 0.0100343506
1413394929.1557605267 -2.5230834777 -0.7890822365 1.9431934472 0.0178598406 -0.7976930362 0.6027248734 0.0094643021
1413394929.2057607174 -2.5101652388 -0.8075216433 1.9364341322 0.0158421797 -0.7937855361 0.6079442062 0.0075756312
1413394929.2557604313 -2.4984507287 -0.8273240091 1.9320848026 0.0129218300 -0.7914381182 0.6110986268 0.0041472590
1413394929.3057606220 -2.4866847969 -0.8446568058 1.9288137872 -0.0085633798 0.7890920916 -0.6142121171 0.0019531492
1413394929.3557605743 -2.4729162568 -0.8596854203 1.9267424110 -0.0046345039 0.7883666046 -0.6151529269 0.0065950491
1413394929.4057605267 -2.4644433274 -0.8718146397 1.9220900523 -0.0019417064 0.7882448537 -0.6152636713 0.0108118039
1413394929.4557604790 -2.4567901182 -0.8832140199 1.9207430627 -0.0002746441 0.7907333878 -0.6119936727 0.0142961026
1413394929.5057606697 -2.4477901891 -0.8927848901 1.9150657477 0.0011727452 0.7955460742 -0.6056661792 0.0165392835
1413394929.5557603836 -2.4391381262 -0.8995681076 1.9126867467 0.0020822467 0.8028150436 -0.5959566794 0.0178691445
1413394929.6057605743 -2.4302506486 -0.9069031295 1.9115454032 0.0027972199 0.8098419207 -0.5863610772 0.0181363258
1413394929.6557605267 -2.4199996077 -0.9123787214 1.9091272413 0.0015990299 0.8148951747 -0.5794289061 0.0143331849
1413394929.7057607174 -2.4164666573 -0.9208588860 1.9094912676 -0.0006946809 0.8181268349 -0.5749375947 0.0107126894
1413394929.7557604313 -2.4062483564 -0.9266305995 1.9070115423 -0.0026278224 0.8198195688 -0.5725856238 0.0058883496
1413394929.8057606220 -2.4071326916 -0.9346173591 1.9080579980 -0.0049810774 0.8206482876 -0.5714011299 0.0035107967
1413394929.8557605743 -2.3969311872 -0.9427694833 1.9036532408 0.0060580048 -0.8194470123 0.5731229046 0.0001757609
1413394929.9057605267 -2.3964623661 -0.9509915669 1.8987302104 0.0069557832 -0.8167552516 0.5769421698 0.0004568723
1413394929.9557604790 -2.3852726699 -0.9583286478 1.8904730779 0.0063972351 -0.8120144838 0.5835962140 0.0026481172
1413394930.0057606697 -2.3779443053 -0.9665568269 1.8842873163 0.0064207303 -0.8072047257 0.5902214841 0.0042313895
1413394930.0557603836 -2.3776074145 -0.9744414273 1.8757687902 0.0075985102 -0.8027770270 0.5962108684 0.0048895880
1413394930.1057605743 -2.3683352721 -0.9807349665 1.8655727409 0.0079193562 -0.7990784228 0.6011273451 0.0075414246
1413394930.1557605267 -2.3627095160 -0.9854686217 1.8554267517 0.0088889732 -0.7940929795 0.6076572435 0.0094868611
1413394930.2057607174 -2.3588547712 -0.9893877642 1.8452840368 0.0099765684 -0.7892345716 0.6139125635 0.0109828712
1413394930.2557604313 -2.3512259980 -0.9912384390 1.8364607903 0.0090634385 -0.7828357540 0.6220720752 0.0106004527
1413394930.3057606220 -2.3482318355 -0.9927435483 1.8353260599 0.0053912998 -0.7786701339 0.6273960435 0.0042380525
1413394930.3557605743 -2.3430254104 -0.9905211389 1.8253068570 -0.0005823829 0.7780309917 -0.6282200634 0.0026436183
1413394930.4057605267 -2.3345247754 -0.9824670851 1.8165927271 0.0043745599 0.7863862466 -0.6176526362 0.0090969957
1413394930.4557604790 -2.3301008373 -0.9735217844 1.8051595934 0.0085871566 0.7996692886 -0.6001919088 0.0149987425
1413394930.5057606697 -2.3294430681 -0.9658449804 1.7961943859 0.0119415933 0.8169518451 -0.5762135491 0.0206161803
1413394930.5557603836 -2.3205789764 -0.9565964805 1.7840312120 0.0159589445 0.8344101308 -0.5504093850 0.0235489854
1413394930.6057605743 -2.3178815646 -0.9489846070 1.7728427466 0.0195236554 0.8508024928 -0.5244205094 0.0271491155
1413394930.6557605267 -2.3185451335 -0.9433826311 1.7575266608 0.0225509773 0.8637046917 -0.5026177420 0.0296827280
1413394930.7057607174 -2.3185158249 -0.9415226687 1.7419524441 0.0186023421 0.8720842778 -0.4884712575 0.0227770910
1413394930.7557604313 -2.3193745429 -0.9444807060 1.7286273263 0.0134699139 0.8741759364 -0.4852300204 0.0136682491
1413394930.8057606220 -2.3205740585 -0.9509495358 1.7160195309 0.0067173107 0.8681632493 -0.4962270722 0.0024785462
1413394930.8557605743 -2.3228560061 -0.9608412264 1.7022206999 -0.0003525586 -0.8579730317 0.5136330541 0.0079522564
1413394930.9057605267 -2.3260978535 -0.9730883968 1.6891002926 0.0034280218 -0.8440756415 0.5360148690 0.0145815085
1413394930.9557604790 -2.3294273644 -0.9866062049 1.6781975085 0.0070631427 -0.8273748185 0.5612712921 0.0193793283
1413394931.0057606697 -2.3269569351 -1.0009643938 1.6698505737 0.0074841470 -0.8122741799 0.5828043786 0.0222193712
1413394931.0557603836 -2.3317565300 -1.0161475319 1.6620873947 0.0085006487 -0.7993201719 0.6003860601 0.0234857525
1413394931.1057605743 -2.3344313885 -1.0293152814 1.6552998927 0.0087412685 -0.7904420733 0.6120244218 0.0234739455
1413394931.1557605267 -2.3342251909 -1.0413490499 1.6550691818 0.0086806450 -0.7856230833 0.6181341972 0.0251223330
1413394931.2057607174 -2.3275362040 -1.0516521932 1.6571122394 0.0076645252 -0.7821214079 0.6224637442 0.0276811406
1413394931.2557604313 -2.3246661956 -1.0578418890 1.6619270786 0.0061292798 -0.7790009070 0.6264245520 0.0266889398
1413394931.3057606220 -2.3216471355 -1.0619737941 1.6717045923 0.0058473985 -0.7747249219 0.6316692616 0.0275870868
1413394931.3557605743 -2.3162470126 -1.0623404679 1.6814455378 0.0041096948 -0.7691698041 0.6384530568 0.0271775102
1413394931.4057605267 -2.3096136646 -1.0611574867 1.6958147751 0.0010318531 -0.7681919533 0.6397309202 0.0249881553
1413394931.4557604790 -2.3077985044 -1.0580438780 1.7083029509 0.0002814765 -0.7743002833 0.6323244141 0.0249965483
1413394931.5057606697 -2.3014587270 -1.0507008203 1.7174383529 -0.0011579832 -0.7857334247 0.6180266745 0.0257812725
1413394931.5557603836 -2.2976445496 -1.0392289517 1.7232675897 -0.0005761418 -0.7968939962 0.6034966594 0.0274118411
1413394931.6057605743 -2.2934128516 -1.0288577122 1.7317106118 0.0005493507 -0.8063819857 0.5907075585 0.0285021347
1413394931.6557605267 -2.2838663639 -1.0195885772 1.7386023087 0.0038414341 -0.8136392089 0.5805116984 0.0313472349
1413394931.7057607174 -2.2747807490 -1.0090530490 1.7436711171 0.0112610241 -0.8187529811 0.5729897929 0.0346329686
1413394931.7557604313 -2.2654156885 -0.9972026726 1.7447295516 0.0234751856 -0.8214571316 0.5684737394 0.0386614051
1413394931.8057606220 -2.2557787059 -0.9863296450 1.7472037845 0.0377735266 -0.8231294893 0.5651140886 0.0409520621
1413394931.8557605743 -2.2396201014 -0.9744894030 1.7438522509 0.0524122064 -0.8232058701 0.5639334125 0.0395494917
1413394931.9057605267 -2.2221222966 -0.9636124594 1.7413656630 0.0643013230 -0.8235095653 0.5628220115 0.0304748928
1413394931.9557604790 -2.2088740850 -0.9537039663 1.7410786382 0.0760123137 -0.8231322828 0.5625383335 0.0150331794
1413394932.0057606697 -2.1861601524 -0.9447513257 1.7408590824 -0.0864067462 0.8204839924 -0.5650963662 0.0024472951
1413394932.0557603836 -2.1643331029 -0.9360320710 1.7424053490 -0.0987259534 0.8152114678 -0.5702833186 0.0214565918
1413394932.1057605743 -2.1364956188 -0.9298226824 1.7491606111 -0.1105125738 0.8080767256 -0.5770264309 0.0428890966
1413394932.1557605267 -2.1128185532 -0.9223039404 1.7590497982 -0.1229285473 0.8016642873 -0.5812838621 0.0658180394
1413394932.2057607174 -2.0886968141 -0.9140501702 1.7686146650 -0.1345094703 0.7942950310 -0.5858609086 0.0881453451
1413394932.2557604313 -2.0599085036 -0.9020034337 1.7828325281 -0.1449753480 0.7884512361 -0.5870580541 0.1126482929
1413394932.3057606220 -2.0381570649 -0.8928050381 1.7967408874 -0.1579411485 0.7798853160 -0.5904827319 0.1347725151
1413394932.3557605743 -2.0167734891 -0.8838741510 1.8118506516 -0.1724015842 0.7722335443 -0.5915531554 0.1549125921
1413394932.4057605267 -1.9955113071 -0.8707118550 1.8274106869 -0.1882020779 0.7628910018 -0.5949643915 0.1690995865
1413394932.4557604790 -1.9746353255 -0.8549710975 1.8420674521 -0.2043015750 0.7527477418 -0.5988078295 0.1818265298
1413394932.5057606697 -1.9560858088 -0.8429915928 1.8540262005 -0.2210844483 0.7432115965 -0.6012724424 0.1929498368
1413394932.5557603836 -1.9426395580 -0.8291180016 1.8612695017 -0.2374356861 0.7334496792 -0.6034048005 0.2039080917
1413394932.6057605743 -1.9283597293 -0.8098786166 1.8692297953 -0.2535731926 0.7254329880 -0.6037059183 0.2121008724
1413394932.6557605267 -1.9150371232 -0.7934535184 1.8743259687 -0.2695940738 0.7197162255 -0.6004381227 0.2209109573
1413394932.7057607174 -1.9044704421 -0.7727448454 1.8772281460 -0.2849720225 0.7154763138 -0.5954827630 0.2286588501
1413394932.7557604313 -1.8981034950 -0.7538157589 1.8803649364 -0.3016114363 0.7134845150 -0.5872112253 0.2348475363
1413394932.8057606220 -1.8916015433 -0.7320357894 1.8836277472 -0.3172408640 0.7148537689 -0.5750063435 0.2402291162
1413394932.8557605743 -1.8863796695 -0.7061148580 1.8884648709 -0.3324441882 0.7183415427 -0.5602423744 0.2441204041
1413394932.9057605267 -1.8839293757 -0.6821866842 1.8931005198 -0.3461297916 0.7215053114 -0.5455658528 0.2489621523
1413394932.9557604790 -1.8790641333 -0.6574224509 1.8998325644 -0.3591094129 0.7244325909 -0.5315806119 0.2523091433
1413394933.0057606697 -1.8765110408 -0.6334421163 1.9040984204 -0.3704706636 0.7254669549 -0.5196996508 0.2576071774
1413394933.0557603836 -1.8740699428 -0.6097195170 1.9057153303 -0.3811037113 0.7246831639 -0.5100005816 0.2636165398
1413394933.1057605743 -1.8688025529 -0.5839863753 1.9046832623 -0.3918807177 0.7219589984 -0.5030161104 0.2686624283
1413394933.1557605267 -1.8661856463 -0.5619816957 1.9031288805 -0.4027539759 0.7174439509 -0.4969104823 0.2759409081
1413394933.2057607174 -1.8619476491 -0.5378685439 1.9006764555 -0.4122284290 0.7113441642 -0.4934691400 0.2838052330
1413394933.2557604313 -1.8565073156 -0.5127844067 1.8969639519 -0.4210058010 0.7046105736 -0.4906386944 0.2924922675
1413394933.3057606220 -1.8518889873 -0.4907241558 1.8908480136 -0.4304555592 0.6966359233 -0.4891696002 0.3001991076
1413394933.3557605743 -1.8469250028 -0.4674281769 1.8825495215 -0.4391801955 0.6889152952 -0.4880379691 0.3071407049
1413394933.4057605267 -1.8412742783 -0.4452449719 1.8709735435 -0.4471045798 0.6812016465 -0.4867917323 0.3147945695
1413394933.4557604790 -1.8353536476 -0.4225130771 1.8580510802 -0.4551286277 0.6740386925 -0.4851702524 0.3211535451
1413394933.5057606697 -1.8309816092 -0.4013540527 1.8440392730 -0.4626296945 0.6672920663 -0.4827514678 0.3280946272
1413394933.5557603836 -1.8252952940 -0.3803182699 1.8264180852 -0.4699949900 0.6606636128 -0.4800145263 0.3349841111
1413394933.6057605743 -1.8209485914 -0.3580371260 1.8119752934 -0.4771876119 0.6534613904 -0.4777273005 0.3421356758
1413394933.6557605267 -1.8168358143 -0.3368775364 1.7968784101 -0.4829548086 0.6449456055 -0.4767859834 0.3513900181
1413394933.7057607174 -1.8119490940 -0.3142147575 1.7812910604 -0.4880564611 0.6356022696 -0.4774207709 0.3603887528
1413394933.7557604313 -1.8078965836 -0.2932390710 1.7666166354 -0.4918103186 0.6271103464 -0.4776513259 0.3697356282
1413394933.8057606220 -1.8050666413 -0.2718992077 1.7538032965 -0.4955091631 0.6200088869 -0.4776384109 0.3767242996
1413394933.8557605743 -1.8038181207 -0.2527385980 1.7409466442 -0.5000010420 0.6148743668 -0.4755171534 0.3818532544
1413394933.9057605267 -1.8028857708 -0.2318195910 1.7282081044 -0.5069002023 0.6114029920 -0.4706358324 0.3843702377
1413394933.9557604790 -1.8039392489 -0.2106121811 1.7158527067 -0.5169915153 0.6099802016 -0.4621976045 0.3834283521
1413394934.0057606697 -1.8056418819 -0.1888458452 1.7037390708 -0.5271823479 0.6079287851 -0.4529445127 0.3838523580
1413394934.0557603836 -1.8082133888 -0.1668689432 1.6934858988 -0.5371269724 0.6049367438 -0.4438429046 0.3854213637
1413394934.1057605743 -1.8097333507 -0.1454671847 1.6826597325 -0.5445193402 0.5981117763 -0.4386456014 0.3916005971
1413394934.1557605267 -1.8117701400 -0.1233359672 1.6739009597 -0.5503020575 0.5876051068 -0.4365943092 0.4015884624
1413394934.2057607174 -1.8145245390 -0.1026827435 1.6653854860 -0.5554228667 0.5771504515 -0.4345537404 0.4117837322
1413394934.2557604313 -1.8181024307 -0.0806218874 1.6539770546 -0.5620149225 0.5662678028 -0.4315994603 0.4209535701
1413394934.3057606220 -1.8234370742 -0.0569297582 1.6410487008 -0.5712255214 0.5560533636 -0.4259638454 0.4278561242
1413394934.3557605743 -1.8275393788 -0.0355012198 1.6256687526 -0.5809569609 0.5483660649 -0.4163515130 0.4340911034
1413394934.4057605267 -1.8340133042 -0.0139712482 1.6084188037 -0.5909394541 0.5425910561 -0.4034269156 0.4400366248
1413394934.4557604790 -1.8413213723 0.0091877978 1.5886479989 -0.6000839705 0.5373872906 -0.3906316811 0.4455569750
1413394934.5057606697 -1.8471458426 0.0282170677 1.5681908356 -0.6077421528 0.5325720726 -0.3812689775 0.4490550411
1413394934.5557603836 -1.8540735326 0.0478718537 1.5458704713 -0.6152390595 0.5266746169 -0.3751764967 0.4509294224
1413394934.6057605743 -1.8599320701 0.0663402177 1.5209468330 -0.6223169930 0.5202865578 -0.3710628418 0.4520352037
1413394934.6557605267 -1.8656463575 0.0841155722 1.4999508033 -0.6284833447 0.5143539027 -0.3690035922 0.4519790893
1413394934.7057607174 -1.8712831437 0.1025773991 1.4787732734 -0.6325588384 0.5088801597 -0.3678496358 0.4534279926
1413394934.7557604313 -1.8769008390 0.1203962550 1.4620471424 -0.6340973334 0.5061873994 -0.3643767216 0.4570825890
1413394934.8057606220 -1.8804499330 0.1367634401 1.4486792537 -0.6350779876 0.5036643856 -0.3629735508 0.4596175994
1413394934.8557605743 -1.8846023171 0.1527372304 1.4377578150 -0.6352777283 0.5013230197 -0.3625923927 0.4621949746
1413394934.9057605267 -1.8897397378 0.1689689030 1.4308140257 -0.6355643402 0.5002348289 -0.3618261277 0.4635784062
1413394934.9557604790 -1.8939590180 0.1845591124 1.4260241842 -0.6354845788 0.4990511039 -0.3619777860 0.4648434449
1413394935.0057606697 -1.8982754522 0.1997517047 1.4248551839 -0.6339491612 0.4979745879 -0.3634483018 0.4669422906
1413394935.0557603836 -1.9029981417 0.2142448927 1.4254940344 -0.6313509134 0.4977310657 -0.3643553433 0.4700053129
1413394935.1057605743 -1.9071715370 0.2286991058 1.4274999096 -0.6274223942 0.4984849973 -0.3665687639 0.4727379698
1413394935.1557605267 -1.9122141066 0.2420489207 1.4304059535 -0.6221675481 0.5008838669 -0.3689575422 0.4752822593
1413394935.2057607174 -1.9169074825 0.2539390541 1.4323388473 -0.6172398766 0.5035780871 -0.3728621450 0.4758128474
1413394935.2557604313 -1.9226814236 0.2649907005 1.4328919473 -0.6118528300 0.5065588828 -0.3770984427 0.4762677579
1413394935.3057606220 -1.9292134748 0.2758907684 1.4313502444 -0.6069493659 0.5083667905 -0.3822959191 0.4764719339
1413394935.3557605743 -1.9367126891 0.2862173773 1.4278220520 -0.6025490556 0.5086535612 -0.3889534469 0.4763626837
1413394935.4057605267 -1.9454635971 0.2964279230 1.4217518822 -0.5990309083 0.5093264297 -0.3945311964 0.4754931061
1413394935.4557604790 -1.9536576064 0.3052151403 1.4131467311 -0.5975964380 0.5105557518 -0.3985083363 0.4726546599
1413394935.5057606697 -1.9656071541 0.3133999187 1.4040210770 -0.5983243816 0.5134353230 -0.3999422863 0.4673738023
1413394935.5557603836 -1.9771612547 0.3205883791 1.3910574251 -0.6003649538 0.5172376061 -0.3992392115 0.4611238803
1413394935.6057605743 -1.9898524222 0.3276218363 1.3778946478 -0.6019775075 0.5209463662 -0.3984469039 0.4554975617
1413394935.6557605267 -2.0049068991 0.3372266921 1.3673536231 -0.6031551534 0.5241067601 -0.3984583424 0.4502742656
1413394935.7057607174 -2.0189524945 0.3451606084 1.3583130046 -0.6032631778 0.5263138937 -0.3990060477 0.4470586063
1413394935.7557604313 -2.0343466509 0.3523476676 1.3525714798 -0.6026777303 0.5273407505 -0.4008033502 0.4450257977
1413394935.8057606220 -2.0499120454 0.3602705315 1.3489380210 -0.6012573307 0.5274495727 -0.4034286002 0.4444456492
1413394935.8557605743 -2.0657877972 0.3678094848 1.3488280054 -0.5995631553 0.5286361405 -0.4041153659 0.4447006013
1413394935.9057605267 -2.0824023898 0.3760255904 1.3494548011 -0.5991953540 0.5305381515 -0.4039225257 0.4431035892
1413394935.9557604790 -2.0997593624 0.3837696757 1.3485691663 -0.5995178755 0.5326840312 -0.4029115516 0.4410083009
1413394936.0057606697 -2.1176041021 0.3919377514 1.3453644432 -0.6025955618 0.5347830957 -0.4000927371 0.4368196781
1413394936.0557603836 -2.1356577102 0.3989442957 1.3405812017 -0.6092089479 0.5375990463 -0.3928546314 0.4307168000
1413394936.1057605743 -2.1539553251 0.4101031701 1.3311419286 -0.6184135454 0.5391338405 -0.3833614831 0.4241855279
1413394936.2057607174 -2.1884861295 0.4282662864 1.3129630003 -0.6364913698 0.5315697125 -0.3652062963 0.4230091466
1413394936.2557604313 -2.2047666215 0.4375987152 1.3023429754 -0.6447073077 0.5197704339 -0.3595651037 0.4300047902
1413394936.3057606220 -2.2183332940 0.4504952241 1.2898115109 -0.6533968811 0.5032360050 -0.3545709906 0.4405740025
1413394936.4057605267 -2.2455226630 0.4743741972 1.2702325277 -0.6695910429 0.4643861772 -0.3436016696 0.4668310254
1413394936.5057606697 -2.2755677240 0.4990862441 1.2511484546 -0.6919306886 0.4168136454 -0.3281137846 0.4897342662
1413394936.6057605743 -2.3069680434 0.5242176914 1.2338294614 -0.7172128691 0.3692420987 -0.3075150403 0.5046785837
1413394936.7057607174 -2.3423159980 0.5544610538 1.2203746217 -0.7381237847 0.3352899516 -0.2786506202 0.5148861610
1413394936.8057606220 -2.3788674116 0.5865348743 1.2089995538 -0.7538899254 0.3052393216 -0.2534046983 0.5237031562
1413394936.9057605267 -2.4143442702 0.6185682925 1.2010387899 -0.7682836517 0.2769006383 -0.2321977302 0.5283469325
1413394937.0057606697 -2.4507186179 0.6536260858 1.1942721845 -0.7833899048 0.2475421448 -0.2102644793 0.5299169673
1413394937.1057605743 -2.4888215579 0.6945373170 1.1856095042 -0.7975961606 0.2164353075 -0.1878069243 0.5307774311
1413394937.2057607174 -2.5257262885 0.7389288714 1.1808354519 -0.8073219384 0.1876474074 -0.1676179237 0.5337826991
1413394937.2557604313 -2.5472650573 0.7668706950 1.1774792827 -0.8119290470 0.1772346812 -0.1540640690 0.5344374173
1413394937.3057606220 -2.5654443275 0.7916500704 1.1759601250 -0.8157302633 0.1702448973 -0.1396177452 0.5348903605
1413394937.3557605743 -2.5823993874 0.8217473957 1.1725358153 -0.8178116398 0.1638087061 -0.1271094504 0.5368370491
1413394937.4557604790 -2.6161489175 0.8769183216 1.1711131261 -0.8186288281 0.1555926651 -0.1134777131 0.5410735376
1413394937.5557603836 -2.6439506636 0.9398695209 1.1675208792 -0.8175514147 0.1491876897 -0.1067388626 0.5458566961
1413394937.6557605267 -2.6704419803 1.0090763665 1.1642720642 -0.8146212137 0.1466740632 -0.1047123135 0.5512842541
1413394937.7557604313 -2.6946166367 1.0777473827 1.1651086259 -0.8107924687 0.1494896540 -0.1030534936 0.5564605947
1413394937.8557605743 -2.7127053931 1.1487162859 1.1663023720 -0.8074390618 0.1578654354 -0.1029004214 0.5590457665
1413394937.9557604790 -2.7269990117 1.2209476861 1.1689701890 -0.8047664915 0.1754106593 -0.1024858720 0.5577442432
1413394938.0557603836 -2.7340890770 1.2897157562 1.1734949179 -0.8029685171 0.1978359476 -0.0987194873 0.5534952224
1413394938.1557605267 -2.7373699863 1.3629433267 1.1884514053 -0.8018037594 0.2188390557 -0.0958927999 0.5477451688
1413394938.2557604313 -2.7299447657 1.4338634135 1.2140228441 -0.7991133518 0.2359185960 -0.1003558678 0.5437729001
1413394938.3557605743 -2.7129165056 1.5094840721 1.2498526543 -0.7936785907 0.2429600080 -0.1241844059 0.5437122056
1413394938.4557604790 -2.6850662717 1.5771153830 1.2907254705 -0.7822728438 0.2519887993 -0.1448742766 0.5509648689
1413394938.5557603836 -2.6523880555 1.6480330373 1.3356422331 -0.7749558223 0.2604098470 -0.1710058701 0.5498974245
1413394938.6557605267 -2.6180562556 1.7201515897 1.3785408728 -0.7721212607 0.2774013194 -0.1944163718 0.5376611769
1413394938.7557604313 -2.5821009028 1.7911448612 1.4057076557 -0.7671528010 0.3025530650 -0.2123258833 0.5242670523
1413394938.8557605743 -2.5456841801 1.8648737735 1.4309364990 -0.7570883639 0.3373458745 -0.2228036192 0.5131992960
1413394938.9557604790 -2.5035289812 1.9389229996 1.4475604992 -0.7342904365 0.3827069035 -0.2252382729 0.5134400660
1413394939.0557603836 -2.4562637486 2.0100151308 1.4601139809 -0.7027299657 0.4294214876 -0.2300505350 0.5185022011
1413394939.1557605267 -2.4027575234 2.0738316154 1.4629579228 -0.6720823618 0.4684460032 -0.2445040377 0.5187305819
1413394939.2557604313 -2.3420510426 2.1308412224 1.4560414217 -0.6506666820 0.4960035411 -0.2686446409 0.5083733008
1413394939.3557605743 -2.2792327091 2.1756973136 1.4460894208 -0.6371677954 0.5130379958 -0.2950959276 0.4936877646
1413394939.4557604790 -2.2137654038 2.2138874711 1.4369526876 -0.6362983603 0.5144085198 -0.3282642689 0.4719648727
1413394939.5557603836 -2.1463883545 2.2488178277 1.4394507195 -0.6365723807 0.5093541360 -0.3565532161 0.4562935155
1413394939.6557605267 -2.0790656628 2.2790642060 1.4548093238 -0.6262790379 0.5172100980 -0.3597337645 0.4591948387
1413394939.7557604313 -2.0133354616 2.3094210692 1.4814866701 -0.6097972427 0.5360847533 -0.3516814932 0.4659190782
1413394939.8557605743 -1.9462103496 2.3342339513 1.5105021888 -0.5898770444 0.5600391756 -0.3398460552 0.4721290640
1413394939.9557604790 -1.8763689464 2.3549963615 1.5335030296 -0.5888508373 0.5716829859 -0.3480246291 0.4531137965
1413394940.0557603836 -1.8067355013 2.3642140949 1.5429722502 -0.5990126232 0.5751842929 -0.3652433380 0.4206473708
1413394940.1557605267 -1.7329730260 2.3726247086 1.5486859171 -0.5914980495 0.5882334779 -0.3746231925 0.4046836994
1413394940.2557604313 -1.6535188546 2.3782718202 1.5473870642 -0.5709579856 0.6033551932 -0.3880608151 0.3992221102
1413394940.3557605743 -1.5716608320 2.3800748884 1.5398794921 -0.5445016929 0.6188875185 -0.4061843272 0.3943481180
1413394940.4557604790 -1.4875435715 2.3797450734 1.5261035961 -0.5164745757 0.6366108733 -0.4239011810 0.3850823256
1413394940.5557603836 -1.4033603367 2.3747378760 1.5102414663 -0.4936396596 0.6505457430 -0.4457207309 0.3666649053
1413394940.6557605267 -1.3211791313 2.3687007526 1.4961060990 -0.4810301295 0.6587793899 -0.4714554936 0.3351856913
1413394940.7557604313 -1.2398593606 2.3616878091 1.4875452195 -0.4721841171 0.6653719260 -0.4895060442 0.3077437120
1413394940.8557605743 -1.1579618612 2.3644663256 1.4921674167 -0.4599896797 0.6736809148 -0.4952272340 0.2988536537
1413394940.9557604790 -1.0785848383 2.3709914279 1.5080083851 -0.4445561834 0.6856824565 -0.4883918808 0.3060763620
1413394941.0057606697 -1.0339563061 2.3748561710 1.5202565882 -0.4351514775 0.6957975526 -0.4791730959 0.3112910240
1413394941.0557603836 -0.9926529503 2.3774914902 1.5308767985 -0.4259592602 0.7059657709 -0.4696117206 0.3156515022
1413394941.1057605743 -0.9488446963 2.3832768700 1.5407404767 -0.4154286443 0.7179828383 -0.4582406063 0.3192729744
1413394941.2057607174 -0.8675783524 2.3823184288 1.5619740270 -0.3993645247 0.7354971157 -0.4431096110 0.3212566605
1413394941.3057606220 -0.7844006131 2.3714244715 1.5857768831 -0.3910510614 0.7461762980 -0.4350955509 0.3177921668
1413394941.4057605267 -0.6988793949 2.3473618886 1.6105384679 -0.3938927945 0.7507454974 -0.4329890428 0.3061864684
1413394941.5057606697 -0.6140121260 2.3130667987 1.6379223349 -0.4104273232 0.7398212762 -0.4518708207 0.2828898250
1413394941.6057605743 -0.5233159837 2.2712038279 1.6645400959 -0.4251955414 0.7267932755 -0.4722929264 0.2606140401
1413394941.7057607174 -0.4294210871 2.2303520637 1.6906413342 -0.4261006550 0.7199105597 -0.4881027216 0.2488428238
1413394941.7557604313 -0.3760605569 2.2086123405 1.7050221280 -0.4204590300 0.7180121072 -0.4959745708 0.2483586985
1413394941.8057606220 -0.3206905752 2.1905249569 1.7190400734 -0.4138990201 0.7179763892 -0.5009329035 0.2495270166
1413394941.8557605743 -0.2704082140 2.1719667772 1.7351510042 -0.4020787607 0.7224046029 -0.4991471543 0.2594540003
1413394941.9057605267 -0.2098930902 2.1533683970 1.7517526390 -0.3854191901 0.7296829601 -0.4937308327 0.2743076566
1413394941.9557604790 -0.1581002042 2.1329875740 1.7674965921 -0.3680485424 0.7379533190 -0.4851375174 0.2908724095
1413394942.0057606697 -0.1053308464 2.1118681132 1.7832060137 -0.3516857221 0.7458480267 -0.4756915902 0.3061786815
1413394942.0557603836 -0.0526613176 2.0910386537 1.7978218716 -0.3365021238 0.7525836513 -0.4670373126 0.3197816710
1413394942.1057605743 -0.0024239616 2.0647246391 1.8178904504 -0.3209092871 0.7596106886 -0.4569465196 0.3334796987
1413394942.1557605267 0.0475154790 2.0347867220 1.8357493615 -0.3064685035 0.7663839020 -0.4477513476 0.3438771611
1413394942.2057607174 0.0882896341 2.0022204681 1.8495471871 -0.2934385543 0.7713449060 -0.4422318299 0.3512148337
1413394942.2557604313 0.1318176871 1.9635789406 1.8670899545 -0.2803321320 0.7770725632 -0.4373309870 0.3554064365
1413394942.3057606220 0.1707210240 1.9208545018 1.8873697730 -0.2684338935 0.7834087485 -0.4334635592 0.3554199213
1413394942.3557605743 0.2061847709 1.8719248422 1.9090389587 -0.2574632348 0.7879999133 -0.4348648041 0.3516552595
1413394942.4057605267 0.2385614809 1.8174473257 1.9276995749 -0.2483945520 0.7927461542 -0.4378131715 0.3437634483
1413394942.4557604790 0.2655546965 1.7621092294 1.9456786408 -0.2395559487 0.7954282797 -0.4449931053 0.3344965404
1413394942.5057606697 0.2941153569 1.6912003284 1.9640793580 -0.2290345202 0.7983526549 -0.4548845565 0.3213351322
1413394942.5557603836 0.3159279906 1.6224613342 1.9763835475 -0.2175892093 0.8004562397 -0.4647771794 0.3096884206
1413394942.6057605743 0.3355377947 1.5509954399 1.9864079789 -0.2057791888 0.8031775618 -0.4743588541 0.2958790415
1413394942.6557605267 0.3534760146 1.4774841063 1.9936325192 -0.1927519009 0.8044434315 -0.4860585280 0.2818946214
1413394942.7057607174 0.3679670488 1.4000388062 1.9966138789 -0.1806450054 0.8046676398 -0.4994027619 0.2654698719
1413394942.7557604313 0.3808128182 1.3287552518 2.0001878362 -0.1736701980 0.8020804602 -0.5171476062 0.2430307618
1413394942.8057606220 0.3916827396 1.2456707200 1.9965934586 -0.1686591263 0.7947338486 -0.5424653326 0.2137371563
1413394942.8557605743 0.3964905936 1.1659352315 1.9909575440 -0.1659789073 0.7850315403 -0.5679560846 0.1833094897
1413394942.9057605267 0.3997917908 1.0892186437 1.9826695620 -0.1643497899 0.7735826068 -0.5926910139 0.1525662451
1413394942.9557604790 0.4012107777 1.0078837433 1.9712074771 -0.1606666667 0.7611331349 -0.6164623712 0.1218060672
1413394943.0057606697 0.4036895437 0.9360046911 1.9561792305 -0.1533278490 0.7514717974 -0.6344645562 0.0961011725
1413394943.0557603836 0.4071892394 0.8674642396 1.9389550400 -0.1438842502 0.7444661643 -0.6477192474 0.0743453374
1413394943.1057605743 0.4098036228 0.8004917930 1.9175355800 -0.1316714320 0.7391860675 -0.6582901717 0.0540429599
1413394943.1557605267 0.4152307165 0.7413183553 1.8964228938 -0.1178086854 0.7356257671 -0.6661419850 0.0350813359
1413394943.2057607174 0.4178032332 0.6848090128 1.8737135837 -0.1035145496 0.7325980003 -0.6724822682 0.0187751656
1413394943.2557604313 0.4185521345 0.6328892799 1.8512620199 -0.0888630432 0.7311220075 -0.6764272347 0.0031884128
1413394943.3057606220 0.4292692099 0.5920650382 1.8282374513 0.0722461715 -0.7303527719 0.6791338876 0.0119365827
1413394943.3557605743 0.4358912703 0.5528190652 1.8049961391 0.0560390003 -0.7309161747 0.6797082969 0.0248557272
1413394943.4057605267 0.4428644909 0.5194311971 1.7814958379 0.0404690604 -0.7322481355 0.6787984119 0.0375185190
1413394943.4557604790 0.4522128151 0.4907733062 1.7641964436 0.0268950386 -0.7354550779 0.6750617978 0.0517112606
1413394943.5057606697 0.4652645728 0.4686006342 1.7427933717 0.0138323394 -0.7382935127 0.6710827444 0.0661763216
1413394943.5557603836 0.4796087141 0.4517995567 1.7284786799 0.0004139957 -0.7453280458 0.6621211436 0.0779841266
1413394943.6057605743 0.4974665212 0.4396426001 1.7162905476 -0.0124163656 -0.7544564271 0.6504232441 0.0871259836
1413394943.6557605267 0.5193377289 0.4314358642 1.7053765280 -0.0250121212 -0.7661478883 0.6353889921 0.0931269880
1413394943.7057607174 0.5396197184 0.4278628013 1.6989716220 -0.0399344396 -0.7767276022 0.6218378123 0.0917453414
1413394943.7557604313 0.5625318079 0.4262313840 1.6903285679 -0.0523996623 -0.7848413293 0.6105734029 0.0920786771
1413394943.8057606220 0.5888412307 0.4265928082 1.6810864399 -0.0648490880 -0.7897119437 0.6035570245 0.0887049045
1413394943.8557605743 0.6176060091 0.4271756455 1.6709588626 -0.0779163851 -0.7917490921 0.6003734609 0.0813272370
1413394943.9057605267 0.6463206082 0.4293536384 1.6590982833 -0.0899499885 -0.7929508930 0.5981485185 0.0731862735
1413394943.9557604790 0.6727159969 0.4325915271 1.6455747022 -0.1004120284 -0.7949849089 0.5948253174 0.0640254709
1413394944.0057606697 0.6988861685 0.4374126185 1.6317209009 -0.1054247315 -0.7969473910 0.5916459773 0.0609550611
1413394944.0557603836 0.7270804249 0.4428351333 1.6172725377 -0.1065358309 -0.7991618701 0.5882084764 0.0632551211
1413394944.1057605743 0.7528531706 0.4490510765 1.6051565130 -0.1054656123 -0.8013837852 0.5850717774 0.0659700589
1413394944.1557605267 0.7750002452 0.4561365251 1.5936053823 -0.1036993921 -0.8028156512 0.5831093760 0.0686798507
1413394944.2057607174 0.7983417420 0.4640043332 1.5851891940 -0.1038591869 -0.8035786422 0.5817509751 0.0709960427
1413394944.2557604313 0.8203683830 0.4725968844 1.5764397346 -0.1060357602 -0.8062939429 0.5774794549 0.0718607988
1413394944.3057606220 0.8424118351 0.4806967017 1.5714694450 -0.1082216677 -0.8101162847 0.5715432367 0.0730616486
1413394944.3557605743 0.8639052245 0.4892702463 1.5681217293 -0.1105378953 -0.8149170435 0.5640606321 0.0743450688
1413394944.4057605267 0.8842325346 0.4975262159 1.5675492408 -0.1123102191 -0.8206744440 0.5548231540 0.0777890695
1413394944.4557604790 0.9058697803 0.5040458319 1.5684068859 -0.1146791415 -0.8261854635 0.5452291918 0.0836146086
1413394944.5057606697 0.9238459447 0.5103953600 1.5679411489 -0.1199841669 -0.8305622016 0.5364629569 0.0893181107
1413394944.5557603836 0.9416745782 0.5150072564 1.5682605112 -0.1315293091 -0.8336143205 0.5284698141 0.0922326465
1413394944.6057605743 0.9577727343 0.5178721598 1.5653324099 -0.1457264641 -0.8360450428 0.5203946491 0.0947728510
1413394944.6557605267 0.9728170076 0.5191470136 1.5611927318 -0.1621933986 -0.8389327147 0.5102323886 0.0977144375
1413394944.7057607174 0.9839409465 0.5186642704 1.5540708842 -0.1798711337 -0.8414279670 0.4992582397 0.1019144825
1413394944.7557604313 0.9951562221 0.5157379207 1.5466215596 -0.1978677819 -0.8425865526 0.4891158603 0.1079903584
1413394944.8057606220 1.0040687637 0.5109874632 1.5382637104 -0.2172398869 -0.8422075186 0.4798420140 0.1150867883
1413394944.8557605743 1.0114419309 0.5017051600 1.5264298074 -0.2372377451 -0.8396230379 0.4725924505 0.1241280883
1413394944.9057605267 1.0140951908 0.4928859140 1.5165221884 -0.2558601503 -0.8354459911 0.4676576781 0.1336483281
1413394944.9557604790 1.0145580690 0.4795406976 1.5045389640 -0.2753331731 -0.8291903122 0.4643527655 0.1449537138
1413394945.0057606697 1.0139784268 0.4631133351 1.4933432632 -0.2929964834 -0.8210256037 0.4632639049 0.1595511618
1413394945.0557603836 1.0100767183 0.4442609227 1.4809404251 -0.3074861398 -0.8113527817 0.4641943707 0.1779958532
1413394945.1057605743 0.9999732788 0.4270714747 1.4666536156 -0.3209025034 -0.8010358088 0.4655712650 0.1964856573
1413394945.1557605267 0.9901226920 0.4048329865 1.4532927295 -0.3337642031 -0.7903475639 0.4661928941 0.2159082455
1413394945.2057607174 0.9782723270 0.3820361537 1.4400230056 -0.3463476823 -0.7791558212 0.4668127376 0.2346174701
1413394945.2557604313 0.9653141006 0.3564996988 1.4288136958 -0.3597739455 -0.7669272814 0.4675118008 0.2526221870
1413394945.3057606220 0.9510138365 0.3297878835 1.4173347000 -0.3716969851 -0.7551267997 0.4670059929 0.2711646551
1413394945.3557605743 0.9353207212 0.3009884945 1.4077151596 -0.3830135802 -0.7410934365 0.4691727941 0.2897550778
1413394945.4057605267 0.9200665470 0.2720174191 1.3998475478 -0.3934005882 -0.7239477614 0.4750892253 0.3089107378
1413394945.4557604790 0.9038038766 0.2421309851 1.3918212251 -0.4073322170 -0.7054113172 0.4821064473 0.3225658259
1413394945.5057606697 0.8884905390 0.2107453837 1.3852362540 -0.4271625350 -0.6855186078 0.4896059843 0.3284545436
1413394945.5557603836 0.8730761082 0.1798688021 1.3779564656 -0.4480012366 -0.6662934711 0.4951280225 0.3319580451
1413394945.6057605743 0.8594719146 0.1525760788 1.3716642745 -0.4679492794 -0.6496628133 0.4967906725 0.3349040588
1413394945.6557605267 0.8449455219 0.1245610951 1.3652729954 -0.4901411693 -0.6309480522 0.4979591068 0.3371986322
1413394945.7057607174 0.8307352840 0.0994547279 1.3578600461 -0.5101783359 -0.6148781860 0.4952474964 0.3411345764
1413394945.7557604313 0.8172254402 0.0753881259 1.3510339797 -0.5311918044 -0.5977888174 0.4912514860 0.3451894757
1413394945.8057606220 0.8052180998 0.0566146226 1.3452397526 -0.5496929843 -0.5826281475 0.4849978677 0.3509403556
1413394945.8557605743 0.7921989225 0.0402668033 1.3389215225 -0.5682875838 -0.5658489700 0.4782025951 0.3580313440
1413394945.9057605267 0.7796695907 0.0260915475 1.3331865124 -0.5878835599 -0.5469789419 0.4705714720 0.3657450572
1413394945.9557604790 0.7669541339 0.0159212396 1.3276156028 -0.6046223281 -0.5305919502 0.4606588691 0.3750965596
1413394946.0057606697 0.7555666551 0.0093338783 1.3223694755 -0.6190811876 -0.5153466514 0.4470897363 0.3889306876
1413394946.0557603836 0.7405927682 -0.0014720100 1.3151419125 -0.6330838541 -0.5005626362 0.4260804403 0.4087754142
1413394946.1557605267 0.7222057345 0.0050746026 1.3063505359 -0.6547232370 -0.4742157527 0.3924761216 0.4386563539
1413394946.2057607174 0.7151822198 0.0114294011 1.3026561109 -0.6651948520 -0.4575062085 0.3766075915 0.4542803099
1413394946.2557604313 0.7082182218 0.0186883692 1.3009741758 -0.6781489224 -0.4370176708 0.3616913451 0.4672354496
1413394946.3557605743 0.6978378343 0.0356885367 1.2927840527 -0.7024298466 -0.3959352049 0.3376288465 0.4856278269
1413394946.4557604790 0.6916351512 0.0577142719 1.2869455629 -0.7283578100 -0.3509709443 0.3120110558 0.4989623212
1413394946.5557603836 0.6923484427 0.0898026044 1.2841319864 -0.7503515495 -0.3050253852 0.2863338367 0.5118056277
1413394946.6557605267 0.6989992841 0.1266089714 1.2804770146 -0.7611885017 -0.2668681488 0.2500103042 0.5356008810
1413394946.7557604313 0.7115694167 0.1701076609 1.2781342011 -0.7651391433 -0.2312372385 0.2050005202 0.5648594671
1413394946.8557605743 0.7327573782 0.2170945976 1.2751527422 -0.7713556850 -0.1915078758 0.1628015093 0.5846629878
1413394946.9557604790 0.7556554878 0.2609375612 1.2740069898 -0.7767904030 -0.1481894667 0.1225955445 0.5996723141
1413394947.0557603836 0.7814400754 0.2993088252 1.2758247734 -0.7804146296 -0.1043134661 0.0818442703 0.6110427335
1413394947.1557605267 0.8078116951 0.3314234661 1.2849149556 -0.7872297510 -0.0606611570 0.0422539989 0.6122124980
1413394947.2557604313 0.8337796654 0.3595840695 1.3024602614 -0.7955633130 -0.0182104857 0.0048592738 0.6055772293
1413394947.3557605743 0.8592434858 0.3802691516 1.3284729442 -0.7909665666 0.0193537898 -0.0277996923 0.6109210247
1413394947.4557604790 0.8878762695 0.4002361042 1.3785360522 -0.7871672818 0.0469187348 -0.0492618046 0.6129760007
1413394947.5557603836 0.9131788401 0.4075696113 1.4266738566 -0.7903519198 0.0650446039 -0.0587649047 0.6063495101
1413394947.6557605267 0.9276211205 0.4157099989 1.4662218372 -0.8071057756 0.0748995414 -0.0647882317 0.5820419321
1413394947.7557604313 0.9379398388 0.4229495722 1.4997084897 -0.8284571014 0.0750185891 -0.0641278896 0.5512881789
1413394947.8557605743 0.9453302042 0.4384678442 1.5233013037 -0.8439848909 0.0644087286 -0.0549443522 0.5296434062
1413394947.9557604790 0.9533927575 0.4605097527 1.5494932180 -0.8499725237 0.0446300559 -0.0407462292 0.5233494166
1413394948.0557603836 0.9595373046 0.4953473911 1.5881290334 -0.8548417432 0.0194763379 -0.0237004326 0.5179812312
1413394948.1557605267 0.9641783232 0.5404187856 1.6259436379 -0.8609771362 -0.0034029217 -0.0096079807 0.5085415202
1413394948.2557604313 0.9713054715 0.6023810950 1.6599817026 -0.8538196651 -0.0263032885 -0.0034915538 0.5198922249
1413394948.3557605743 0.9760399024 0.6816681256 1.7013261393 -0.8289867217 -0.0445649236 0.0002665096 0.5574898311
1413394948.4557604790 0.9782210067 0.7581823215 1.7354738115 -0.7926027033 -0.0537671244 0.0067754143 0.6073254028
1413394948.5557603836 0.9677969781 0.8236488598 1.7594451712 -0.7534810112 -0.0553504885 0.0114757249 0.6550351113
1413394948.6557605267 0.9589917595 0.8784916436 1.8025702884 -0.7302771026 -0.0529283744 0.0166480485 0.6808941057
1413394948.7557604313 0.9511950062 0.9097005965 1.8158891555 -0.7143568037 -0.0517986465 0.0152062401 0.6976962287
1413394948.8557605743 0.9457038258 0.9245209637 1.8373866723 -0.7326125479 -0.0499424322 0.0127919600 0.6786906320
1413394948.9557604790 0.9349257951 0.9131633046 1.8591494963 -0.7676784527 -0.0487839855 0.0073204191 0.6389337426
1413394949.0557603836 0.9260710030 0.8970957478 1.8681844173 -0.8095141782 -0.0491766910 -0.0006292178 0.5850367957
1413394949.1557605267 0.9094884565 0.8737183391 1.8696371160 -0.8434130581 -0.0481956191 -0.0069418765 0.5350545824
1413394949.2557604313 0.8942592375 0.8643016923 1.8817686144 -0.8657860850 -0.0471245609 -0.0101780210 0.4980864770
1413394949.3557605743 0.8681659903 0.8712848238 1.8833796927 -0.8779053472 -0.0444625083 -0.0129643477 0.4765891442
1413394949.4557604790 0.8420501807 0.8934037569 1.8813664964 -0.8779962450 -0.0424509363 -0.0136800737 0.4765851102
1413394949.5557603836 0.8024418822 0.9340815027 1.8768863885 -0.8519715167 -0.0419208852 -0.0153225677 0.5216822721
1413394949.6557605267 0.7616183156 0.9894739903 1.8880562350 -0.8109658939 -0.0395194159 -0.0123522852 0.5836265551
1413394949.7557604313 0.7146445982 1.0406612710 1.9002581746 -0.7732725780 -0.0352953930 -0.0069636167 0.6330523386
1413394949.8557605743 0.6673025685 1.0849776499 1.9317347919 -0.7574564455 -0.0289851869 0.0037154791 0.6522313909
1413394949.9557604790 0.6196486954 1.1090124991 1.9236502872 -0.7566343184 -0.0249861651 0.0249353227 0.6528846985
1413394950.0557603836 0.5696761437 1.1188506834 1.9327197001 -0.7580205220 -0.0263064328 0.0502712683 0.6497581545
1413394950.1557605267 0.5281724967 1.1146595548 1.9033819819 -0.7621742498 -0.0310633088 0.0824312208 0.6413505887
1413394950.2557604313 0.4884471673 1.1053617306 1.9347931242 -0.7940946742 -0.0397466130 0.1045575126 0.5974124051
1413394950.3557605743 0.4726604379 1.1062526258 1.9536260724 -0.8271410487 -0.0661591460 0.0924691429 0.5503727015
1413394950.4557604790 0.4624405156 1.0933444020 1.9254231448 -0.8435230523 -0.0955549189 0.0672159952 0.5242328945
1413394950.5557603836 0.4449905418 1.0987818852 1.9315432389 -0.8543791638 -0.1114059065 0.0495574575 0.5051425808
1413394950.6557605267 0.4271627000 1.1181888757 1.9335827905 -0.8521007167 -0.1191708611 0.0414283876 0.5079432677
1413394950.7557604313 0.3968250899 1.1647620714 1.9624115236 -0.8286774940 -0.1247154407 0.0428542523 0.5439698363
1413394950.8557605743 0.3587227826 1.2088950021 1.9896532086 -0.7868415410 -0.1298254120 0.0569095149 0.6006555243
1413394950.9557604790 0.3215782587 1.2438598910 2.0132559575 -0.7388478618 -0.1392082444 0.0759041525 0.6549530223
1413394951.0557603836 0.2807314611 1.2588431685 2.0496578775 -0.7017712940 -0.1523826858 0.0961843119 0.6892351893
1413394951.1557605267 0.2370298481 1.2457386438 2.0810478946 -0.6867842046 -0.1635406898 0.1244776627 0.6971995486
1413394951.2557604313 0.2016520774 1.2183945115 2.0780357402 -0.6986105281 -0.1784974803 0.1545170839 0.6754305667
1413394951.3557605743 0.1752205119 1.1766883666 2.1087112414 -0.7420421553 -0.1987655504 0.1687733052 0.6175607396
1413394951.4557604790 0.1564642609 1.1262342729 2.1262342770 -0.7941652521 -0.2207853843 0.1638772670 0.5419405943
1413394951.5557603836 0.1427136107 1.0878980679 2.1592776761 -0.8335960706 -0.2359761474 0.1524157666 0.4756072781
1413394951.6557605267 0.1210435949 1.0581660639 2.1893806836 -0.8570116915 -0.2392045019 0.1441289699 0.4330577409
1413394951.7557604313 0.0969975254 1.0532061907 2.2167525705 -0.8673822203 -0.2392654456 0.1372366722 0.4142055362
1413394951.8557605743 0.0495205785 1.0638232455 2.2469859634 -0.8485173344 -0.2397320982 0.1305856419 0.4533147300
1413394951.9557604790 0.0060784776 1.0982584442 2.2845807359 -0.8128538231 -0.2337626015 0.1372881501 0.5155343561
1413394952.0557603836 -0.0468069746 1.1498378114 2.3463449098 -0.7730320471 -0.2218612459 0.1505940885 0.5749090905
1413394952.1557605267 -0.1003594726 1.1948378752 2.3654430991 -0.7384813948 -0.2123008873 0.1602837014 0.6195826804
1413394952.2557604313 -0.1467422717 1.2332527803 2.3786692062 -0.7319182406 -0.2062815737 0.1688799956 0.6270750740
1413394952.3557605743 -0.1979783255 1.2567801519 2.3882651958 -0.7535220518 -0.2099136218 0.1748240723 0.5979777024
1413394952.4557604790 -0.2523810437 1.2603759728 2.4198495405 -0.7796781068 -0.2123798697 0.1871583563 0.5585414850
1413394952.5557603836 -0.2912787399 1.2763660155 2.4238869743 -0.7922189197 -0.2266331700 0.1921379545 0.5330193205
1413394952.6557605267 -0.3265714904 1.3049563604 2.4337683418 -0.7902868723 -0.2492103066 0.1826371780 0.5291356572
1413394952.7557604313 -0.3645645712 1.3409985822 2.4522704690 -0.7768855606 -0.2636428470 0.1777306232 0.5434639828
1413394952.8557605743 -0.4020579923 1.3852629474 2.4723050755 -0.7499554208 -0.2672551527 0.1871149955 0.5754385533
1413394952.9557604790 -0.4395267146 1.4129209538 2.4862166327 -0.7159914207 -0.2620811885 0.2010774008 0.6150102560
1413394953.0557603836 -0.4749832262 1.4459222829 2.5141245918 -0.6909354751 -0.2580166990 0.2118185014 0.6412242001
1413394953.1557605267 -0.5020146823 1.4622267274 2.5307646963 -0.6771107716 -0.2528243145 0.2188427137 0.6555217278
1413394953.2557604313 -0.5119523506 1.4771758092 2.5229195781 -0.6646816632 -0.2500083073 0.2263010096 0.6666948222
1413394953.3557605743 -0.5123084276 1.4593224547 2.5441574809 -0.6512475411 -0.2440915423 0.2318172205 0.6801152368
1413394953.4557604790 -0.4962701801 1.4061927828 2.5737665791 -0.6628674656 -0.2446214346 0.2272320982 0.6701735972
1413394953.5557603836 -0.4744652316 1.3404129641 2.5901427448 -0.7164424593 -0.2615842065 0.2022450781 0.6143133027
1413394953.6557605267 -0.4463446047 1.2651709440 2.5855194766 -0.7669203759 -0.2772884094 0.1743131062 0.5518688395
1413394953.7557604313 -0.4220934859 1.1926518969 2.5418353946 -0.8014428840 -0.2861463589 0.1539766800 0.5020963524
1413394953.8557605743 -0.4015762309 1.1282060150 2.4843139617 -0.8209322235 -0.2915002351 0.1404784983 0.4704930275
1413394953.9557604790 -0.3932791131 1.0759970449 2.4302435078 -0.8193632338 -0.2906120075 0.1415330407 0.4734521629
1413394954.0557603836 -0.4053393011 1.0283263423 2.3638329794 -0.7953761563 -0.2839834086 0.1538124072 0.5129053880
1413394954.1557605267 -0.4171623538 0.9949713908 2.3061540066 -0.7619944282 -0.2780042796 0.1696136528 0.5597404048
1413394954.2557604313 -0.4339045616 0.9617728598 2.2521322297 -0.7268396309 -0.2695798992 0.1870985613 0.6033448079
1413394954.3557605743 -0.4457297351 0.9172799261 2.1981233572 -0.7015814319 -0.2631094805 0.1997393001 0.6313961575
1413394954.4557604790 -0.4527044429 0.8580301116 2.1515719689 -0.6988705113 -0.2589596841 0.2071917041 0.6337124649
1413394954.5557603836 -0.4467878278 0.7827886952 2.0983604095 -0.7260160026 -0.2605111864 0.2050620276 0.6024817429
1413394954.6557605267 -0.4387500833 0.7013322612 2.0604954400 -0.7746948929 -0.2641113340 0.1950700310 0.5404079100
1413394954.7557604313 -0.4416711840 0.6270277147 2.0287131360 -0.8186390743 -0.2614101210 0.1824688574 0.4777027640
1413394954.8557605743 -0.4458529882 0.5700234541 1.9907710512 -0.8392074181 -0.2570202788 0.1704014641 0.4479227909
1413394954.9557604790 -0.4533142134 0.5254743121 1.9577284890 -0.8250550494 -0.2592827223 0.1602098835 0.4758039813
1413394955.0557603836 -0.4708044550 0.4957516744 1.9150636492 -0.7921506924 -0.2623636615 0.1653885437 0.5256512334
1413394955.1557605267 -0.4847196979 0.4650445220 1.8725764924 -0.7548092152 -0.2703449620 0.1814405264 0.5694347948
1413394955.2557604313 -0.4996670092 0.4278899490 1.8355189015 -0.7207780770 -0.2831485943 0.2025387928 0.5994029318
1413394955.3557605743 -0.5190368940 0.3862577105 1.7970617929 -0.7109257097 -0.2962777393 0.2320777241 0.5940909581
1413394955.4557604790 -0.5326768317 0.3310391141 1.7678326275 -0.7355061574 -0.3070052944 0.2687707785 0.5408703267
1413394955.5557603836 -0.5373648103 0.2814289274 1.7525930501 -0.7701062913 -0.3203862238 0.2872585175 0.4709262276
1413394955.6557605267 -0.5384289342 0.2521695182 1.7558592870 -0.7929968252 -0.3431984403 0.2751333738 0.4215121498
1413394955.7557604313 -0.5461661823 0.2479640964 1.7622408389 -0.7898815533 -0.3741174211 0.2454871901 0.4193558471
1413394955.8557605743 -0.5618408094 0.2567897580 1.7668182226 -0.7711726179 -0.3897758455 0.2285786102 0.4484633793
1413394955.9057605267 -0.5793310051 0.2661275494 1.7740412539 -0.7601398083 -0.3908227968 0.2268880269 0.4668691856
1413394955.9557604790 -0.5954943195 0.2738935251 1.7815775509 -0.7491219090 -0.3871548127 0.2309038061 0.4853977223
1413394956.0057606697 -0.6206100958 0.2833395291 1.7856284415 -0.7347409765 -0.3801482000 0.2365654705 0.5095878940
1413394956.1057605743 -0.6599450688 0.3002326342 1.8008344516 -0.7053607276 -0.3661221249 0.2547352130 0.5509362984
1413394956.2057607174 -0.6992404980 0.3164695964 1.8180728117 -0.6800732604 -0.3557824996 0.2788506632 0.5772014216
1413394956.3057606220 -0.7346843290 0.3231517774 1.8400605009 -0.6633891372 -0.3556310895 0.3054576402 0.5832126635
1413394956.4057605267 -0.7560619014 0.3135760117 1.8548448131 -0.6575163012 -0.3667630782 0.3306169272 0.5690778554
1413394956.5057606697 -0.7743841573 0.3146902768 1.8556735607 -0.6638333189 -0.3956883297 0.3435274101 0.5336150195
1413394956.6057605743 -0.7795277531 0.3020056307 1.8458333748 -0.6729416841 -0.4358286725 0.3329866627 0.4963091178
1413394956.6557605267 -0.7771569795 0.2885079290 1.8493850752 -0.6831079683 -0.4574572670 0.3200336466 0.4708235524
1413394956.7057607174 -0.7782638951 0.2838521336 1.8435028184 -0.6903931185 -0.4756358578 0.3087571124 0.4492181188
1413394956.7557604313 -0.7846443962 0.2828531841 1.8443573840 -0.6977829889 -0.4903480697 0.2987072930 0.4282891827
1413394956.8057606220 -0.7923554263 0.2816888393 1.8448338620 -0.7013765903 -0.5003917526 0.2926721757 0.4147553136
1413394956.8557605743 -0.8027025843 0.2807765272 1.8477376155 -0.6991199429 -0.5067034956 0.2915702245 0.4116669493
1413394956.9057605267 -0.8165718379 0.2810447572 1.8502316151 -0.6921598536 -0.5080120113 0.2968854248 0.4179683935
1413394956.9557604790 -0.8330176849 0.2821874727 1.8529364611 -0.6846259699 -0.5070954101 0.3038364078 0.4264093850
1413394957.0057606697 -0.8500528381 0.2832393491 1.8570447553 -0.6769591417 -0.5047911222 0.3111980585 0.4359679022
1413394957.0557603836 -0.8691069732 0.2852897006 1.8601167521 -0.6671949553 -0.5005170771 0.3207541161 0.4488322005
1413394957.1057605743 -0.8943436703 0.2812288070 1.8661523650 -0.6570902840 -0.4933619498 0.3317772717 0.4634114662
1413394957.1557605267 -0.9189208672 0.2805094529 1.8746525216 -0.6467938313 -0.4842910225 0.3445398056 0.4779249603
1413394957.2057607174 -0.9434347887 0.2836327726 1.8846481522 -0.6350315091 -0.4750266909 0.3577750754 0.4930330828
1413394957.2557604313 -0.9660642537 0.2882077855 1.8937606689 -0.6243804570 -0.4658826050 0.3713403291 0.5051819507
1413394957.3057606220 -0.9865881512 0.2885469562 1.8973115028 -0.6125536451 -0.4535669886 0.3873099746 0.5186964452
1413394957.3557605743 -1.0036527616 0.2893199164 1.9091066470 -0.6012773091 -0.4416826197 0.4023248356 0.5305815561
1413394957.4057605267 -1.0171129001 0.2924362220 1.9271560131 -0.5931000636 -0.4341574417 0.4124538297 0.5381649085
1413394957.4557604790 -1.0316415748 0.2859793534 1.9479025469 -0.5921615140 -0.4301468043 0.4163502666 0.5394172073
1413394957.5057606697 -1.0343458762 0.2836255259 1.9461399891 -0.5949201491 -0.4309724740 0.4176543699 0.5346939032
1413394957.5557603836 -1.0374288054 0.2782523036 1.9373003227 -0.6035037277 -0.4364324734 0.4141266777 0.5232676577
1413394957.6057605743 -1.0321457183 0.2747035008 1.9334092731 -0.6163460171 -0.4483223532 0.4047780164 0.5052518305
1413394957.6557605267 -1.0279442872 0.2660943336 1.9383647977 -0.6296655162 -0.4634692603 0.3901373480 0.4863233823
1413394957.7057607174 -1.0218008901 0.2616888877 1.9426224139 -0.6418095504 -0.4805940935 0.3745899864 0.4656094506
1413394957.7557604313 -1.0155225236 0.2574058561 1.9567845601 -0.6546952958 -0.4980891740 0.3577271456 0.4419417764
1413394957.8057606220 -1.0129107673 0.2605646369 1.9685924541 -0.6632882863 -0.5121775933 0.3465863943 0.4214269018
1413394957.8557605743 -1.0057489320 0.2623689671 1.9779923278 -0.6665338489 -0.5219463267 0.3423857425 0.4075250466
1413394957.9057605267 -1.0033219447 0.2616981472 1.9846517649 -0.6641965824 -0.5286978323 0.3436015150 0.4015712901
1413394957.9557604790 -1.0036269391 0.2613367585 1.9886201443 -0.6589646495 -0.5320999792 0.3510993081 0.3992048080
1413394958.0057606697 -1.0059364389 0.2601692046 1.9858867649 -0.6484256319 -0.5328343482 0.3649170467 0.4030723338
1413394958.0557603836 -1.0066370491 0.2569836544 1.9843774802 -0.6345609543 -0.5301388608 0.3841768786 0.4107229108
1413394958.1057605743 -1.0122356325 0.2592609951 1.9766610943 -0.6156332769 -0.5263464353 0.4066351214 0.4226144536
1413394958.1557605267 -1.0136127944 0.2584053922 1.9759593095 -0.5950771840 -0.5221256792 0.4290432414 0.4349595581
1413394958.2057607174 -1.0164771892 0.2570468169 1.9779132341 -0.5745117737 -0.5185361980 0.4501127693 0.4454828035
1413394958.2557604313 -1.0166188599 0.2622245608 1.9917289921 -0.5551269115 -0.5192482268 0.4670260397 0.4517765701
1413394958.3057606220 -1.0158875675 0.2664912821 1.9811909531 -0.5339898534 -0.5181137750 0.4838700122 0.4607415370
1413394958.3557605743 -1.0118634868 0.2663205435 1.9881172941 -0.5190804797 -0.5207518833 0.4949505586 0.4630301029
1413394958.4057605267 -1.0032320954 0.2693493180 1.9796088055 -0.5104202630 -0.5317553439 0.4962742272 0.4587148361
1413394958.4557604790 -0.9840783937 0.2828613205 1.9638057329 -0.5108845113 -0.5512536557 0.4899678813 0.4416422743
1413394958.5057606697 -0.9687624329 0.3049453449 1.9794502444 -0.5169540876 -0.5793861324 0.4725259008 0.4168806231
1413394958.5557603836 -0.9519473427 0.3158306971 1.9847036481 -0.5257899621 -0.6056287228 0.4528965550 0.3894142734
1413394958.6057605743 -0.9330328370 0.3285337233 1.9887258355 -0.5344567874 -0.6311927115 0.4305893276 0.3613094718
1413394958.6557605267 -0.9157460513 0.3404981670 1.9909365545 -0.5413738561 -0.6532256601 0.4102365814 0.3345392834
1413394958.7057607174 -0.8987337385 0.3532877743 1.9961102704 -0.5437533117 -0.6704124819 0.3951560820 0.3142150711
1413394958.7557604313 -0.8769041109 0.3571388787 1.9845591697 -0.5422176444 -0.6821338769 0.3861530089 0.3026206432
1413394958.8057606220 -0.8696343408 0.3649891573 1.9899225645 -0.5371699152 -0.6929361778 0.3801045154 0.2946328107
1413394958.8557605743 -0.8661653743 0.3730459673 1.9940751303 -0.5293688262 -0.7005322401 0.3791812325 0.2919671546
1413394958.9057605267 -0.8676535448 0.3816634856 2.0004528548 -0.5164318354 -0.7069620157 0.3816190610 0.2964283387
1413394958.9557604790 -0.8746802076 0.3844832670 2.0019816173 -0.4980553249 -0.7088250745 0.3920401801 0.3095357885
1413394959.0057606697 -0.8883614111 0.3892529879 2.0110073115 -0.4789844556 -0.7069850218 0.4078928490 0.3230626781
1413394959.0557603836 -0.9051687916 0.3948835268 2.0200623825 -0.4588837060 -0.7012680550 0.4292895528 0.3366887870
1413394959.1057605743 -0.9184651682 0.3935553490 2.0279212933 -0.4413097318 -0.6938265290 0.4509735395 0.3470926893
1413394959.1557605267 -0.9315112335 0.3895695510 2.0378060182 -0.4254373336 -0.6836255764 0.4748006581 0.3552794414
1413394959.2057607174 -0.9442920931 0.3878513352 2.0440825494 -0.4104729590 -0.6710419758 0.5016918136 0.3598887895
1413394959.2557604313 -0.9560819276 0.3852843872 2.0559359746 -0.3955194156 -0.6586255135 0.5268624746 0.3635832198
1413394959.3057606220 -0.9691232092 0.3832703382 2.0767089657 -0.3828619996 -0.6505215365 0.5450623449 0.3648910248
1413394959.3557605743 -0.9718739521 0.3741564823 2.0821445227 -0.3733983990 -0.6471693586 0.5568738424 0.3628181094
1413394959.4057605267 -0.9751517729 0.3748381192 2.0859188762 -0.3729546089 -0.6588552534 0.5509765069 0.3510548441
1413394959.4557604790 -0.9746088941 0.3771075315 2.0904237970 -0.3772559015 -0.6759231515 0.5376116444 0.3343345599
1413394959.5057606697 -0.9706933522 0.3814305296 2.0915671038 -0.3831427748 -0.7000696700 0.5146965724 0.3133552451
1413394959.5557603836 -0.9616817041 0.3854786989 2.0904706575 -0.3893792579 -0.7238847839 0.4887183740 0.2924533536
1413394959.6057605743 -0.9581006357 0.3877321865 2.0974229223 -0.3940249093 -0.7455253056 0.4642502821 0.2709392278
1413394959.6557605267 -0.9521846944 0.3866665219 2.1021310740 -0.3958526641 -0.7626491854 0.4438478689 0.2542950209
1413394959.7057607174 -0.9527904209 0.3860121877 2.1072031596 -0.3934644301 -0.7765253816 0.4288924737 0.2413406718
1413394959.7557604313 -0.9572649561 0.3785240948 2.1138049791 -0.3839441534 -0.7874858526 0.4204312340 0.2359883398
1413394959.8057606220 -0.9699024416 0.3721929098 2.1202054545 -0.3693862755 -0.7934820266 0.4211936525 0.2377729170
1413394959.8557605743 -0.9836682307 0.3607856155 2.1248380534 -0.3478133139 -0.7948577505 0.4314269652 0.2471797499
1413394959.9057605267 -0.9931171299 0.3489150295 2.1283380626 -0.3299070875 -0.7906520091 0.4487910458 0.2541993537
1413394959.9557604790 -1.0086353688 0.3331241063 2.1354286209 -0.3131423447 -0.7808533973 0.4752883223 0.2575089406
1413394960.0057606697 -1.0250613955 0.3178568042 2.1368233801 -0.2970942650 -0.7664396279 0.5075960896 0.2581695264
1413394960.0557603836 -1.0364293735 0.2999901284 2.1377655735 -0.2807477150 -0.7506754432 0.5399405849 0.2571599973
1413394960.1057605743 -1.0485904084 0.2789700214 2.1345892659 -0.2630798989 -0.7353324501 0.5701773867 0.2548978274
1413394960.1557605267 -1.0591722334 0.2604767215 2.1374370815 -0.2480085943 -0.7265355104 0.5910451132 0.2475955642
1413394960.2057607174 -1.0658356602 0.2453950528 2.1356467271 -0.2327770281 -0.7229639837 0.6043968526 0.2405044241
1413394960.2557604313 -1.0708780315 0.2309927187 2.1337319367 -0.2201772788 -0.7257619202 0.6106594253 0.2277864513
1413394960.3057606220 -1.0757314138 0.2186030405 2.1325971294 -0.2082834184 -0.7334298713 0.6105484945 0.2143109360
1413394960.3557605743 -1.0741426875 0.2097038317 2.1320481852 -0.1984014961 -0.7465035253 0.6033520118 0.1983322538
1413394960.4057605267 -1.0747554791 0.2006109701 2.1260083636 -0.1878424709 -0.7631544577 0.5907021775 0.1827058218
1413394960.4557604790 -1.0725273151 0.1931304981 2.1199450146 -0.1778999116 -0.7815602134 0.5744137338 0.1660244461
1413394960.5057606697 -1.0688225999 0.1855457491 2.1156960321 -0.1688932969 -0.8030103862 0.5517769823 0.1489682374
1413394960.5557603836 -1.0660585793 0.1792084218 2.1045730728 -0.1590480956 -0.8222144250 0.5303048636 0.1320753358
1413394960.6057605743 -1.0646058109 0.1703775327 2.0943852148 -0.1486658124 -0.8388469442 0.5105722493 0.1164055782
1413394960.6557605267 -1.0621589188 0.1586696175 2.0843138043 -0.1375133130 -0.8529852240 0.4927377515 0.1035171710
1413394960.7057607174 -1.0617360867 0.1448048725 2.0731467443 -0.1237083972 -0.8611253769 0.4838723320 0.0950099159
1413394960.7557604313 -1.0631934224 0.1273699142 2.0639245139 -0.1059215299 -0.8618486082 0.4872633534 0.0925852609
1413394960.8057606220 -1.0683863355 0.1036012615 2.0573890400 -0.0899247222 -0.8552335624 0.5022461838 0.0907627072
1413394960.8557605743 -1.0697660624 0.0794878519 2.0528361392 -0.0756680910 -0.8418306533 0.5267382848 0.0902345311
1413394960.9057605267 -1.0754413428 0.0544175441 2.0472519468 -0.0661156276 -0.8255939007 0.5536645950 0.0864809297
1413394960.9557604790 -1.0793467500 0.0265206356 2.0399951723 -0.0588645265 -0.8085356737 0.5794469824 0.0839418036
1413394961.0057606697 -1.0840886362 -0.0008362022 2.0388170572 -0.0538849476 -0.7922397779 0.6024923989 0.0803458526
1413394961.0557603836 -1.0860572232 -0.0278097454 2.0348415482 -0.0513075357 -0.7804728565 0.6182169140 0.0777013782
1413394961.1057605743 -1.0879876716 -0.0543051441 2.0320632464 -0.0499987441 -0.7726542307 0.6283859807 0.0750774569
1413394961.1557605267 -1.0899206037 -0.0766495585 2.0282736330 -0.0495934639 -0.7720472176 0.6293246439 0.0737161773
1413394961.2057607174 -1.0937915765 -0.0937191396 2.0222324447 -0.0505477853 -0.7803493919 0.6191256062 0.0719946636
1413394961.2557604313 -1.0904227206 -0.1113393123 2.0211361106 -0.0507174443 -0.7957108878 0.5992502082 0.0719104436
1413394961.3057606220 -1.0901094754 -0.1310609418 2.0140725090 -0.0518491217 -0.8137377102 0.5745912482 0.0706222698
1413394961.3557605743 -1.0853391994 -0.1491406041 2.0069062034 -0.0530174720 -0.8305942357 0.5500162157 0.0691702667
1413394961.4057605267 -1.0836792120 -0.1678454427 2.0055197742 -0.0524146854 -0.8452241312 0.5271625220 0.0703458899
1413394961.4557604790 -1.0827491495 -0.1862265551 2.0016110944 -0.0461082173 -0.8517138832 0.5161220518 0.0779456287
1413394961.5057606697 -1.0806344983 -0.2087060990 1.9987854439 -0.0383361658 -0.8508961770 0.5164591754 0.0881813727
1413394961.5557603836 -1.0820049419 -0.2335583093 1.9945144393 -0.0291457880 -0.8443624194 0.5259010579 0.0981361555
1413394961.6057605743 -1.0803717246 -0.2598470230 1.9936627660 -0.0232659906 -0.8329751920 0.5429798981 0.1038453345
1413394961.6557605267 -1.0767531370 -0.2885012310 1.9919793054 -0.0234103281 -0.8190512271 0.5641369706 0.1017669997
1413394961.7057607174 -1.0707261580 -0.3172554963 1.9917060411 -0.0252129997 -0.8023765526 0.5882070349 0.0978195098
1413394961.7557604313 -1.0623521659 -0.3464974356 1.9916190633 -0.0299965314 -0.7838391839 0.6135419177 0.0908991595
1413394961.8057606220 -1.0463137777 -0.3759957334 1.9987028289 -0.0362762632 -0.7695882442 0.6317840337 0.0852461248
1413394961.8557605743 -1.0357056488 -0.3997175617 1.9935142720 -0.0427179443 -0.7584209666 0.6456644312 0.0780400983
1413394961.9057605267 -1.0258429570 -0.4221185358 1.9954253997 -0.0485362780 -0.7515976949 0.6539240799 0.0716130749
1413394961.9557604790 -1.0143464183 -0.4394306805 1.9924244099 -0.0539114617 -0.7491142755 0.6569491203 0.0658726800
1413394962.0057606697 -1.0039851518 -0.4540901630 1.9920068021 -0.0584095974 -0.7530036703 0.6525180184 0.0615956741
1413394962.0557603836 -0.9920048951 -0.4684022393 1.9941520962 -0.0637796599 -0.7659785204 0.6372395045 0.0559899558
1413394962.1057605743 -0.9805344250 -0.4762894994 1.9912748614 -0.0634394580 -0.7808753352 0.6186269423 0.0592440063
1413394962.1557605267 -0.9671470928 -0.4860985439 1.9890397618 -0.0633347672 -0.7951201486 0.5999485623 0.0619223639
1413394962.2057607174 -0.9541914007 -0.4930358987 1.9878582266 -0.0628664353 -0.8071761832 0.5832785068 0.0655789912
1413394962.2557604313 -0.9366360940 -0.5000403543 1.9911515053 -0.0627380680 -0.8162398346 0.5699908735 0.0701916753
1413394962.3057606220 -0.9253925437 -0.5074246284 1.9929017786 -0.0618675093 -0.8212605450 0.5624893861 0.0728643882
1413394962.3557605743 -0.9142966593 -0.5151214145 1.9961455438 -0.0607283110 -0.8197019928 0.5644188215 0.0763682471
1413394962.4057605267 -0.9025574666 -0.5257072703 2.0021325742 -0.0578479875 -0.8074282064 0.5814838818 0.0811775652
1413394962.4557604790 -0.8889182330 -0.5336497348 2.0098551483 -0.0571803605 -0.7904102619 0.6042080865 0.0831541490
1413394962.5057606697 -0.8714433031 -0.5440168434 2.0172501911 -0.0549507697 -0.7691301391 0.6307471375 0.0870476342
1413394962.5557603836 -0.8552589289 -0.5501829729 2.0251154182 -0.0546149444 -0.7506792770 0.6526145927 0.0871322233
1413394962.6057605743 -0.8414612931 -0.5520812108 2.0286822328 -0.0553568834 -0.7390428932 0.6661008677 0.0840288731
1413394962.6557605267 -0.8228540179 -0.5500690112 2.0342588402 -0.0574561251 -0.7370859068 0.6685809396 0.0800167910
1413394962.7057607174 -0.8041699317 -0.5440977207 2.0383886599 -0.0599802881 -0.7479749394 0.6566624292 0.0756988059
1413394962.7557604313 -0.7864276747 -0.5377272834 2.0446388477 -0.0641414034 -0.7651665291 0.6370064018 0.0680360722
1413394962.8057606220 -0.7653977989 -0.5286306487 2.0464113639 -0.0661799688 -0.7826675903 0.6155573477 0.0643490981
1413394962.8557605743 -0.7483464541 -0.5155798433 2.0473709816 -0.0656785596 -0.8001695564 0.5932024909 0.0593785532
1413394962.9057605267 -0.7274143898 -0.5036427598 2.0465386921 -0.0614887566 -0.8136349809 0.5751032076 0.0589368416
1413394962.9557604790 -0.7092987185 -0.4917784221 2.0443631117 -0.0544984720 -0.8202497918 0.5662919121 0.0594446450
1413394963.0057606697 -0.6913174680 -0.4791416696 2.0427405080 -0.0476642267 -0.8178275247 0.5702635025 0.0607107821
1413394963.0557603836 -0.6720128012 -0.4710313741 2.0453546918 -0.0408081834 -0.8074508477 0.5851649576 0.0627677718
1413394963.1057605743 -0.6557505729 -0.4597019561 2.0466354850 -0.0338401601 -0.7915746247 0.6067539886 0.0641408948
1413394963.1557605267 -0.6359177685 -0.4496056939 2.0445887440 -0.0305955711 -0.7750531785 0.6280866970 0.0621577232
1413394963.2057607174 -0.6178384575 -0.4374760441 2.0404682375 -0.0275179887 -0.7621156145 0.6440054363 0.0606592821
1413394963.2557604313 -0.5992771117 -0.4220101436 2.0323318190 -0.0259867107 -0.7570965831 0.6501988093 0.0580599958
1413394963.3057606220 -0.5781672574 -0.4028729256 2.0174838833 -0.0253909249 -0.7624371540 0.6440585482 0.0568636408
1413394963.3557605743 -0.5594851431 -0.3843814260 2.0080058138 -0.0241017682 -0.7777249054 0.6255691259 0.0568009241
1413394963.4057605267 -0.5357718618 -0.3627226528 1.9891859492 -0.0241192250 -0.7956963194 0.6024908335 0.0573622328
1413394963.4557604790 -0.5131965282 -0.3407340510 1.9709415237 -0.0249359756 -0.8142108801 0.5772539966 0.0567156352
1413394963.5057606697 -0.4930705847 -0.3198228221 1.9558958995 -0.0248654613 -0.8313115495 0.5523278320 0.0568927276
1413394963.5557603836 -0.4714387043 -0.2995294094 1.9369997359 -0.0251787475 -0.8441703811 0.5323237270 0.0580848348
1413394963.6057605743 -0.4502161729 -0.2819797955 1.9197797339 -0.0257294952 -0.8500727226 0.5227215418 0.0589622691
1413394963.6557605267 -0.4275643392 -0.2663847830 1.9065654970 -0.0261650615 -0.8467540859 0.5278554550 0.0607579307
1413394963.7057607174 -0.4073431301 -0.2541708789 1.8932804434 -0.0260269644 -0.8360158938 0.5445505489 0.0621668888
1413394963.7557604313 -0.3838654423 -0.2442523988 1.8835663667 -0.0248665814 -0.8193240701 0.5690521877 0.0653401024
1413394963.8057606220 -0.3609917716 -0.2338648694 1.8723639182 -0.0259408837 -0.8001153730 0.5957278487 0.0651980882
1413394963.8557605743 -0.3370931838 -0.2228454853 1.8574160423 -0.0278644753 -0.7837032946 0.6172259069 0.0637565432
1413394963.9057605267 -0.3122274517 -0.2103860991 1.8457779534 -0.0335870238 -0.7745983317 0.6289256213 0.0576359194
1413394963.9557604790 -0.2880867756 -0.1964777622 1.8320977128 -0.0385348264 -0.7800058087 0.6223119437 0.0532339208
1413394964.0057606697 -0.2619807350 -0.1800097749 1.8161438970 -0.0424345368 -0.7918664313 0.6070568106 0.0512727391
1413394964.0557603836 -0.2379128313 -0.1627814199 1.8015790897 -0.0445772090 -0.8101183001 0.5822708301 0.0517869938
1413394964.1057605743 -0.2117752131 -0.1450266946 1.7876636942 -0.0465161814 -0.8273250637 0.5573357656 0.0524054218
1413394964.1557605267 -0.1874616160 -0.1290719835 1.7748513457 -0.0471045730 -0.8420562953 0.5345004217 0.0550604564
1413394964.2057607174 -0.1626402651 -0.1151773582 1.7622106901 -0.0477326527 -0.8510592702 0.5197382347 0.0573749065
1413394964.2557604313 -0.1386114051 -0.1041342797 1.7529287685 -0.0447749150 -0.8505289236 0.5202015753 0.0631353958
1413394964.3057606220 -0.1157187917 -0.0966273851 1.7460338699 -0.0428423535 -0.8433096440 0.5315338897 0.0668214133
1413394964.3557605743 -0.0909230646 -0.0920091176 1.7429988530 -0.0408998294 -0.8286796226 0.5538761365 0.0695594172
1413394964.4057605267 -0.0678156536 -0.0883970722 1.7398951649 -0.0414673729 -0.8112215904 0.5792164799 0.0686167450
1413394964.4557604790 -0.0421271081 -0.0847551683 1.7381744646 -0.0438496728 -0.7911392401 0.6066590170 0.0643486281
1413394964.5057606697 -0.0164923732 -0.0804513033 1.7359041781 -0.0460371542 -0.7760029510 0.6261489809 0.0603113108
1413394964.5557603836 0.0081270508 -0.0723004617 1.7355629164 -0.0509592775 -0.7717445394 0.6317650454 0.0518309310
1413394964.6057605743 0.0351209033 -0.0628034717 1.7330724245 -0.0569532706 -0.7796828039 0.6221638301 0.0419906982
1413394964.6557605267 0.0620738169 -0.0503051717 1.7302599648 -0.0632219112 -0.7945021334 0.6030782210 0.0326497979
1413394964.7057607174 0.0878489614 -0.0374201277 1.7266325955 -0.0676842192 -0.8133832310 0.5772017677 0.0257814916
1413394964.7557604313 0.1113973124 -0.0248266134 1.7231535517 -0.0718237787 -0.8307166971 0.5516993795 0.0194655759
1413394964.8057606220 0.1338564768 -0.0128309993 1.7205441478 -0.0758440966 -0.8463703113 0.5269625970 0.0146761912
1413394964.8557605743 0.1542621379 -0.0033959624 1.7202118321 -0.0794962413 -0.8579746048 0.5073885553 0.0108064404
1413394964.9057605267 0.1707116374 0.0019930409 1.7205875907 -0.0847421674 -0.8658102215 0.4931171365 0.0051879799
1413394964.9557604790 0.1859408025 0.0045410929 1.7232445852 0.0920926284 0.8699576267 -0.4844491626 0.0012978622
1413394965.0057606697 0.1980243995 0.0019572760 1.7278054391 0.0948996331 0.8667613944 -0.4896090906 0.0012973691
1413394965.0557603836 0.2048084902 -0.0035841970 1.7334285458 -0.0910897268 -0.8566277876 0.5077988843 0.0056381175
1413394965.1057605743 0.2126690290 -0.0131300896 1.7401566292 -0.0830234569 -0.8401837314 0.5356369923 0.0170708964
1413394965.1557605267 0.2167542547 -0.0238307207 1.7488172822 -0.0732362810 -0.8224238584 0.5636040560 0.0246152868
1413394965.2057607174 0.2207094110 -0.0347935096 1.7581549649 -0.0628015126 -0.8002354700 0.5957198778 0.0282310075
1413394965.2557604313 0.2239602403 -0.0446110697 1.7661952927 -0.0510910419 -0.7848686802 0.6168866005 0.0286667470
1413394965.3057606220 0.2285424499 -0.0529305809 1.7740781656 -0.0380942883 -0.7760260148 0.6288493267 0.0296812029
1413394965.3557605743 0.2321747374 -0.0586410825 1.7819594294 -0.0222620676 -0.7775716323 0.6277481658 0.0286181290
1413394965.4057605267 0.2358996402 -0.0621700384 1.7865218207 -0.0065524879 -0.7856574613 0.6180474704 0.0267720519
1413394965.4557604790 0.2398540533 -0.0633519387 1.7932400314 0.0074797732 -0.7941223339 0.6073566398 0.0207770055
1413394965.5057606697 0.2453322848 -0.0631849867 1.8001155056 0.0218283430 -0.7995110982 0.6000895249 0.0140744253
1413394965.5557603836 0.2500569572 -0.0618202897 1.8090098991 0.0341637704 -0.8002965897 0.5986243013 0.0026741662
1413394965.6057605743 0.2552645719 -0.0599727977 1.8178265544 -0.0455956209 0.7954435143 -0.6041670401 0.0131469607
1413394965.6557605267 0.2616960459 -0.0572488991 1.8286972887 -0.0571893004 0.7858094829 -0.6150144803 0.0314647344
1413394965.7057607174 0.2662194441 -0.0526498578 1.8405137632 -0.0698620531 0.7754128161 -0.6255704414 0.0501585593
1413394965.7557604313 0.2711503464 -0.0455103386 1.8497605712 -0.0853622513 0.7705698680 -0.6282935465 0.0646728995
1413394965.8057606220 0.2752597152 -0.0369875250 1.8576437009 -0.1052008804 0.7719961293 -0.6225029747 0.0737888718
1413394965.8557605743 0.2783975715 -0.0274178958 1.8602893817 -0.1246696601 0.7768237156 -0.6119558257 0.0806998027
1413394965.9057605267 0.2808208270 -0.0151800226 1.8634091281 -0.1451197832 0.7805416431 -0.6019695736 0.0856015437
1413394965.9557604790 0.2829035337 -0.0030634083 1.8650908137 -0.1616805148 0.7765697218 -0.6017097388 0.0935107932
1413394966.0057606697 0.2832819909 0.0095893857 1.8651980650 -0.1750791199 0.7658196890 -0.6095695971 0.1062657612
1413394966.0557603836 0.2862766458 0.0255505875 1.8690946095 -0.1850363123 0.7517342660 -0.6213635747 0.1206833227
1413394966.1057605743 0.2871670046 0.0434341972 1.8692663002 -0.1941876571 0.7396849995 -0.6299077853 0.1355486532
1413394966.1557605267 0.2870429395 0.0630450599 1.8668326847 -0.2061194525 0.7394067660 -0.6244063573 0.1445998157
1413394966.2057607174 0.2835858282 0.0834635401 1.8617030573 -0.2204704648 0.7482293803 -0.6074910346 0.1500007051
1413394966.2557604313 0.2801024572 0.1060603372 1.8515934742 -0.2342142294 0.7608633558 -0.5850947285 0.1545794527
1413394966.3057606220 0.2774921446 0.1305014467 1.8442159071 -0.2498225345 0.7792255875 -0.5535274942 0.1549306239
1413394966.3557605743 0.2739710177 0.1559124245 1.8326699240 -0.2659351833 0.7977965971 -0.5186883669 0.1541474814
1413394966.4057605267 0.2721547155 0.1784488354 1.8230990351 -0.2798591833 0.8121668080 -0.4881866111 0.1540705886
1413394966.4557604790 0.2728907236 0.2000860728 1.8168362422 -0.2931385969 0.8228162218 -0.4618248286 0.1541462158
1413394966.5057606697 0.2760639873 0.2205438178 1.8129845325 -0.3034321147 0.8236287407 -0.4515996904 0.1600698873
1413394966.5557603836 0.2810447767 0.2319505171 1.8086530391 -0.3098104896 0.8147497932 -0.4597480675 0.1697997335
1413394966.6057605743 0.2856046038 0.2417790134 1.8023104868 -0.3145105639 0.7996902347 -0.4775273636 0.1831563559
1413394966.6557605267 0.2947762177 0.2508357842 1.8037118375 -0.3168063145 0.7804038742 -0.5018869771 0.1967562309
1413394966.7057607174 0.3052445037 0.2581044398 1.8028064411 -0.3188751256 0.7577255669 -0.5281511842 0.2126662787
1413394966.7557604313 0.3143325257 0.2642422911 1.8012315164 -0.3201452815 0.7360271525 -0.5510253234 0.2283464967
1413394966.8057606220 0.3238586139 0.2727282447 1.8027214815 -0.3220901880 0.7203428315 -0.5646038414 0.2420467273
1413394966.8557605743 0.3326472137 0.2822789488 1.8012660165 -0.3269947859 0.7092534765 -0.5710122823 0.2529404862
1413394966.9057605267 0.3366540725 0.2910478431 1.7984924037 -0.3367992035 0.7067002923 -0.5660934452 0.2582231683
1413394966.9557604790 0.3392181763 0.3016929446 1.7947625566 -0.3512348078 0.7105199667 -0.5526488415 0.2576329652
1413394967.0057606697 0.3423798278 0.3156692845 1.7893026858 -0.3681242480 0.7186290077 -0.5330279990 0.2528597232
1413394967.0557603836 0.3450361587 0.3301333743 1.7868082138 -0.3854914736 0.7283169370 -0.5098046487 0.2470829480
1413394967.1057605743 0.3484583270 0.3445634659 1.7839858802 -0.4041637918 0.7355868628 -0.4876906595 0.2402528197
1413394967.1557605267 0.3502348825 0.3545177720 1.7815544500 -0.4184433825 0.7366156276 -0.4744071076 0.2392497630
1413394967.2057607174 0.3561590813 0.3670155936 1.7819728523 -0.4275598186 0.7308457879 -0.4716323634 0.2462111893
1413394967.2557604313 0.3648894974 0.3776458538 1.7830268502 -0.4336785566 0.7175884281 -0.4793411481 0.2592717129
1413394967.3057606220 0.3729378710 0.3857560207 1.7900408312 -0.4364481274 0.7020123556 -0.4903118649 0.2761991307
1413394967.3557605743 0.3829365982 0.3945646036 1.7972358238 -0.4364045359 0.6819262898 -0.5066210614 0.2964164578
1413394967.4057605267 0.3931737930 0.4045799612 1.8049983712 -0.4346436313 0.6612162809 -0.5233469267 0.3162055312
1413394967.4557604790 0.3995205479 0.4156437991 1.8123329170 -0.4330782733 0.6431364773 -0.5339663814 0.3371922069
1413394967.5057606697 0.4042709172 0.4274424563 1.8195022934 -0.4359660981 0.6334428869 -0.5335042436 0.3522171097
1413394967.5557603836 0.4072418483 0.4412079286 1.8255891684 -0.4447146412 0.6336548641 -0.5207725222 0.3598699504
1413394967.6057605743 0.4059968892 0.4557615133 1.8276453289 -0.4613169282 0.6393723316 -0.5009158208 0.3570336873
1413394967.6557605267 0.4028899825 0.4695405296 1.8274538982 -0.4810918431 0.6473851905 -0.4770251419 0.3491275808
1413394967.7057607174 0.3988272641 0.4840678935 1.8312688826 -0.5020208503 0.6540930165 -0.4526625038 0.3394614106
1413394967.7557604313 0.3955785654 0.4995536019 1.8355422263 -0.5144071772 0.6533993332 -0.4400927519 0.3387815479
1413394967.8057606220 0.3935351280 0.5144445796 1.8417927197 -0.5234705135 0.6469466842 -0.4347564331 0.3441299946
1413394967.8557605743 0.3934815729 0.5277775843 1.8522730630 -0.5297883011 0.6344430313 -0.4366813426 0.3551278659
1413394967.9057605267 0.3959361326 0.5408487991 1.8671197908 -0.5339442126 0.6188792123 -0.4421816563 0.3692796788
1413394967.9557604790 0.3964666719 0.5540542825 1.8790474948 -0.5363769317 0.6008757514 -0.4491231739 0.3866994870
1413394968.0057606697 0.3970767426 0.5666164642 1.8928124207 -0.5411557952 0.5850128770 -0.4514516063 0.4013748701
1413394968.0557603836 0.3944638095 0.5772345403 1.9024828305 -0.5512982117 0.5748871186 -0.4452072968 0.4091033434
1413394968.1057605743 0.3887609413 0.5901814037 1.9038028896 -0.5645219070 0.5707394897 -0.4325426546 0.4104610862
1413394968.1557605267 0.3831901752 0.6029916340 1.9071859555 -0.5810180800 0.5717414584 -0.4145008024 0.4046217745
1413394968.2057607174 0.3777542784 0.6151586061 1.9072630980 -0.5941899716 0.5733138232 -0.3984819545 0.3993265202
1413394968.2557604313 0.3729294965 0.6282975951 1.9084173408 -0.6048699992 0.5732875603 -0.3864556731 0.3951274098
1413394968.3057606220 0.3693214793 0.6417290368 1.9076630769 -0.6109554663 0.5700159181 -0.3806134412 0.3961674894
1413394968.3557605743 0.3677020451 0.6529545846 1.9053462249 -0.6154794792 0.5645059902 -0.3777386105 0.3997893693
1413394968.4057605267 0.3670245789 0.6659138345 1.9040381729 -0.6200091836 0.5578146624 -0.3755389978 0.4042299788
1413394968.4557604790 0.3674521656 0.6777031885 1.9018031903 -0.6235727978 0.5509532515 -0.3729692211 0.4104892697
1413394968.5057606697 0.3676407039 0.6902580045 1.8985211189 -0.6269978600 0.5446612615 -0.3698821471 0.4164192491
1413394968.5557603836 0.3695886136 0.7033649943 1.8964402605 -0.6324713363 0.5412330587 -0.3635287783 0.4182028364
1413394968.6057605743 0.3723827538 0.7157556083 1.8930124174 -0.6385381209 0.5391122516 -0.3573129028 0.4170785752
1413394968.6557605267 0.3765045309 0.7278095484 1.8905441752 -0.6444420682 0.5372682054 -0.3528188780 0.4141933553
1413394968.7057607174 0.3834597041 0.7399630239 1.8901357976 -0.6507628318 0.5330169244 -0.3526096502 0.4099599122
1413394968.7557604313 0.3900413185 0.7513114878 1.8881145899 -0.6556499359 0.5251119284 -0.3589130925 0.4068931264
1413394968.8057606220 0.3977181372 0.7577717376 1.8834602572 -0.6581965653 0.5173636825 -0.3646330396 0.4076209611
1413394968.8557605743 0.4071446956 0.7716188246 1.8836635771 -0.6573564164 0.5137658299 -0.3678266598 0.4106467609
1413394968.9057605267 0.4178612623 0.7865411053 1.8853203161 -0.6551907818 0.5117235313 -0.3681441848 0.4163339118
1413394968.9557604790 0.4284422267 0.8037890295 1.8863793854 -0.6508950302 0.5098398942 -0.3670873500 0.4261992719
1413394969.0057606697 0.4399140338 0.8193020831 1.8891448339 -0.6473986353 0.5062824164 -0.3651710257 0.4372679315
1413394969.0557603836 0.4518885839 0.8372244053 1.8906508219 -0.6443976785 0.5010269958 -0.3630847794 0.4493250766
1413394969.1557605267 0.4722656289 0.8681586825 1.8901606162 -0.6436656859 0.4914667983 -0.3571701531 0.4653862403
1413394969.2557604313 0.4915121123 0.9006447720 1.8781213199 -0.6433320071 0.4812552763 -0.3552300359 0.4778377436
1413394969.3557605743 0.5086362494 0.9317631963 1.8562150012 -0.6405598489 0.4718221781 -0.3568620424 0.4896084097
1413394969.4557604790 0.5223787492 0.9556312505 1.8288127408 -0.6378584265 0.4610997491 -0.3638934596 0.4981015952
1413394969.5557603836 0.5299818417 0.9773567469 1.7978965999 -0.6486379567 0.4539179057 -0.3717816966 0.4847738711
1413394969.6557605267 0.5321950108 0.9989467868 1.7698575984 -0.6678783448 0.4530581665 -0.3743153093 0.4566890229
1413394969.7557604313 0.5294844538 1.0256314258 1.7439599203 -0.6817148628 0.4495869607 -0.3812175718 0.4333700193
1413394969.8557605743 0.5249023189 1.0591563117 1.7216434777 -0.6878596259 0.4504601410 -0.3819998468 0.4219133958
1413394969.9557604790 0.5193312710 1.1021929453 1.7066774977 -0.6872906481 0.4659469670 -0.3654038838 0.4207196105
1413394970.0557603836 0.5159909465 1.1516348983 1.7016503768 -0.6848266378 0.4812450664 -0.3481214127 0.4221695682
1413394970.1557605267 0.5162131151 1.2061318905 1.7047247884 -0.6809219527 0.4908541052 -0.3374759779 0.4260487133
1413394970.2557604313 0.5217221637 1.2667214657 1.7182060636 -0.6716176381 0.4915524797 -0.3390117064 0.4386079922
1413394970.3557605743 0.5312708833 1.3249530567 1.7283221803 -0.6497530660 0.4870452925 -0.3459182813 0.4700514640
1413394970.4557604790 0.5390164191 1.3784364608 1.7284355545 -0.6235269926 0.4844063525 -0.3471634331 0.5060060533
1413394970.5557603836 0.5440028431 1.4298917687 1.7327023224 -0.6099415320 0.4917168556 -0.3352945187 0.5232240889
1413394970.6557605267 0.5439501166 1.4681832838 1.7245622647 -0.5993222679 0.5017120969 -0.3178892692 0.5366974973
1413394970.7557604313 0.5402147626 1.4943557247 1.7142020307 -0.5955108696 0.4990866022 -0.3235400913 0.5400010899
1413394970.8557605743 0.5320951212 1.5082701275 1.7017072172 -0.6175246904 0.4898689492 -0.3432434133 0.5107598542
1413394970.9557604790 0.5178715312 1.5117977850 1.6905599396 -0.6464826200 0.4853156428 -0.3541013146 0.4702565341
1413394971.0557603836 0.5048883912 1.5151297142 1.6955809274 -0.6637402728 0.4843256216 -0.3597908135 0.4420725202
1413394971.1557605267 0.4904054063 1.5215719464 1.7090354786 -0.6723855023 0.4920166548 -0.3531544190 0.4255576389
1413394971.2557604313 0.4797561657 1.5317924395 1.7231609343 -0.6817293855 0.5056730619 -0.3368659934 0.4075059532
1413394971.3557605743 0.4745651954 1.5450500801 1.7293799372 -0.6913193167 0.5180555700 -0.3201084173 0.3888786828
1413394971.4557604790 0.4789017821 1.5643773908 1.7319321533 -0.6975616521 0.5274173811 -0.3070648146 0.3754328800
1413394971.5557603836 0.4967409407 1.5860699181 1.7346799172 -0.6934055907 0.5386591571 -0.2934347688 0.3780622114
1413394971.6557605267 0.5306348594 1.6128207924 1.7413723866 -0.6754713082 0.5423079219 -0.2939821799 0.4039988955
1413394971.7557604313 0.5758124760 1.6355895443 1.7537131250 -0.6497442991 0.5399356718 -0.3077631154 0.4377027312
1413394971.8557605743 0.6291246229 1.6491114136 1.7678734632 -0.6240246185 0.5373712507 -0.3262973182 0.4640640845
1413394971.9557604790 0.6830617809 1.6598892296 1.7754749976 -0.5949302791 0.5382437650 -0.3486919643 0.4845260845
1413394972.0557603836 0.7369137726 1.6572720776 1.7823197093 -0.5706241917 0.5431456477 -0.3734075156 0.4898445310
1413394972.1557605267 0.7849552202 1.6583465888 1.7790171130 -0.5435610513 0.5579724294 -0.3996281197 0.4832240862
1413394972.2557604313 0.8244073122 1.6482918165 1.7721316120 -0.5153240241 0.5788748793 -0.4235673272 0.4689730734
1413394972.3557605743 0.8544024710 1.6253784917 1.7639613719 -0.4856854986 0.6038124539 -0.4456014192 0.4482850569
1413394972.4557604790 0.8732455307 1.5963950793 1.7439789684 -0.4528491840 0.6333085139 -0.4634082395 0.4232029611
1413394972.5557603836 0.8832141474 1.5614097043 1.7224713806 -0.4266927891 0.6710905595 -0.4706113258 0.3822246783
1413394972.6557605267 0.8837359934 1.5174887716 1.7042539372 -0.4029448323 0.7043387701 -0.4796820710 0.3338374900
1413394972.7557604313 0.8823122871 1.4699207492 1.6876830411 -0.3778743154 0.7248705522 -0.5024819698 0.2815769066
1413394972.8557605743 0.8816194461 1.4213202848 1.6794914626 -0.3505820695 0.7380442330 -0.5289360196 0.2293678486
1413394972.9557604790 0.8750244138 1.3655600241 1.6738289973 -0.3188889505 0.7486685415 -0.5487251585 0.1915879762
1413394973.0057606697 0.8749866153 1.3399008594 1.6718887824 -0.2976966639 0.7561549057 -0.5565724061 0.1727240908
1413394973.0557603836 0.8727358595 1.3155587914 1.6670064279 -0.2759749529 0.7635169410 -0.5616486604 0.1594693967
1413394973.1057605743 0.8714271693 1.2904819725 1.6658411238 -0.2566712623 0.7700469694 -0.5653049307 0.1468940549
1413394973.1557605267 0.8722046600 1.2684432249 1.6618522800 -0.2310568808 0.7789163107 -0.5673870607 0.1340672301
1413394973.2057607174 0.8705729616 1.2468460959 1.6605401854 -0.2068143077 0.7879189598 -0.5663395461 0.1251841579
1413394973.2557604313 0.8708503207 1.2253040901 1.6590523948 -0.1853575010 0.7947775944 -0.5663762411 0.1148439195
1413394973.3057606220 0.8727627216 1.2014340429 1.6564728711 -0.1607680605 0.8012872660 -0.5670908091 0.1024712755
1413394973.3557605743 0.8744286691 1.1775247545 1.6546072207 -0.1370862762 0.8069651630 -0.5671818496 0.0912103503
1413394973.4057605267 0.8774733755 1.1555522556 1.6526969636 -0.1146375219 0.8102173422 -0.5693284479 0.0791910056
1413394973.4557604790 0.8784789320 1.1309729179 1.6499675259 -0.0919981741 0.8133519862 -0.5707769243 0.0648736092
1413394973.5057606697 0.8780959411 1.1078905036 1.6492965396 -0.0690174343 0.8153532739 -0.5725128424 0.0516205178
1413394973.5557603836 0.8785065294 1.0846158992 1.6471482117 -0.0462217406 0.8175711971 -0.5727589128 0.0372574316
1413394973.6057605743 0.8774423848 1.0607653467 1.6468571948 -0.0238505894 0.8197151190 -0.5717996044 0.0233127764
1413394973.6557605267 0.8775740032 1.0372301807 1.6465653820 -0.0034284226 0.8207162215 -0.5713009410 0.0053258344
1413394973.7057607174 0.8770264480 1.0129247435 1.6463464840 -0.0181526916 -0.8187066003 0.5738221695 0.0108673884
1413394973.7557604313 0.8748724475 0.9880621527 1.6474007356 -0.0379515533 -0.8169468875 0.5747008416 0.0296041437
1413394973.8057606220 0.8697494304 0.9648209372 1.6505951579 -0.0599857847 -0.8136372119 0.5765940332 0.0439944755
1413394973.8557605743 0.8676453372 0.9405902493 1.6516893708 -0.0810185831 -0.8107828108 0.5767022336 0.0590064120
1413394973.9057605267 0.8633233863 0.9158389955 1.6521198727 -0.1037288364 -0.8073084442 0.5763308316 0.0730491409
1413394973.9557604790 0.8595138551 0.8935322483 1.6543445379 -0.1256665743 -0.8043027842 0.5743097157 0.0864482152
1413394974.0057606697 0.8564745179 0.8695902321 1.6551046361 -0.1478097999 -0.7998440938 0.5730430452 0.1001167168
1413394974.0557603836 0.8519946200 0.8478457831 1.6560257254 -0.1684976352 -0.7950277153 0.5715533411 0.1134295246
1413394974.1057605743 0.8498725737 0.8258884115 1.6596274374 -0.1906760611 -0.7902797984 0.5685654212 0.1258325944
1413394974.1557605267 0.8451297618 0.8044431678 1.6622120334 -0.2118125951 -0.7836052455 0.5675365060 0.1378425118
1413394974.2057607174 0.8391301660 0.7829601648 1.6635016772 -0.2341042515 -0.7766043044 0.5656979705 0.1485488472
1413394974.2557604313 0.8323999508 0.7626758178 1.6662916803 -0.2556444543 -0.7693676526 0.5633184326 0.1593476438
1413394974.3057606220 0.8261758343 0.7443968173 1.6699695746 -0.2769942711 -0.7631444915 0.5585606688 0.1699842292
1413394974.3557605743 0.8179584393 0.7265455492 1.6728309135 -0.2991321240 -0.7557489483 0.5543658601 0.1790027731
1413394974.4057605267 0.8103172303 0.7085125607 1.6764715646 -0.3209887751 -0.7487829835 0.5485555192 0.1880879907
1413394974.4557604790 0.8006118546 0.6921455841 1.6804692295 -0.3408385964 -0.7411763277 0.5431648335 0.1986420552
1413394974.5057606697 0.7902498745 0.6798426339 1.6847764023 -0.3607279622 -0.7326736132 0.5381163776 0.2085556953
1413394974.5557603836 0.7786384187 0.6664885210 1.6889505498 -0.3787550842 -0.7236351319 0.5334274182 0.2198908175
1413394974.6057605743 0.7655056281 0.6536193284 1.6935714788 -0.3936836536 -0.7129393228 0.5306644913 0.2347890554
1413394974.6557605267 0.7522039148 0.6434904112 1.6994038373 -0.4066056505 -0.7013849416 0.5290437250 0.2506865487
1413394974.7057607174 0.7374766836 0.6340312564 1.7043538344 -0.4185975529 -0.6912852839 0.5252606068 0.2664620797
1413394974.7557604313 0.7227738165 0.6262593505 1.7086663431 -0.4304986690 -0.6831744669 0.5187829112 0.2807273318
1413394974.8057606220 0.7071144753 0.6201525580 1.7130293439 -0.4425568613 -0.6762639801 0.5108881420 0.2929227887
1413394974.8557605743 0.6912867856 0.6150463028 1.7145567559 -0.4531867132 -0.6699872991 0.5023532828 0.3055814151
1413394974.9057605267 0.6757772023 0.6113358782 1.7147380959 -0.4626417858 -0.6650147744 0.4918447139 0.3190716302
1413394974.9557604790 0.6602730124 0.6088609040 1.7134491288 -0.4719096404 -0.6600332849 0.4823185089 0.3301911721
1413394975.0057606697 0.6448687935 0.6063286450 1.7085258523 -0.4802762345 -0.6539024633 0.4747168376 0.3411601253
1413394975.0557603836 0.6292760923 0.6029988993 1.7034219114 -0.4862432915 -0.6468815214 0.4685010323 0.3544270609
1413394975.1057605743 0.6190861213 0.5990957747 1.6987387470 -0.4905265106 -0.6382103938 0.4658821521 0.3674575566
1413394975.1557605267 0.6047013649 0.5966928129 1.6890886692 -0.4948829592 -0.6294332734 0.4642909563 0.3786007382
1413394975.2057607174 0.5917152976 0.5936774695 1.6793930075 -0.5002604528 -0.6200692919 0.4636645484 0.3876451201
1413394975.2557604313 0.5798212423 0.5914059398 1.6678246653 -0.5054539327 -0.6120084868 0.4623352440 0.3952316487
1413394975.3057606220 0.5690926797 0.5892261432 1.6551568150 -0.5113372303 -0.6048594823 0.4598351284 0.4015356750
1413394975.3557605743 0.5574033746 0.5863312691 1.6416545122 -0.5170384099 -0.5989724569 0.4555736433 0.4078675448
1413394975.4057605267 0.5483449208 0.5842908429 1.6284259724 -0.5226886785 -0.5954960536 0.4495238453 0.4124430968
1413394975.4557604790 0.5399967341 0.5828118385 1.6155938724 -0.5295515757 -0.5934255648 0.4416784324 0.4151402053
1413394975.5057606697 0.5346095865 0.5792480708 1.6027670996 -0.5361331508 -0.5924016974 0.4322674781 0.4180505961
1413394975.5557603836 0.5291421586 0.5760365978 1.5906005387 -0.5420983857 -0.5924393446 0.4236476082 0.4191272686
1413394975.6057605743 0.5240157138 0.5726674769 1.5793939609 -0.5475703287 -0.5933148743 0.4152930089 0.4191371039
1413394975.6557605267 0.5198237666 0.5684777133 1.5697973179 -0.5526399912 -0.5936158717 0.4092866627 0.4179637123
1413394975.7557604313 0.5110897959 0.5576791445 1.5529091803 -0.5590074188 -0.5944320552 0.4008653763 0.4164951230
1413394975.8057606220 0.5066407120 0.5513063462 1.5458645873 -0.5615640877 -0.5951904332 0.3979039455 0.4148090812
1413394975.8557605743 0.5010824076 0.5447615384 1.5399886889 -0.5621422332 -0.5945706183 0.3979765124 0.4148452544
1413394975.9557604790 0.4898024712 0.5289138469 1.5342173807 -0.5562015630 -0.5897126617 0.4044773696 0.4234109768
1413394976.0557603836 0.4785485287 0.5098368199 1.5304701505 -0.5477374363 -0.5816383084 0.4171241908 0.4332297180
1413394976.1557605267 0.4708886904 0.4888737092 1.5256558380 -0.5426923948 -0.5794601859 0.4217351637 0.4380072023
1413394976.2557604313 0.4661113468 0.4666519974 1.5209176852 -0.5412184667 -0.5819441167 0.4204633561 0.4377604168
1413394976.3557605743 0.4660089614 0.4420523893 1.5163212342 -0.5376347810 -0.5819563052 0.4221972468 0.4404829007
1413394976.4557604790 0.4696255944 0.4159026450 1.5141686659 -0.5304209977 -0.5759449685 0.4314786279 0.4480704767
1413394976.5057606697 0.4739673350 0.4024166238 1.5139218572 -0.5265034782 -0.5716664974 0.4378663343 0.4519563878
1413394976.6057605743 0.4882294353 0.3697459573 1.5112393813 -0.5207223617 -0.5622323362 0.4498202271 0.4586990141
1413394976.7057607174 0.5113538905 0.3396897839 1.5115867040 -0.5244360738 -0.5549706067 0.4609828817 0.4521827209
1413394976.7557604313 0.5286067262 0.3229992665 1.5111970348 -0.5328610724 -0.5553259288 0.4624460287 0.4402452281
1413394976.8057606220 0.5468056021 0.3085333929 1.5126623102 -0.5426702663 -0.5582712980 0.4593264474 0.4276229116
1413394976.8557605743 0.5684950164 0.2940880820 1.5127843574 -0.5561602281 -0.5639839063 0.4525131638 0.4096825487
1413394976.9057605267 0.5873464546 0.2819737221 1.5140990238 -0.5723710285 -0.5709552096 0.4419832883 0.3886545088
1413394976.9557604790 0.6085942169 0.2702195201 1.5143914664 -0.5880153260 -0.5794256915 0.4276602781 0.3682533516
1413394977.0057606697 0.6276626326 0.2619223245 1.5153703095 -0.6032431422 -0.5865161661 0.4130060641 0.3486007591
1413394977.1057605743 0.6602004061 0.2500019113 1.5207493408 -0.6294851140 -0.5934342832 0.3890682391 0.3165598650
1413394977.1557605267 0.6726787860 0.2476575806 1.5239623683 -0.6410650968 -0.5958416254 0.3773586037 0.3026694291
1413394977.2057607174 0.6813085915 0.2453374937 1.5257929813 -0.6512672994 -0.5963373202 0.3671907666 0.2922390224
1413394977.3057606220 0.6794707878 0.2518206953 1.5373822227 -0.6529836632 -0.6058459426 0.3447732788 0.2961324293
1413394977.4057605267 0.6527381555 0.2680346316 1.5575677817 -0.6376596948 -0.6200278513 0.3244325004 0.3220234927
1413394977.5057606697 0.6047056319 0.2844851226 1.5842369748 -0.6248782220 -0.6287995492 0.3117972906 0.3419368132
1413394977.6057605743 0.5356748705 0.2982578466 1.6149549914 -0.6205105807 -0.6300219172 0.3089602956 0.3501178929
1413394977.7057607174 0.4468877403 0.3101121170 1.6520096742 -0.6184364652 -0.6292466049 0.3094703258 0.3547015171
1413394977.8057606220 0.3389858078 0.3171908112 1.6933703110 -0.6108599060 -0.6245913114 0.3184245170 0.3678881567
1413394977.9057605267 0.2118528398 0.3217845587 1.7409465226 -0.5968241591 -0.6140822186 0.3377750502 0.3906558170
1413394978.0057606697 0.0778752316 0.3218949913 1.7840195808 -0.5809959890 -0.6017932139 0.3576600007 0.4151721478
1413394978.1057605743 -0.0458366515 0.3135645664 1.8140440644 -0.5674183697 -0.5914900714 0.3719873699 0.4356618939
1413394978.1557605267 -0.1162535842 0.3080643679 1.8321068961 -0.5622736962 -0.5884918861 0.3756996494 0.4431426001
1413394978.2057607174 -0.1844427806 0.3019778211 1.8479717285 -0.5594506020 -0.5869156204 0.3777484581 0.4470471797
1413394978.2557604313 -0.2519825372 0.2937682378 1.8628340292 -0.5567463207 -0.5863587291 0.3788572094 0.4502046091
1413394978.3057606220 -0.3165594790 0.2836100815 1.8734695370 -0.5555059297 -0.5862539369 0.3790092804 0.4517426799
1413394978.3557605743 -0.3813676120 0.2722758044 1.8850547580 -0.5548902573 -0.5866464119 0.3787759537 0.4521853234
1413394978.4057605267 -0.4446600859 0.2592108597 1.8919051361 -0.5538999933 -0.5868897896 0.3791621455 0.4527595827
1413394978.4557604790 -0.5104987414 0.2458978675 1.8972773507 -0.5540769872 -0.5868313078 0.3808918558 0.4511641638
1413394978.5057606697 -0.5736139229 0.2309148972 1.9012457682 -0.5545752787 -0.5866343992 0.3830287290 0.4489936912
1413394978.5557603836 -0.6362996321 0.2121434378 1.9038234517 -0.5562348094 -0.5856781581 0.3857910183 0.4458129901
1413394978.6057605743 -0.6989977039 0.1935011587 1.9079298452 -0.5577352941 -0.5842652957 0.3896218332 0.4424480005
1413394978.6557605267 -0.7601202641 0.1722349716 1.9108373646 -0.5611370663 -0.5818811437 0.3942665396 0.4371423374
1413394978.7057607174 -0.8203677058 0.1513816696 1.9167436930 -0.5648632457 -0.5788902744 0.4001571219 0.4309174417
1413394978.7557604313 -0.8796431399 0.1303300542 1.9192932170 -0.5678359324 -0.5755011893 0.4061631471 0.4259016706
1413394978.8057606220 -0.9393897906 0.1073234296 1.9243248891 -0.5709203783 -0.5720766607 0.4110259079 0.4217059627
1413394978.8557605743 -0.9981282987 0.0871775103 1.9315567942 -0.5727476440 -0.5702587925 0.4140022983 0.4187686029
1413394978.9057605267 -1.0573252218 0.0644052048 1.9341800191 -0.5742729930 -0.5673062043 0.4172916511 0.4174229007
1413394978.9557604790 -1.1145326531 0.0437774486 1.9384765808 -0.5747614176 -0.5644580224 0.4199626579 0.4179327934
1413394979.0057606697 -1.1720305530 0.0250018759 1.9425814562 -0.5736388296 -0.5599959656 0.4246629257 0.4207189218
1413394979.0557603836 -1.2288768739 0.0038372458 1.9470919405 -0.5714403949 -0.5546266218 0.4293951142 0.4259871141
1413394979.1057605743 -1.2843943075 -0.0166257196 1.9495545217 -0.5683677340 -0.5482757577 0.4356254169 0.4319517434
1413394979.1557605267 -1.3390415380 -0.0352708027 1.9511623866 -0.5653477407 -0.5399136999 0.4447614622 0.4371068182
1413394979.2057607174 -1.3907063435 -0.0560206500 1.9534068594 -0.5626569014 -0.5298413829 0.4554866875 0.4418339029
1413394979.2557604313 -1.4404319179 -0.0762351108 1.9488943737 -0.5597710895 -0.5209061855 0.4654535762 0.4457196896
1413394979.3057606220 -1.4877720698 -0.0921845136 1.9480023833 -0.5564963399 -0.5117695179 0.4766710080 0.4485404490
1413394979.3557605743 -1.5308643487 -0.1022545400 1.9395309770 -0.5528759241 -0.5027437066 0.4890411069 0.4499064056
1413394979.4057605267 -1.5703582594 -0.1160699480 1.9360779542 -0.5481864007 -0.4927094070 0.5016443996 0.4528598090
1413394979.4557604790 -1.6050283077 -0.1267939749 1.9352181437 -0.5424247989 -0.4840565493 0.5131147447 0.4562651130
1413394979.5057606697 -1.6353540999 -0.1315617623 1.9365057561 -0.5351590525 -0.4752444781 0.5249230036 0.4606553103
1413394979.5557603836 -1.6580616928 -0.1400688016 1.9457506078 -0.5278413500 -0.4699972383 0.5313187012 0.4671044241
1413394979.6057605743 -1.6757708891 -0.1453335545 1.9457474594 -0.5195200326 -0.4656468901 0.5368152204 0.4744484468
1413394979.6557605267 -1.6863312398 -0.1448818277 1.9488672477 -0.5133083952 -0.4658390759 0.5386345860 0.4789376050
1413394979.7057607174 -1.6906287582 -0.1444002863 1.9503084011 -0.5087533017 -0.4698528589 0.5355246190 0.4833443404
1413394979.7557604313 -1.6868019846 -0.1354922561 1.9647075717 -0.5097216329 -0.4832541236 0.5231284354 0.4826861807
1413394979.8057606220 -1.6764908447 -0.1358449201 1.9714595453 -0.5151095860 -0.5025764736 0.4995148515 0.4822488110
1413394979.8557605743 -1.6628075573 -0.1326327010 1.9755098196 -0.5228338776 -0.5234350115 0.4718357380 0.4796160565
1413394979.9057605267 -1.6415156515 -0.1241771662 1.9738252471 -0.5289227935 -0.5433747739 0.4446880349 0.4766939114
1413394979.9557604790 -1.6216228190 -0.1183612279 1.9810985562 -0.5353165304 -0.5575116125 0.4227009239 0.4732239884
1413394980.0057606697 -1.5961582226 -0.1109983971 1.9914457823 -0.5416584656 -0.5676536739 0.4062408817 0.4683414986
1413394980.0557603836 -1.5715972145 -0.1107691415 2.0040708755 -0.5456602936 -0.5733893347 0.3946917451 0.4665811195
1413394980.1057605743 -1.5465946175 -0.1103460039 2.0106969470 -0.5469126678 -0.5740493182 0.3906181636 0.4677300122
1413394980.1557605267 -1.5214429841 -0.1062979301 2.0224440738 -0.5457550448 -0.5722142273 0.3916890573 0.4704274562
1413394980.2057607174 -1.4958222391 -0.1134016891 2.0244200421 -0.5445515850 -0.5672342586 0.3951841704 0.4749087687
1413394980.2557604313 -1.4682123622 -0.1152420194 2.0331420436 -0.5438571974 -0.5621545720 0.4012357153 0.4766670608
1413394980.3057606220 -1.4393583246 -0.1208673109 2.0314579152 -0.5429385911 -0.5558938861 0.4084551570 0.4789196785
1413394980.3557605743 -1.4098427333 -0.1282941076 2.0313276404 -0.5439375405 -0.5516283107 0.4130073843 0.4788142222
1413394980.4057605267 -1.3794420849 -0.1350863993 2.0329031467 -0.5463960905 -0.5507516021 0.4134611943 0.4766275546
1413394980.4557604790 -1.3474450129 -0.1455179057 2.0328459257 -0.5507114609 -0.5516404352 0.4114169659 0.4723831043
1413394980.5057606697 -1.3156415174 -0.1559904586 2.0333215016 -0.5575826149 -0.5528122587 0.4097324232 0.4643485497
1413394980.5557603836 -1.2803223789 -0.1706232533 2.0351911732 -0.5660213389 -0.5531499317 0.4084925353 0.4547294201
1413394980.6057605743 -1.2453510202 -0.1770949913 2.0416868497 -0.5731863721 -0.5542521632 0.4077297224 0.4449925796
1413394980.6557605267 -1.2095030414 -0.1875666848 2.0419283291 -0.5789894587 -0.5544107460 0.4077951162 0.4371533765
1413394980.7057607174 -1.1736116628 -0.2016060740 2.0427241430 -0.5828706577 -0.5538752904 0.4080509609 0.4324099587
1413394980.7557604313 -1.1385414948 -0.2120548071 2.0469269628 -0.5852857158 -0.5549934644 0.4072595062 0.4284420381
1413394980.8057606220 -1.1040727984 -0.2245254169 2.0518534349 -0.5876418695 -0.5552505388 0.4072527065 0.4248754000
1413394980.8557605743 -1.0688398284 -0.2362245644 2.0549154685 -0.5888588793 -0.5554102740 0.4074383713 0.4227985589
1413394980.9057605267 -1.0344376475 -0.2481244840 2.0562690292 -0.5897049888 -0.5552932487 0.4079480173 0.4212788262
1413394980.9557604790 -1.0002403708 -0.2579947682 2.0619585742 -0.5901563107 -0.5560711169 0.4074880189 0.4200642288
1413394981.0057606697 -0.9671519020 -0.2685066402 2.0667334616 -0.5922892021 -0.5561595658 0.4077618720 0.4166656863
1413394981.0557603836 -0.9339141149 -0.2788605422 2.0681687678 -0.5938696490 -0.5552783934 0.4090089456 0.4143626773
1413394981.1057605743 -0.9004631380 -0.2899119610 2.0624232679 -0.5959055140 -0.5535583325 0.4113074132 0.4114559548
1413394981.1557605267 -0.8687842253 -0.2977103632 2.0600440032 -0.5978396707 -0.5528492072 0.4125884754 0.4083089912
1413394981.2057607174 -0.8372369544 -0.3056455892 2.0546889101 -0.6002266477 -0.5519593729 0.4138211482 0.4047479208
1413394981.2557604313 -0.8061980030 -0.3123025141 2.0474111092 -0.6020693031 -0.5513962647 0.4139796780 0.4026109036
1413394981.3057606220 -0.7763074371 -0.3177537129 2.0386849112 -0.6028896461 -0.5511381345 0.4137499012 0.4019724500
1413394981.3557605743 -0.7468880143 -0.3223783360 2.0296050560 -0.6022895026 -0.5524164976 0.4108130133 0.4041237884
1413394981.4057605267 -0.7175076146 -0.3248868704 2.0200426235 -0.5998845346 -0.5550517852 0.4056226437 0.4092998067
1413394981.4557604790 -0.6894788335 -0.3278138783 2.0114882178 -0.5985653041 -0.5569632029 0.4006015076 0.4135577342
1413394981.5057606697 -0.6617020889 -0.3298187817 2.0055282717 -0.5970324689 -0.5584378365 0.3959356126 0.4182516044
1413394981.5557603836 -0.6346159178 -0.3317065282 1.9988725513 -0.5970871572 -0.5587493347 0.3932347476 0.4203005365
1413394981.6057605743 -0.6098053238 -0.3328581296 1.9915287882 -0.5988643083 -0.5588164444 0.3907734541 0.4199783677
1413394981.6557605267 -0.5851208521 -0.3340727629 1.9833643776 -0.6018410038 -0.5596242024 0.3869813638 0.4181549741
1413394981.7057607174 -0.5610781701 -0.3336672301 1.9770717536 -0.6051739955 -0.5600950900 0.3824011171 0.4169260258
1413394981.7557604313 -0.5385955174 -0.3355740374 1.9707361039 -0.6103245456 -0.5580731565 0.3789047016 0.4153185863
1413394981.8057606220 -0.5168618588 -0.3368100134 1.9654228043 -0.6170435578 -0.5545066053 0.3760409076 0.4127625325
1413394981.8557605743 -0.4975423012 -0.3363349720 1.9599465440 -0.6235813833 -0.5490924002 0.3748434529 0.4112616932
1413394981.9057605267 -0.4795495282 -0.3349974352 1.9544513930 -0.6301015641 -0.5430963152 0.3733672601 0.4106279343
1413394981.9557604790 -0.4622604354 -0.3343088988 1.9504574176 -0.6369065633 -0.5354663105 0.3726238403 0.4108251860
1413394982.0057606697 -0.4476924579 -0.3316279926 1.9463506622 -0.6439334693 -0.5273428611 0.3711100994 0.4117480881
1413394982.0557603836 -0.4339030933 -0.3282559922 1.9435268162 -0.6518695233 -0.5168402161 0.3713710060 0.4123419595
1413394982.1057605743 -0.4218591129 -0.3236371828 1.9403251798 -0.6588734583 -0.5051984031 0.3717832506 0.4152560103
1413394982.1557605267 -0.4103905653 -0.3178494150 1.9380928414 -0.6665087246 -0.4918038839 0.3731670334 0.4179012144
1413394982.2057607174 -0.4001401455 -0.3087681577 1.9368054512 -0.6737634433 -0.4784798323 0.3738806294 0.4210856772
1413394982.2557604313 -0.3901731477 -0.2991058625 1.9365045643 -0.6823809390 -0.4637016107 0.3741914565 0.4234593536
1413394982.3057606220 -0.3811580765 -0.2856390308 1.9349026364 -0.6900524297 -0.4503585414 0.3717322752 0.4275744896
1413394982.3557605743 -0.3707754424 -0.2717419263 1.9343470886 -0.6981292704 -0.4372041178 0.3680391384 0.4312948803
1413394982.4057605267 -0.3617986099 -0.2534567635 1.9340539869 -0.7054170341 -0.4242711599 0.3627697173 0.4367824665
1413394982.4557604790 -0.3521016208 -0.2330087570 1.9356272421 -0.7129728558 -0.4101333964 0.3576607906 0.4421979907
1413394982.5057606697 -0.3418684081 -0.2104372230 1.9396803799 -0.7205934959 -0.3960538764 0.3518447434 0.4473160149
1413394982.5557603836 -0.3320439174 -0.1849779770 1.9430008500 -0.7278241777 -0.3832982194 0.3437419298 0.4529855705
1413394982.6057605743 -0.3212401267 -0.1567314383 1.9480150508 -0.7353200807 -0.3678220820 0.3380523525 0.4579649570
1413394982.6557605267 -0.3101285109 -0.1244837075 1.9522893430 -0.7408490976 -0.3559427758 0.3293016702 0.4647663551
1413394982.7057607174 -0.2977687793 -0.0899268975 1.9575553086 -0.7463689772 -0.3437736408 0.3207888247 0.4710069679
1413394982.7557604313 -0.2849228296 -0.0529836063 1.9630836021 -0.7515711083 -0.3320138937 0.3113428000 0.4774655008
1413394982.8057606220 -0.2711145988 -0.0110819553 1.9674948678 -0.7556971802 -0.3210600438 0.3014059108 0.4847645789
1413394982.8557605743 -0.2567207016 0.0300678654 1.9730641034 -0.7599757220 -0.3100072414 0.2907949303 0.4917018617
1413394982.9057605267 -0.2396931289 0.0733828314 1.9790732151 -0.7638613139 -0.2990583697 0.2794258249 0.4990001934
1413394983.0057606697 -0.2052085359 0.1626607130 1.9916422944 -0.7688258158 -0.2833910726 0.2568286283 0.5124796782
1413394983.1057605743 -0.1677384787 0.2578355345 2.0043103315 -0.7706061691 -0.2747845522 0.2365239949 0.5241335535
1413394983.2057607174 -0.1253143331 0.3598992328 2.0200391415 -0.7697436906 -0.2709882657 0.2221697514 0.5335734365
1413394983.3057606220 -0.0852731887 0.4557136308 2.0346903017 -0.7681036848 -0.2691445891 0.2148710556 0.5398225162
1413394983.4057605267 -0.0426404835 0.5597413217 2.0504323262 -0.7651058527 -0.2750661349 0.2066013418 0.5443046400
1413394983.5057606697 -0.0047160409 0.6558454485 2.0641910304 -0.7602085446 -0.2888430750 0.1903384028 0.5499308495
1413394983.6057605743 0.0322102849 0.7488627473 2.0716590224 -0.7554832891 -0.3002405504 0.1809787868 0.5534864863
1413394983.7057607174 0.0627732253 0.8383140514 2.0739092006 -0.7501883477 -0.3093539310 0.1740462153 0.5578758852
1413394983.8057606220 0.0927923290 0.9247720198 2.0691714165 -0.7458016864 -0.3161332121 0.1696846187 0.5612902698
1413394983.9057605267 0.1143190538 1.0000540065 2.0559798779 -0.7446453195 -0.3175138036 0.1698323472 0.5620011623
1413394984.0057606697 0.1338756144 1.0743014180 2.0356742854 -0.7441240260 -0.3183809709 0.1724077978 0.5614165499
1413394984.1057605743 0.1478457643 1.1409846316 2.0114441051 -0.7420843838 -0.3233828364 0.1776611338 0.5596166813
1413394984.2057607174 0.1559110119 1.1996738739 1.9890141089 -0.7390926845 -0.3318080577 0.1833190619 0.5568119415
1413394984.3057606220 0.1551066420 1.2474824664 1.9638527540 -0.7387700943 -0.3391651463 0.1859664546 0.5519078085
1413394984.4057605267 0.1533140705 1.2968178675 1.9440748695 -0.7412947788 -0.3462466273 0.1874608168 0.5435565897
1413394984.5057606697 0.1457499199 1.3403848402 1.9259653703 -0.7416615515 -0.3555822452 0.1897873525 0.5361717736
1413394984.6057605743 0.1319686051 1.3800395058 1.9103963282 -0.7388925711 -0.3674652539 0.1964140900 0.5295550593
1413394984.7057607174 0.1113978241 1.4154442877 1.8968645000 -0.7332365056 -0.3822258399 0.2061219992 0.5232412022
1413394984.8057606220 0.0835928779 1.4447443259 1.8844058268 -0.7261231539 -0.3991135252 0.2167355026 0.5162163125
1413394984.9057605267 0.0499709328 1.4723239457 1.8775076714 -0.7179909908 -0.4134255469 0.2351397435 0.5082101488
1413394985.0057606697 0.0118788112 1.4949096029 1.8729754727 -0.7042369328 -0.4302822229 0.2529235837 0.5049130737
1413394985.1057605743 -0.0353676890 1.5122050538 1.8702512598 -0.6915118373 -0.4468446318 0.2639310381 0.5024755329
1413394985.2057607174 -0.0836564078 1.5296202658 1.8711961572 -0.6838289790 -0.4592063558 0.2714727023 0.4978052050
1413394985.3057606220 -0.1344061359 1.5424417331 1.8786419977 -0.6819733802 -0.4642197458 0.2811464541 0.4902744208
1413394985.4057605267 -0.1949967047 1.5501026997 1.8973918698 -0.6912463932 -0.4558812060 0.3029800407 0.4717561286
1413394985.5057606697 -0.2556628976 1.5605063511 1.9253801085 -0.7012256451 -0.4466556447 0.3222856430 0.4526734960
1413394985.6057605743 -0.3172954955 1.5786541473 1.9644031095 -0.6974115657 -0.4494974605 0.3233441052 0.4549920117
1413394985.7057607174 -0.3819764284 1.6024416155 2.0012402760 -0.6869845954 -0.4626273416 0.3088831635 0.4675674281
1413394985.8057606220 -0.4494534510 1.6231813849 2.0308446128 -0.6770436409 -0.4739838751 0.2940625602 0.4800816651
1413394985.9057605267 -0.5189498320 1.6441517970 2.0506831572 -0.6716488268 -0.4797763323 0.2858678997 0.4868080406
1413394986.0057606697 -0.5911527316 1.6606075472 2.0632246861 -0.6700586261 -0.4806312843 0.2828315257 0.4899197222
1413394986.1057605743 -0.6682219546 1.6741183626 2.0713290582 -0.6697996512 -0.4791398130 0.2825117010 0.4919152423
1413394986.2057607174 -0.7484858251 1.6816897516 2.0833337190 -0.6775392077 -0.4684449254 0.2947253718 0.4843933619
1413394986.3057606220 -0.8315723703 1.6877967573 2.1001958737 -0.6878436147 -0.4545276687 0.3117201312 0.4723413172
1413394986.4057605267 -0.9154685158 1.6936609327 2.1211909871 -0.6942823134 -0.4458633846 0.3208710986 0.4649942470
1413394986.5057606697 -0.9994357970 1.7028178114 2.1401059233 -0.6941237341 -0.4449242664 0.3198666906 0.4668189576
1413394986.6057605743 -1.0851633464 1.7177934693 2.1611276332 -0.6881533060 -0.4535204263 0.3070361745 0.4759128469
1413394986.7057607174 -1.1702693980 1.7309724163 2.1863436106 -0.6810957043 -0.4651793001 0.2901129979 0.4853362843
1413394986.8057606220 -1.2595402787 1.7348012054 2.2102639398 -0.6754375590 -0.4701797083 0.2798386138 0.4943738424
1413394986.9057605267 -1.3493624189 1.7414782512 2.2335718738 -0.6749504133 -0.4650951028 0.2857515482 0.4964620204
1413394987.0057606697 -1.4421319097 1.7435751283 2.2536114033 -0.6785031052 -0.4529570149 0.3009450897 0.4938578054
1413394987.1057605743 -1.5339389631 1.7480501244 2.2680480131 -0.6848679312 -0.4408163352 0.3173516065 0.4857209418
1413394987.2057607174 -1.6262232911 1.7475107158 2.2757940171 -0.6887394819 -0.4321811653 0.3267673457 0.4817473074
1413394987.3057606220 -1.7141077487 1.7503887168 2.2775528906 -0.6833506243 -0.4332368072 0.3227739244 0.4910751337
1413394987.4057605267 -1.8013587915 1.7491136999 2.2720309205 -0.6699362531 -0.4425478161 0.3058934277 0.5116307831
1413394987.5057606697 -1.8855738121 1.7462628159 2.2737360500 -0.6590412400 -0.4496222810 0.2926728990 0.5271119640
1413394987.6057605743 -1.9604979428 1.7442754881 2.2704011945 -0.6498197388 -0.4522222220 0.2899459147 0.5377366786
1413394987.7057607174 -2.0385404722 1.7257571725 2.2813959245 -0.6431193239 -0.4506451494 0.2909127282 0.5465219749
1413394987.8057606220 -2.1111305401 1.6997726504 2.2870121602 -0.6372340944 -0.4459655468 0.2959699558 0.5544810414
1413394987.9057605267 -2.1727991446 1.6703691780 2.2973350466 -0.6326440060 -0.4447357765 0.2990666442 0.5590445358
1413394988.0057606697 -2.2304097090 1.6277340971 2.3102267132 -0.6282421793 -0.4410499488 0.3044614628 0.5639946139
1413394988.1057605743 -2.2852079470 1.5665502991 2.3313106569 -0.6293069797 -0.4331080869 0.3121655934 0.5647501684
1413394988.2057607174 -2.3274286706 1.5005920088 2.3476464877 -0.6365304591 -0.4236081814 0.3259753210 0.5559902637
1413394988.3057606220 -2.3619922495 1.4286671537 2.3633202104 -0.6499801581 -0.4065617937 0.3427991665 0.5428830753
1413394988.4057605267 -2.3890166494 1.3554745723 2.3788025505 -0.6706099765 -0.3834201004 0.3520497729 0.5285189149
1413394988.5057606697 -2.4066995278 1.2850177473 2.3864818331 -0.6935934118 -0.3543652207 0.3510119885 0.5197538392
1413394988.6057605743 -2.4207165504 1.2143029969 2.3888307208 -0.7159053787 -0.3227610057 0.3315248171 0.5228729460
1413394988.7057607174 -2.4149987988 1.1585360713 2.3930116992 -0.7326761062 -0.3014383080 0.2986241108 0.5321130615
1413394988.8057606220 -2.3995785003 1.1077597958 2.3899709939 -0.7405184683 -0.2861029810 0.2669679608 0.5463566511
1413394988.9057605267 -2.3841650010 1.0544897770 2.3801060241 -0.7423315221 -0.2732987201 0.2415860324 0.5620390644
1413394989.0057606697 -2.3573679795 1.0020595251 2.3698104793 -0.7425945549 -0.2692667063 0.2210649756 0.5719956682
1413394989.1057605743 -2.3386587110 0.9433156106 2.3628333816 -0.7470930136 -0.2691310339 0.2015122992 0.5734224524
1413394989.2057607174 -2.3151152902 0.8780266062 2.3510493529 -0.7518291288 -0.2693999000 0.1898191465 0.5710913645
1413394989.3057606220 -2.2831101216 0.8134535732 2.3483027090 -0.7565091912 -0.2692149039 0.1890646921 0.5652182953
1413394989.4057605267 -2.2519662290 0.7440153755 2.3423068886 -0.7605423457 -0.2659792537 0.1947929341 0.5593622170
1413394989.5057606697 -2.2156858217 0.6780773467 2.3383699988 -0.7630212759 -0.2655925189 0.2013214800 0.5538310284
1413394989.6057605743 -2.1897152941 0.6121981287 2.3338289309 -0.7669080237 -0.2636916782 0.2072182123 0.5471557315
1413394989.7057607174 -2.1558904050 0.5395663737 2.3186885980 -0.7689585998 -0.2658076088 0.2173741034 0.5392564197
1413394989.8057606220 -2.1111317307 0.4731322170 2.2976998327 -0.7686633629 -0.2775562179 0.2357139921 0.5258879105
1413394989.9057605267 -2.0733842911 0.4076207790 2.2699096398 -0.7676482707 -0.3001543535 0.2552416254 0.5054455551
1413394990.0057606697 -2.0295461331 0.3490573550 2.2344708906 -0.7563623574 -0.3354142294 0.2709328104 0.4919437887
1413394990.1057605743 -1.9930063254 0.3005906854 2.2004119187 -0.7367064541 -0.3780134525 0.2815666124 0.4848604676
1413394990.1557605267 -1.9629960272 0.2754781420 2.1775725506 -0.7229720492 -0.4031478877 0.2897261009 0.4804601786
1413394990.2057607174 -1.9478637491 0.2487704969 2.1529924861 -0.7107324820 -0.4249067747 0.2961003284 0.4760652973
1413394990.2557604313 -1.9221226722 0.2278803968 2.1344857849 -0.6966486380 -0.4485934193 0.3033237694 0.4705733846
1413394990.3557605743 -1.8920279501 0.1816782811 2.0937729211 -0.6695188219 -0.4901731329 0.3164197835 0.4597318430
1413394990.4057605267 -1.8702660615 0.1693056859 2.0706257354 -0.6566744060 -0.5088920263 0.3244810706 0.4522385044
1413394990.4557604790 -1.8528959987 0.1525210365 2.0559671508 -0.6467160507 -0.5237648417 0.3319261639 0.4441325951
1413394990.5057606697 -1.8377508162 0.1320124353 2.0328482412 -0.6385198407 -0.5347147939 0.3394481959 0.4372040993
1413394990.5557603836 -1.8283064340 0.1073485472 2.0150158804 -0.6330020430 -0.5425945729 0.3455366024 0.4307017522
1413394990.6057605743 -1.8174639975 0.0878851188 1.9980640684 -0.6295007868 -0.5484511204 0.3513283708 0.4236726376
1413394990.6557605267 -1.8069501666 0.0654983888 1.9784385927 -0.6264354411 -0.5524734875 0.3560211507 0.4190472814
1413394990.7057607174 -1.7992113921 0.0448304866 1.9625951712 -0.6238427946 -0.5559565472 0.3583913665 0.4162788893
1413394990.7557604313 -1.7935991175 0.0239407079 1.9481263313 -0.6227678461 -0.5573526956 0.3610547104 0.4137120723
1413394990.8057606220 -1.7870154983 0.0073684681 1.9344905541 -0.6215311490 -0.5587409630 0.3629528444 0.4120349498
1413394990.8557605743 -1.7852852540 -0.0190898948 1.9174260503 -0.6213637537 -0.5590628070 0.3624221506 0.4123178970
1413394990.9057605267 -1.7837259120 -0.0387759033 1.9034601093 -0.6214041791 -0.5586972244 0.3624753008 0.4127056020
1413394990.9557604790 -1.7828749260 -0.0574584126 1.8908475823 -0.6222698444 -0.5573292443 0.3628813256 0.4128940514
1413394991.0057606697 -1.7845622457 -0.0756797036 1.8779673527 -0.6226208282 -0.5561811307 0.3625054781 0.4142410318
1413394991.0557603836 -1.7883268043 -0.0946898138 1.8659213247 -0.6235049456 -0.5553108178 0.3608885995 0.4154887451
1413394991.1057605743 -1.7935231310 -0.1137734002 1.8564956871 -0.6259595843 -0.5520484713 0.3621726164 0.4150278065
1413394991.1557605267 -1.7993031742 -0.1324499038 1.8461710161 -0.6280576805 -0.5479079606 0.3647402264 0.4150963550
1413394991.2057607174 -1.8058968260 -0.1527496722 1.8372012055 -0.6303453234 -0.5438496341 0.3659290234 0.4159186202
1413394991.2557604313 -1.8146350325 -0.1697910062 1.8294592786 -0.6344493614 -0.5395800803 0.3658605842 0.4152991426
1413394991.3057606220 -1.8253354436 -0.1868968777 1.8190073359 -0.6393307876 -0.5333330440 0.3651458926 0.4165098863
1413394991.3557605743 -1.8354011816 -0.2040298031 1.8110880053 -0.6450931673 -0.5265926208 0.3621787507 0.4187858281
1413394991.4057605267 -1.8469795609 -0.2218259105 1.8018193940 -0.6518377562 -0.5181796319 0.3585933994 0.4219101594
1413394991.4557604790 -1.8590873666 -0.2372978044 1.7940008285 -0.6586392846 -0.5090647844 0.3545742252 0.4258220953
1413394991.5057606697 -1.8737547489 -0.2556173878 1.7869315981 -0.6655582965 -0.4995571133 0.3485724240 0.4312448373
1413394991.5557603836 -1.8884628354 -0.2685509469 1.7796151660 -0.6727310344 -0.4892074485 0.3429523425 0.4364547153
1413394991.6057605743 -1.9033266559 -0.2795648843 1.7736052311 -0.6789028556 -0.4793155076 0.3365631879 0.4428010584
1413394991.6557605267 -1.9197811710 -0.2911213923 1.7663452787 -0.6835009010 -0.4690061218 0.3301909293 0.4514794860
1413394991.7057607174 -1.9363615792 -0.3017388384 1.7613777010 -0.6861170681 -0.4594137654 0.3232280053 0.4622834819
1413394991.7557604313 -1.9538718859 -0.3105238664 1.7562407926 -0.6873937755 -0.4481829320 0.3202194507 0.4733723273
1413394991.8057606220 -1.9683630029 -0.3175223811 1.7538013621 -0.6881618204 -0.4381260992 0.3189759121 0.4824242921
1413394991.8557605743 -1.9879015463 -0.3287287042 1.7488158912 -0.6884808785 -0.4274567667 0.3191683620 0.4913312011
1413394991.9057605267 -2.0035547250 -0.3375774608 1.7454319798 -0.6893136338 -0.4189350522 0.3203843475 0.4966830037
1413394991.9557604790 -2.0188390913 -0.3468751676 1.7416583521 -0.6904780242 -0.4112036064 0.3211055365 0.5010418412
1413394992.0057606697 -2.0332037573 -0.3557730623 1.7377922094 -0.6933382169 -0.4031424120 0.3218301051 0.5031736242
1413394992.0557603836 -2.0463554077 -0.3637679772 1.7356959385 -0.6986080368 -0.3957535167 0.3219164171 0.5016929193
1413394992.1057605743 -2.0593365350 -0.3721170154 1.7317808953 -0.7043777704 -0.3877389268 0.3214917790 0.5001534937
1413394992.1557605267 -2.0697329037 -0.3786096646 1.7286757905 -0.7119167229 -0.3796569340 0.3209262758 0.4960257227
1413394992.2057607174 -2.0809101556 -0.3848889444 1.7255453391 -0.7197064018 -0.3728407834 0.3168401273 0.4925695678
1413394992.2557604313 -2.0898679819 -0.3903088468 1.7233068356 -0.7265248356 -0.3657103855 0.3122715534 0.4908197776
1413394992.3057606220 -2.0983684447 -0.3937141427 1.7210743431 -0.7318082764 -0.3596700261 0.3053628627 0.4917800738
1413394992.3557605743 -2.1064317401 -0.3964297648 1.7210830339 -0.7361609748 -0.3548014833 0.2956301467 0.4947582672
1413394992.4057605267 -2.1118217310 -0.3961102955 1.7205949082 -0.7390502873 -0.3499434922 0.2853200291 0.4999367021
1413394992.4557604790 -2.1165240673 -0.3959316567 1.7207000325 -0.7408576225 -0.3470644549 0.2723833440 0.5064420611
1413394992.5057606697 -2.1210403324 -0.3949850528 1.7212458944 -0.7413574672 -0.3471744168 0.2569106624 0.5136690975
1413394992.5557603836 -2.1253557322 -0.3928391896 1.7205549970 -0.7406132155 -0.3475014384 0.2430679659 0.5212032034
1413394992.6057605743 -2.1310265292 -0.3904537959 1.7200850192 -0.7398272590 -0.3462110364 0.2334621773 0.5275310009
1413394992.6557605267 -2.1362649711 -0.3890954257 1.7224095892 -0.7398057332 -0.3419852468 0.2304938652 0.5316071352
1413394992.7057607174 -2.1416067617 -0.3884586119 1.7243623967 -0.7396944051 -0.3372531990 0.2303613820 0.5348327781
1413394992.7557604313 -2.1480021321 -0.3893251033 1.7260154812 -0.7415693547 -0.3298534106 0.2331408747 0.5356462940
1413394992.8057606220 -2.1530650356 -0.3888481791 1.7285023802 -0.7445421987 -0.3213876522 0.2366748279 0.5351186012
1413394992.8557605743 -2.1592545941 -0.3892475140 1.7287753404 -0.7482305270 -0.3132361392 0.2382621605 0.5341023707
1413394992.9057605267 -2.1642118628 -0.3891568992 1.7305755277 -0.7520455423 -0.3052232056 0.2404969608 0.5323791027
1413394992.9557604790 -2.1682383062 -0.3891242613 1.7320763907 -0.7551719095 -0.3002514436 0.2402611665 0.5308851378
1413394993.0057606697 -2.1705799295 -0.3890545133 1.7306867656 -0.7574592374 -0.2961608428 0.2399491936 0.5300647539
1413394993.0557603836 -2.1743388721 -0.3877400628 1.7278110870 -0.7588181007 -0.2948074663 0.2369822439 0.5302103960
1413394993.1057605743 -2.1763235077 -0.3862341099 1.7233729778 -0.7590971375 -0.2955973845 0.2322738816 0.5314532586
1413394993.1557605267 -2.1789886729 -0.3843732458 1.7158493258 -0.7593771320 -0.2970279890 0.2273096866 0.5324012129
1413394993.2057607174 -2.1801244514 -0.3832019946 1.7070255339 -0.7592900579 -0.2989097663 0.2230085667 0.5332904825
1413394993.2557604313 -2.1806550419 -0.3812238140 1.6960639043 -0.7583862380 -0.3014284194 0.2184921826 0.5350255957
1413394993.3057606220 -2.1806010476 -0.3791272417 1.6850700990 -0.7567140893 -0.3054838076 0.2131469186 0.5372446569
1413394993.3557605743 -2.1848639221 -0.3776524001 1.6729681364 -0.7553658439 -0.3089609794 0.2082404591 0.5390746389
1413394993.4057605267 -2.1848185600 -0.3766083960 1.6621280743 -0.7537865695 -0.3128001113 0.2038622517 0.5407421570
1413394993.4557604790 -2.1866007288 -0.3763047160 1.6504803150 -0.7524847195 -0.3153673885 0.2009195175 0.5421637249
1413394993.5057606697 -2.1901600385 -0.3754323174 1.6378240369 -0.7512059057 -0.3179637471 0.1983303844 0.5433726175
1413394993.5557603836 -2.1945439500 -0.3750384776 1.6267136265 -0.7501067040 -0.3196666712 0.1974858923 0.5441989290
1413394993.6057605743 -2.1997552355 -0.3759637874 1.6159694096 -0.7499918117 -0.3199089628 0.1978093466 0.5440974181
1413394993.6557605267 -2.2042286511 -0.3773249310 1.6052991969 -0.7507204569 -0.3185572410 0.1989517070 0.5434687646
1413394993.7057607174 -2.2066562086 -0.3788334543 1.5953702921 -0.7523223191 -0.3140382199 0.2017968995 0.5428343541
1413394993.7557604313 -2.2123180113 -0.3807841072 1.5842409694 -0.7549164749 -0.3069162838 0.2039359419 0.5425068131
1413394993.8057606220 -2.2172545981 -0.3828545835 1.5724065967 -0.7592191118 -0.2980419227 0.2046396086 0.5411838719
1413394993.8557605743 -2.2226731110 -0.3844641651 1.5585911592 -0.7635061679 -0.2871659164 0.2039331798 0.5412996639
1413394993.9057605267 -2.2273538881 -0.3859503145 1.5441453555 -0.7689538553 -0.2740703255 0.2031781344 0.5406607724
1413394993.9557604790 -2.2325936242 -0.3870188145 1.5279381956 -0.7741644368 -0.2601161437 0.2009138931 0.5409645313
1413394994.0057606697 -2.2373639298 -0.3877959924 1.5119742337 -0.7796826789 -0.2445678251 0.1983372438 0.5412428632
1413394994.0557603836 -2.2421189889 -0.3875569087 1.4963083119 -0.7846899398 -0.2289788391 0.1932715002 0.5426569053
1413394994.1057605743 -2.2448581222 -0.3865974525 1.4819823717 -0.7889464382 -0.2149554023 0.1860330897 0.5447470809
1413394994.1557605267 -2.2468539927 -0.3851939254 1.4699613955 -0.7923620202 -0.2004766229 0.1775632342 0.5481266737
1413394994.2057607174 -2.2476654264 -0.3825598285 1.4591290615 -0.7950676051 -0.1867421214 0.1666083388 0.5524821671
1413394994.3057606220 -2.2457135537 -0.3765686652 1.4440161745 -0.7995539909 -0.1628421332 0.1398348357 0.5609296516
1413394994.4057605267 -2.2409172930 -0.3693554359 1.4342539797 -0.8037516551 -0.1458601843 0.1059584469 0.5669928492
1413394994.5057606697 -2.2352096320 -0.3623174321 1.4301090331 -0.8050551203 -0.1344348715 0.0763595359 0.5726977736
1413394994.6057605743 -2.2318377262 -0.3579740333 1.4327738063 -0.8052704238 -0.1254432152 0.0567751884 0.5766976004
1413394994.7057607174 -2.2326625087 -0.3550280305 1.4413383293 -0.8043165239 -0.1192675016 0.0448698375 0.5803765072
1413394994.8057606220 -2.2382245676 -0.3554457539 1.4560657787 -0.8011641952 -0.1141295082 0.0406841774 0.5860504973
1413394994.9057605267 -2.2495234516 -0.3586298097 1.4703163772 -0.7990748159 -0.1087910269 0.0439853677 0.5896687532
1413394995.0057606697 -2.2630385838 -0.3649948081 1.4780810658 -0.7982353659 -0.1052591655 0.0501598782 0.5909524476
1413394995.1057605743 -2.2782505346 -0.3749490564 1.4743359206 -0.7990175402 -0.0971956264 0.0653625761 0.5897895509
1413394995.2057607174 -2.2924277076 -0.3845802348 1.4561510886 -0.8052889699 -0.0897560414 0.0812575050 0.5803884439
1413394995.3057606220 -2.3049792102 -0.3963148146 1.4278781643 -0.8166114201 -0.0901627011 0.0849191166 0.5637421569
1413394995.4057605267 -2.3137175342 -0.4072285965 1.3975132235 -0.8258842870 -0.0944626153 0.0817357242 0.5498283643
1413394995.5057606697 -2.3207613558 -0.4139431305 1.3675345080 -0.8296306315 -0.0988974400 0.0765127105 0.5441306063
1413394995.6057605743 -2.3272300021 -0.4153861242 1.3398116499 -0.8296069496 -0.1016257840 0.0726234568 0.5441969706
1413394995.7057607174 -2.3340769082 -0.4121410309 1.3161359968 -0.8226040163 -0.1017321374 0.0727742858 0.5546864952
1413394995.8057606220 -2.3410898599 -0.4058911484 1.2970112563 -0.8141346752 -0.0987747263 0.0767270510 0.5670460685
1413394995.9057605267 -2.3472644302 -0.3995229909 1.2804565906 -0.8088076603 -0.0961439141 0.0793106718 0.5747141322
1413394996.0057606697 -2.3519570353 -0.3947361739 1.2526321492 -0.8080055228 -0.0977867049 0.0710722241 0.5766399001
1413394996.1057605743 -2.3527991304 -0.3974945375 1.2635615860 -0.7999987033 -0.0959320696 0.0728563467 0.5877848803
1413394996.2057607174 -2.3514748316 -0.4026631470 1.2577031696 -0.8103631186 -0.0933071855 0.0830183427 0.5724625228
1413394996.3057606220 -2.3540840337 -0.4049449109 1.2565391999 -0.7974839765 -0.1045509343 0.0723261894 0.5897943130
1413394996.4057605267 -2.3529156845 -0.4044260455 1.2528689512 -0.7995048449 -0.1043274315 0.0728023387 0.5870328861
1413394996.5057606697 -2.3533845392 -0.4040376827 1.2532240665 -0.8009509179 -0.1074917483 0.0687516127 0.5849755267
1413394996.6057605743 -2.3531004832 -0.4044618213 1.2534650610 -0.7985767196 -0.1064387914 0.0699954230 0.5882572969
1413394996.7057607174 -2.3531762674 -0.4041754187 1.2529830741 -0.8000912754 -0.1064831448 0.0700374471 0.5861826054
1413394996.8057606220 -2.3532420293 -0.4044704920 1.2529522756 -0.7991948888 -0.1062748408 0.0702052727 0.5874218311
1413394996.9057605267 -2.3532201030 -0.4044057845 1.2528662341 -0.7994221019 -0.1060671459 0.0704637105 0.5871191779
1413394997.0057606697 -2.3532218650 -0.4044861540 1.2528507305 -0.7993441170 -0.1059795189 0.0703959418 0.5872492960
1413394997.1057605743 -2.3532303015 -0.4045789936 1.2528848325 -0.7991202431 -0.1059774673 0.0705610370 0.5875344702
1413394997.2057607174 -2.3532444220 -0.4045227290 1.2528580861 -0.7993804027 -0.1058313739 0.0708167557 0.5871760206
1413394997.3057606220 -2.3531485764 -0.4045370504 1.2528576390 -0.7992158251 -0.1060257845 0.0707997793 0.5873669970
1413394997.4057605267 -2.3532190036 -0.4045265110 1.2527574862 -0.7992380206 -0.1059651081 0.0706627072 0.5873642516
1413394997.5057606697 -2.3531916750 -0.4044462069 1.2527004438 -0.7992399387 -0.1059190153 0.0708594184 0.5873462569
1413394997.6057605743 -2.3532136619 -0.4045531262 1.2527577344 -0.7992435995 -0.1058719623 0.0708321063 0.5873530531
