1413393213.5057606697 -1.1396068990 0.5845360962 1.3217385265 -0.5683157999 -0.5550526306 0.4292005525 0.4297913617
1413393213.5557603836 -1.1396068990 0.5845360962 1.3217385265 -0.5683157999 -0.5550526306 0.4292005525 0.4297913617
1413393213.6057605743 -1.1396068990 0.5845360962 1.3217385265 -0.5683157999 -0.5550526306 0.4292005525 0.4297913617
1413393213.6557605267 -1.1396068990 0.5845360962 1.3217385265 -0.5683157999 -0.5550526306 0.4292005525 0.4297913617
1413393213.7057607174 -1.1396068990 0.5845360962 1.3217385265 -0.5683157999 -0.5550526306 0.4292005525 0.4297913617
1413393213.7557604313 -1.1396068990 0.5845360962 1.3217385265 -0.5683157999 -0.5550526306 0.4292005525 0.4297913617
1413393213.8057606220 -1.1396068990 0.5845360962 1.3217385265 -0.5683157999 -0.5550526306 0.4292005525 0.4297913617
1413393213.8557605743 -1.1396068990 0.5845360962 1.3217385265 -0.5683157999 -0.5550526306 0.4292005525 0.4297913617
1413393213.9057605267 -1.1396068990 0.5845360962 1.3217385265 -0.5683157999 -0.5550526306 0.4292005525 0.4297913617
1413393213.9557604790 -1.1396068990 0.5845360962 1.3217385265 -0.5683157999 -0.5550526306 0.4292005525 0.4297913617
1413393214.0057606697 -1.1396068990 0.5845360962 1.3217385265 -0.5683157999 -0.5550526306 0.4292005525 0.4297913617
1413393214.0557603836 -1.1396068990 0.5845360962 1.3217385265 -0.5683157999 -0.5550526306 0.4292005525 0.4297913617
1413393214.1057605743 -1.1396068990 0.5845360962 1.3217385265 -0.5683157999 -0.5550526306 0.4292005525 0.4297913617
1413393214.1557605267 -1.1396068990 0.5845360962 1.3217385265 -0.5683157999 -0.5550526306 0.4292005525 0.4297913617
1413393214.2057607174 -1.1396068990 0.5845360962 1.3217385265 -0.5683157999 -0.5550526306 0.4292005525 0.4297913617
1413393214.2557604313 -1.1396068990 0.5845360962 1.3217385265 -0.5683157999 -0.5550526306 0.4292005525 0.4297913617
1413393214.3057606220 -1.1396068990 0.5845360962 1.3217385265 -0.5683157999 -0.5550526306 0.4292005525 0.4297913617
1413393214.3557605743 -1.1396068990 0.5845360962 1.3217385265 -0.5683157999 -0.5550526306 0.4292005525 0.4297913617
1413393214.4057605267 -1.1396068990 0.5845360962 1.3217385265 -0.5683157999 -0.5550526306 0.4292005525 0.4297913617
1413393214.4557604790 -1.1396068990 0.5845360962 1.3217385265 -0.5683157999 -0.5550526306 0.4292005525 0.4297913617
1413393214.5057606697 -1.1396068990 0.5845360962 1.3217385265 -0.5683157999 -0.5550526306 0.4292005525 0.4297913617
1413393214.5557603836 -1.1396068990 0.5845360962 1.3217385265 -0.5683157999 -0.5550526306 0.4292005525 0.4297913617
1413393214.6057605743 -1.1396068990 0.5845360962 1.3217385265 -0.5683157999 -0.5550526306 0.4292005525 0.4297913617
1413393214.6557605267 -1.1396068990 0.5845360962 1.3217385265 -0.5683157999 -0.5550526306 0.4292005525 0.4297913617
1413393214.7057607174 -1.1396068990 0.5845360962 1.3217385265 -0.5683157999 -0.5550526306 0.4292005525 0.4297913617
1413393214.7557604313 -1.1396068990 0.5845360962 1.3217385265 -0.5683157999 -0.5550526306 0.4292005525 0.4297913617
1413393214.8057606220 -1.1396068990 0.5845360962 1.3217385265 -0.5683157999 -0.5550526306 0.4292005525 0.4297913617
1413393214.8557605743 -1.1396068990 0.5845360962 1.3217385265 -0.5683157999 -0.5550526306 0.4292005525 0.4297913617
1413393214.9057605267 -1.1396068990 0.5845360962 1.3217385265 -0.5683157999 -0.5550526306 0.4292005525 0.4297913617
1413393214.9557604790 -1.1396068990 0.5845360962 1.3217385265 -0.5683157999 -0.5550526306 0.4292005525 0.4297913617
1413393215.0057606697 -1.1396068990 0.5845360962 1.3217385265 -0.5683157999 -0.5550526306 0.4292005525 0.4297913617
1413393215.0557603836 -1.1396068990 0.5845360962 1.3217385265 -0.5683157999 -0.5550526306 0.4292005525 0.4297913617
1413393215.1057605743 -1.1396068990 0.5845360962 1.3217385265 -0.5683157999 -0.5550526306 0.4292005525 0.4297913617
1413393215.1557605267 -1.1396068990 0.5845360962 1.3217385265 -0.5683157999 -0.5550526306 0.4292005525 0.4297913617
1413393215.2057607174 -1.1396068990 0.5845360962 1.3217385265 -0.5683157999 -0.5550526306 0.4292005525 0.4297913617
1413393215.2557604313 -1.1396068990 0.5845360962 1.3217385265 -0.5683157999 -0.5550526306 0.4292005525 0.4297913617
1413393215.3057606220 -1.1396068990 0.5845360962 1.3217385265 -0.5683157999 -0.5550526306 0.4292005525 0.4297913617
1413393215.3557605743 -1.1396068990 0.5845360962 1.3217385265 -0.5683157999 -0.5550526306 0.4292005525 0.4297913617
1413393215.4057605267 -1.1396068990 0.5845360962 1.3217385265 -0.5683157999 -0.5550526306 0.4292005525 0.4297913617
1413393215.4557604790 -1.1396068990 0.5845360962 1.3217385265 -0.5683157999 -0.5550526306 0.4292005525 0.4297913617
1413393215.5057606697 -1.1396068990 0.5845360962 1.3217385265 -0.5683157999 -0.5550526306 0.4292005525 0.4297913617
1413393215.5557603836 -1.1396068990 0.5845360962 1.3217385265 -0.5683157999 -0.5550526306 0.4292005525 0.4297913617
1413393215.6057605743 -1.1396068990 0.5845360962 1.3217385265 -0.5683157999 -0.5550526306 0.4292005525 0.4297913617
1413393215.6557605267 -1.1396068990 0.5845360962 1.3217385265 -0.5683157999 -0.5550526306 0.4292005525 0.4297913617
1413393215.7057607174 -1.1396068990 0.5845360962 1.3217385265 -0.5683157999 -0.5550526306 0.4292005525 0.4297913617
1413393215.7557604313 -1.1396068990 0.5845360962 1.3217385265 -0.5683157999 -0.5550526306 0.4292005525 0.4297913617
1413393215.8057606220 -1.1396068990 0.5845360962 1.3217385265 -0.5683157999 -0.5550526306 0.4292005525 0.4297913617
1413393215.8557605743 -1.1396068990 0.5845360962 1.3217385265 -0.5683157999 -0.5550526306 0.4292005525 0.4297913617
1413393215.9057605267 -1.1396068990 0.5845360962 1.3217385265 -0.5683157999 -0.5550526306 0.4292005525 0.4297913617
1413393215.9557604790 -1.1396068990 0.5845360962 1.3217385265 -0.5683157999 -0.5550526306 0.4292005525 0.4297913617
1413393216.0057606697 -1.1396068990 0.5845360962 1.3217385265 -0.5683157999 -0.5550526306 0.4292005525 0.4297913617
1413393216.0557603836 -1.1396068990 0.5845360962 1.3217385265 -0.5683157999 -0.5550526306 0.4292005525 0.4297913617
1413393216.1057605743 -1.1396068990 0.5845360962 1.3217385265 -0.5683157999 -0.5550526306 0.4292005525 0.4297913617
1413393216.1557605267 -1.1396068990 0.5845360962 1.3217385265 -0.5683157999 -0.5550526306 0.4292005525 0.4297913617
1413393216.2057607174 -1.1396068990 0.5845360962 1.3217385265 -0.5683157999 -0.5550526306 0.4292005525 0.4297913617
1413393216.2557604313 -1.1396068990 0.5845360962 1.3217385265 -0.5683157999 -0.5550526306 0.4292005525 0.4297913617
1413393216.3057606220 -1.1396068990 0.5845360962 1.3217385265 -0.5683157999 -0.5550526306 0.4292005525 0.4297913617
1413393216.3557605743 -1.1402672675 0.5845095310 1.3224103842 -0.5709765030 -0.5579791421 0.4258264879 0.4258132363
1413393216.4057605267 -1.1402672675 0.5845095310 1.3224103842 -0.5709765030 -0.5579791421 0.4258264879 0.4258132363
1413393216.4557604790 -1.1402672675 0.5845095310 1.3224103842 -0.5709765030 -0.5579791421 0.4258264879 0.4258132363
1413393216.5057606697 -1.1402672675 0.5845095310 1.3224103842 -0.5709765030 -0.5579791421 0.4258264879 0.4258132363
1413393216.5557603836 -1.1402672675 0.5845095310 1.3224103842 -0.5709765030 -0.5579791421 0.4258264879 0.4258132363
1413393216.6057605743 -1.1402672675 0.5845095310 1.3224103842 -0.5709765030 -0.5579791421 0.4258264879 0.4258132363
1413393216.6557605267 -1.1402672675 0.5845095310 1.3224103842 -0.5709765030 -0.5579791421 0.4258264879 0.4258132363
1413393216.7057607174 -1.1402672675 0.5845095310 1.3224103842 -0.5709765030 -0.5579791421 0.4258264879 0.4258132363
1413393216.7557604313 -1.1402978881 0.5868298332 1.3249468405 -0.5728713215 -0.5578684530 0.4188910924 0.4302690912
1413393216.8057606220 -1.1402978881 0.5868298332 1.3249468405 -0.5728713215 -0.5578684530 0.4188910924 0.4302690912
1413393216.8557605743 -1.1393295400 0.5878930249 1.3312891663 -0.5716917403 -0.5575602974 0.4163192095 0.4347106907
1413393216.9057605267 -1.1393295400 0.5878930249 1.3312891663 -0.5716917403 -0.5575602974 0.4163192095 0.4347106907
1413393216.9557604790 -1.1363480899 0.5876205391 1.3417237502 -0.5698191899 -0.5573205876 0.4137471239 0.4399013196
1413393217.0057606697 -1.1363480899 0.5876205391 1.3417237502 -0.5698191899 -0.5573205876 0.4137471239 0.4399013196
1413393217.0557603836 -1.1363480899 0.5876205391 1.3417237502 -0.5698191899 -0.5573205876 0.4137471239 0.4399013196
1413393217.1057605743 -1.1363480899 0.5876205391 1.3417237502 -0.5698191899 -0.5573205876 0.4137471239 0.4399013196
1413393217.1557605267 -1.1363480899 0.5876205391 1.3417237502 -0.5698191899 -0.5573205876 0.4137471239 0.4399013196
1413393217.2057607174 -1.1363480899 0.5876205391 1.3417237502 -0.5698191899 -0.5573205876 0.4137471239 0.4399013196
1413393217.2557604313 -1.1126041225 0.5745485683 1.4092843998 -0.5731163196 -0.5593632286 0.4064682160 0.4398113823
1413393217.3057606220 -1.1126041225 0.5745485683 1.4092843998 -0.5731163196 -0.5593632286 0.4064682160 0.4398113823
1413393217.3557605743 -1.1126041225 0.5745485683 1.4092843998 -0.5731163196 -0.5593632286 0.4064682160 0.4398113823
1413393217.4057605267 -1.1126041225 0.5745485683 1.4092843998 -0.5731163196 -0.5593632286 0.4064682160 0.4398113823
1413393217.4557604790 -1.1126041225 0.5745485683 1.4092843998 -0.5731163196 -0.5593632286 0.4064682160 0.4398113823
1413393217.5057606697 -1.1126041225 0.5745485683 1.4092843998 -0.5731163196 -0.5593632286 0.4064682160 0.4398113823
1413393217.5557603836 -1.0715822495 0.5391739080 1.4544483035 -0.5745269213 -0.5616620674 0.4020078513 0.4391403264
1413393217.6057605743 -1.0715822495 0.5391739080 1.4544483035 -0.5745269213 -0.5616620674 0.4020078513 0.4391403264
1413393217.6557605267 -1.0715822495 0.5391739080 1.4544483035 -0.5745269213 -0.5616620674 0.4020078513 0.4391403264
1413393217.7057607174 -1.0444726325 0.5115677861 1.4709480114 -0.5739574622 -0.5621704814 0.4017670500 0.4394546837
1413393217.7557604313 -1.0378362643 0.5010578636 1.4754880859 -0.5737331045 -0.5620701346 0.4021104760 0.4395618883
1413393217.8057606220 -1.0290960118 0.4915147347 1.4831724538 -0.5738119551 -0.5620969231 0.4024077930 0.4391524307
1413393217.8557605743 -1.0232067750 0.4797066671 1.4900302946 -0.5744937423 -0.5614422433 0.4026949354 0.4388352042
1413393217.9057605267 -1.0157208847 0.4695783096 1.5007467065 -0.5744811978 -0.5615067252 0.4032236592 0.4382832778
1413393217.9557604790 -1.0048229636 0.4575518294 1.5143864396 -0.5743549259 -0.5610312824 0.4038324990 0.4384970148
1413393218.0057606697 -0.9961353465 0.4429750830 1.5265716161 -0.5751693421 -0.5606189938 0.4042143177 0.4376041101
1413393218.0557603836 -0.9853355232 0.4267187078 1.5395652416 -0.5762677735 -0.5591831012 0.4063818583 0.4359856623
1413393218.1057605743 -0.9736193097 0.4121413563 1.5498568483 -0.5782890324 -0.5575267224 0.4085579280 0.4333891649
1413393218.1557605267 -0.9636618792 0.3989835983 1.5571581672 -0.5810897486 -0.5549565451 0.4121225488 0.4295496966
1413393218.2057607174 -0.9521039766 0.3837611385 1.5625785907 -0.5835416170 -0.5520996971 0.4167314054 0.4254409964
1413393218.2557604313 -0.9450003957 0.3702385711 1.5603378138 -0.5875222149 -0.5484072907 0.4207433827 0.4207637062
1413393218.3057606220 -0.9329232770 0.3559019738 1.5627506120 -0.5907508056 -0.5465603765 0.4228938816 0.4164684927
1413393218.3557605743 -0.9217197767 0.3440799597 1.5610523965 -0.5906042463 -0.5468115599 0.4232025635 0.4160328503
1413393218.4057605267 -0.9096768675 0.3327538723 1.5596562999 -0.5887887983 -0.5480711572 0.4204364149 0.4197367970
1413393218.4557604790 -0.8981572692 0.3217398726 1.5556815980 -0.5864497875 -0.5503331320 0.4168124705 0.4236477959
1413393218.5057606697 -0.8855475883 0.3120782098 1.5519953103 -0.5835481767 -0.5525814975 0.4136206356 0.4278354637
1413393218.5557603836 -0.8745073969 0.3014869919 1.5467880324 -0.5813501531 -0.5542285000 0.4101462659 0.4320217702
1413393218.6057605743 -0.8607945505 0.2924867116 1.5435110750 -0.5788698946 -0.5554674973 0.4085950493 0.4352190141
1413393218.6557605267 -0.8480947355 0.2812603133 1.5406365634 -0.5773741385 -0.5563014089 0.4074511685 0.4372086367
1413393218.7057607174 -0.8346944379 0.2700129719 1.5389749022 -0.5777299522 -0.5560049847 0.4070687113 0.4374718546
1413393218.7557604313 -0.8210181089 0.2589297464 1.5364626920 -0.5777720535 -0.5575305262 0.4054473468 0.4369801089
1413393218.8057606220 -0.8078010501 0.2480378895 1.5342395021 -0.5803946917 -0.5592843953 0.4034877788 0.4330595563
1413393218.8557605743 -0.7936072179 0.2355545600 1.5333473781 -0.5863186001 -0.5603878474 0.4013384160 0.4255859906
1413393218.9057605267 -0.7798960124 0.2238206773 1.5318671145 -0.5913321878 -0.5624081276 0.3990994925 0.4180226511
1413393218.9557604790 -0.7662914682 0.2123329288 1.5315623641 -0.5954895598 -0.5641258755 0.3968058296 0.4119457663
1413393219.0057606697 -0.7537686003 0.2019366354 1.5341961816 -0.5986430195 -0.5649728860 0.3949647098 0.4079645221
1413393219.0557603836 -0.7425084521 0.1905013730 1.5363608748 -0.6001910329 -0.5654020073 0.3948677340 0.4051799191
1413393219.1057605743 -0.7330838577 0.1802578673 1.5393881609 -0.5998875074 -0.5654297429 0.3951560350 0.4053096253
1413393219.1557605267 -0.7260621355 0.1707144387 1.5423574371 -0.5995102030 -0.5647473360 0.3963598946 0.4056436822
1413393219.2057607174 -0.7194375157 0.1613105739 1.5463103591 -0.5988941185 -0.5646325568 0.3972953594 0.4057983588
1413393219.2557604313 -0.7136366667 0.1524647168 1.5508198211 -0.5976327259 -0.5643220599 0.3987470428 0.4066651368
1413393219.3057606220 -0.7093540550 0.1438113490 1.5559219648 -0.5967389247 -0.5641240034 0.3998152310 0.4072033222
1413393219.3557605743 -0.7065010567 0.1360825096 1.5605745947 -0.5961954085 -0.5643775947 0.4004434566 0.4070307157
1413393219.4057605267 -0.7039919067 0.1290399849 1.5663686370 -0.5961960776 -0.5638911932 0.4020219514 0.4061469067
1413393219.4557604790 -0.7021351420 0.1222245026 1.5710579631 -0.5954675500 -0.5635410834 0.4028129548 0.4069171508
1413393219.5057606697 -0.7018123828 0.1164621849 1.5722531691 -0.5945904708 -0.5632868403 0.4036678563 0.4077037765
1413393219.5557603836 -0.7020273957 0.1104241463 1.5731541623 -0.5934723245 -0.5627856175 0.4049421021 0.4087601285
1413393219.6057605743 -0.7034282218 0.1055341471 1.5724604810 -0.5924077707 -0.5621745871 0.4059246066 0.4101682344
1413393219.6557605267 -0.7047713412 0.1004355876 1.5732497393 -0.5911814747 -0.5612363828 0.4076673074 0.4114918627
1413393219.7057607174 -0.7071686242 0.0961422834 1.5748617389 -0.5891843615 -0.5602662361 0.4092338553 0.4141149411
1413393219.7557604313 -0.7099878139 0.0931506301 1.5806105979 -0.5869165169 -0.5595351735 0.4106078994 0.4169538881
1413393219.8057606220 -0.7118264111 0.0895297925 1.5909282219 -0.5838921242 -0.5596184372 0.4107553055 0.4209243056
1413393219.8557605743 -0.7144966657 0.0861001354 1.6028729172 -0.5830461048 -0.5594404952 0.4108863389 0.4222037287
1413393219.9057605267 -0.7171385394 0.0826386570 1.6177503264 -0.5815959540 -0.5595806617 0.4107788325 0.4241183562
1413393219.9557604790 -0.7199064027 0.0801707129 1.6326670827 -0.5799196299 -0.5600117791 0.4103752583 0.4262301932
1413393220.0057606697 -0.7224195126 0.0769667385 1.6468556180 -0.5790226090 -0.5597965272 0.4106501871 0.4274658936
1413393220.0557603836 -0.7255595318 0.0737054508 1.6587727937 -0.5780950512 -0.5594745481 0.4108045722 0.4289917775
1413393220.1057605743 -0.7276844262 0.0708983625 1.6686775236 -0.5778646550 -0.5591189368 0.4108973568 0.4296764098
1413393220.1557605267 -0.7296857466 0.0671595753 1.6779405318 -0.5774727010 -0.5589805120 0.4107925005 0.4304829710
1413393220.2057607174 -0.7308478378 0.0643175490 1.6871781746 -0.5766674564 -0.5591478967 0.4106000353 0.4315273866
1413393220.2557604313 -0.7320218381 0.0608519120 1.6980988046 -0.5767023579 -0.5587423551 0.4107239137 0.4318879921
1413393220.3057606220 -0.7328806288 0.0564490886 1.7050169609 -0.5758439356 -0.5584889638 0.4106772952 0.4334028130
1413393220.3557605743 -0.7333656384 0.0524176252 1.7151506270 -0.5757535710 -0.5582033557 0.4111130103 0.4334777178
1413393220.4057605267 -0.7336424062 0.0486669883 1.7249012303 -0.5759956406 -0.5578925762 0.4110782196 0.4335891982
1413393220.4557604790 -0.7331871451 0.0446157457 1.7350293325 -0.5763628848 -0.5582622787 0.4104276027 0.4332415448
1413393220.5057606697 -0.7321927969 0.0389342196 1.7447326124 -0.5775071053 -0.5589684551 0.4094123678 0.4317653560
1413393220.5557603836 -0.7309429160 0.0343392941 1.7540442246 -0.5789837147 -0.5593403592 0.4083763155 0.4302847959
1413393220.6057605743 -0.7295856040 0.0289638863 1.7606812980 -0.5797096781 -0.5594843004 0.4077192495 0.4297429700
1413393220.6557605267 -0.7280607382 0.0245323469 1.7647341880 -0.5791101553 -0.5593828938 0.4083558328 0.4300787368
1413393220.7057607174 -0.7268781820 0.0185294654 1.7687081549 -0.5797630675 -0.5583982717 0.4089023098 0.4299593664
1413393220.7557604313 -0.7246866458 0.0129237540 1.7689613155 -0.5812877418 -0.5572386270 0.4105520154 0.4278279052
1413393220.8057606220 -0.7230191737 0.0082271645 1.7683674070 -0.5840741079 -0.5568093501 0.4118742364 0.4232970559
1413393220.8557605743 -0.7215538178 0.0028096652 1.7687807261 -0.5872640237 -0.5551759461 0.4132182117 0.4197038776
1413393220.9057605267 -0.7200303926 -0.0017826218 1.7721109391 -0.5888779317 -0.5546913960 0.4140848376 0.4172217444
1413393220.9557604790 -0.7175125490 -0.0056358834 1.7786991691 -0.5899820226 -0.5547673514 0.4141172207 0.4155253618
1413393221.0057606697 -0.7166703555 -0.0082297269 1.7870322201 -0.5903843433 -0.5539939940 0.4133854602 0.4167126626
1413393221.0557603836 -0.7153322063 -0.0105545239 1.7968279117 -0.5906909107 -0.5541566030 0.4123712071 0.4170667751
1413393221.1057605743 -0.7135156840 -0.0118823440 1.8075613966 -0.5910793379 -0.5548077352 0.4113449426 0.4166640511
1413393221.1557605267 -0.7118372039 -0.0130346076 1.8215172527 -0.5918322639 -0.5548179839 0.4098741164 0.4170309159
1413393221.2057607174 -0.7117157877 -0.0136556764 1.8328373573 -0.5921524269 -0.5559094761 0.4076574921 0.4172954911
1413393221.2557604313 -0.7102542752 -0.0129887417 1.8460384536 -0.5926800006 -0.5566575937 0.4065072179 0.4166708798
1413393221.3057606220 -0.7102660829 -0.0125318397 1.8574069944 -0.5931052472 -0.5580290351 0.4032673215 0.4173789993
1413393221.3557605743 -0.7107077900 -0.0125172496 1.8703589451 -0.5937546928 -0.5591627048 0.4013697115 0.4167670682
1413393221.4057605267 -0.7114328384 -0.0115081094 1.8814611032 -0.5936768051 -0.5604106999 0.3996555570 0.4168490545
1413393221.4557604790 -0.7128351496 -0.0106590710 1.8927937535 -0.5929944564 -0.5614997430 0.3974873713 0.4184249072
1413393221.5057606697 -0.7150739038 -0.0076571821 1.9055061960 -0.5927700810 -0.5628147947 0.3959028119 0.4184783166
1413393221.5557603836 -0.7176045670 -0.0063595632 1.9151132519 -0.5917691641 -0.5647340154 0.3932528480 0.4198058430
1413393221.6057605743 -0.7203822966 -0.0063351395 1.9198597119 -0.5907241628 -0.5653319860 0.3920535078 0.4215907448
1413393221.6557605267 -0.7251451883 -0.0046298197 1.9263487461 -0.5895492488 -0.5659735634 0.3916809204 0.4227193695
1413393221.7057607174 -0.7287730456 -0.0032704142 1.9328252374 -0.5873736776 -0.5648870606 0.3936284214 0.4253838707
1413393221.7557604313 -0.7349555173 -0.0023583872 1.9413227680 -0.5857451807 -0.5630988917 0.3965079113 0.4273215391
1413393221.8057606220 -0.7395300234 -0.0021474336 1.9475950898 -0.5833468516 -0.5620565966 0.3994355299 0.4292436260
1413393221.8557605743 -0.7452203104 -0.0022209208 1.9539033557 -0.5816234651 -0.5615980210 0.4007244230 0.4309776613
1413393221.9057605267 -0.7511416963 -0.0030635553 1.9627244024 -0.5811383029 -0.5612994154 0.4017704418 0.4310472726
1413393221.9557604790 -0.7572585070 -0.0047854251 1.9679549962 -0.5803018704 -0.5605170874 0.4041638514 0.4309546556
1413393222.0057606697 -0.7621643580 -0.0044311589 1.9733755920 -0.5801517717 -0.5606657245 0.4046215059 0.4305337433
1413393222.0557603836 -0.7677176725 -0.0056549117 1.9768692495 -0.5798118580 -0.5605807920 0.4054720383 0.4303020000
1413393222.1057605743 -0.7723667715 -0.0070020255 1.9766379453 -0.5793395569 -0.5603681552 0.4071095278 0.4296685244
1413393222.1557605267 -0.7774668470 -0.0084039416 1.9726211846 -0.5788130581 -0.5607703633 0.4073792181 0.4295977375
1413393222.2057607174 -0.7807854952 -0.0086992377 1.9651389979 -0.5783640536 -0.5610202754 0.4078047420 0.4294724257
1413393222.2557604313 -0.7850478771 -0.0092966699 1.9574081826 -0.5787027267 -0.5619483559 0.4078209611 0.4277841314
1413393222.3057606220 -0.7902619515 -0.0124911017 1.9467397082 -0.5795011194 -0.5636116818 0.4058639848 0.4263739562
1413393222.3557605743 -0.7942086083 -0.0139967846 1.9342084806 -0.5813819803 -0.5657486785 0.4031184286 0.4235787511
1413393222.4057605267 -0.7968569693 -0.0152547725 1.9254589196 -0.5831806837 -0.5682162718 0.4008837855 0.4199080246
1413393222.4557604790 -0.8011869650 -0.0168377136 1.9146078688 -0.5838992293 -0.5704679846 0.3979794314 0.4186171769
1413393222.5057606697 -0.8071114763 -0.0192704839 1.9073212941 -0.5855000267 -0.5716188038 0.3969042033 0.4158229375
1413393222.5557603836 -0.8141563951 -0.0216896168 1.9022494758 -0.5868263635 -0.5717574014 0.3977584233 0.4129364718
1413393222.6057605743 -0.8203916713 -0.0233694993 1.8993082276 -0.5873446576 -0.5725058485 0.3972799909 0.4116210823
1413393222.6557605267 -0.8285949931 -0.0263412637 1.8969981633 -0.5880533011 -0.5732112853 0.3968830593 0.4100072861
1413393222.7057607174 -0.8364994229 -0.0274866214 1.8965197532 -0.5867180053 -0.5742266309 0.3965887412 0.4107835548
1413393222.7557604313 -0.8462888072 -0.0303056004 1.8981669147 -0.5878613023 -0.5745940475 0.3965379230 0.4086789027
1413393222.8057606220 -0.8559504399 -0.0316544507 1.9022047317 -0.5885632499 -0.5756676093 0.3957871566 0.4068815935
1413393222.8557605743 -0.8673049249 -0.0341676084 1.9074054431 -0.5892761287 -0.5769359804 0.3948424276 0.4049666356
1413393222.9057605267 -0.8804619109 -0.0355804087 1.9154477633 -0.5896616220 -0.5776903928 0.3952115216 0.4029650542
1413393222.9557604790 -0.8938146493 -0.0370318259 1.9238146195 -0.5897121677 -0.5792038929 0.3946149889 0.4012996639
1413393223.0057606697 -0.9091128920 -0.0384738267 1.9335787037 -0.5879990019 -0.5797983973 0.3952224145 0.4023558566
1413393223.0557603836 -0.9260577554 -0.0411646986 1.9452230329 -0.5863376118 -0.5794583184 0.3971534176 0.4033676055
1413393223.1057605743 -0.9433721237 -0.0427821828 1.9561170090 -0.5850437721 -0.5790528048 0.3989840925 0.4040214447
1413393223.1557605267 -0.9613844318 -0.0448851202 1.9659211018 -0.5832513289 -0.5794042067 0.3992469353 0.4058454598
1413393223.2057607174 -0.9796389977 -0.0461103553 1.9777657121 -0.5807770418 -0.5801498848 0.3995137321 0.4080599426
1413393223.2557604313 -0.9995853350 -0.0476981204 1.9875860126 -0.5793517788 -0.5806838753 0.3993301382 0.4095035946
1413393223.3057606220 -1.0209101798 -0.0484467174 1.9957288372 -0.5780556033 -0.5803990212 0.4005265051 0.4105693782
1413393223.3557605743 -1.0424516376 -0.0508555475 2.0019429949 -0.5768894029 -0.5805841069 0.4007210049 0.4117564668
1413393223.4057605267 -1.0631408432 -0.0525264650 2.0033369457 -0.5756263604 -0.5799536113 0.4020029572 0.4131606520
1413393223.4557604790 -1.0852920206 -0.0550468775 2.0011832578 -0.5740037370 -0.5795591209 0.4026388420 0.4153467205
1413393223.5057606697 -1.1080630697 -0.0580590960 1.9920000069 -0.5724997364 -0.5781744858 0.4043432596 0.4176898900
1413393223.5557603836 -1.1309522785 -0.0624737527 1.9800463322 -0.5715248261 -0.5762419847 0.4063041040 0.4197874740
1413393223.6057605743 -1.1546224544 -0.0654933821 1.9653288091 -0.5705050974 -0.5744788351 0.4076928637 0.4222375289
1413393223.6557605267 -1.1764579750 -0.0689569491 1.9506857089 -0.5699546381 -0.5731132896 0.4080961124 0.4244413160
1413393223.7057607174 -1.1981634793 -0.0728581752 1.9348183872 -0.5704399084 -0.5718109085 0.4079676885 0.4256676650
1413393223.7557604313 -1.2208427149 -0.0789918684 1.9208816427 -0.5710837761 -0.5705715893 0.4073226269 0.4270827318
1413393223.8057606220 -1.2420062219 -0.0834437759 1.9087285947 -0.5716949417 -0.5687824152 0.4076919924 0.4282974401
1413393223.8557605743 -1.2640275179 -0.0889885643 1.9013527790 -0.5734320503 -0.5684282882 0.4060238463 0.4280299068
1413393223.9057605267 -1.2852819499 -0.0951848014 1.8968577089 -0.5739458411 -0.5677721006 0.4041662622 0.4299658657
1413393223.9557604790 -1.3062466741 -0.1018912839 1.8953734316 -0.5749889832 -0.5671942340 0.4028878532 0.4305342587
1413393224.0057606697 -1.3270401068 -0.1086735800 1.8974980261 -0.5754661410 -0.5660033836 0.4027590465 0.4315831794
1413393224.0557603836 -1.3470453432 -0.1159342837 1.8978149998 -0.5771986355 -0.5649535210 0.4022321082 0.4311363884
1413393224.1057605743 -1.3676550387 -0.1229950112 1.8982138474 -0.5776064946 -0.5636501799 0.4027057805 0.4318532928
1413393224.1557605267 -1.3885133374 -0.1318576631 1.8951108468 -0.5779732319 -0.5627290975 0.4023919643 0.4328551873
1413393224.2057607174 -1.4088975321 -0.1386578146 1.8909117274 -0.5782049872 -0.5619056578 0.4026626668 0.4333633594
1413393224.2557604313 -1.4279883311 -0.1483208306 1.8826144403 -0.5775040315 -0.5613264323 0.4024046254 0.4352840997
1413393224.3057606220 -1.4467654046 -0.1576027004 1.8733073305 -0.5770007331 -0.5602169418 0.4033319302 0.4365208886
1413393224.3557605743 -1.4666583946 -0.1682297173 1.8609718586 -0.5768629479 -0.5597470471 0.4031814722 0.4374438058
1413393224.4057605267 -1.4858476882 -0.1777694425 1.8479343536 -0.5785287674 -0.5580893799 0.4027402136 0.4377682373
1413393224.4557604790 -1.5047186376 -0.1881960379 1.8342930258 -0.5805283146 -0.5550792788 0.4030388798 0.4386724651
1413393224.5057606697 -1.5223241589 -0.2007792629 1.8169886392 -0.5838224928 -0.5510139540 0.4026659968 0.4397670001
1413393224.5557603836 -1.5402712694 -0.2138251565 1.7974149836 -0.5888098748 -0.5459002424 0.4022426507 0.4398826056
1413393224.6057605743 -1.5576832059 -0.2238641653 1.7782447201 -0.5933633263 -0.5398786831 0.4022780448 0.4411613596
1413393224.6557605267 -1.5746163088 -0.2342686762 1.7588181227 -0.5990862641 -0.5332118003 0.4013912708 0.4423413522
1413393224.7057607174 -1.5909766919 -0.2446681625 1.7397643747 -0.6058472065 -0.5277844773 0.3986753776 0.4420980109
1413393224.7557604313 -1.6058253158 -0.2541336244 1.7216911456 -0.6126233661 -0.5221592266 0.3959826438 0.4418598185
1413393224.8057606220 -1.6202975785 -0.2635632012 1.7048203585 -0.6188863613 -0.5169772090 0.3914493998 0.4432624557
1413393224.8557605743 -1.6342553405 -0.2710248791 1.6907090064 -0.6253710143 -0.5119917262 0.3874439897 0.4434667086
1413393224.9057605267 -1.6472108909 -0.2787476599 1.6768529929 -0.6293945240 -0.5076425675 0.3846112648 0.4452367142
1413393224.9557604790 -1.6604584535 -0.2859921039 1.6646166082 -0.6338456897 -0.5041202280 0.3810166344 0.4460143066
1413393225.0057606697 -1.6741932210 -0.2935393897 1.6559020224 -0.6364083983 -0.5024328582 0.3768651682 0.4477926067
1413393225.0557603836 -1.6863495196 -0.2996723188 1.6500428898 -0.6381030086 -0.5018828506 0.3730559006 0.4491853177
1413393225.1057605743 -1.6992939199 -0.3062417045 1.6451842221 -0.6395708701 -0.5004940699 0.3702139828 0.4509948948
1413393225.1557605267 -1.7117101318 -0.3114620442 1.6431419506 -0.6403872630 -0.4996810804 0.3680065998 0.4525418366
1413393225.2057607174 -1.7237751022 -0.3167784707 1.6417185160 -0.6419373028 -0.4986886856 0.3673027150 0.4520119574
1413393225.2557604313 -1.7347887354 -0.3211602881 1.6386986189 -0.6426147124 -0.4984458311 0.3655272502 0.4527559102
1413393225.3057606220 -1.7488436836 -0.3260222005 1.6349321117 -0.6443214382 -0.4971503404 0.3640380220 0.4529544589
1413393225.3557605743 -1.7610809360 -0.3283995903 1.6340235596 -0.6461358153 -0.4947787147 0.3624416816 0.4542450431
1413393225.4057605267 -1.7740484671 -0.3316976358 1.6323186396 -0.6506130947 -0.4899428928 0.3611317512 0.4541392090
1413393225.4557604790 -1.7884342258 -0.3361647931 1.6297009499 -0.6552916662 -0.4844658868 0.3587363422 0.4551855374
1413393225.5057606697 -1.8018552583 -0.3370053158 1.6298478402 -0.6610409017 -0.4765259879 0.3570733372 0.4565594605
1413393225.5557603836 -1.8151972823 -0.3372023406 1.6313546581 -0.6679295122 -0.4687315455 0.3528584302 0.4578775309
1413393225.6057605743 -1.8282768725 -0.3363354020 1.6334920481 -0.6750521509 -0.4593484756 0.3488006808 0.4600452767
1413393225.6557605267 -1.8405629662 -0.3332409911 1.6376889604 -0.6816877504 -0.4493758721 0.3441565271 0.4635940265
1413393225.7057607174 -1.8541403247 -0.3298486757 1.6414566210 -0.6885481251 -0.4390161055 0.3372975365 0.4683980256
1413393225.7557604313 -1.8659388211 -0.3247990883 1.6464279670 -0.6939522812 -0.4298322976 0.3288859736 0.4748772932
1413393225.8057606220 -1.8787117686 -0.3174659115 1.6511888712 -0.6990298113 -0.4201753022 0.3199309349 0.4821350798
1413393225.8557605743 -1.8911000020 -0.3099014041 1.6546466459 -0.7036355991 -0.4110970133 0.3084801199 0.4906487593
1413393225.9057605267 -1.9028480356 -0.3017611253 1.6543364490 -0.7075657447 -0.4021622962 0.2976839920 0.4989994443
1413393225.9557604790 -1.9158665427 -0.2940743117 1.6486770560 -0.7114490113 -0.3937224108 0.2854900742 0.5072655961
1413393226.0057606697 -1.9284250638 -0.2864257434 1.6400956861 -0.7148754723 -0.3843857850 0.2748190189 0.5154368383
1413393226.0557603836 -1.9414574754 -0.2788533835 1.6282653868 -0.7189908896 -0.3737704733 0.2661345445 0.5220346140
1413393226.1057605743 -1.9537014182 -0.2717433551 1.6184158620 -0.7238100538 -0.3632926507 0.2595208360 0.5260859166
1413393226.1557605267 -1.9667221001 -0.2652057967 1.6095566075 -0.7283551797 -0.3526587448 0.2543791493 0.5295486666
1413393226.2057607174 -1.9798809027 -0.2597632102 1.6032985018 -0.7329629358 -0.3428845565 0.2489350644 0.5321906138
1413393226.2557604313 -1.9906999322 -0.2547401520 1.6015539643 -0.7377034869 -0.3342290209 0.2453240501 0.5328232704
1413393226.3057606220 -2.0030744645 -0.2501605981 1.6017713864 -0.7415842800 -0.3265682155 0.2421945490 0.5336176129
1413393226.3557605743 -2.0137265243 -0.2460745985 1.6049204019 -0.7466664075 -0.3199891271 0.2402106379 0.5314085847
1413393226.4057605267 -2.0238058933 -0.2419955625 1.6069019887 -0.7512491332 -0.3156840289 0.2368463541 0.5290294305
1413393226.4557604790 -2.0364376629 -0.2375090015 1.6056639653 -0.7560701181 -0.3118727602 0.2341402141 0.5256155612
1413393226.5057606697 -2.0474159004 -0.2323257904 1.6051529442 -0.7602370416 -0.3093240996 0.2318011701 0.5221364377
1413393226.5557603836 -2.0591533403 -0.2272947818 1.6022557442 -0.7633571381 -0.3071022918 0.2302613179 0.5195707724
1413393226.6057605743 -2.0725652077 -0.2216393007 1.5959778572 -0.7661561172 -0.3052282349 0.2287962393 0.5171970704
1413393226.6557605267 -2.0854049869 -0.2148971314 1.5892212659 -0.7673111040 -0.3042144730 0.2270083828 0.5168698272
1413393226.7057607174 -2.0957238743 -0.2077735203 1.5820282339 -0.7652034522 -0.3056777922 0.2234296558 0.5206764380
1413393226.7557604313 -2.1078008431 -0.1988005247 1.5753364235 -0.7622448226 -0.3067678498 0.2204707384 0.5256129471
1413393226.8057606220 -2.1202060369 -0.1894238149 1.5703871150 -0.7598373656 -0.3092163958 0.2169592217 0.5291134987
1413393226.8557605743 -2.1354500269 -0.1808023569 1.5646145561 -0.7578521606 -0.3112014201 0.2145130582 0.5317874826
1413393226.9057605267 -2.1488031726 -0.1710974937 1.5604971610 -0.7561013622 -0.3138329816 0.2116520991 0.5338754337
1413393226.9557604790 -2.1631419138 -0.1623525987 1.5557626453 -0.7550829161 -0.3154632701 0.2104684784 0.5348230872
1413393227.0057606697 -2.1787375398 -0.1541576962 1.5514265020 -0.7541310267 -0.3168925863 0.2099592789 0.5355208535
1413393227.0557603836 -2.1941806117 -0.1456945294 1.5478624497 -0.7534713532 -0.3170859731 0.2107951728 0.5360063439
1413393227.1057605743 -2.2109487425 -0.1382516780 1.5451774702 -0.7525008557 -0.3165645814 0.2124740025 0.5370140839
1413393227.1557605267 -2.2276820664 -0.1299473519 1.5440947924 -0.7524661383 -0.3153638289 0.2152932869 0.5366462212
1413393227.2057607174 -2.2452260096 -0.1227678811 1.5433390680 -0.7523537976 -0.3141318555 0.2181408275 0.5363762858
1413393227.2557604313 -2.2638472999 -0.1154716576 1.5424895759 -0.7528295545 -0.3111588643 0.2225763837 0.5356188723
1413393227.3057606220 -2.2812718843 -0.1078266817 1.5402729111 -0.7536449030 -0.3097287201 0.2245132660 0.5344916028
1413393227.3557605743 -2.3007731702 -0.1002832058 1.5392985084 -0.7536738870 -0.3084790085 0.2256646008 0.5346885648
1413393227.4057605267 -2.3171775503 -0.0924479249 1.5395792277 -0.7547610079 -0.3076553133 0.2266206629 0.5332233156
1413393227.4557604790 -2.3350542145 -0.0841090850 1.5392090433 -0.7556440609 -0.3062997839 0.2278108479 0.5322449748
1413393227.5057606697 -2.3525682665 -0.0763819651 1.5394534958 -0.7560092828 -0.3055015651 0.2283590204 0.5319501065
1413393227.5557603836 -2.3684165806 -0.0661384579 1.5397742303 -0.7562362227 -0.3033813124 0.2291491797 0.5325008998
1413393227.6057605743 -2.3838290087 -0.0573445511 1.5413070985 -0.7570964314 -0.2999854277 0.2291725825 0.5331919582
1413393227.6557605267 -2.4012232345 -0.0477322106 1.5422289698 -0.7585092111 -0.2963021637 0.2273435058 0.5340259684
1413393227.7057607174 -2.4184560704 -0.0380202620 1.5428310511 -0.7609048734 -0.2913086099 0.2242802797 0.5346601010
1413393227.7557604313 -2.4363992670 -0.0269542032 1.5417491650 -0.7632809222 -0.2851833148 0.2208257760 0.5360118351
1413393227.8057606220 -2.4533612907 -0.0158818180 1.5413917349 -0.7657056602 -0.2792997687 0.2158534337 0.5376744148
1413393227.8557605743 -2.4653178207 -0.0033723387 1.5423243587 -0.7686916092 -0.2709435366 0.2129808346 0.5388339020
1413393227.9057605267 -2.4753501229 0.0069233112 1.5438774227 -0.7717349783 -0.2628246203 0.2080630792 0.5404239977
1413393227.9557604790 -2.4883376028 0.0196593667 1.5430521725 -0.7742538815 -0.2534104326 0.2032548140 0.5431404609
1413393228.0057606697 -2.5018729026 0.0328942700 1.5421399831 -0.7776978714 -0.2430916334 0.1971756980 0.5451735711
1413393228.0557603836 -2.5139205522 0.0465438949 1.5419392753 -0.7805579008 -0.2335026547 0.1891441520 0.5481152831
1413393228.1057605743 -2.5234475236 0.0616895965 1.5409338928 -0.7838049417 -0.2230954718 0.1823310917 0.5501214382
1413393228.1557605267 -2.5337091807 0.0777729345 1.5389969645 -0.7871744626 -0.2137069245 0.1731767973 0.5519923122
1413393228.2057607174 -2.5442677357 0.0918050022 1.5379248851 -0.7907596486 -0.2042937524 0.1650840385 0.5529109342
1413393228.2557604313 -2.5526427890 0.1059415650 1.5372841420 -0.7932197446 -0.1973564620 0.1565516279 0.5543865543
1413393228.3057606220 -2.5619369940 0.1215236403 1.5364383993 -0.7953431476 -0.1905196131 0.1490411208 0.5558041912
1413393228.3557605743 -2.5719038954 0.1373104953 1.5339727574 -0.7968092439 -0.1841809236 0.1419298644 0.5576991392
1413393228.4057605267 -2.5788693373 0.1526244533 1.5348741426 -0.7984241410 -0.1778976075 0.1345900454 0.5592466826
1413393228.4557604790 -2.5878095860 0.1682879208 1.5350962719 -0.8000132029 -0.1700350276 0.1280285556 0.5609595828
1413393228.5057606697 -2.5984970169 0.1843128551 1.5321801870 -0.8001257250 -0.1622818428 0.1221050222 0.5644056974
1413393228.5557603836 -2.6065535668 0.2004021203 1.5346095541 -0.8011632374 -0.1548707182 0.1164807723 0.5662020465
1413393228.6057605743 -2.6128284675 0.2149412806 1.5344975157 -0.8028551869 -0.1475792190 0.1108357498 0.5668856671
1413393228.6557605267 -2.6218732927 0.2312480937 1.5342273435 -0.8043290014 -0.1410461836 0.1069772538 0.5672007570
1413393228.7057607174 -2.6277224406 0.2469240875 1.5348642870 -0.8058826198 -0.1364827874 0.1027426425 0.5668947004
1413393228.7557604313 -2.6354723282 0.2625491590 1.5351394189 -0.8074585445 -0.1321641334 0.0997194839 0.5662149462
1413393228.8057606220 -2.6439002438 0.2779260637 1.5356208164 -0.8102286860 -0.1284239577 0.0985006617 0.5633244031
1413393228.8557605743 -2.6526701506 0.2933072618 1.5346211831 -0.8127198637 -0.1250621225 0.0976862723 0.5606275777
1413393228.9057605267 -2.6599757596 0.3094566258 1.5335897522 -0.8160526157 -0.1228214222 0.0971015897 0.5563670623
1413393228.9557604790 -2.6670015119 0.3266901712 1.5320874856 -0.8173174193 -0.1214783454 0.0968563964 0.5548460022
1413393229.0057606697 -2.6745358123 0.3433748296 1.5300407658 -0.8175128185 -0.1218854771 0.0942960475 0.5549098823
1413393229.0557603836 -2.6818720799 0.3617769033 1.5267112693 -0.8166868531 -0.1247368901 0.0892719853 0.5563216738
1413393229.1057605743 -2.6898474190 0.3796532664 1.5236839297 -0.8147877890 -0.1277059715 0.0851556380 0.5590711592
1413393229.1557605267 -2.6967902527 0.3999583525 1.5195154778 -0.8131977501 -0.1302683381 0.0821657667 0.5612382436
1413393229.2057607174 -2.7050369805 0.4190832559 1.5150937070 -0.8116745281 -0.1330514884 0.0790889729 0.5632288134
1413393229.2557604313 -2.7149592930 0.4381795770 1.5102859829 -0.8102260622 -0.1357238339 0.0766304585 0.5650137536
1413393229.3057606220 -2.7245726930 0.4587044615 1.5043380681 -0.8086456921 -0.1373700971 0.0755354636 0.5670238044
1413393229.3557605743 -2.7350540627 0.4799551930 1.4971993762 -0.8071607535 -0.1387321467 0.0753231662 0.5688333062
1413393229.4057605267 -2.7464708643 0.5000567768 1.4894841980 -0.8058289802 -0.1387219712 0.0774160140 0.5704407333
1413393229.4557604790 -2.7598016044 0.5183440313 1.4838072973 -0.8048673590 -0.1364931261 0.0816389341 0.5717457873
1413393229.5057606697 -2.7723971815 0.5371111906 1.4781662943 -0.8044473652 -0.1334211300 0.0875171557 0.5721922633
1413393229.5557603836 -2.7865313158 0.5560289539 1.4709487312 -0.8049825594 -0.1312574609 0.0924246629 0.5711674358
1413393229.6057605743 -2.7999899459 0.5746283056 1.4647319793 -0.8062862797 -0.1282860982 0.0973299944 0.5691853691
1413393229.6557605267 -2.8102275552 0.5922958470 1.4617761374 -0.8085413188 -0.1263788267 0.1018103394 0.5656182306
1413393229.7057607174 -2.8234264674 0.6115384164 1.4564745493 -0.8106568484 -0.1259427174 0.1033899694 0.5623916965
1413393229.7557604313 -2.8362746300 0.6308077241 1.4522795758 -0.8126608621 -0.1258933975 0.1043551545 0.5593238574
1413393229.8057606220 -2.8455404829 0.6509353233 1.4486285525 -0.8152419950 -0.1264466775 0.1053788384 0.5552360109
1413393229.8557605743 -2.8568885214 0.6719697120 1.4447565342 -0.8179545321 -0.1276967423 0.1048818160 0.5510387736
1413393229.9057605267 -2.8682941269 0.6934166086 1.4427704634 -0.8201180224 -0.1285579590 0.1045092053 0.5476833999
1413393229.9557604790 -2.8786297683 0.7170164100 1.4417447751 -0.8209631489 -0.1303347000 0.1036352407 0.5461612500
1413393230.0057606697 -2.8906969636 0.7400275037 1.4411880271 -0.8207000604 -0.1331502901 0.1003625835 0.5464885752
1413393230.0557603836 -2.9000954969 0.7658661255 1.4395579738 -0.8180159718 -0.1375893320 0.0964235001 0.5501104928
1413393230.1057605743 -2.9119389676 0.7924671124 1.4400190109 -0.8155279702 -0.1413607019 0.0925820406 0.5534978298
1413393230.1557605267 -2.9241392596 0.8176978326 1.4409203845 -0.8133354631 -0.1443571574 0.0897677291 0.5564064974
1413393230.2057607174 -2.9385742741 0.8446033218 1.4386161757 -0.8115148656 -0.1469457507 0.0874582749 0.5587500509
1413393230.2557604313 -2.9492128614 0.8730345789 1.4376803179 -0.8094815052 -0.1488166062 0.0873572960 0.5612147657
1413393230.3057606220 -2.9634567040 0.8996838895 1.4377200960 -0.8077462868 -0.1491382432 0.0886961451 0.5634152237
1413393230.3557605743 -2.9762072923 0.9269147828 1.4355178492 -0.8077861077 -0.1481732425 0.0919305437 0.5630941924
1413393230.4057605267 -2.9941506412 0.9537815464 1.4341149141 -0.8074055764 -0.1463540630 0.0948654972 0.5636286551
1413393230.4557604790 -3.0083081199 0.9822188887 1.4303456216 -0.8077641900 -0.1439028560 0.0974260105 0.5633091104
1413393230.5057606697 -3.0230415743 1.0096020247 1.4279094221 -0.8087119527 -0.1396570781 0.0994895283 0.5626568331
1413393230.5557603836 -3.0388628333 1.0384700330 1.4248975252 -0.8101122132 -0.1338634068 0.0998740139 0.5619821810
1413393230.6057605743 -3.0529811340 1.0683774438 1.4217432874 -0.8114323676 -0.1261071008 0.0995656966 0.5619263154
1413393230.6557605267 -3.0680730827 1.0960013359 1.4206375535 -0.8134588835 -0.1177099840 0.0975711522 0.5611674213
1413393230.7057607174 -3.0819196001 1.1263987418 1.4204674838 -0.8148039628 -0.1087975392 0.0942180501 0.5615875325
1413393230.7557604313 -3.0908387305 1.1566153438 1.4255273736 -0.8165382716 -0.0994175965 0.0910436988 0.5613309518
1413393230.8057606220 -3.1039893626 1.1875275891 1.4239567181 -0.8174573082 -0.0898011492 0.0860253823 0.5624046021
1413393230.8557605743 -3.1153104190 1.2193194433 1.4264588616 -0.8187808068 -0.0800680195 0.0793666766 0.5629280890
1413393230.9057605267 -3.1253450659 1.2518508799 1.4280689363 -0.8196782688 -0.0711221353 0.0706166068 0.5639880073
1413393230.9557604790 -3.1352437581 1.2843042072 1.4323821506 -0.8205562415 -0.0641327170 0.0595560775 0.5648252144
1413393231.0057606697 -3.1425909561 1.3179383340 1.4357367015 -0.8210400959 -0.0591127383 0.0476399759 0.5657996799
1413393231.0557603836 -3.1500225362 1.3516162401 1.4405493845 -0.8213619829 -0.0555383339 0.0359027753 0.5665606563
1413393231.1057605743 -3.1587101105 1.3848268782 1.4427716077 -0.8205829217 -0.0521647619 0.0262128694 0.5685379422
1413393231.1557605267 -3.1685536683 1.4181193903 1.4458576242 -0.8201330946 -0.0496694314 0.0178735644 0.5697325604
1413393231.2057607174 -3.1803489083 1.4516283327 1.4494786471 -0.8203091025 -0.0461288438 0.0122112716 0.5699263030
1413393231.2557604313 -3.1913660077 1.4851605257 1.4555244857 -0.8203775382 -0.0440030765 0.0073129339 0.5700797708
1413393231.3057606220 -3.2042633456 1.5193249054 1.4618556715 -0.8203742621 -0.0402725959 0.0061834038 0.5703735212
1413393231.3557605743 -3.2167724312 1.5522912592 1.4615835920 -0.8200403217 -0.0359930053 0.0073194086 0.5711259061
1413393231.4057605267 -3.2320530858 1.5855782270 1.4611101427 -0.8194088301 -0.0316543818 0.0095541589 0.5722550894
1413393231.4557604790 -3.2466530265 1.6190105102 1.4599737853 -0.8175265495 -0.0268867314 0.0135196747 0.5751040454
1413393231.5057606697 -3.2608475472 1.6512842479 1.4558573187 -0.8137646299 -0.0220658563 0.0183090932 0.5804868665
1413393231.5557603836 -3.2751765507 1.6834372650 1.4508219970 -0.8083532495 -0.0183226601 0.0232070411 0.5879547069
1413393231.6057605743 -3.2881980659 1.7153430184 1.4434985494 -0.8030345108 -0.0149464237 0.0276260509 0.5951041759
1413393231.6557605267 -3.3021235139 1.7472493517 1.4363989140 -0.7996258443 -0.0115830919 0.0301338650 0.5996301287
1413393231.7057607174 -3.3134745419 1.7771658649 1.4294782926 -0.7982432360 -0.0094634488 0.0302779934 0.6014993121
1413393231.7557604313 -3.3247214743 1.8058472115 1.4215748693 -0.7989079233 -0.0061186200 0.0288353338 0.6007305686
1413393231.8057606220 -3.3361504019 1.8318733169 1.4125763514 -0.8004987488 -0.0020474052 0.0273110440 0.5987083331
1413393231.8557605743 -3.3451290367 1.8580707820 1.4075477561 -0.8031457497 0.0040547471 0.0277425797 0.5951225194
1413393231.9057605267 -3.3531180463 1.8824109183 1.4019300200 -0.8070789080 0.0116360408 0.0270518256 0.5897087736
1413393231.9557604790 -3.3588184677 1.9065897778 1.3986627549 -0.8102115934 0.0197406814 0.0263518008 0.5852119805
1413393232.0057606697 -3.3643546402 1.9306048957 1.3943660938 -0.8124252764 0.0282136892 0.0241125581 0.5818829285
1413393232.0557603836 -3.3672565646 1.9540273118 1.3911752465 -0.8144604703 0.0354367474 0.0188571900 0.5788288051
1413393232.1057605743 -3.3692711135 1.9775859579 1.3941312436 -0.8163884300 0.0422507050 0.0119268951 0.5758320575
1413393232.1557605267 -3.3704211767 2.0003988715 1.3904815154 -0.8169263185 0.0494857764 0.0040501722 0.5746008563
1413393232.2057607174 -3.3673614346 2.0229605380 1.3882689929 -0.8162241433 0.0556011345 -0.0058181002 0.5750241833
1413393232.2557604313 -3.3649732092 2.0459128394 1.3860316533 -0.8156482038 0.0626177178 -0.0148869255 0.5749568753
1413393232.3057606220 -3.3610047878 2.0684737481 1.3821914535 -0.8147484256 0.0702043911 -0.0235939040 0.5750649303
1413393232.3557605743 -3.3563060803 2.0905573058 1.3763634049 -0.8138516445 0.0799242468 -0.0301683676 0.5747586321
1413393232.4057605267 -3.3495257703 2.1122283716 1.3695324165 -0.8140353438 0.0885986204 -0.0366382068 0.5728476109
1413393232.4557604790 -3.3422681504 2.1342334098 1.3633666800 -0.8140131476 0.0973754306 -0.0432665763 0.5709891631
1413393232.5057606697 -3.3343246710 2.1566182884 1.3551685008 -0.8140897764 0.1063386267 -0.0488558422 0.5688260183
1413393232.5557603836 -3.3274234866 2.1772565380 1.3452696752 -0.8135182745 0.1137395132 -0.0538889398 0.5677563935
1413393232.6057605743 -3.3188438904 2.1987108015 1.3337674757 -0.8130565108 0.1194291025 -0.0581455205 0.5668288085
1413393232.6557605267 -3.3093007161 2.2212801097 1.3232074935 -0.8125716684 0.1249619912 -0.0612352181 0.5660053291
1413393232.7057607174 -3.2980225583 2.2418085999 1.3113229355 -0.8115233476 0.1289360370 -0.0637624027 0.5663388655
1413393232.7557604313 -3.2864978440 2.2633640419 1.3005710554 -0.8112006620 0.1311357893 -0.0670456877 0.5659167487
1413393232.8057606220 -3.2745560482 2.2857445315 1.2905697223 -0.8112617372 0.1332860555 -0.0696124486 0.5650162193
1413393232.8557605743 -3.2622198801 2.3079392782 1.2816506059 -0.8107301794 0.1348597192 -0.0715850365 0.5651592828
1413393232.9057605267 -3.2473456565 2.3280270766 1.2711328713 -0.8113120925 0.1349494065 -0.0730259460 0.5641175033
1413393232.9557604790 -3.2333187151 2.3505335547 1.2627004815 -0.8116592010 0.1335827877 -0.0773648763 0.5633645856
1413393233.0057606697 -3.2184875275 2.3724859190 1.2557399027 -0.8125450156 0.1317834166 -0.0805182007 0.5620680992
1413393233.0557603836 -3.2030540737 2.3946769548 1.2504548665 -0.8132950407 0.1291638047 -0.0838049819 0.5611101615
1413393233.1057605743 -3.1858319573 2.4162355477 1.2469515007 -0.8145433379 0.1272072922 -0.0855878187 0.5594749152
1413393233.1557605267 -3.1673889519 2.4382304637 1.2466515452 -0.8150651546 0.1252755127 -0.0862329388 0.5590516254
1413393233.2057607174 -3.1512691504 2.4621503712 1.2467803902 -0.8147226500 0.1239887136 -0.0881428883 0.5595396623
1413393233.2557604313 -3.1341471912 2.4865514975 1.2489877630 -0.8123466972 0.1239123608 -0.0913624981 0.5624868570
1413393233.3057606220 -3.1166530139 2.5125284973 1.2542544900 -0.8100796338 0.1249683607 -0.0947068487 0.5649641657
1413393233.3557605743 -3.0985445827 2.5361134973 1.2605962833 -0.8063049516 0.1267648696 -0.0984962932 0.5692991069
1413393233.4057605267 -3.0815821989 2.5633776092 1.2684597346 -0.8022386806 0.1313345587 -0.1026412461 0.5732618143
1413393233.4557604790 -3.0618565411 2.5869687467 1.2809973335 -0.7986854360 0.1368874655 -0.1046280883 0.5765555995
1413393233.5057606697 -3.0455536688 2.6127697994 1.2926268385 -0.7961350032 0.1423729807 -0.1102957351 0.5776970156
1413393233.5557603836 -3.0305944327 2.6381322271 1.3035842618 -0.7939888276 0.1501481744 -0.1152437170 0.5777163258
1413393233.6057605743 -3.0135166488 2.6602520913 1.3157279101 -0.7936494488 0.1567221206 -0.1222579942 0.5749884453
1413393233.6557605267 -2.9978756932 2.6818743084 1.3293089063 -0.7942822059 0.1645478541 -0.1295382949 0.5703153613
1413393233.7057607174 -2.9838534589 2.7051056784 1.3433773656 -0.7949723916 0.1737926425 -0.1367187210 0.5649097320
1413393233.7557604313 -2.9686658199 2.7270869188 1.3625929985 -0.7937181728 0.1800310588 -0.1466335113 0.5622267277
1413393233.8057606220 -2.9548501697 2.7485722468 1.3817426037 -0.7904448633 0.1881465311 -0.1528991929 0.5625119000
1413393233.8557605743 -2.9406443817 2.7690342745 1.3997457341 -0.7864135985 0.1933900667 -0.1592855714 0.5646078648
1413393233.9057605267 -2.9286939033 2.7899019470 1.4194734169 -0.7820244227 0.2004081639 -0.1622977536 0.5673921125
1413393233.9557604790 -2.9173697674 2.8117848093 1.4374429183 -0.7773042172 0.2075186873 -0.1675873293 0.5697794621
1413393234.0057606697 -2.9061087831 2.8322870313 1.4576938145 -0.7746278663 0.2168937275 -0.1692616472 0.5694376828
1413393234.0557603836 -2.8952505737 2.8503297284 1.4771222389 -0.7723048425 0.2267717103 -0.1702687695 0.5684438124
1413393234.1057605743 -2.8847346892 2.8684748978 1.4964394259 -0.7711825577 0.2362007770 -0.1724232563 0.5654704911
1413393234.1557605267 -2.8743678739 2.8857101828 1.5141382757 -0.7706590674 0.2449959124 -0.1748393157 0.5616874739
1413393234.2057607174 -2.8648901397 2.9040587661 1.5294038326 -0.7686441380 0.2533433187 -0.1765337793 0.5602135099
1413393234.2557604313 -2.8549451810 2.9208352804 1.5451010832 -0.7620094415 0.2626228726 -0.1771980624 0.5647757825
1413393234.3057606220 -2.8444432784 2.9358768408 1.5577103977 -0.7526543120 0.2725780802 -0.1760961864 0.5728898759
1413393234.3557605743 -2.8344485158 2.9483394695 1.5700810396 -0.7417199360 0.2838740041 -0.1730261961 0.5825195463
1413393234.4057605267 -2.8241872209 2.9595927299 1.5792551552 -0.7312592535 0.2946443941 -0.1720566290 0.5906277183
1413393234.4557604790 -2.8128217842 2.9696738812 1.5887297529 -0.7233352625 0.3046685846 -0.1715284132 0.5954335858
1413393234.5057606697 -2.8017177397 2.9740330878 1.5942126136 -0.7171018005 0.3123242181 -0.1747910330 0.5980524102
1413393234.5557603836 -2.7893141085 2.9748692654 1.6004295035 -0.7127423267 0.3182859357 -0.1818451406 0.5980173775
1413393234.6057605743 -2.7774145774 2.9729886838 1.6048729760 -0.7110553739 0.3202442028 -0.1968641833 0.5942124192
1413393234.6557605267 -2.7644103969 2.9662288595 1.6119186260 -0.7134238886 0.3187469991 -0.2171099001 0.5850555503
1413393234.7057607174 -2.7514067096 2.9576613378 1.6226880111 -0.7176107389 0.3165984952 -0.2388628398 0.5724899685
1413393234.7557604313 -2.7403210951 2.9465553521 1.6327446939 -0.7209925803 0.3182754285 -0.2550410702 0.5602004134
1413393234.8057606220 -2.7303559519 2.9335204248 1.6479915346 -0.7260258139 0.3210382716 -0.2689705897 0.5454133915
1413393234.8557605743 -2.7219579506 2.9216523709 1.6623333853 -0.7294856536 0.3284349358 -0.2767855023 0.5323259902
1413393234.9057605267 -2.7152457192 2.9071832594 1.6718746675 -0.7286171223 0.3391278562 -0.2798814274 0.5251435736
1413393234.9557604790 -2.7100980213 2.8935907260 1.6802546316 -0.7263999966 0.3503957600 -0.2818391729 0.5197427604
1413393235.0057606697 -2.7047705894 2.8808478160 1.6849082539 -0.7221411982 0.3641785185 -0.2807873960 0.5167635191
1413393235.0557603836 -2.6998555168 2.8679887084 1.6852206769 -0.7162166844 0.3781288398 -0.2797841589 0.5155318283
1413393235.1057605743 -2.6940460847 2.8567863258 1.6805712002 -0.7099053766 0.3916283058 -0.2801749287 0.5139685162
1413393235.1557605267 -2.6891873832 2.8450330302 1.6726155774 -0.7045386335 0.4038504385 -0.2826008044 0.5105555039
1413393235.2057607174 -2.6833418243 2.8324316094 1.6612485188 -0.6999824470 0.4123308785 -0.2898145838 0.5059795722
1413393235.2557604313 -2.6773760064 2.8203226361 1.6500766509 -0.6982369917 0.4187166053 -0.2992356046 0.4975937709
1413393235.3057606220 -2.6712134544 2.8074482103 1.6400041175 -0.6974206793 0.4236218014 -0.3098303366 0.4880103768
1413393235.3557605743 -2.6654088003 2.7955706652 1.6292304575 -0.6972684826 0.4283697449 -0.3181776438 0.4786219927
1413393235.4057605267 -2.6595222086 2.7834709035 1.6190319074 -0.6980243920 0.4324251680 -0.3243773708 0.4696272389
1413393235.4557604790 -2.6537166814 2.7728586528 1.6108471014 -0.6985778041 0.4360307467 -0.3292721078 0.4620022929
1413393235.5057606697 -2.6472557084 2.7651764027 1.6033589935 -0.7001497643 0.4385553839 -0.3334092617 0.4542001177
1413393235.5557603836 -2.6409498661 2.7579903778 1.5978375319 -0.7002962109 0.4369785102 -0.3427425586 0.4485114683
1413393235.6057605743 -2.6335003856 2.7528913645 1.5919518458 -0.6997934645 0.4337279145 -0.3539910180 0.4436885872
1413393235.6557605267 -2.6266898424 2.7509391710 1.5859743322 -0.6975330601 0.4327072201 -0.3630455172 0.4409195439
1413393235.7057607174 -2.6200630795 2.7499811542 1.5822885638 -0.6946738224 0.4317124569 -0.3698910317 0.4407190258
1413393235.7557604313 -2.6135881476 2.7532252030 1.5784380103 -0.6913857184 0.4336209879 -0.3720913382 0.4421613543
1413393235.8057606220 -2.6084957276 2.7582552924 1.5752635853 -0.6876252098 0.4367731596 -0.3710735662 0.4457635993
1413393235.8557605743 -2.6048593140 2.7662838891 1.5739044039 -0.6814948593 0.4430314363 -0.3651862956 0.4537916622
1413393235.9057605267 -2.6011332418 2.7761118363 1.5721741631 -0.6741959599 0.4510717372 -0.3577138744 0.4626390382
1413393235.9557604790 -2.5973253538 2.7870014092 1.5712222680 -0.6671259205 0.4593922780 -0.3505177631 0.4701478903
1413393236.0057606697 -2.5945086193 2.7968629353 1.5704993618 -0.6599629387 0.4661918858 -0.3473301877 0.4758947215
1413393236.0557603836 -2.5914589182 2.8078763554 1.5715733657 -0.6528208488 0.4742480663 -0.3443472211 0.4799361440
1413393236.1057605743 -2.5881431908 2.8168452735 1.5710140571 -0.6465389550 0.4817495626 -0.3434852815 0.4815834299
1413393236.1557605267 -2.5851614409 2.8258839429 1.5716527962 -0.6403755285 0.4894570094 -0.3448935491 0.4810399757
1413393236.2057607174 -2.5827491029 2.8318528707 1.5724673456 -0.6371054741 0.4958782777 -0.3498035801 0.4752250035
1413393236.2557604313 -2.5790324541 2.8399998863 1.5733324260 -0.6350503221 0.5011978356 -0.3574432886 0.4666327394
1413393236.3057606220 -2.5763805236 2.8437798271 1.5739995834 -0.6333085148 0.5055088482 -0.3669918591 0.4568348770
1413393236.3557605743 -2.5737114588 2.8487774576 1.5774530535 -0.6296456288 0.5112964357 -0.3756668244 0.4483266377
1413393236.4057605267 -2.5732284122 2.8552157982 1.5825877786 -0.6250448678 0.5188714679 -0.3810656804 0.4414524439
1413393236.4557604790 -2.5706226930 2.8613018135 1.5874462710 -0.6193005809 0.5266255620 -0.3858264032 0.4361998333
1413393236.5057606697 -2.5688539246 2.8655962542 1.5917450283 -0.6140346676 0.5361947492 -0.3876192694 0.4303578974
1413393236.5557603836 -2.5673533983 2.8718524405 1.5968746010 -0.6097789049 0.5459189697 -0.3890503679 0.4228261782
1413393236.6057605743 -2.5642712874 2.8774023171 1.6021575476 -0.6065328404 0.5566360359 -0.3884463965 0.4139850650
1413393236.6557605267 -2.5611744762 2.8821009199 1.6058381907 -0.6025736337 0.5666821275 -0.3877440798 0.4067319891
1413393236.7057607174 -2.5571256906 2.8882519089 1.6077919330 -0.5974873576 0.5749076448 -0.3878168376 0.4026017361
1413393236.7557604313 -2.5521689179 2.8933502154 1.6071608298 -0.5906091003 0.5826930310 -0.3875422601 0.4018217501
1413393236.8057606220 -2.5454706171 2.8986642844 1.6067838002 -0.5825442890 0.5898326652 -0.3874513555 0.4032629731
1413393236.8557605743 -2.5381199605 2.9044285212 1.6022043337 -0.5752841116 0.5946883802 -0.3898308651 0.4042595923
1413393236.9057605267 -2.5294588304 2.9069036436 1.6011987984 -0.5701034132 0.5974500664 -0.3929100378 0.4045456941
1413393236.9557604790 -2.5198170969 2.9101072411 1.6013609084 -0.5657537328 0.5973999236 -0.3988481932 0.4049150082
1413393237.0057606697 -2.5102024397 2.9109035281 1.6045966839 -0.5634341971 0.5953790997 -0.4055064995 0.4045121903
1413393237.0557603836 -2.4974996567 2.9142962619 1.6122044322 -0.5626920526 0.5930393463 -0.4120301714 0.4023843009
1413393237.1057605743 -2.4867555928 2.9144660136 1.6210910217 -0.5637399007 0.5891574417 -0.4192283859 0.3991721354
1413393237.1557605267 -2.4756030037 2.9141404139 1.6309029072 -0.5652437203 0.5835369809 -0.4277557394 0.3962438089
1413393237.2057607174 -2.4645509003 2.9140186814 1.6395118126 -0.5678888087 0.5781064997 -0.4349330159 0.3925919608
1413393237.2557604313 -2.4543241808 2.9154075023 1.6452327091 -0.5696125535 0.5742378141 -0.4399625907 0.3901607240
1413393237.3057606220 -2.4438327208 2.9176672865 1.6488301225 -0.5721192260 0.5718223426 -0.4425883968 0.3870585367
1413393237.3557605743 -2.4338103615 2.9199110247 1.6499164571 -0.5745919405 0.5697308027 -0.4438209006 0.3850635305
1413393237.4057605267 -2.4238092555 2.9257536701 1.6481582024 -0.5752259477 0.5680193142 -0.4450507887 0.3852258599
1413393237.4557604790 -2.4141492335 2.9313564312 1.6446920465 -0.5749512079 0.5678508576 -0.4435711808 0.3875836938
1413393237.5057606697 -2.4049315623 2.9388904889 1.6411876868 -0.5728809308 0.5694203319 -0.4393955783 0.3930641812
1413393237.5557603836 -2.3955006929 2.9474878310 1.6372706804 -0.5702921342 0.5726564409 -0.4328650631 0.3993235775
1413393237.6057605743 -2.3872049733 2.9562766624 1.6337024432 -0.5670630024 0.5755608069 -0.4266931419 0.4063277884
1413393237.6557605267 -2.3791002824 2.9657607142 1.6316021355 -0.5651238750 0.5796999572 -0.4188893162 0.4112355850
1413393237.7057607174 -2.3708964626 2.9742060487 1.6287251414 -0.5633396522 0.5823824354 -0.4128739526 0.4159497980
1413393237.7557604313 -2.3632973510 2.9822200089 1.6264851692 -0.5629741255 0.5842869974 -0.4080670653 0.4185093894
1413393237.8057606220 -2.3563101487 2.9880877713 1.6229716229 -0.5633879120 0.5852493862 -0.4047717297 0.4198059831
1413393237.8557605743 -2.3502379010 2.9940273847 1.6204372929 -0.5654781666 0.5853475147 -0.4031824204 0.4183857861
1413393237.9057605267 -2.3426361856 2.9982093347 1.6160396580 -0.5686556599 0.5846553059 -0.4027124670 0.4154895700
1413393237.9557604790 -2.3340836330 3.0021971321 1.6136718483 -0.5709974666 0.5839324914 -0.4032351877 0.4127785386
1413393238.0057606697 -2.3251288492 3.0047880867 1.6103960562 -0.5770085932 0.5822356430 -0.4052798967 0.4047356479
1413393238.0557603836 -2.3168379996 3.0064047311 1.6082682638 -0.5823144205 0.5802061483 -0.4076894889 0.3975676317
1413393238.1057605743 -2.3085586662 3.0075656544 1.6054246075 -0.5864097531 0.5792465155 -0.4089189169 0.3916406454
1413393238.1557605267 -2.2985992062 3.0106543440 1.6043447234 -0.5881941527 0.5780384212 -0.4120297427 0.3874670482
1413393238.2057607174 -2.2871181168 3.0127701504 1.6035590417 -0.5895860078 0.5774077477 -0.4142284507 0.3839315341
1413393238.2557604313 -2.2739922232 3.0182931407 1.6059193365 -0.5902955001 0.5770381608 -0.4161996962 0.3812558149
1413393238.3057606220 -2.2606921277 3.0215242271 1.6096841066 -0.5900475202 0.5779243856 -0.4175277823 0.3788375371
1413393238.3557605743 -2.2465591401 3.0261662449 1.6163837499 -0.5892806797 0.5792562182 -0.4175527585 0.3779685279
1413393238.4057605267 -2.2304418561 3.0336943007 1.6271294032 -0.5878598708 0.5802464551 -0.4180984468 0.3780588744
1413393238.4557604790 -2.2126175488 3.0405215190 1.6396477948 -0.5841925721 0.5821810342 -0.4174264384 0.3814963311
1413393238.5057606697 -2.1918275525 3.0549487106 1.6538470522 -0.5787769001 0.5864797353 -0.4145272497 0.3862977857
1413393238.5557603836 -2.1730854778 3.0641934777 1.6644174884 -0.5720853328 0.5900940590 -0.4114885777 0.3939346697
1413393238.6057605743 -2.1547051726 3.0715761609 1.6725846196 -0.5651568899 0.5939860206 -0.4072811937 0.4023683963
1413393238.6557605267 -2.1348247073 3.0796918284 1.6785553661 -0.5591377124 0.5981344886 -0.4029135382 0.4089753451
1413393238.7057607174 -2.1147521350 3.0865072732 1.6819260127 -0.5544671774 0.6012553655 -0.3994109167 0.4141606624
1413393238.7557604313 -2.0949987058 3.0919994646 1.6819305311 -0.5507437075 0.6036158992 -0.3970104599 0.4179855376
1413393238.8057606220 -2.0737221527 3.0953464294 1.6799328333 -0.5488540748 0.6042332954 -0.3969396028 0.4196430400
1413393238.8557605743 -2.0529472938 3.0977391121 1.6779469987 -0.5491347249 0.6036342623 -0.3988598164 0.4183151660
1413393238.9057605267 -2.0314485604 3.0982928709 1.6765155264 -0.5512072969 0.6017600691 -0.4026954925 0.4145982095
1413393238.9557604790 -2.0107619561 3.0965765089 1.6741103915 -0.5551478158 0.5980145781 -0.4088055315 0.4087389197
1413393239.0057606697 -1.9899990387 3.0934629786 1.6735863384 -0.5586315234 0.5941051264 -0.4158606864 0.4025292653
1413393239.0557603836 -1.9687565603 3.0898197201 1.6726984759 -0.5627323557 0.5904128262 -0.4212276937 0.3966260463
1413393239.1057605743 -1.9489340279 3.0859911233 1.6727441475 -0.5655146813 0.5874800143 -0.4258222547 0.3920915524
1413393239.1557605267 -1.9270585202 3.0836709982 1.6722524329 -0.5672585177 0.5855125107 -0.4292897198 0.3887199640
1413393239.2057607174 -1.9054647157 3.0808254947 1.6713469284 -0.5695244618 0.5836714663 -0.4315497507 0.3856608867
1413393239.2557604313 -1.8831407943 3.0795146299 1.6705391224 -0.5698607725 0.5827996160 -0.4333783384 0.3844301280
1413393239.3057606220 -1.8619454398 3.0790348264 1.6722961475 -0.5706396156 0.5824579245 -0.4347549583 0.3822320257
1413393239.3557605743 -1.8410007773 3.0800626365 1.6735525707 -0.5717079579 0.5823868385 -0.4347130371 0.3807888608
1413393239.4057605267 -1.8191978312 3.0813025224 1.6744828865 -0.5715578595 0.5827713653 -0.4348763310 0.3802390378
1413393239.4557604790 -1.7977496626 3.0831129449 1.6773575600 -0.5714594064 0.5837158757 -0.4337342108 0.3802427615
1413393239.5057606697 -1.7743903908 3.0866567806 1.6783607845 -0.5725372450 0.5824846606 -0.4352296229 0.3787979654
1413393239.5557603836 -1.7510815107 3.0916396425 1.6827986117 -0.5717628134 0.5839095256 -0.4335362619 0.3797147097
1413393239.6057605743 -1.7276271716 3.0974471175 1.6866328706 -0.5706036528 0.5857607791 -0.4303063854 0.3822724105
1413393239.6557605267 -1.7052900608 3.1025412778 1.6916919096 -0.5672294758 0.5891691041 -0.4251010690 0.3878396184
1413393239.7057607174 -1.6812634460 3.1090058824 1.6976733177 -0.5619433347 0.5945401950 -0.4175028858 0.3955161002
1413393239.7557604313 -1.6569031825 3.1157651349 1.7032460056 -0.5579372988 0.5983200320 -0.4114680648 0.4017625439
1413393239.8057606220 -1.6324445088 3.1209772585 1.7084227845 -0.5554074858 0.6008781721 -0.4074915285 0.4054856363
1413393239.8557605743 -1.6084551799 3.1252241657 1.7130449394 -0.5546465402 0.6029759812 -0.4045093680 0.4063980225
1413393239.9057605267 -1.5840619472 3.1271874639 1.7167845893 -0.5563781250 0.6021955134 -0.4051455752 0.4045503781
1413393239.9557604790 -1.5589501974 3.1286188239 1.7207439718 -0.5571760259 0.6014997352 -0.4061083119 0.4035207352
1413393240.0057606697 -1.5327554045 3.1291758418 1.7243658245 -0.5589756169 0.5986205162 -0.4100308850 0.4013407662
1413393240.0557603836 -1.5070542477 3.1287290518 1.7276073246 -0.5613421581 0.5950453088 -0.4145953022 0.3986562398
1413393240.1057605743 -1.4816380003 3.1275163036 1.7316162902 -0.5640466325 0.5900343790 -0.4213409199 0.3951995158
1413393240.1557605267 -1.4559641593 3.1268126643 1.7370943755 -0.5668285605 0.5856989850 -0.4267421605 0.3918586612
1413393240.2057607174 -1.4294068896 3.1278299047 1.7406653490 -0.5686996401 0.5824133929 -0.4305774643 0.3898440796
1413393240.2557604313 -1.4036428610 3.1283231339 1.7411197739 -0.5706459078 0.5808511381 -0.4321118264 0.3876268473
1413393240.3057606220 -1.3781230632 3.1287699680 1.7394157857 -0.5709120964 0.5808539753 -0.4314102146 0.3880119383
1413393240.3557605743 -1.3528838577 3.1288118001 1.7366820109 -0.5701626445 0.5815927080 -0.4298137088 0.3897751358
1413393240.4057605267 -1.3269921154 3.1314905331 1.7313993489 -0.5680324169 0.5836165483 -0.4267330371 0.3932299748
1413393240.4557604790 -1.2982857033 3.1370077432 1.7242789267 -0.5654872853 0.5853430569 -0.4245461813 0.3966839748
1413393240.5057606697 -1.2720125071 3.1398918413 1.7153685920 -0.5624746299 0.5882320081 -0.4204324454 0.4010510618
1413393240.5557603836 -1.2460481995 3.1424393110 1.7070596932 -0.5598428321 0.5901430436 -0.4178379180 0.4046216326
1413393240.6057605743 -1.2204317590 3.1438908299 1.7015854795 -0.5578467417 0.5918594181 -0.4155267174 0.4072431572
1413393240.6557605267 -1.1945651514 3.1449147168 1.6982396594 -0.5570331101 0.5929759666 -0.4146590837 0.4076168072
1413393240.7057607174 -1.1687697078 3.1456157758 1.6979217238 -0.5569075344 0.5934170955 -0.4153419458 0.4064495257
1413393240.7557604313 -1.1433310006 3.1439848520 1.7015002781 -0.5572231310 0.5918067698 -0.4190405543 0.4045641400
1413393240.8057606220 -1.1181013555 3.1434304436 1.7042148941 -0.5570622138 0.5894979922 -0.4238789213 0.4031134668
1413393240.8557605743 -1.0930816790 3.1417067141 1.7067959137 -0.5573572003 0.5865056092 -0.4294914197 0.4011249707
1413393240.9057605267 -1.0668524838 3.1411310733 1.7095666565 -0.5555265215 0.5843772081 -0.4344464984 0.4014346804
1413393240.9557604790 -1.0420070978 3.1409035331 1.7123998851 -0.5538252257 0.5823432380 -0.4392721997 0.4014896101
1413393241.0057606697 -1.0197004894 3.1381939737 1.7098404413 -0.5521270468 0.5802528426 -0.4432491730 0.4024829605
1413393241.0557603836 -0.9963211471 3.1386718911 1.7066228374 -0.5492237362 0.5798959563 -0.4456077726 0.4043608294
1413393241.1057605743 -0.9742715847 3.1385321170 1.7012428072 -0.5461801579 0.5820847064 -0.4441945253 0.4068855531
1413393241.1557605267 -0.9542398597 3.1378238552 1.6910530964 -0.5428489760 0.5853740090 -0.4410205323 0.4100648107
1413393241.2057607174 -0.9355688525 3.1361326229 1.6783654200 -0.5399017812 0.5891660231 -0.4368619975 0.4129661718
1413393241.2557604313 -0.9169069459 3.1377014550 1.6693757515 -0.5378314106 0.5934273650 -0.4327358740 0.4139094099
1413393241.3057606220 -0.8988506635 3.1352698830 1.6581293443 -0.5369727462 0.5976517277 -0.4282361602 0.4136260066
1413393241.3557605743 -0.8846119278 3.1328709361 1.6501387011 -0.5398610215 0.6025335618 -0.4228874957 0.4082518221
1413393241.4057605267 -0.8684094004 3.1290699042 1.6389170651 -0.5414920704 0.6059869271 -0.4192933598 0.4046717933
1413393241.4557604790 -0.8529710547 3.1253988756 1.6295220992 -0.5436925457 0.6075150740 -0.4187650938 0.3999495554
1413393241.5057606697 -0.8370866128 3.1209257651 1.6206500059 -0.5462687218 0.6065945893 -0.4210243540 0.3954389729
1413393241.5557603836 -0.8203878905 3.1145173979 1.6120306236 -0.5479088687 0.6040566764 -0.4253169204 0.3924498956
1413393241.6057605743 -0.8039341636 3.1090249813 1.6040563969 -0.5490093626 0.6004135294 -0.4311815008 0.3900959201
1413393241.6557605267 -0.7879587862 3.1030098081 1.5967766697 -0.5503808974 0.5973006549 -0.4354156981 0.3882344205
1413393241.7057607174 -0.7712402808 3.0974966876 1.5893164265 -0.5515605947 0.5939840781 -0.4399158295 0.3865719704
1413393241.7557604313 -0.7559368965 3.0921616795 1.5837469938 -0.5524964472 0.5928968017 -0.4414842371 0.3851139140
1413393241.8057606220 -0.7399087441 3.0877842477 1.5762989921 -0.5544949979 0.5918222281 -0.4422549870 0.3830042744
1413393241.8557605743 -0.7249954019 3.0840385502 1.5698346166 -0.5559533974 0.5911409889 -0.4423129763 0.3818735158
1413393241.9057605267 -0.7092750978 3.0806957291 1.5648904475 -0.5559423371 0.5898409602 -0.4435862404 0.3824225500
1413393241.9557604790 -0.6924207473 3.0791996666 1.5586774008 -0.5556646366 0.5868047551 -0.4461805804 0.3844735110
1413393242.0057606697 -0.6768351005 3.0785600132 1.5557318506 -0.5552798192 0.5850538751 -0.4473133377 0.3863768412
1413393242.0557603836 -0.6620741493 3.0791506949 1.5519554149 -0.5543469433 0.5819825442 -0.4498789164 0.3893645404
1413393242.1057605743 -0.6476040420 3.0800114294 1.5489566758 -0.5536857988 0.5790619261 -0.4518932841 0.3923159209
1413393242.1557605267 -0.6353304876 3.0821229606 1.5447374678 -0.5506558518 0.5768763424 -0.4536084216 0.3977828783
1413393242.2057607174 -0.6228775331 3.0847518987 1.5448927395 -0.5475440660 0.5747503941 -0.4546310800 0.4039406657
1413393242.2557604313 -0.6120411357 3.0886307283 1.5434353948 -0.5456055513 0.5731007671 -0.4555960760 0.4078018008
1413393242.3057606220 -0.6028652251 3.0919880287 1.5439781975 -0.5442670693 0.5731503320 -0.4548579610 0.4103368001
1413393242.3557605743 -0.5954357669 3.0966132334 1.5424820184 -0.5436126829 0.5754307041 -0.4509987029 0.4122680266
1413393242.4057605267 -0.5917510440 3.1001532902 1.5421549540 -0.5439066547 0.5798277518 -0.4438291627 0.4134984927
1413393242.4557604790 -0.5870445508 3.1051262906 1.5406039861 -0.5446783158 0.5862484853 -0.4345249335 0.4133114176
1413393242.5057606697 -0.5838076373 3.1094809878 1.5409736289 -0.5459979121 0.5937392763 -0.4235451987 0.4122734729
1413393242.5557603836 -0.5815968779 3.1127404909 1.5419956567 -0.5477052863 0.5998054842 -0.4142519473 0.4106672919
1413393242.6057605743 -0.5784714252 3.1160080383 1.5413782270 -0.5488412359 0.6045028323 -0.4073316559 0.4091827778
1413393242.6557605267 -0.5760135214 3.1164516710 1.5428447428 -0.5503244507 0.6069581000 -0.4032268938 0.4076186158
1413393242.7057607174 -0.5711926081 3.1175824191 1.5450004238 -0.5498702634 0.6087204759 -0.4009172399 0.4078816523
1413393242.7557604313 -0.5663731692 3.1153968105 1.5480887584 -0.5485338431 0.6097384270 -0.3981996860 0.4108122245
1413393242.8057606220 -0.5622685214 3.1113905187 1.5499622459 -0.5489768434 0.6081324724 -0.3980539105 0.4127376961
1413393242.8557605743 -0.5569207553 3.1067200222 1.5534845038 -0.5518265255 0.6043716751 -0.3992206736 0.4133342688
1413393242.9057605267 -0.5518458736 3.1005169537 1.5564564121 -0.5588680686 0.5966125778 -0.4040253337 0.4104673479
1413393242.9557604790 -0.5468753113 3.0943080585 1.5585777901 -0.5666154511 0.5901131631 -0.4061449050 0.4071359741
1413393243.0057606697 -0.5410654461 3.0870760612 1.5596843990 -0.5751728656 0.5834148029 -0.4065031427 0.4044237103
1413393243.0557603836 -0.5352941538 3.0797573725 1.5644837694 -0.5841705605 0.5760143007 -0.4051367221 0.4035052888
1413393243.1057605743 -0.5286034495 3.0716039870 1.5692561794 -0.5927341059 0.5692492650 -0.4020233725 0.4037310516
1413393243.1557605267 -0.5212118218 3.0655266282 1.5759343141 -0.6002312784 0.5615165865 -0.3981084660 0.4073465169
1413393243.2057607174 -0.5145103240 3.0608555949 1.5799595004 -0.6060665853 0.5515327206 -0.3961906106 0.4141593321
1413393243.2557604313 -0.5058041754 3.0552659445 1.5859521533 -0.6089067790 0.5416073325 -0.3965336163 0.4226761443
1413393243.3057606220 -0.4965789099 3.0511387638 1.5904254063 -0.6109807039 0.5320024204 -0.3975917126 0.4308095104
1413393243.3557605743 -0.4878918204 3.0456103909 1.5952113159 -0.6128142508 0.5247237145 -0.3965741522 0.4380098849
1413393243.4057605267 -0.4794692705 3.0409810740 1.5961752016 -0.6136790793 0.5183755817 -0.3968568791 0.4440600877
1413393243.4557604790 -0.4717366071 3.0357811961 1.5942963965 -0.6152638401 0.5132504007 -0.3956623644 0.4488604757
1413393243.5057606697 -0.4640196782 3.0309647111 1.5913617648 -0.6162954997 0.5093191658 -0.3945382733 0.4528944638
1413393243.5557603836 -0.4571455484 3.0282934927 1.5854780330 -0.6176778697 0.5064818797 -0.3931323480 0.4554087305
1413393243.6057605743 -0.4516172968 3.0232492100 1.5788537693 -0.6193803409 0.5044537603 -0.3913153506 0.4569099402
1413393243.6557605267 -0.4466618739 3.0193384156 1.5713707382 -0.6212651739 0.5029150341 -0.3898656841 0.4572863442
1413393243.7057607174 -0.4432989765 3.0154734168 1.5645013250 -0.6237683063 0.5020501097 -0.3882601347 0.4561938790
1413393243.7557604313 -0.4416170005 3.0120433045 1.5589729558 -0.6260323744 0.5020067214 -0.3862877399 0.4548125987
1413393243.8057606220 -0.4411960532 3.0081634593 1.5543440406 -0.6280109755 0.5019785301 -0.3850563068 0.4531571589
1413393243.8557605743 -0.4409378177 3.0041897699 1.5514680062 -0.6287905387 0.5020949847 -0.3832924597 0.4534423613
1413393243.9057605267 -0.4404655719 3.0026322957 1.5483591809 -0.6296360732 0.5017016952 -0.3834181206 0.4525973587
1413393243.9557604790 -0.4405660004 2.9993868229 1.5471809047 -0.6301819659 0.5012112136 -0.3831699781 0.4525911810
1413393244.0057606697 -0.4429467975 2.9967008695 1.5449732825 -0.6305834217 0.5009879127 -0.3829456160 0.4524691314
1413393244.0557603836 -0.4447781290 2.9947439871 1.5442484798 -0.6308312753 0.5002020672 -0.3842017523 0.4519278788
1413393244.1057605743 -0.4467386160 2.9931748445 1.5453955663 -0.6314844762 0.5000528152 -0.3845399452 0.4508919704
1413393244.1557605267 -0.4503666442 2.9926728849 1.5455244383 -0.6326020006 0.4990887903 -0.3845023367 0.4504254003
1413393244.2057607174 -0.4541957102 2.9924860523 1.5450673426 -0.6340617205 0.4970953525 -0.3829970498 0.4518575051
1413393244.2557604313 -0.4599641138 2.9938946721 1.5471598749 -0.6373180093 0.4939924222 -0.3806768849 0.4526393168
1413393244.3057606220 -0.4665007925 2.9963760726 1.5477963232 -0.6414821951 0.4898314215 -0.3777654126 0.4537169436
1413393244.3557605743 -0.4742850477 2.9990367955 1.5489053448 -0.6460558687 0.4849541346 -0.3734563715 0.4560281137
1413393244.4057605267 -0.4812670697 3.0033608304 1.5488034771 -0.6486439541 0.4803778451 -0.3702721074 0.4597789830
1413393244.4557604790 -0.4886452443 3.0081931834 1.5471960819 -0.6499350501 0.4763815460 -0.3671499657 0.4645922470
1413393244.5057606697 -0.4964354718 3.0117593805 1.5430516057 -0.6515799764 0.4732444602 -0.3630914416 0.4686660007
1413393244.5557603836 -0.5051598163 3.0157603685 1.5363725733 -0.6521694318 0.4710690621 -0.3595742799 0.4727317508
1413393244.6057605743 -0.5141198118 3.0194594872 1.5272801609 -0.6536502195 0.4696674570 -0.3554210662 0.4752154628
1413393244.6557605267 -0.5240386835 3.0238169687 1.5167269295 -0.6548714290 0.4684716643 -0.3518287632 0.4773826899
1413393244.7057607174 -0.5342084506 3.0273365958 1.5090885359 -0.6554529431 0.4664426790 -0.3500284639 0.4798882590
1413393244.7557604313 -0.5438263429 3.0304094204 1.5047276760 -0.6557076721 0.4675260799 -0.3451820931 0.4819918422
1413393244.8057606220 -0.5552512770 3.0328855136 1.5045786871 -0.6548914195 0.4686845755 -0.3409201966 0.4850004297
1413393244.8557605743 -0.5665897819 3.0354020933 1.5073194701 -0.6550583889 0.4700119575 -0.3371124389 0.4861506665
1413393244.9057605267 -0.5784931680 3.0371221204 1.5128210592 -0.6542295779 0.4709158168 -0.3351671956 0.4877344604
1413393244.9557604790 -0.5906415648 3.0370905010 1.5226082403 -0.6540780337 0.4707965619 -0.3349320756 0.4882141209
1413393245.0057606697 -0.6024768068 3.0355326071 1.5306459545 -0.6563307513 0.4702804166 -0.3356107825 0.4852130227
1413393245.0557603836 -0.6138604572 3.0339779031 1.5389268086 -0.6585581939 0.4712214842 -0.3352487096 0.4815181417
1413393245.1057605743 -0.6264765118 3.0332610992 1.5458324806 -0.6615291910 0.4719085228 -0.3350317309 0.4769016826
1413393245.1557605267 -0.6374636770 3.0287469255 1.5489377959 -0.6639820880 0.4734805779 -0.3334412419 0.4730336852
1413393245.2057607174 -0.6491911912 3.0269266721 1.5509614934 -0.6665980672 0.4752601557 -0.3321642657 0.4684460500
1413393245.2557604313 -0.6592129917 3.0232641572 1.5488892759 -0.6681781031 0.4751913698 -0.3327327295 0.4658541781
1413393245.3057606220 -0.6699594616 3.0199134237 1.5457934378 -0.6693187934 0.4749340291 -0.3336672255 0.4638062132
1413393245.3557605743 -0.6792579066 3.0169337932 1.5406398151 -0.6698085114 0.4736230066 -0.3358216947 0.4628839973
1413393245.4057605267 -0.6888379690 3.0149009953 1.5331969057 -0.6699275047 0.4723420172 -0.3382052597 0.4622849333
1413393245.4557604790 -0.6972617801 3.0130209124 1.5238819194 -0.6696707904 0.4703278690 -0.3415025249 0.4622864410
1413393245.5057606697 -0.7058358773 3.0112897010 1.5127586423 -0.6693569234 0.4686321964 -0.3443040864 0.4623849799
1413393245.5557603836 -0.7119556867 3.0098191858 1.5017943198 -0.6682451847 0.4668314092 -0.3478337018 0.4631722405
1413393245.6057605743 -0.7199237076 3.0082436803 1.4912534583 -0.6672018712 0.4651682886 -0.3511135857 0.4638743109
1413393245.6557605267 -0.7273421876 3.0081328057 1.4804386012 -0.6662488829 0.4638104639 -0.3541985913 0.4642581583
1413393245.7057607174 -0.7357222441 3.0081820640 1.4710086906 -0.6658370465 0.4629075906 -0.3570631684 0.4635552652
1413393245.7557604313 -0.7436718561 3.0088530337 1.4619117666 -0.6656746095 0.4637720591 -0.3583390795 0.4619371121
1413393245.8057606220 -0.7521323809 3.0103114618 1.4538418837 -0.6652450648 0.4654831539 -0.3586137042 0.4606198523
1413393245.8557605743 -0.7612311447 3.0127570370 1.4468820367 -0.6636673100 0.4679584043 -0.3578660571 0.4609691082
1413393245.9057605267 -0.7697183665 3.0150050457 1.4395838659 -0.6623086220 0.4716870708 -0.3553573305 0.4610637311
1413393245.9557604790 -0.7790236126 3.0185515718 1.4345269131 -0.6604136592 0.4764191533 -0.3512723132 0.4620458322
1413393246.0057606697 -0.7877176903 3.0224908440 1.4286091994 -0.6586004162 0.4824589566 -0.3450960450 0.4630200500
1413393246.0557603836 -0.7957554296 3.0264319045 1.4244830498 -0.6566962006 0.4886586407 -0.3384741379 0.4641099988
1413393246.1057605743 -0.8032787057 3.0289374000 1.4189643622 -0.6553180937 0.4944884967 -0.3325413962 0.4641718890
1413393246.1557605267 -0.8106917663 3.0305158406 1.4150218755 -0.6542670402 0.4981146137 -0.3275305769 0.4653387938
1413393246.2057607174 -0.8168296818 3.0317858184 1.4094038878 -0.6542019182 0.4972444906 -0.3257723821 0.4675896939
1413393246.2557604313 -0.8212850054 3.0323602674 1.4054631790 -0.6562805824 0.4927889439 -0.3263517474 0.4689876234
1413393246.3057606220 -0.8256140167 3.0320691267 1.4011151327 -0.6600896309 0.4841022021 -0.3297963299 0.4702777029
1413393246.3557605743 -0.8294284132 3.0310532991 1.3958751998 -0.6644806859 0.4735770525 -0.3338602419 0.4719401787
1413393246.4057605267 -0.8329344238 3.0302551143 1.3916458973 -0.6676013668 0.4642352441 -0.3369963276 0.4745814244
1413393246.4557604790 -0.8355989498 3.0296621722 1.3879444599 -0.6699337745 0.4554963868 -0.3395815342 0.4779081094
1413393246.5057606697 -0.8390464340 3.0280212619 1.3855060694 -0.6717912307 0.4488408782 -0.3402848628 0.4810869158
1413393246.5557603836 -0.8424504403 3.0265220455 1.3813714217 -0.6738034879 0.4430819918 -0.3407473932 0.4832788245
1413393246.6057605743 -0.8466900704 3.0260426878 1.3782816178 -0.6763942846 0.4389699350 -0.3401800420 0.4838116441
1413393246.6557605267 -0.8512012320 3.0251855449 1.3748725686 -0.6790318120 0.4371761506 -0.3380309048 0.4832472649
1413393246.7057607174 -0.8557898989 3.0251483238 1.3722854305 -0.6811464120 0.4354419400 -0.3368777641 0.4826419526
1413393246.7557604313 -0.8608499767 3.0254593610 1.3694079679 -0.6825285723 0.4342604806 -0.3357471621 0.4825416315
1413393246.8057606220 -0.8663260007 3.0252550765 1.3660289346 -0.6832159305 0.4327941121 -0.3357333656 0.4828958025
1413393246.8557605743 -0.8722410620 3.0264609570 1.3616516013 -0.6839742710 0.4314587025 -0.3355647971 0.4831344032
1413393246.9057605267 -0.8786167372 3.0272257138 1.3567215591 -0.6842955314 0.4296167178 -0.3357230552 0.4842098013
1413393246.9557604790 -0.8852097414 3.0287020758 1.3509215488 -0.6836097703 0.4279206137 -0.3354352467 0.4868724942
1413393247.0057606697 -0.8926126553 3.0313598449 1.3442770519 -0.6844469829 0.4265743734 -0.3349337372 0.4872227656
1413393247.0557603836 -0.9005298219 3.0338289797 1.3362574537 -0.6849438950 0.4257576377 -0.3338902165 0.4879545245
1413393247.1057605743 -0.9089056737 3.0368518461 1.3280043295 -0.6855846367 0.4245701558 -0.3330238794 0.4886808617
1413393247.1557605267 -0.9182562283 3.0394516709 1.3191749791 -0.6863189076 0.4245810771 -0.3305378924 0.4893280778
1413393247.2057607174 -0.9272518145 3.0437812386 1.3097447085 -0.6879857959 0.4257431381 -0.3262349326 0.4888651079
1413393247.2557604313 -0.9367485379 3.0469102806 1.2984550642 -0.6905613352 0.4283784194 -0.3200226823 0.4870343468
1413393247.3057606220 -0.9467674019 3.0509522778 1.2864566294 -0.6938795120 0.4316533815 -0.3132174092 0.4838402997
1413393247.3557605743 -0.9564547163 3.0550062095 1.2745835406 -0.6977192149 0.4349827051 -0.3064794025 0.4796335260
1413393247.4057605267 -0.9648733202 3.0601731122 1.2630890705 -0.6999923682 0.4383079126 -0.2998477605 0.4774810770
1413393247.4557604790 -0.9723632484 3.0646521356 1.2513719826 -0.7024609259 0.4400271352 -0.2947782740 0.4754266895
1413393247.5057606697 -0.9779220698 3.0700529382 1.2405281881 -0.7027467102 0.4430086072 -0.2892649568 0.4756219297
1413393247.5557603836 -0.9819638380 3.0749263389 1.2293332334 -0.7036123579 0.4440466824 -0.2859548322 0.4753756700
1413393247.6057605743 -0.9835944375 3.0794193684 1.2205226764 -0.7038655025 0.4460588612 -0.2807845684 0.4761983545
1413393247.6557605267 -0.9833147113 3.0842334298 1.2094588245 -0.7035220005 0.4466516454 -0.2776899766 0.4779616923
1413393247.7057607174 -0.9809531631 3.0886809045 1.2003143191 -0.7036460301 0.4458135931 -0.2766465975 0.4791650703
1413393247.7557604313 -0.9769235316 3.0925700164 1.1910476679 -0.7027904443 0.4455383415 -0.2739944705 0.4821910490
1413393247.8057606220 -0.9703447789 3.0958992911 1.1819428007 -0.7031743227 0.4455717810 -0.2705390760 0.4835496544
1413393247.8557605743 -0.9619539032 3.0982265325 1.1726358866 -0.7009819759 0.4449563474 -0.2687412555 0.4882788711
1413393247.9057605267 -0.9513706882 3.1009096994 1.1659323890 -0.6954245399 0.4423792006 -0.2696671551 0.4979608194
1413393247.9557604790 -0.9387625864 3.1015343138 1.1595177015 -0.6902795453 0.4353671751 -0.2771678389 0.5070971911
1413393248.0057606697 -0.9252108599 3.1009753601 1.1541177265 -0.6857599414 0.4288049485 -0.2848593629 0.5145043851
1413393248.0557603836 -0.9110979872 3.0984798409 1.1488669927 -0.6829316271 0.4219283063 -0.2920790809 0.5198756656
1413393248.1057605743 -0.8980173085 3.0942999089 1.1435927739 -0.6819037651 0.4168552994 -0.2978398500 0.5220443835
1413393248.1557605267 -0.8843014301 3.0901609294 1.1396501730 -0.6815192337 0.4134800323 -0.3017109545 0.5230069760
1413393248.2057607174 -0.8719017099 3.0846096087 1.1360837086 -0.6831765988 0.4106089973 -0.3050483411 0.5211674355
1413393248.2557604313 -0.8600527061 3.0780879531 1.1333281812 -0.6855354725 0.4109337178 -0.3053907678 0.5176012699
1413393248.3057606220 -0.8496805920 3.0699020120 1.1314795325 -0.6893097837 0.4110113266 -0.3064438655 0.5118729029
1413393248.3557605743 -0.8395456692 3.0611811104 1.1315423890 -0.6903654062 0.4110065693 -0.3070483984 0.5100887050
1413393248.4057605267 -0.8300700377 3.0525327142 1.1334060618 -0.6896373024 0.4110985943 -0.3093942021 0.5095817546
1413393248.4557604790 -0.8214804276 3.0432674784 1.1372293232 -0.6868460083 0.4102900304 -0.3121646035 0.5123064632
1413393248.5057606697 -0.8137492945 3.0332914503 1.1436020154 -0.6826973525 0.4099115469 -0.3145098576 0.5167014593
1413393248.5557603836 -0.8066170798 3.0237374150 1.1499853577 -0.6787734526 0.4099652287 -0.3173265503 0.5200951565
1413393248.6057605743 -0.8015860381 3.0131802247 1.1575391226 -0.6755276508 0.4095940525 -0.3200024470 0.5229660975
1413393248.6557605267 -0.7978529759 3.0007637064 1.1656327771 -0.6735192058 0.4105135257 -0.3207248363 0.5243911747
1413393248.7057607174 -0.7957552204 2.9880306072 1.1738333754 -0.6739771025 0.4118012297 -0.3221919649 0.5218878714
1413393248.7557604313 -0.7957568009 2.9745276387 1.1812956636 -0.6758098856 0.4135820605 -0.3226949419 0.5177826304
1413393248.8057606220 -0.7965059950 2.9600198281 1.1900174704 -0.6784057434 0.4164156903 -0.3223017354 0.5123331060
1413393248.8557605743 -0.7993255634 2.9459884250 1.1987887519 -0.6830292818 0.4198907264 -0.3215818082 0.5037339761
1413393248.9057605267 -0.8017234584 2.9310134014 1.2058395845 -0.6886471243 0.4251983125 -0.3179020087 0.4938722974
1413393248.9557604790 -0.8048593984 2.9161294326 1.2110810479 -0.6937198738 0.4303367049 -0.3149406555 0.4841233732
1413393249.0057606697 -0.8077917998 2.9019379065 1.2139649638 -0.6971718815 0.4348281820 -0.3123284027 0.4767879913
1413393249.0557603836 -0.8101371329 2.8881665956 1.2160297093 -0.6989792009 0.4382871992 -0.3111179949 0.4717393359
1413393249.1057605743 -0.8117339208 2.8756744035 1.2156496216 -0.6992802216 0.4407924169 -0.3111360861 0.4689387517
1413393249.1557605267 -0.8125487268 2.8641193809 1.2136457163 -0.6982354413 0.4425727434 -0.3122911178 0.4680500967
1413393249.2057607174 -0.8130826712 2.8533544112 1.2105141015 -0.6959811340 0.4431921110 -0.3146864888 0.4692157582
1413393249.2557604313 -0.8121750674 2.8431207102 1.2070231156 -0.6939307067 0.4430014473 -0.3178166247 0.4703216825
1413393249.3057606220 -0.8108885265 2.8337420818 1.2051315301 -0.6918042101 0.4434986134 -0.3199122033 0.4715634602
1413393249.3557605743 -0.8088899723 2.8250113077 1.2022044510 -0.6909534927 0.4424613567 -0.3228250308 0.4717999769
1413393249.4057605267 -0.8064200641 2.8173728584 1.2001421979 -0.6904559840 0.4410352597 -0.3258857977 0.4717593462
1413393249.4557604790 -0.8043276348 2.8104718034 1.1980167494 -0.6912211011 0.4384185506 -0.3299273140 0.4702664471
1413393249.5057606697 -0.8020601559 2.8047528424 1.1963064064 -0.6928148142 0.4346928938 -0.3341893509 0.4683665221
1413393249.5557603836 -0.7990616115 2.7994721213 1.1923127734 -0.6955167827 0.4298201492 -0.3398068619 0.4648035508
1413393249.6057605743 -0.7967678736 2.7963977457 1.1879089890 -0.6977637191 0.4248444734 -0.3445919444 0.4624817376
1413393249.6557605267 -0.7951300068 2.7948678995 1.1829413314 -0.6982309177 0.4207986204 -0.3479211846 0.4629826735
1413393249.7057607174 -0.7941361783 2.7957910362 1.1764605949 -0.6970933618 0.4200495552 -0.3467816277 0.4662206761
1413393249.7557604313 -0.7937880679 2.7974738266 1.1694462543 -0.6959827132 0.4206472062 -0.3438341062 0.4695126177
1413393249.8057606220 -0.7936426969 2.8011540204 1.1615487803 -0.6943821949 0.4216044292 -0.3403518739 0.4735437409
1413393249.8557605743 -0.7943617166 2.8069074787 1.1532635932 -0.6922895300 0.4223398461 -0.3383190507 0.4773934236
1413393249.9057605267 -0.7951816623 2.8129943449 1.1449678698 -0.6909227430 0.4229009779 -0.3357805140 0.4806578540
1413393249.9557604790 -0.7972492861 2.8194910265 1.1365725277 -0.6909400432 0.4234349983 -0.3336142563 0.4816702055
1413393250.0057606697 -0.7998134918 2.8266529273 1.1286090558 -0.6916727624 0.4258954551 -0.3303438686 0.4807023815
1413393250.0557603836 -0.8032139191 2.8343744290 1.1205731901 -0.6937327859 0.4277422936 -0.3281201195 0.4776070972
1413393250.1057605743 -0.8057117494 2.8427551239 1.1126176376 -0.6956030509 0.4296580294 -0.3260854316 0.4745510138
1413393250.1557605267 -0.8076632454 2.8527785126 1.1059082169 -0.6962317724 0.4317252671 -0.3249397678 0.4725344011
1413393250.2057607174 -0.8102560450 2.8632642120 1.0996904185 -0.6961118876 0.4339046692 -0.3236381537 0.4716071706
1413393250.2557604313 -0.8120897853 2.8741052980 1.0934820397 -0.6942768320 0.4346877559 -0.3247851520 0.4728010580
1413393250.3057606220 -0.8134281755 2.8857517978 1.0873382619 -0.6923970830 0.4353006979 -0.3265814228 0.4737553759
1413393250.3557605743 -0.8151435709 2.8977100579 1.0815474543 -0.6890528287 0.4361213233 -0.3283952145 0.4766140721
1413393250.4057605267 -0.8165458355 2.9112407849 1.0764657530 -0.6850324494 0.4378940837 -0.3290507034 0.4803175505
1413393250.4557604790 -0.8180413932 2.9247093353 1.0718675647 -0.6799951079 0.4390650826 -0.3291842988 0.4862779081
1413393250.5057606697 -0.8205270168 2.9389247751 1.0684058852 -0.6744519701 0.4408036023 -0.3282142277 0.4930336144
1413393250.5557603836 -0.8227907592 2.9525437675 1.0653636544 -0.6688325096 0.4424114037 -0.3264857506 0.5003421616
1413393250.6057605743 -0.8262155594 2.9651283234 1.0627671904 -0.6651000736 0.4440457577 -0.3241718779 0.5053492364
1413393250.6557605267 -0.8297277818 2.9763203910 1.0583728964 -0.6643497107 0.4444731733 -0.3235189116 0.5063778964
1413393250.7057607174 -0.8338325036 2.9869555548 1.0550237000 -0.6648017132 0.4461004419 -0.3211361770 0.5058701747
1413393250.7557604313 -0.8384935812 2.9959542846 1.0510919290 -0.6666052355 0.4467683075 -0.3190241351 0.5042411533
1413393250.8057606220 -0.8439097087 3.0043565809 1.0481169368 -0.6697832031 0.4495349957 -0.3145974748 0.5003370638
1413393250.8557605743 -0.8494512187 3.0114941592 1.0449796870 -0.6730590189 0.4513578619 -0.3111031998 0.4964699756
1413393250.9057605267 -0.8541866308 3.0177431161 1.0430830507 -0.6765742397 0.4518222081 -0.3100572766 0.4919029129
1413393250.9557604790 -0.8587868949 3.0223942585 1.0411796050 -0.6792363492 0.4531320924 -0.3094643825 0.4873818675
1413393251.0057606697 -0.8621956506 3.0268173915 1.0399695305 -0.6810048097 0.4552959020 -0.3102551392 0.4823689867
1413393251.0557603836 -0.8648330453 3.0309303152 1.0399512833 -0.6805013744 0.4575964546 -0.3138693323 0.4785492728
1413393251.1057605743 -0.8660134860 3.0340044650 1.0409042810 -0.6775405765 0.4617033113 -0.3183508810 0.4758377203
1413393251.1557605267 -0.8658949941 3.0374792333 1.0424433945 -0.6723735197 0.4666683936 -0.3250049267 0.4738209134
1413393251.2057607174 -0.8644084055 3.0402185142 1.0448938004 -0.6653403552 0.4736587805 -0.3323739953 0.4716959812
1413393251.2557604313 -0.8626892797 3.0422542802 1.0474607715 -0.6569916006 0.4813821836 -0.3413671955 0.4691499418
1413393251.3057606220 -0.8597536855 3.0440817712 1.0504656893 -0.6485222988 0.4897832205 -0.3505642910 0.4654416212
1413393251.3557605743 -0.8567709988 3.0446974217 1.0547081370 -0.6384050646 0.4986563211 -0.3606755215 0.4622705000
1413393251.4057605267 -0.8543871453 3.0454627208 1.0592822746 -0.6284162403 0.5077981300 -0.3704715570 0.4582411085
1413393251.4557604790 -0.8526543677 3.0465506143 1.0649829878 -0.6172921456 0.5167760215 -0.3806179245 0.4549977430
1413393251.5057606697 -0.8511195126 3.0465202994 1.0713134682 -0.6061807011 0.5255901744 -0.3904165708 0.4515250020
1413393251.5557603836 -0.8507427176 3.0458121090 1.0773469797 -0.5958865165 0.5329756165 -0.4007579486 0.4474922552
1413393251.6057605743 -0.8509406310 3.0451133959 1.0839857194 -0.5853945656 0.5406936017 -0.4096810386 0.4439877005
1413393251.6557605267 -0.8523341280 3.0435423241 1.0908367591 -0.5751518551 0.5479028928 -0.4183073155 0.4404790045
1413393251.7057607174 -0.8554081910 3.0420383791 1.0975931070 -0.5654088257 0.5551140368 -0.4265647441 0.4361235892
1413393251.7557604313 -0.8598324661 3.0400919858 1.1043000772 -0.5568574434 0.5626767804 -0.4335677016 0.4304923654
1413393251.8057606220 -0.8667108596 3.0376445652 1.1111049946 -0.5494829001 0.5713192957 -0.4390405579 0.4229730409
1413393251.8557605743 -0.8747770843 3.0351448804 1.1177278406 -0.5436414548 0.5815050300 -0.4416194246 0.4138576476
1413393251.9057605267 -0.8834816474 3.0327074507 1.1238806248 -0.5397016580 0.5927807417 -0.4421220325 0.4023197995
1413393251.9557604790 -0.8942011830 3.0308495937 1.1310383136 -0.5362950555 0.6033208004 -0.4436509599 0.3893140775
1413393252.0057606697 -0.9044703702 3.0278607665 1.1374734880 -0.5327496961 0.6117783263 -0.4469912602 0.3769666485
1413393252.0557603836 -0.9146556188 3.0251865142 1.1441501419 -0.5284207390 0.6200748957 -0.4497239563 0.3660969946
1413393252.1057605743 -0.9245482167 3.0236024304 1.1527546025 -0.5218616233 0.6280250659 -0.4524627382 0.3585002556
1413393252.1557605267 -0.9338110059 3.0220257135 1.1612251854 -0.5143809198 0.6347708129 -0.4560725934 0.3528116692
1413393252.2057607174 -0.9431443038 3.0201525555 1.1700077033 -0.5063328572 0.6416892693 -0.4590524541 0.3480413247
1413393252.2557604313 -0.9515396084 3.0192288684 1.1794460329 -0.4978267421 0.6475806514 -0.4638614942 0.3429873890
1413393252.3057606220 -0.9598713960 3.0183450536 1.1889620500 -0.4895634233 0.6527445192 -0.4689027551 0.3382047507
1413393252.3557605743 -0.9674100550 3.0175606655 1.1982028128 -0.4811957478 0.6584033200 -0.4730106034 0.3334916634
1413393252.4057605267 -0.9742253045 3.0165924907 1.2066550786 -0.4720945818 0.6653394596 -0.4757203310 0.3288468885
1413393252.4557604790 -0.9806581882 3.0159053191 1.2144401613 -0.4643695274 0.6732357068 -0.4757745687 0.3236559669
1413393252.5057606697 -0.9867813347 3.0152296480 1.2202766310 -0.4569170903 0.6797965511 -0.4754036013 0.3210838482
1413393252.5557603836 -0.9928727398 3.0148880112 1.2234351324 -0.4506939685 0.6841141906 -0.4771344864 0.3181279662
1413393252.6057605743 -0.9987828616 3.0138499625 1.2251422100 -0.4463372987 0.6868118698 -0.4789014363 0.3157940556
1413393252.6557605267 -1.0033150521 3.0122425863 1.2240415803 -0.4424619818 0.6889284955 -0.4810734744 0.3133260842
1413393252.7057607174 -1.0082759840 3.0104318926 1.2213170152 -0.4390719313 0.6912089740 -0.4832555042 0.3096935761
1413393252.7557604313 -1.0126511147 3.0077888427 1.2182029926 -0.4359378844 0.6920677856 -0.4873819299 0.3057109673
1413393252.8057606220 -1.0162152607 3.0048924664 1.2141328574 -0.4325253868 0.6927948151 -0.4921863599 0.3011805457
1413393252.8557605743 -1.0192912007 3.0013944330 1.2112473093 -0.4292067123 0.6934420643 -0.4971361926 0.2962689786
1413393252.9057605267 -1.0220755620 2.9982937958 1.2094437959 -0.4255650577 0.6940619865 -0.5018881307 0.2920284999
1413393252.9557604790 -1.0250259219 2.9957733003 1.2085261291 -0.4232240284 0.6938789558 -0.5067370902 0.2874559756
1413393253.0057606697 -1.0269652867 2.9934879704 1.2083572041 -0.4215934706 0.6945934111 -0.5098406192 0.2825977385
1413393253.0557603836 -1.0284138228 2.9922104135 1.2084021972 -0.4210353592 0.6953146267 -0.5120347772 0.2776457872
1413393253.1057605743 -1.0296870523 2.9914314204 1.2095111280 -0.4205216178 0.6972242457 -0.5123658203 0.2729856889
1413393253.1557605267 -1.0294731053 2.9922472725 1.2099218857 -0.4204093828 0.7015255162 -0.5084010633 0.2695297014
1413393253.2057607174 -1.0295610488 2.9935836227 1.2111197363 -0.4199598413 0.7059345706 -0.5038872864 0.2671847982
1413393253.2557604313 -1.0276074405 2.9953874683 1.2129347884 -0.4188570278 0.7110608868 -0.4982453151 0.2659000027
1413393253.3057606220 -1.0246842764 2.9973868955 1.2149433749 -0.4182970689 0.7147804048 -0.4936090225 0.2654555858
1413393253.3557605743 -1.0197333154 2.9991728078 1.2170126471 -0.4175514854 0.7171866909 -0.4906672764 0.2655929807
1413393253.4057605267 -1.0140283544 3.0000013893 1.2199299771 -0.4153979060 0.7189548335 -0.4890073959 0.2672457555
1413393253.4557604790 -1.0069439262 3.0005200698 1.2229042090 -0.4140975659 0.7193384229 -0.4885944739 0.2689811878
1413393253.5057606697 -0.9978099797 3.0007203213 1.2271266267 -0.4125846476 0.7188922808 -0.4896456437 0.2705825951
1413393253.5557603836 -0.9880253689 2.9998005578 1.2316649634 -0.4110250793 0.7183549258 -0.4907196584 0.2724312788
1413393253.6057605743 -0.9763883268 2.9987862323 1.2372144738 -0.4098403520 0.7157561960 -0.4938871158 0.2753170364
1413393253.6557605267 -0.9643013550 2.9971021222 1.2435706768 -0.4091308150 0.7128622603 -0.4976171758 0.2771579339
1413393253.7057607174 -0.9511166489 2.9949617546 1.2493747900 -0.4083794302 0.7106196653 -0.5004041747 0.2790010649
1413393253.7557604313 -0.9373279826 2.9929001828 1.2560797874 -0.4094050830 0.7075800847 -0.5034491780 0.2797442169
1413393253.8057606220 -0.9236172443 2.9902118191 1.2636154951 -0.4085221343 0.7064830902 -0.5054010649 0.2802874823
1413393253.8557605743 -0.9102163439 2.9868916414 1.2714659949 -0.4072796915 0.7068517591 -0.5058006742 0.2804452203
1413393253.9057605267 -0.8955005524 2.9843779676 1.2794132372 -0.4051042444 0.7076514377 -0.5068082179 0.2797595826
1413393253.9557604790 -0.8813473211 2.9812258606 1.2877919531 -0.4015637803 0.7096744963 -0.5075804665 0.2783356061
1413393254.0057606697 -0.8669124252 2.9776899469 1.2964784490 -0.3967100176 0.7118275500 -0.5088391185 0.2774985630
1413393254.0557603836 -0.8518943928 2.9734414481 1.3052814270 -0.3919868914 0.7145120905 -0.5104396728 0.2743539499
1413393254.1057605743 -0.8381336163 2.9697991506 1.3159224760 -0.3858768790 0.7176602912 -0.5121855539 0.2715302912
1413393254.1557605267 -0.8238215870 2.9657728119 1.3259625923 -0.3786229978 0.7205681368 -0.5150814866 0.2685465472
1413393254.2057607174 -0.8087498621 2.9608722208 1.3363813779 -0.3712121651 0.7240955844 -0.5178795579 0.2639846144
1413393254.2557604313 -0.7945946323 2.9556670044 1.3479127571 -0.3640147283 0.7271957675 -0.5204700580 0.2603661116
1413393254.3057606220 -0.7798402730 2.9509863963 1.3591860342 -0.3590946291 0.7291608385 -0.5245202013 0.2534838800
1413393254.3557605743 -0.7661050950 2.9457378035 1.3710457815 -0.3559081792 0.7312790908 -0.5274017586 0.2457796664
1413393254.4057605267 -0.7515644293 2.9415997878 1.3806577153 -0.3549533621 0.7329225629 -0.5298735055 0.2367840698
1413393254.4557604790 -0.7370568669 2.9368715658 1.3920727585 -0.3539747235 0.7361090457 -0.5297804220 0.2284252010
1413393254.5057606697 -0.7217982100 2.9338704886 1.4025498587 -0.3537043138 0.7385396282 -0.5298771543 0.2206415132
1413393254.5557603836 -0.7051159431 2.9306919513 1.4139839441 -0.3515322137 0.7412952737 -0.5287587833 0.2175329149
1413393254.6057605743 -0.6867231714 2.9290168544 1.4237903433 -0.3492605455 0.7441629119 -0.5271952518 0.2151831738
1413393254.6557605267 -0.6685126155 2.9264879992 1.4349900193 -0.3462479845 0.7460775602 -0.5260836871 0.2161401434
1413393254.7057607174 -0.6484089576 2.9233653415 1.4464822350 -0.3425684571 0.7452277896 -0.5283167517 0.2194625336
1413393254.7557604313 -0.6286128318 2.9207343467 1.4587706705 -0.3385612072 0.7435861370 -0.5314699155 0.2235971706
1413393254.8057606220 -0.6082203299 2.9175395181 1.4690886064 -0.3360813964 0.7415743451 -0.5342333120 0.2274017457
1413393254.8557605743 -0.5872341179 2.9153564054 1.4797032477 -0.3346573070 0.7401181707 -0.5358389903 0.2304477311
1413393254.9057605267 -0.5663039091 2.9136683143 1.4904630336 -0.3330152433 0.7382435116 -0.5381852806 0.2333537423
1413393254.9557604790 -0.5449402828 2.9122054949 1.4998112018 -0.3325601057 0.7371117844 -0.5390472578 0.2355802355
1413393255.0057606697 -0.5250179483 2.9106245007 1.5086104983 -0.3330700668 0.7363308727 -0.5392237595 0.2368943091
1413393255.0557603836 -0.5052818954 2.9086216812 1.5167866547 -0.3322054467 0.7358639603 -0.5391085694 0.2398035104
1413393255.1057605743 -0.4848344373 2.9083716104 1.5248842212 -0.3311769816 0.7355640307 -0.5388217629 0.2427724686
1413393255.1557605267 -0.4652581380 2.9074225438 1.5355357903 -0.3293323963 0.7361870253 -0.5372145353 0.2469197836
1413393255.2057607174 -0.4464051424 2.9066706283 1.5432852106 -0.3274799880 0.7369019841 -0.5354114692 0.2511312046
1413393255.2557604313 -0.4302480937 2.9040706853 1.5492630420 -0.3261861379 0.7372358135 -0.5340368014 0.2547364392
1413393255.3057606220 -0.4131104320 2.9040820930 1.5562058090 -0.3253458061 0.7377944452 -0.5326713692 0.2570421666
1413393255.3557605743 -0.3986734657 2.9002718235 1.5601761864 -0.3247476796 0.7383128733 -0.5314320445 0.2588687463
1413393255.4057605267 -0.3830397802 2.8990217781 1.5653628040 -0.3238613725 0.7386248336 -0.5309967887 0.2599799548
1413393255.4557604790 -0.3683988162 2.8952944012 1.5692923446 -0.3234184066 0.7389836564 -0.5304903167 0.2605450320
1413393255.5057606697 -0.3558372114 2.8915191145 1.5737584444 -0.3226995440 0.7392970850 -0.5305123799 0.2605022825
1413393255.5557603836 -0.3446117413 2.8875206415 1.5774665436 -0.3224608648 0.7396500769 -0.5309126874 0.2589758150
1413393255.6057605743 -0.3337216056 2.8829509253 1.5827236655 -0.3222301707 0.7404850494 -0.5310337782 0.2566178775
1413393255.6557605267 -0.3256687934 2.8748374271 1.5841715963 -0.3220286295 0.7408473283 -0.5315941951 0.2546574361
1413393255.7057607174 -0.3194581292 2.8680065192 1.5879044426 -0.3220250509 0.7419022175 -0.5314041155 0.2519734755
1413393255.7557604313 -0.3118884690 2.8618699074 1.5900574681 -0.3223645815 0.7438561118 -0.5302679678 0.2481431924
1413393255.8057606220 -0.3045925341 2.8540226908 1.5897912967 -0.3222906025 0.7453668760 -0.5299402466 0.2443774188
1413393255.8557605743 -0.2980486748 2.8460669580 1.5910579696 -0.3232143862 0.7482098696 -0.5276070320 0.2394687274
1413393255.9057605267 -0.2921081338 2.8367988833 1.5915498338 -0.3255542160 0.7499204546 -0.5264650392 0.2333845041
1413393255.9557604790 -0.2863897916 2.8280904958 1.5909674220 -0.3279783342 0.7499011982 -0.5277250407 0.2271226245
1413393256.0057606697 -0.2790325853 2.8182483396 1.5913634117 -0.3299597234 0.7500839690 -0.5284146676 0.2219877462
1413393256.0557603836 -0.2714973192 2.8079375960 1.5897460747 -0.3312023181 0.7493516681 -0.5302444765 0.2182152543
1413393256.1057605743 -0.2636301744 2.7974512642 1.5880508788 -0.3313748914 0.7492157895 -0.5313231829 0.2157824310
1413393256.1557605267 -0.2551032795 2.7894037974 1.5867086710 -0.3310326857 0.7493661623 -0.5319956772 0.2141221969
1413393256.2057607174 -0.2455529254 2.7793364733 1.5850518885 -0.3300857242 0.7498135002 -0.5318683823 0.2143342098
1413393256.2557604313 -0.2354667696 2.7699164829 1.5832788033 -0.3287331383 0.7508427582 -0.5310956352 0.2147256446
1413393256.3057606220 -0.2240369621 2.7596575432 1.5817274646 -0.3276025003 0.7515989489 -0.5303434201 0.2156652003
1413393256.3557605743 -0.2133124560 2.7485819841 1.5799380784 -0.3263637311 0.7527022548 -0.5286817463 0.2177651068
1413393256.4057605267 -0.2019952497 2.7385847033 1.5791876041 -0.3254388764 0.7544584359 -0.5262767115 0.2188945617
1413393256.4557604790 -0.1892930410 2.7283349044 1.5814233768 -0.3233061621 0.7562109299 -0.5235983403 0.2224026374
1413393256.5057606697 -0.1742465592 2.7179958175 1.5832519100 -0.3214490948 0.7572898704 -0.5217717559 0.2256917508
1413393256.5557603836 -0.1613501496 2.7060806552 1.5874798229 -0.3215390379 0.7579555483 -0.5200703204 0.2272507332
1413393256.6057605743 -0.1466558103 2.6938043284 1.5918090869 -0.3241473415 0.7565585459 -0.5209418325 0.2262018453
1413393256.6557605267 -0.1317972152 2.6795174887 1.5961757978 -0.3278430449 0.7539464391 -0.5234069856 0.2238946903
1413393256.7057607174 -0.1157657739 2.6663642686 1.6015262171 -0.3311214262 0.7517969952 -0.5253600903 0.2217130006
1413393256.7557604313 -0.1001737196 2.6522474441 1.6022033121 -0.3341298644 0.7497698057 -0.5268749228 0.2204660695
1413393256.8057606220 -0.0834617509 2.6381959553 1.6018191345 -0.3366617751 0.7476834012 -0.5285059564 0.2197949835
1413393256.8557605743 -0.0678387992 2.6236652796 1.5991506507 -0.3389259457 0.7459638815 -0.5294333864 0.2199258517
1413393256.9057605267 -0.0493280588 2.6092594697 1.5934691170 -0.3394221241 0.7450176094 -0.5294713101 0.2222645161
1413393256.9557604790 -0.0308638519 2.5965816741 1.5886184508 -0.3391229647 0.7449621564 -0.5286387580 0.2248734399
1413393257.0057606697 -0.0112066814 2.5828090085 1.5832530057 -0.3384615038 0.7450008675 -0.5275111575 0.2283626428
1413393257.0557603836 0.0080558012 2.5692470394 1.5766245220 -0.3384726157 0.7445560531 -0.5274334162 0.2299707887
1413393257.1057605743 0.0289577526 2.5563472332 1.5715940324 -0.3373290571 0.7443281948 -0.5273131063 0.2326489492
1413393257.1557605267 0.0489669139 2.5420217174 1.5658749182 -0.3368073250 0.7450242871 -0.5259006439 0.2343675535
1413393257.2057607174 0.0673596677 2.5268858365 1.5586296083 -0.3364240518 0.7447610804 -0.5259685546 0.2355989602
1413393257.2557604313 0.0881022196 2.5138227532 1.5519758152 -0.3359395693 0.7455371791 -0.5249771955 0.2360463185
1413393257.3057606220 0.1095089132 2.4980324430 1.5469772699 -0.3353148854 0.7447645473 -0.5261147851 0.2368394597
1413393257.3557605743 0.1303822714 2.4840791102 1.5428941486 -0.3353395731 0.7448023228 -0.5261469559 0.2366141406
1413393257.4057605267 0.1509364313 2.4699727132 1.5386759964 -0.3349572247 0.7446616175 -0.5267411202 0.2362763751
1413393257.4557604790 0.1716733172 2.4551895106 1.5332778039 -0.3348011443 0.7450909032 -0.5265318048 0.2356098432
1413393257.5057606697 0.1927714152 2.4392980434 1.5262412332 -0.3332812127 0.7456198782 -0.5262929847 0.2366227477
1413393257.5557603836 0.2104204623 2.4212305972 1.5161340351 -0.3324875172 0.7451281519 -0.5273622593 0.2369074411
1413393257.6057605743 0.2310837559 2.4051228626 1.5100512951 -0.3306240779 0.7452259615 -0.5280938259 0.2375771379
1413393257.6557605267 0.2523151887 2.3888960821 1.5047082274 -0.3287676616 0.7459596919 -0.5281250928 0.2377810950
1413393257.7057607174 0.2724532365 2.3724275452 1.4972197367 -0.3278769877 0.7466460769 -0.5282556010 0.2365635998
1413393257.7557604313 0.2928249135 2.3543842284 1.4925097930 -0.3269819314 0.7468321978 -0.5289543199 0.2356518881
1413393257.8057606220 0.3132339429 2.3376808037 1.4853848251 -0.3272704477 0.7466288878 -0.5303080175 0.2328363470
1413393257.8557605743 0.3333446155 2.3202825365 1.4786737090 -0.3288348610 0.7462437901 -0.5317545456 0.2285277733
1413393257.9057605267 0.3529403516 2.3021931162 1.4732072491 -0.3301680562 0.7457079031 -0.5333890531 0.2245103470
1413393257.9557604790 0.3729096979 2.2849435378 1.4682240064 -0.3314352494 0.7447685146 -0.5352755673 0.2212478296
1413393258.0057606697 0.3934905267 2.2677156616 1.4636681800 -0.3317448823 0.7440280032 -0.5369441304 0.2192228645
1413393258.0557603836 0.4151337887 2.2504743335 1.4601364589 -0.3322513773 0.7435731909 -0.5379180919 0.2176052813
1413393258.1057605743 0.4378198971 2.2345511834 1.4566661978 -0.3318265325 0.7433436603 -0.5384296140 0.2177726012
1413393258.1557605267 0.4611041098 2.2192344506 1.4545088105 -0.3329541560 0.7426641973 -0.5383837829 0.2184818580
1413393258.2057607174 0.4830908251 2.2041248832 1.4511557746 -0.3349622786 0.7416847853 -0.5375630710 0.2207484900
1413393258.2557604313 0.5060296343 2.1909056678 1.4492464460 -0.3371739571 0.7384308710 -0.5389635057 0.2248375213
1413393258.3057606220 0.5298492943 2.1777691978 1.4489547635 -0.3400292144 0.7333431881 -0.5420069665 0.2298180802
1413393258.3557605743 0.5524673009 2.1657304053 1.4471829258 -0.3428935874 0.7265670213 -0.5461388517 0.2371849616
1413393258.4057605267 0.5759092930 2.1532162115 1.4490975971 -0.3471146915 0.7214899908 -0.5466299582 0.2452738731
1413393258.4557604790 0.5987087590 2.1433426769 1.4486327474 -0.3524178284 0.7171392325 -0.5453066632 0.2532856854
1413393258.5057606697 0.6209501118 2.1354748923 1.4485661895 -0.3571611066 0.7130370284 -0.5424007628 0.2642263282
1413393258.5557603836 0.6416486917 2.1273490374 1.4479245033 -0.3642711519 0.7078467241 -0.5391902516 0.2748334326
1413393258.6057605743 0.6626089145 2.1222105308 1.4484157148 -0.3737064325 0.7022631012 -0.5355064451 0.2835540270
1413393258.6557605267 0.6796003584 2.1154818576 1.4465843359 -0.3853734966 0.6971540864 -0.5298500213 0.2910711303
1413393258.7057607174 0.6962257448 2.1113919142 1.4457961282 -0.3984419637 0.6929916848 -0.5222124987 0.2971542236
1413393258.7557604313 0.7129971114 2.1089501023 1.4457138954 -0.4108826545 0.6896577839 -0.5137178487 0.3027235657
1413393258.8057606220 0.7281132853 2.1040905579 1.4451811966 -0.4228833643 0.6856950693 -0.5046564912 0.3103445796
1413393258.8557605743 0.7427532873 2.1017168390 1.4448956551 -0.4341335693 0.6810103137 -0.4961771620 0.3186867124
1413393258.9057605267 0.7574380896 2.0988112264 1.4459879479 -0.4465907980 0.6756932313 -0.4885037731 0.3245910965
1413393258.9557604790 0.7711588838 2.0954789946 1.4459454743 -0.4598119009 0.6693255336 -0.4813506574 0.3299664991
1413393259.0057606697 0.7846041821 2.0917909324 1.4473460674 -0.4724049458 0.6622516082 -0.4746250227 0.3361360774
1413393259.0557603836 0.7981294770 2.0885161679 1.4481155685 -0.4842374586 0.6548546867 -0.4684038133 0.3424577210
1413393259.1057605743 0.8115435366 2.0851496253 1.4493037726 -0.4958959265 0.6471240293 -0.4614418553 0.3498415854
1413393259.1557605267 0.8253092547 2.0827533028 1.4489717234 -0.5071971350 0.6388027540 -0.4556153568 0.3565063174
1413393259.2057607174 0.8387944272 2.0783194237 1.4505945404 -0.5176292006 0.6304265350 -0.4494550779 0.3641600302
1413393259.2557604313 0.8528127598 2.0745734850 1.4504717791 -0.5284627246 0.6214567868 -0.4433068424 0.3714803552
1413393259.3057606220 0.8672322931 2.0701026311 1.4535505301 -0.5389113261 0.6131722287 -0.4359468938 0.3788729422
1413393259.3557605743 0.8822187441 2.0671667620 1.4550637667 -0.5489913242 0.6050855648 -0.4289876326 0.3852915730
1413393259.4057605267 0.8962417590 2.0637376999 1.4563270751 -0.5583697841 0.5962863077 -0.4225711298 0.3925550453
1413393259.4557604790 0.9124339896 2.0589679571 1.4587734701 -0.5682227682 0.5865557294 -0.4155213729 0.4005212237
1413393259.5057606697 0.9279097380 2.0544281794 1.4621275157 -0.5783745916 0.5769841824 -0.4087367480 0.4068247238
1413393259.5557603836 0.9441148917 2.0488998953 1.4649952291 -0.5890232614 0.5664292142 -0.4012356394 0.4137867863
1413393259.6057605743 0.9602381952 2.0440583646 1.4680618485 -0.5992017524 0.5555950212 -0.3946413379 0.4201543130
1413393259.6557605267 0.9767125530 2.0388512548 1.4719680430 -0.6095265838 0.5451809905 -0.3864352468 0.4265241274
1413393259.7057607174 0.9933362878 2.0344245236 1.4755861709 -0.6195829661 0.5339691733 -0.3785242004 0.4332589292
1413393259.7557604313 1.0101296544 2.0285051837 1.4792051479 -0.6291523351 0.5228409717 -0.3704679504 0.4399524465
1413393259.8057606220 1.0283264642 2.0215408961 1.4850773170 -0.6384312671 0.5113950279 -0.3626957242 0.4464666329
1413393259.8557605743 1.0463129713 2.0154678390 1.4902053513 -0.6469720734 0.5000489160 -0.3550324870 0.4531337010
1413393259.9057605267 1.0656485270 2.0081474093 1.4967433329 -0.6552053625 0.4890304639 -0.3474046938 0.4592005195
1413393259.9557604790 1.0837868115 2.0040230197 1.5020383057 -0.6628013699 0.4786468265 -0.3400908208 0.4646824648
1413393260.0057606697 1.1014711031 1.9976385386 1.5057153844 -0.6698722518 0.4678006477 -0.3329097207 0.4707492307
1413393260.0557603836 1.1186592019 1.9960914013 1.5053635495 -0.6759954674 0.4577763014 -0.3276449157 0.4755205518
1413393260.1057605743 1.1384245709 1.9884590061 1.5096543046 -0.6821971307 0.4467675310 -0.3204287710 0.4820075215
1413393260.1557605267 1.1579791692 1.9816524139 1.5142431847 -0.6885445327 0.4364444254 -0.3130491478 0.4872606295
1413393260.2057607174 1.1781689663 1.9749861175 1.5196970267 -0.6945639911 0.4260886448 -0.3059241097 0.4923817301
1413393260.2557604313 1.1959283515 1.9704018446 1.5223135682 -0.7001848297 0.4154732044 -0.2995661015 0.4973764887
1413393260.3057606220 1.2169269819 1.9633640908 1.5259849255 -0.7037355930 0.4033688756 -0.2947409717 0.5051509922
1413393260.3557605743 1.2371303035 1.9549550342 1.5275054908 -0.7053346379 0.3887984896 -0.2947635828 0.5142501466
1413393260.4057605267 1.2592547869 1.9520177560 1.5325259413 -0.7063048542 0.3760849584 -0.2973338709 0.5208513475
1413393260.4557604790 1.2790186374 1.9448919759 1.5312736346 -0.7059384642 0.3610405612 -0.3042088876 0.5279749527
1413393260.5057606697 1.2959989000 1.9377874393 1.5277430343 -0.7042352015 0.3470563456 -0.3124321621 0.5347810935
1413393260.5557603836 1.3132223964 1.9294269215 1.5240008405 -0.7037214963 0.3347189174 -0.3207731417 0.5383715200
1413393260.6057605743 1.3259458761 1.9230890510 1.5171757083 -0.7028760308 0.3243240569 -0.3286220535 0.5410977153
1413393260.6557605267 1.3362135380 1.9154019676 1.5112098423 -0.7056749357 0.3155799212 -0.3337346731 0.5394936203
1413393260.7057607174 1.3407408907 1.9085312077 1.5031953149 -0.7088117340 0.3075077503 -0.3371984806 0.5378866925
1413393260.7557604313 1.3407199895 1.9050566937 1.4978672596 -0.7156672581 0.3075590346 -0.3335062444 0.5310380409
1413393260.8057606220 1.3364483866 1.9034859187 1.4937789712 -0.7235134208 0.3114260665 -0.3262299366 0.5226051698
1413393260.8557605743 1.3299200187 1.9009881552 1.4913399289 -0.7293982407 0.3189872290 -0.3130632718 0.5178964588
1413393260.9057605267 1.3200374426 1.9005731196 1.4888660161 -0.7331803207 0.3270017527 -0.3003486326 0.5150797705
1413393260.9557604790 1.3093151863 1.9009096270 1.4873420868 -0.7359693028 0.3354311407 -0.2876183224 0.5129433066
1413393261.0057606697 1.2960122453 1.9053768478 1.4850564211 -0.7373815094 0.3432935806 -0.2778746863 0.5110808996
1413393261.0557603836 1.2846278533 1.9073669690 1.4848809564 -0.7391117776 0.3492461648 -0.2698385002 0.5088497622
1413393261.1057605743 1.2714345372 1.9124191582 1.4847227139 -0.7403787957 0.3551528344 -0.2637360753 0.5061116336
1413393261.1557605267 1.2582911616 1.9196083821 1.4844584024 -0.7420866590 0.3592205077 -0.2610329463 0.5021253014
1413393261.2057607174 1.2465695075 1.9263919437 1.4862042873 -0.7440181972 0.3622231421 -0.2585942459 0.4983576362
1413393261.2557604313 1.2377547883 1.9328350427 1.4874851766 -0.7447475737 0.3638515645 -0.2578662619 0.4964555181
1413393261.3057606220 1.2261371994 1.9422940567 1.4824594691 -0.7432812412 0.3623716475 -0.2599783525 0.4986291626
1413393261.3557605743 1.2186044162 1.9509931766 1.4846874689 -0.7424601026 0.3592818099 -0.2596751127 0.5022334248
1413393261.4057605267 1.2101067349 1.9611765096 1.4852397760 -0.7420930939 0.3550828462 -0.2594417338 0.5058695475
1413393261.4557604790 1.2000795971 1.9756428413 1.4878197216 -0.7426273383 0.3500715627 -0.2586597421 0.5089692282
1413393261.5057606697 1.1928285700 1.9857883651 1.4871361084 -0.7439326490 0.3457283127 -0.2523516025 0.5131810755
1413393261.5557603836 1.1859932735 1.9975079502 1.4882417531 -0.7451718143 0.3424420827 -0.2432701041 0.5179498466
1413393261.6057605743 1.1789884864 2.0107296406 1.4906547360 -0.7471065928 0.3400068706 -0.2316473916 0.5220790677
1413393261.6557605267 1.1758618580 2.0213927386 1.4956600913 -0.7511040778 0.3353013191 -0.2189908997 0.5248415718
1413393261.7057607174 1.1687007531 2.0351432489 1.4951747411 -0.7547350195 0.3299200216 -0.2076616264 0.5276404824
1413393261.7557604313 1.1661617369 2.0463923470 1.4980528037 -0.7593140839 0.3226577022 -0.1959483875 0.5300361861
1413393261.8057606220 1.1643292743 2.0585839480 1.5002954005 -0.7642883275 0.3134271761 -0.1855831004 0.5321519243
1413393261.8557605743 1.1644363824 2.0694321368 1.5031600119 -0.7682632101 0.3019372944 -0.1786459305 0.5354354693
1413393261.9057605267 1.1693888304 2.0783655956 1.5062159088 -0.7708205626 0.2882105301 -0.1768251105 0.5399103916
1413393261.9557604790 1.1737900522 2.0883444999 1.5098183406 -0.7723493446 0.2761467204 -0.1751050254 0.5445711238
1413393262.0057606697 1.1762282517 2.1002045244 1.5124654281 -0.7739509386 0.2654681178 -0.1755516547 0.5474561532
1413393262.0557603836 1.1806074504 2.1116682411 1.5134793332 -0.7743388030 0.2567374643 -0.1754887838 0.5510798303
1413393262.1057605743 1.1874444385 2.1217951227 1.5172624597 -0.7754814393 0.2493474216 -0.1745873696 0.5531488506
1413393262.1557605267 1.1992953361 2.1297988553 1.5225180075 -0.7764458567 0.2434508418 -0.1724251179 0.5550973770
1413393262.2057607174 1.2085485734 2.1385721773 1.5260119502 -0.7774367783 0.2387423045 -0.1722079239 0.5558224525
1413393262.2557604313 1.2157045657 2.1482783405 1.5303794447 -0.7780431906 0.2359776950 -0.1716702564 0.5563206307
1413393262.3057606220 1.2254534892 2.1581042372 1.5354544206 -0.7799045017 0.2339421963 -0.1706845989 0.5548754678
1413393262.3557605743 1.2343507471 2.1674554321 1.5399511111 -0.7810388368 0.2317313338 -0.1714842335 0.5539603615
1413393262.4057605267 1.2425634824 2.1761736167 1.5445599266 -0.7813825496 0.2312065042 -0.1706594593 0.5539496480
1413393262.4557604790 1.2515900893 2.1841373801 1.5486345123 -0.7819979643 0.2305983910 -0.1700326648 0.5535272882
1413393262.5057606697 1.2616898575 2.1922121635 1.5517733261 -0.7821517265 0.2297556367 -0.1699450706 0.5536873641
1413393262.5557603836 1.2691030394 2.2019102886 1.5536959667 -0.7824204420 0.2293034353 -0.1704301792 0.5533459501
1413393262.6057605743 1.2795273866 2.2111926206 1.5543545118 -0.7829798846 0.2284777474 -0.1707739860 0.5527898922
1413393262.6557605267 1.2878251053 2.2229556782 1.5499479471 -0.7828552385 0.2284422331 -0.1713737411 0.5527954980
1413393262.7057607174 1.2976017553 2.2330733794 1.5460184451 -0.7830640001 0.2282339461 -0.1710889343 0.5526740579
1413393262.7557604313 1.3083959308 2.2420251554 1.5392584133 -0.7835558959 0.2275892177 -0.1707565946 0.5523454457
1413393262.8057606220 1.3161936856 2.2520799673 1.5291091946 -0.7835763851 0.2276170659 -0.1705740628 0.5523613030
1413393262.8557605743 1.3243895442 2.2642972352 1.5196182039 -0.7837379073 0.2281680408 -0.1699940458 0.5520835645
1413393262.9057605267 1.3325685909 2.2754015391 1.5107132954 -0.7835488449 0.2281971943 -0.1692716123 0.5525616432
1413393262.9557604790 1.3379035370 2.2888906150 1.5028936664 -0.7839586658 0.2298791416 -0.1678949530 0.5517025242
1413393263.0057606697 1.3471508401 2.3001363515 1.4960164919 -0.7843464257 0.2301066238 -0.1658955226 0.5516614014
1413393263.0557603836 1.3572998075 2.3108770758 1.4884825986 -0.7838661515 0.2315613929 -0.1627589566 0.5526687072
1413393263.1057605743 1.3673630101 2.3230555837 1.4823049468 -0.7845527651 0.2324581387 -0.1602358480 0.5520549298
1413393263.1557605267 1.3766483965 2.3366449502 1.4802092010 -0.7846925095 0.2340852374 -0.1576724072 0.5519068574
1413393263.2057607174 1.3869744347 2.3455975794 1.4747159057 -0.7848047768 0.2346022792 -0.1548976510 0.5523132721
1413393263.2557604313 1.3954748694 2.3592385493 1.4702076847 -0.7840697770 0.2353243540 -0.1543401868 0.5532053326
1413393263.3057606220 1.4082170933 2.3684340930 1.4645814590 -0.7831410279 0.2348036610 -0.1535016557 0.5549726236
1413393263.3557605743 1.4196197840 2.3808479702 1.4595840989 -0.7826596898 0.2352726507 -0.1529112358 0.5556156439
1413393263.4057605267 1.4303970940 2.3920087329 1.4550799156 -0.7822944233 0.2363018282 -0.1524784225 0.5558122092
1413393263.4557604790 1.4429519717 2.4045383829 1.4511896445 -0.7823613460 0.2354266696 -0.1545753866 0.5555100876
1413393263.5057606697 1.4569155224 2.4155451368 1.4460066927 -0.7822464060 0.2342604680 -0.1565576941 0.5556098288
1413393263.5557603836 1.4700600793 2.4278887366 1.4380620961 -0.7802879150 0.2330643018 -0.1601033141 0.5578518887
1413393263.6057605743 1.4846517498 2.4383543770 1.4285824023 -0.7780844861 0.2306838748 -0.1634820028 0.5609305814
1413393263.6557605267 1.4965844974 2.4495549829 1.4169588442 -0.7741728378 0.2284863119 -0.1678694090 0.5659242741
1413393263.7057607174 1.5131523519 2.4582955961 1.4052516417 -0.7710189023 0.2258418905 -0.1692158725 0.5708688828
1413393263.7557604313 1.5257782750 2.4702560567 1.3922661224 -0.7694717028 0.2220270958 -0.1709953808 0.5739144945
1413393263.8057606220 1.5364832296 2.4801172170 1.3787245937 -0.7683238946 0.2167844214 -0.1720803791 0.5771232543
1413393263.8557605743 1.5468078635 2.4901571112 1.3657694842 -0.7686400869 0.2117072754 -0.1700603671 0.5791821111
1413393263.9057605267 1.5553393376 2.4954586081 1.3532737492 -0.7694597873 0.2050456323 -0.1673767415 0.5812683982
1413393263.9557604790 1.5619004299 2.5016768830 1.3395312553 -0.7696653678 0.1987049660 -0.1639724713 0.5841614390
1413393264.0057606697 1.5686565497 2.5070174225 1.3284705163 -0.7722785307 0.1929103620 -0.1597484923 0.5838252158
1413393264.0557603836 1.5729494171 2.5127484717 1.3144862839 -0.7745928155 0.1894609292 -0.1548634322 0.5832048044
1413393264.1057605743 1.5769494419 2.5143334710 1.3052254452 -0.7793959123 0.1864332468 -0.1497174876 0.5791108100
1413393264.1557605267 1.5793992941 2.5188703349 1.2967672301 -0.7844838643 0.1856500424 -0.1456182068 0.5735106506
1413393264.2057607174 1.5826099494 2.5203190192 1.2875548433 -0.7894819837 0.1851467551 -0.1412004736 0.5678919815
1413393264.2557604313 1.5847419311 2.5220627776 1.2779121643 -0.7938146021 0.1841330700 -0.1401862886 0.5624066096
1413393264.3057606220 1.5882488511 2.5243033627 1.2700469671 -0.7973158023 0.1845456793 -0.1381964979 0.5577921939
1413393264.3557605743 1.5931836174 2.5250658999 1.2613931824 -0.8002351185 0.1836040640 -0.1387880080 0.5537609517
1413393264.4057605267 1.5963581915 2.5276925850 1.2533405214 -0.8026035793 0.1837583502 -0.1391268930 0.5501854877
1413393264.4557604790 1.5990270117 2.5319303178 1.2456902466 -0.8028130349 0.1844935298 -0.1398511228 0.5494497538
1413393264.5057606697 1.6017404802 2.5368749650 1.2393760826 -0.8025076053 0.1860532826 -0.1403087184 0.5492532959
1413393264.5557603836 1.6049441063 2.5431235671 1.2331454746 -0.8018263787 0.1872128074 -0.1415588076 0.5495333722
1413393264.6057605743 1.6093755724 2.5501545377 1.2305461138 -0.8000666588 0.1891832059 -0.1413429011 0.5514755121
1413393264.6557605267 1.6132301557 2.5568460475 1.2265001497 -0.7988591935 0.1912206364 -0.1407457834 0.5526746617
1413393264.7057607174 1.6155893129 2.5654179720 1.2193232881 -0.7965811980 0.1926998363 -0.1396659237 0.5557144932
1413393264.7557604313 1.6202583620 2.5731612909 1.2147825036 -0.7966519466 0.1923606847 -0.1367763405 0.5564488078
1413393264.8057606220 1.6237916722 2.5814170158 1.2102163418 -0.7959130441 0.1912224722 -0.1366647287 0.5579239592
1413393264.8557605743 1.6292471674 2.5896484412 1.2065698045 -0.7968598930 0.1890083955 -0.1364310015 0.5573838168
1413393264.9057605267 1.6319780829 2.5997846099 1.2016884314 -0.7970864827 0.1873851278 -0.1379595262 0.5572316593
1413393264.9557604790 1.6341467786 2.6090275562 1.1945754443 -0.7971496148 0.1863668538 -0.1395192195 0.5570944936
1413393265.0057606697 1.6366106175 2.6196908708 1.1881079633 -0.7973309277 0.1853056171 -0.1409639695 0.5568252682
1413393265.0557603836 1.6413841507 2.6282198643 1.1821575371 -0.7962300788 0.1839519819 -0.1422101823 0.5585298506
1413393265.1057605743 1.6429356908 2.6406899681 1.1759705225 -0.7950244297 0.1840316435 -0.1443532417 0.5596701278
1413393265.1557605267 1.6478132206 2.6510141457 1.1717325346 -0.7912136693 0.1823146110 -0.1458822869 0.5652085195
1413393265.2057607174 1.6498123930 2.6606942924 1.1633256802 -0.7839920218 0.1807195661 -0.1490597338 0.5748722848
1413393265.2557604313 1.6540457744 2.6707844113 1.1632869482 -0.7798026659 0.1790946072 -0.1509678196 0.5805528756
1413393265.3057606220 1.6520238294 2.6827865134 1.1606019695 -0.7747215207 0.1803945009 -0.1515549247 0.5867669846
1413393265.3557605743 1.6546676888 2.6905106223 1.1601914221 -0.7719448311 0.1835836768 -0.1465308324 0.5907003694
1413393265.4057605267 1.6531172845 2.6975042086 1.1571504936 -0.7707955652 0.1884380041 -0.1417215447 0.5918448437
1413393265.4557604790 1.6523653220 2.7026859929 1.1549181943 -0.7727417878 0.1920481757 -0.1368156758 0.5892954255
1413393265.5057606697 1.6514922211 2.7062137282 1.1535565728 -0.7758024573 0.1959306069 -0.1310415588 0.5852946732
1413393265.5557603836 1.6498541394 2.7079342670 1.1509341333 -0.7796072168 0.1956107615 -0.1285051418 0.5808919400
1413393265.6057605743 1.6484194093 2.7102297883 1.1498216092 -0.7837504849 0.1904488367 -0.1295015066 0.5767961319
1413393265.6557605267 1.6464167549 2.7089774497 1.1475434552 -0.7871972512 0.1827708496 -0.1319135340 0.5740332079
1413393265.7057607174 1.6465142222 2.7078192514 1.1471578683 -0.7902795466 0.1742747014 -0.1314789187 0.5725380866
1413393265.7557604313 1.6455204604 2.7068734937 1.1480781136 -0.7933756426 0.1652205916 -0.1301586548 0.5712407289
1413393265.8057606220 1.6412877119 2.7089442634 1.1506455270 -0.7957976684 0.1575639113 -0.1291031982 0.5702736615
1413393265.8557605743 1.6384784813 2.7076799495 1.1535699595 -0.7981038899 0.1490071145 -0.1250176294 0.5702610395
1413393265.9057605267 1.6353399108 2.7060459906 1.1555006778 -0.7999431097 0.1404827655 -0.1199047099 0.5709452464
1413393265.9557604790 1.6299334826 2.7068040627 1.1607661939 -0.8024871891 0.1326034608 -0.1139838818 0.5704720048
1413393266.0057606697 1.6232887880 2.7068873283 1.1654077232 -0.8041131430 0.1236350894 -0.1067672025 0.5715917970
1413393266.0557603836 1.6177325857 2.7074756215 1.1714853829 -0.8064743396 0.1146723702 -0.0966895106 0.5719270282
1413393266.1057605743 1.6120478108 2.7064350970 1.1752040394 -0.8072959506 0.1027292495 -0.0881411171 0.5744136949
1413393266.1557605267 1.6066914856 2.7061716280 1.1838328889 -0.8090671713 0.0888426457 -0.0779443950 0.5757099686
1413393266.2057607174 1.6002026831 2.7075939932 1.1927272572 -0.8110657817 0.0744074819 -0.0663111642 0.5764014693
1413393266.2557604313 1.5928029392 2.7072826431 1.2007884628 -0.8125283598 0.0587730461 -0.0541305236 0.5774195009
1413393266.3057606220 1.5840268900 2.7079809439 1.2101431071 -0.8135381231 0.0418141742 -0.0402475315 0.5786081863
1413393266.3557605743 1.5757885529 2.7088207388 1.2208819729 -0.8149305735 0.0225945934 -0.0263100255 0.5785200319
1413393266.4057605267 1.5669977406 2.7078235941 1.2307469954 -0.8150460156 0.0027306571 -0.0110512922 0.5792843903
1413393266.4557604790 1.5593933588 2.7074155552 1.2411471962 -0.8152255735 -0.0200403098 0.0053889801 0.5787716381
1413393266.5057606697 1.5508987103 2.7061638462 1.2522186728 -0.8140781656 -0.0422975550 0.0229088263 0.5787597454
1413393266.5557603836 1.5420436472 2.7043572199 1.2639223892 -0.8113280134 -0.0639585727 0.0406588947 0.5796576661
1413393266.6057605743 1.5369392797 2.7043135515 1.2772169162 -0.8065611608 -0.0855061813 0.0598573227 0.5818632896
1413393266.6557605267 1.5298997918 2.7017589706 1.2843134685 -0.8019957007 -0.1044495706 0.0766389362 0.5831120448
1413393266.7057607174 1.5232821261 2.6998449368 1.2903673342 -0.7979784351 -0.1211178618 0.0921443766 0.5831554634
1413393266.7557604313 1.5179362313 2.6965859307 1.2932942565 -0.7941032905 -0.1366173732 0.1065014009 0.5825745523
1413393266.8057606220 1.5129732644 2.6928146528 1.2935604883 -0.7901514860 -0.1507586488 0.1192091975 0.5819979607
1413393266.8557605743 1.5092941129 2.6909515536 1.2984192353 -0.7855972975 -0.1630326001 0.1293845431 0.5826807853
1413393266.9057605267 1.5067797275 2.6874687090 1.3048120877 -0.7813871392 -0.1735799661 0.1364837588 0.5836748389
1413393266.9557604790 1.5055599205 2.6828589056 1.3123031601 -0.7817888796 -0.1821304458 0.1412197721 0.5793890096
1413393267.0057606697 1.5075566157 2.6795855380 1.3211492568 -0.7814308993 -0.1894336867 0.1448808398 0.5766196061
1413393267.0557603836 1.5087772137 2.6739843355 1.3367308852 -0.7844136695 -0.1939125540 0.1477820185 0.5703100836
1413393267.1057605743 1.5129379825 2.6687673390 1.3511052475 -0.7837370025 -0.1970130538 0.1497459160 0.5696651018
1413393267.1557605267 1.5171147397 2.6652288322 1.3685977682 -0.7856420674 -0.1978942259 0.1514591567 0.5662724973
1413393267.2057607174 1.5212732265 2.6597623638 1.3823449136 -0.7872527508 -0.1980920608 0.1517351940 0.5638874646
1413393267.2557604313 1.5261718058 2.6555174006 1.3916346578 -0.7880342117 -0.1968207877 0.1527396915 0.5629691336
1413393267.3057606220 1.5324547411 2.6522805572 1.4003102597 -0.7897725478 -0.1952411276 0.1524238873 0.5611659143
1413393267.3557605743 1.5390663127 2.6492252724 1.4056006743 -0.7901817570 -0.1931183739 0.1520926717 0.5614141998
1413393267.4057605267 1.5455388078 2.6462773181 1.4093101051 -0.7904252654 -0.1917189002 0.1505164115 0.5619755982
1413393267.4557604790 1.5525014537 2.6426120453 1.4093161794 -0.7904567589 -0.1903308440 0.1478646420 0.5631059667
1413393267.5057606697 1.5595203637 2.6417613569 1.4090513752 -0.7903130354 -0.1899045586 0.1433250971 0.5646233092
1413393267.5557603836 1.5690380425 2.6413418978 1.4080701113 -0.7909635991 -0.1899011385 0.1390374430 0.5647855628
1413393267.6057605743 1.5759213076 2.6395858236 1.4047928735 -0.7915473176 -0.1895924560 0.1341594004 0.5652510946
1413393267.6557605267 1.5835088115 2.6371773121 1.3979826569 -0.7914880272 -0.1895984337 0.1299718548 0.5663095034
1413393267.7057607174 1.5919078776 2.6368196423 1.3899301477 -0.7913853011 -0.1895938225 0.1270249830 0.5671226863
1413393267.7557604313 1.5996564182 2.6366114119 1.3799889240 -0.7916896927 -0.1904905640 0.1230641072 0.5672706594
1413393267.8057606220 1.6061621997 2.6326762180 1.3695577163 -0.7918373012 -0.1909404875 0.1208335219 0.5673928786
1413393267.8557605743 1.6129462417 2.6284634891 1.3594449079 -0.7910151351 -0.1924311461 0.1180241378 0.5686260748
1413393267.9057605267 1.6192874279 2.6265955402 1.3482791573 -0.7905260178 -0.1939357869 0.1160649981 0.5691980692
1413393267.9557604790 1.6263003015 2.6237575401 1.3391974805 -0.7900913312 -0.1937931718 0.1182218668 0.5694062566
1413393268.0057606697 1.6295573154 2.6197579202 1.3327546151 -0.7911761064 -0.1910676289 0.1220997955 0.5680010298
1413393268.0557603836 1.6350629182 2.6154212186 1.3263172802 -0.7924580017 -0.1882626073 0.1269915771 0.5660747704
1413393268.1057605743 1.6396105718 2.6117504213 1.3217385376 -0.7938215888 -0.1865562623 0.1300611075 0.5640285050
1413393268.1557605267 1.6439130021 2.6089817534 1.3172152464 -0.7957686633 -0.1843651129 0.1338765104 0.5611049988
1413393268.2057607174 1.6478776092 2.6058726233 1.3103258138 -0.7960670598 -0.1844173803 0.1345115613 0.5605123602
1413393268.2557604313 1.6528301266 2.5967374749 1.3003292163 -0.7947079275 -0.1862276194 0.1324278597 0.5623357055
1413393268.3057606220 1.6581764701 2.5953258197 1.2960319097 -0.7944688703 -0.1893754884 0.1286352290 0.5625025479
1413393268.3557605743 1.6620999907 2.5926751009 1.2919089904 -0.7942647501 -0.1933211813 0.1227803616 0.5627569728
1413393268.4057605267 1.6658050268 2.5908973770 1.2890143535 -0.7945452804 -0.1980702647 0.1161558102 0.5621154645
1413393268.4557604790 1.6690140649 2.5893932184 1.2869519802 -0.7943538988 -0.2003433657 0.1130898132 0.5622055793
1413393268.5057606697 1.6713966051 2.5874225511 1.2860185359 -0.7950390512 -0.2012273833 0.1106898765 0.5613984312
1413393268.5557603836 1.6715007685 2.5851606793 1.2879190164 -0.7964282553 -0.1987769735 0.1122925450 0.5599822616
1413393268.6057605743 1.6719988324 2.5843070613 1.2900111223 -0.7967862942 -0.1951301814 0.1153350989 0.5601371517
1413393268.6557605267 1.6712843223 2.5835888839 1.2936761379 -0.7966001078 -0.1918987733 0.1178209485 0.5610003147
1413393268.7057607174 1.6707609345 2.5826724260 1.2975851945 -0.7960211663 -0.1892884687 0.1198435156 0.5622790323
1413393268.7557604313 1.6688713702 2.5824881590 1.3034673690 -0.7967001390 -0.1862839959 0.1219128550 0.5618758023
1413393268.8057606220 1.6670889767 2.5827456778 1.3089442057 -0.7979422700 -0.1843443860 0.1230657200 0.5604998748
1413393268.8557605743 1.6662237250 2.5843472346 1.3154752080 -0.7981817511 -0.1820124110 0.1246794277 0.5605643717
1413393268.9057605267 1.6639684522 2.5847419113 1.3211032084 -0.7991876097 -0.1804685499 0.1255507305 0.5594347871
1413393268.9557604790 1.6616002096 2.5858477589 1.3249753861 -0.7980372326 -0.1795682858 0.1253128783 0.5614165020
1413393269.0057606697 1.6601545916 2.5877604723 1.3263060837 -0.7957593050 -0.1810294411 0.1221603299 0.5648648721
1413393269.0557603836 1.6588065607 2.5898111049 1.3265636334 -0.7931741516 -0.1840921560 0.1174444238 0.5684994729
1413393269.1057605743 1.6573077913 2.5917019134 1.3243530620 -0.7902031190 -0.1893261037 0.1105882347 0.5722804379
1413393269.1557605267 1.6547327469 2.5928775010 1.3245238511 -0.7885132527 -0.1937972923 0.1067949809 0.5738329826
1413393269.2057607174 1.6507012007 2.5926017237 1.3251040823 -0.7856814589 -0.1972263216 0.1075697382 0.5763984512
1413393269.2557604313 1.6451426264 2.5913478402 1.3264287039 -0.7835170976 -0.1992982813 0.1143319606 0.5773295034
1413393269.3057606220 1.6399845173 2.5905248556 1.3289931314 -0.7808289309 -0.2016803776 0.1234115899 0.5782739709
1413393269.3557605743 1.6328836459 2.5861902638 1.3305691292 -0.7764574865 -0.2035657155 0.1329170221 0.5813844136
1413393269.4057605267 1.6280945034 2.5835690963 1.3335921871 -0.7734248177 -0.2057548710 0.1436855738 0.5820940133
1413393269.4557604790 1.6232319205 2.5786267572 1.3324008690 -0.7708559514 -0.2084087769 0.1508261771 0.5827506741
1413393269.5057606697 1.6202566438 2.5753574358 1.3299905275 -0.7703858483 -0.2102935004 0.1580406230 0.5807800358
1413393269.5557603836 1.6165009472 2.5698984006 1.3244833298 -0.7713295183 -0.2122234930 0.1626346524 0.5775482084
1413393269.6057605743 1.6136947501 2.5635847267 1.3152068108 -0.7728067910 -0.2139443485 0.1660470460 0.5739563206
1413393269.6557605267 1.6109287640 2.5581805170 1.3046462119 -0.7741562493 -0.2146422452 0.1688938043 0.5710391328
1413393269.7057607174 1.6101566633 2.5529575731 1.2905951047 -0.7755736401 -0.2160407185 0.1708255690 0.5680057761
1413393269.7557604313 1.6090722248 2.5454308230 1.2743244523 -0.7774290183 -0.2176801117 0.1706708713 0.5648813541
1413393269.8057606220 1.6107050663 2.5405142244 1.2581429743 -0.7797508224 -0.2199659598 0.1696224436 0.5610987953
1413393269.8557605743 1.6130093768 2.5351406033 1.2416269092 -0.7812465668 -0.2230241046 0.1671679584 0.5585417838
1413393269.9057605267 1.6161433604 2.5308538267 1.2271545948 -0.7820757246 -0.2268041239 0.1638380492 0.5568433747
1413393269.9557604790 1.6177214959 2.5255423310 1.2129586544 -0.7827744235 -0.2303312605 0.1592152113 0.5557537483
1413393270.0057606697 1.6212404812 2.5237126503 1.1981996175 -0.7832095137 -0.2342953941 0.1549097503 0.5546994638
1413393270.0557603836 1.6244211350 2.5202307683 1.1855678432 -0.7832053574 -0.2359730814 0.1542476988 0.5541784193
1413393270.1057605743 1.6256365245 2.5157975759 1.1726585101 -0.7847053574 -0.2365772143 0.1539273222 0.5518832334
1413393270.1557605267 1.6276547288 2.5127361588 1.1595767533 -0.7853971334 -0.2369706183 0.1543332082 0.5506155917
1413393270.2057607174 1.6285801042 2.5079159301 1.1472066944 -0.7855733342 -0.2372983034 0.1549619771 0.5500462140
1413393270.2557604313 1.6298642244 2.5055680623 1.1356470901 -0.7862127541 -0.2375089310 0.1556602256 0.5488432446
1413393270.3057606220 1.6309904036 2.5035409777 1.1252776400 -0.7863983663 -0.2376790511 0.1570330842 0.5481121131
1413393270.3557605743 1.6308837129 2.5023612108 1.1159808909 -0.7863061167 -0.2368734823 0.1577168460 0.5483967913
1413393270.4057605267 1.6312030332 2.5016791144 1.1060453188 -0.7873325596 -0.2342800332 0.1586274841 0.5477751618
1413393270.4557604790 1.6311323302 2.5015357269 1.0973779075 -0.7879534657 -0.2305743369 0.1587868756 0.5484081866
1413393270.5057606697 1.6317933566 2.5023192794 1.0875360872 -0.7889984084 -0.2261428264 0.1581354718 0.5489390733
1413393270.5557603836 1.6313666023 2.5042198397 1.0789072274 -0.7907664596 -0.2219355943 0.1539961354 0.5492888026
1413393270.6057605743 1.6319583553 2.5070684975 1.0706907406 -0.7918891091 -0.2170804468 0.1497862361 0.5507738210
1413393270.6557605267 1.6321030122 2.5091480229 1.0623165177 -0.7939515976 -0.2119927356 0.1436817928 0.5514122624
1413393270.7057607174 1.6327397570 2.5143821923 1.0568463805 -0.7946242566 -0.2084872836 0.1351769965 0.5539246546
1413393270.7557604313 1.6333478776 2.5193329018 1.0534955764 -0.7947642220 -0.2038404230 0.1305283320 0.5565620074
1413393270.8057606220 1.6341083734 2.5244324026 1.0520517834 -0.7950363668 -0.2012276746 0.1247348706 0.5584494699
1413393270.8557605743 1.6327489584 2.5292109451 1.0552186073 -0.7952087167 -0.1983097258 0.1191390994 0.5604660779
1413393270.9057605267 1.6312733957 2.5338998383 1.0611548695 -0.7958722342 -0.1969648366 0.1140389672 0.5610591359
1413393270.9557604790 1.6289891397 2.5402636408 1.0713617809 -0.7947821920 -0.1954332312 0.1094660517 0.5640428202
1413393271.0057606697 1.6259468729 2.5449499223 1.0808291658 -0.7950725377 -0.1951081987 0.1044207475 0.5647023624
1413393271.0557603836 1.6223453828 2.5511541164 1.0892400685 -0.7952081854 -0.1934315971 0.1027715326 0.5653902822
1413393271.1057605743 1.6168436899 2.5553371319 1.0955893403 -0.7947636884 -0.1913164172 0.1013614797 0.5669872649
1413393271.1557605267 1.6100424055 2.5589514568 1.0983649318 -0.7939499846 -0.1882982489 0.1016890825 0.5690751461
1413393271.2057607174 1.6040937232 2.5641922033 1.1004374351 -0.7933113870 -0.1876052986 0.1001856603 0.5704595767
1413393271.2557604313 1.5970986530 2.5682657970 1.0983750483 -0.7912034119 -0.1873062756 0.0975935504 0.5739242277
1413393271.3057606220 1.5893533053 2.5728168710 1.0954356445 -0.7895441519 -0.1871182286 0.0933250184 0.5769724792
1413393271.3557605743 1.5809640781 2.5756487858 1.0888293159 -0.7885194360 -0.1855391284 0.0884517928 0.5796452460
1413393271.4057605267 1.5723929114 2.5797572611 1.0847331551 -0.7878888320 -0.1817239494 0.0851890434 0.5821944876
1413393271.4557604790 1.5620674352 2.5817583545 1.0811159401 -0.7887031076 -0.1744710334 0.0836637174 0.5835303325
1413393271.5057606697 1.5509189681 2.5835371435 1.0786203523 -0.7901493815 -0.1655060378 0.0824483444 0.5843577473
1413393271.5557603836 1.5396243026 2.5845603987 1.0775129713 -0.7907667068 -0.1555983952 0.0829866560 0.5861658211
1413393271.6057605743 1.5263444405 2.5831021415 1.0768012130 -0.7912461610 -0.1474577506 0.0822497534 0.5877250230
1413393271.6557605267 1.5143902837 2.5811790329 1.0758880953 -0.7926102541 -0.1405041102 0.0804371839 0.5878413387
1413393271.7057607174 1.5023110599 2.5793384722 1.0750587295 -0.7953020080 -0.1340159326 0.0762895498 0.5862715672
1413393271.7557604313 1.4904290278 2.5761812600 1.0776481574 -0.8003998838 -0.1267665612 0.0713261093 0.5815521053
1413393271.8057606220 1.4775992607 2.5724884502 1.0780644386 -0.8041811035 -0.1188946761 0.0665868542 0.5785525037
1413393271.8557605743 1.4652745137 2.5694633449 1.0805350048 -0.8079130662 -0.1121400442 0.0613145774 0.5752752477
1413393271.9057605267 1.4523288580 2.5657129729 1.0825619115 -0.8088999659 -0.1061653695 0.0559506231 0.5755686643
1413393271.9557604790 1.4399039864 2.5625774465 1.0853541373 -0.8093920766 -0.1014977671 0.0511956285 0.5761611556
1413393272.0057606697 1.4257361978 2.5594031402 1.0889224243 -0.8088988867 -0.0969753532 0.0472779690 0.5779646751
1413393272.0557603836 1.4128921952 2.5564422656 1.0928182625 -0.8095343306 -0.0936522812 0.0438954958 0.5778897846
1413393272.1057605743 1.3985804631 2.5525701617 1.0969927362 -0.8094803464 -0.0906856230 0.0411700728 0.5786386710
1413393272.1557605267 1.3837255360 2.5474335364 1.0985280184 -0.8087061833 -0.0864595496 0.0385063822 0.5805482874
1413393272.2057607174 1.3691687122 2.5443103398 1.1037500814 -0.8075353028 -0.0803200532 0.0375347321 0.5831179707
1413393272.2557604313 1.3548366964 2.5422712430 1.1121465633 -0.8084323345 -0.0719614644 0.0388808381 0.5828781936
1413393272.3057606220 1.3395423749 2.5377941234 1.1172701740 -0.8081699686 -0.0634350833 0.0382192528 0.5842744054
1413393272.3557605743 1.3259742753 2.5340510743 1.1235197869 -0.8085697611 -0.0548240056 0.0372692188 0.5846539791
1413393272.4057605267 1.3124000689 2.5289837176 1.1263754413 -0.8090084253 -0.0479257897 0.0330096331 0.5849092669
1413393272.4557604790 1.3007144220 2.5237194907 1.1317913971 -0.8090460939 -0.0422330409 0.0263855123 0.5856317895
1413393272.5057606697 1.2885512189 2.5198559202 1.1374029567 -0.8092091137 -0.0356490494 0.0195751269 0.5861113973
1413393272.5557603836 1.2765980348 2.5148797808 1.1419434914 -0.8093959665 -0.0299820043 0.0110856995 0.5863926637
1413393272.6057605743 1.2649775819 2.5108186137 1.1477074056 -0.8096108941 -0.0241514697 0.0017094197 0.5864673772
1413393272.6557605267 1.2525719834 2.5062104337 1.1539395219 -0.8102299741 -0.0175218409 -0.0071092014 0.5858069934
1413393272.7057607174 1.2400060713 2.5010530481 1.1592128564 -0.8109379948 -0.0107446382 -0.0162570750 0.5848075144
1413393272.7557604313 1.2290679001 2.4964414475 1.1657436172 -0.8113017228 -0.0031197450 -0.0237146885 0.5841381646
1413393272.8057606220 1.2176132999 2.4910573075 1.1710180234 -0.8113760692 0.0046938555 -0.0314034856 0.5836614285
1413393272.8557605743 1.2042498169 2.4855186255 1.1771560089 -0.8107744473 0.0128801429 -0.0400580693 0.5838443702
1413393272.9057605267 1.1916031222 2.4781406320 1.1807738751 -0.8097249307 0.0219195279 -0.0464353019 0.5845586656
1413393272.9557604790 1.1762490044 2.4726815748 1.1882435666 -0.8097259202 0.0316093538 -0.0528842479 0.5835649400
1413393273.0057606697 1.1613486532 2.4668958797 1.1945319654 -0.8092348809 0.0421436986 -0.0586225349 0.5830319156
1413393273.0557603836 1.1465700548 2.4607624014 1.2009099243 -0.8095553572 0.0542695894 -0.0622877931 0.5812014849
1413393273.1057605743 1.1311261422 2.4539718142 1.2054947050 -0.8099817202 0.0657666778 -0.0676313712 0.5788180669
1413393273.1557605267 1.1146911203 2.4495504590 1.2134211772 -0.8100712599 0.0782725559 -0.0726272671 0.5765268779
1413393273.2057607174 1.0981847245 2.4437178873 1.2191231267 -0.8101769078 0.0905680501 -0.0787884515 0.5737623081
1413393273.2557604313 1.0801579225 2.4397726568 1.2262131286 -0.8107996948 0.1032999286 -0.0858890348 0.5696982126
1413393273.3057606220 1.0657965327 2.4364313536 1.2308025462 -0.8101785003 0.1160408745 -0.0919582432 0.5671763347
1413393273.3557605743 1.0498779169 2.4333038238 1.2376000696 -0.8095199293 0.1280258119 -0.1002484280 0.5641250998
1413393273.4057605267 1.0351322470 2.4302840393 1.2438082441 -0.8068074600 0.1400182072 -0.1081718639 0.5636980326
1413393273.4557604790 1.0199594369 2.4280500086 1.2508540541 -0.8062506756 0.1508448324 -0.1171410245 0.5598961199
1413393273.5057606697 1.0077451123 2.4241595406 1.2559648979 -0.8025645360 0.1608730077 -0.1258647126 0.5605070160
1413393273.5557603836 0.9940383831 2.4226680665 1.2648766045 -0.7983251973 0.1711265803 -0.1345770940 0.5614994021
1413393273.6057605743 0.9803836233 2.4203118299 1.2729105056 -0.7936629309 0.1808837024 -0.1423251647 0.5631374485
1413393273.6557605267 0.9662989405 2.4199598847 1.2822296091 -0.7888613278 0.1916396288 -0.1499472476 0.5643473055
1413393273.7057607174 0.9528811093 2.4186300914 1.2898801118 -0.7844138687 0.2012057533 -0.1575907040 0.5651338757
1413393273.7557604313 0.9386714310 2.4174264469 1.2982275754 -0.7807842487 0.2104718371 -0.1644982985 0.5648166716
1413393273.8057606220 0.9241579948 2.4157001277 1.3065929297 -0.7775712467 0.2207051004 -0.1713635583 0.5632998720
1413393273.8557605743 0.9092450451 2.4145524870 1.3147934097 -0.7749489720 0.2322347485 -0.1759202344 0.5608682408
1413393273.9057605267 0.8955551356 2.4139178007 1.3248671064 -0.7734813142 0.2431749138 -0.1795008528 0.5571104574
1413393273.9557604790 0.8831815832 2.4093433604 1.3298773860 -0.7707875993 0.2543069808 -0.1838399498 0.5544522605
1413393274.0057606697 0.8694132139 2.4081772910 1.3397007371 -0.7691605912 0.2648131039 -0.1886880144 0.5501480149
1413393274.0557603836 0.8561897764 2.4061851654 1.3483463065 -0.7671218507 0.2749826013 -0.1930456702 0.5464814767
1413393274.1057605743 0.8415722611 2.4058170144 1.3591104279 -0.7642231401 0.2856263478 -0.1989599367 0.5429507576
1413393274.1557605267 0.8303262360 2.4032182201 1.3681395335 -0.7606008876 0.2953843551 -0.2040396114 0.5409271758
1413393274.2057607174 0.8191567126 2.3997232652 1.3761445175 -0.7566654593 0.3048536438 -0.2085470842 0.5394717345
1413393274.2557604313 0.8085703401 2.3979233798 1.3871225583 -0.7534946468 0.3146781400 -0.2135526499 0.5363009894
1413393274.3057606220 0.7989788364 2.3954498331 1.3972978817 -0.7498078771 0.3234044037 -0.2192624955 0.5339678803
1413393274.3557605743 0.7898332285 2.3950736407 1.4101089458 -0.7469005993 0.3318727917 -0.2249166961 0.5304831992
1413393274.4057605267 0.7833675769 2.3891156850 1.4173899044 -0.7430268742 0.3400260002 -0.2306959338 0.5282733852
1413393274.4557604790 0.7765647234 2.3857872757 1.4274543809 -0.7391909377 0.3483274847 -0.2367216969 0.5255735526
1413393274.5057606697 0.7694391552 2.3815867935 1.4319536017 -0.7343907341 0.3562240073 -0.2433862544 0.5239635841
1413393274.5557603836 0.7638331436 2.3770639112 1.4355236586 -0.7302300293 0.3652979978 -0.2484929990 0.5211263825
1413393274.6057605743 0.7588433729 2.3738799388 1.4390167636 -0.7257223658 0.3741223191 -0.2546968273 0.5181593039
1413393274.6557605267 0.7540338305 2.3690796061 1.4388000445 -0.7216424367 0.3826118345 -0.2604723634 0.5147761898
1413393274.7057607174 0.7492413661 2.3651919754 1.4375463192 -0.7172282041 0.3908098490 -0.2671808379 0.5113372321
1413393274.7557604313 0.7455749882 2.3613806646 1.4348751449 -0.7126284348 0.3972750339 -0.2756400809 0.5082871306
1413393274.8057606220 0.7431476518 2.3557385017 1.4308420235 -0.7073225809 0.4026665219 -0.2847523185 0.5064292208
1413393274.8557605743 0.7378481786 2.3511482418 1.4251151810 -0.7012564226 0.4084085308 -0.2944427623 0.5047230542
1413393274.9057605267 0.7342737580 2.3436421855 1.4171177873 -0.6951910332 0.4130516407 -0.3039553415 0.5036952649
1413393274.9557604790 0.7320051218 2.3380517088 1.4154842819 -0.6901572264 0.4183794598 -0.3117881671 0.5014277310
1413393275.0057606697 0.7279549814 2.3324019217 1.4131575349 -0.6840734612 0.4245469073 -0.3195584912 0.4996856951
1413393275.0557603836 0.7233193311 2.3279547244 1.4112859489 -0.6786206587 0.4312360288 -0.3259859378 0.4972350122
1413393275.1057605743 0.7180958608 2.3231520752 1.4097765880 -0.6732695964 0.4379235613 -0.3324187716 0.4943973758
1413393275.1557605267 0.7130644707 2.3155085840 1.4060259321 -0.6678245523 0.4451266666 -0.3375995544 0.4918324500
1413393275.2057607174 0.7074893511 2.3108670562 1.4059868636 -0.6629274841 0.4535902906 -0.3414991842 0.4880177315
1413393275.2557604313 0.7018357934 2.3038334307 1.4048694983 -0.6577442750 0.4620668325 -0.3453100593 0.4843838085
1413393275.3057606220 0.6943227417 2.2991277708 1.4020533323 -0.6525770646 0.4711428993 -0.3499623968 0.4792638772
1413393275.3557605743 0.6872853861 2.2921426836 1.4022146932 -0.6469541029 0.4803623820 -0.3534725569 0.4751415813
1413393275.4057605267 0.6804866886 2.2855119032 1.4021390171 -0.6408154736 0.4900133917 -0.3574145011 0.4706349745
1413393275.4557604790 0.6725562165 2.2786026864 1.4023829011 -0.6340686856 0.4991763305 -0.3617131641 0.4668441710
1413393275.5057606697 0.6645821215 2.2712537217 1.4024096029 -0.6276925818 0.5074998691 -0.3664163784 0.4628011919
1413393275.5557603836 0.6571253235 2.2609123948 1.4033623857 -0.6213848101 0.5154704926 -0.3712112372 0.4586646994
1413393275.6057605743 0.6488494570 2.2516950350 1.4047293692 -0.6138856082 0.5238272035 -0.3756398800 0.4556799333
1413393275.6557605267 0.6410307836 2.2445630619 1.4069558140 -0.6071658918 0.5317041531 -0.3804650801 0.4515380341
1413393275.7057607174 0.6332687617 2.2357803764 1.4106389759 -0.5998861861 0.5394571366 -0.3860766571 0.4472889182
1413393275.7557604313 0.6250556778 2.2247967789 1.4138799672 -0.5954845125 0.5476771206 -0.3897252250 0.4399570614
1413393275.8057606220 0.6165732357 2.2129880583 1.4186757931 -0.5931259912 0.5565773592 -0.3897152027 0.4319088590
1413393275.8557605743 0.6084172325 2.2012377887 1.4245757139 -0.5911372191 0.5658721235 -0.3874524356 0.4245304915
1413393275.9057605267 0.6007926360 2.1907357870 1.4284396227 -0.5894391601 0.5750383611 -0.3834795469 0.4181337069
1413393275.9557604790 0.5933162423 2.1794991228 1.4315423242 -0.5881544861 0.5822855815 -0.3800984180 0.4129685154
1413393276.0057606697 0.5868426630 2.1677508399 1.4338490915 -0.5866758955 0.5876163090 -0.3780542013 0.4093818363
1413393276.0557603836 0.5825452845 2.1541524030 1.4401536753 -0.5865502012 0.5880777846 -0.3810166044 0.4061400348
1413393276.1057605743 0.5798521129 2.1443122766 1.4440944233 -0.5856965195 0.5834241253 -0.3910857841 0.4045093157
1413393276.1557605267 0.5786064244 2.1312683181 1.4500203788 -0.5855031246 0.5768613832 -0.4018433692 0.4036569611
1413393276.2057607174 0.5782794521 2.1167763179 1.4568969040 -0.5858344879 0.5697662414 -0.4115815285 0.4034414808
1413393276.2557604313 0.5784675030 2.1040678265 1.4633856997 -0.5862863824 0.5640150821 -0.4189647844 0.4032663814
1413393276.3057606220 0.5793279979 2.0905557925 1.4702544514 -0.5876096109 0.5590454692 -0.4241905874 0.4027970384
1413393276.3557605743 0.5793888030 2.0803161637 1.4761883292 -0.5885435689 0.5567354121 -0.4257014640 0.4030389708
1413393276.4057605267 0.5799139249 2.0714953321 1.4803736071 -0.5890863723 0.5556733212 -0.4252838870 0.4041509886
1413393276.4557604790 0.5796401330 2.0621878996 1.4803936245 -0.5896345097 0.5556978205 -0.4230650805 0.4056439509
1413393276.5057606697 0.5793481820 2.0553167896 1.4780194557 -0.5901145835 0.5571989397 -0.4188179498 0.4072906147
1413393276.5557603836 0.5787470139 2.0491691974 1.4712778623 -0.5901901211 0.5600909793 -0.4130069030 0.4091442459
1413393276.6057605743 0.5783690588 2.0431042021 1.4656823171 -0.5900645169 0.5628491904 -0.4074965335 0.4110611024
1413393276.6557605267 0.5786171252 2.0364222028 1.4611992100 -0.5909360796 0.5652280934 -0.4022091979 0.4117517619
1413393276.7057607174 0.5791381082 2.0290119811 1.4554097028 -0.5910520230 0.5664547160 -0.3987472019 0.4132641162
1413393276.7557604313 0.5811776171 2.0233022449 1.4499916320 -0.5926409800 0.5667607301 -0.3971269278 0.4121275856
1413393276.8057606220 0.5829287011 2.0177926590 1.4440447661 -0.5922080198 0.5669571483 -0.3961044058 0.4134616705
1413393276.8557605743 0.5875449140 2.0107843981 1.4423924808 -0.5926583563 0.5666169374 -0.3960385392 0.4133458533
1413393276.9057605267 0.5913706274 2.0032642101 1.4393601593 -0.5931233780 0.5657218748 -0.3961572159 0.4137908640
1413393276.9557604790 0.5967706756 1.9975310168 1.4400014475 -0.5935634676 0.5649845285 -0.3966559415 0.4136894446
1413393277.0057606697 0.6031944159 1.9917798956 1.4378511508 -0.5936960639 0.5649207897 -0.3969458600 0.4133079594
1413393277.0557603836 0.6091500758 1.9861332357 1.4328554188 -0.5934734625 0.5645313996 -0.3976803519 0.4134536079
1413393277.1057605743 0.6163136536 1.9785224605 1.4336338283 -0.5937214038 0.5642458425 -0.3979331620 0.4132441438
1413393277.1557605267 0.6233575220 1.9719880573 1.4329327228 -0.5928904868 0.5639039894 -0.3988614491 0.4140080987
1413393277.2057607174 0.6311214441 1.9656487591 1.4314019623 -0.5916076498 0.5632023896 -0.4003450934 0.4153640128
1413393277.2557604313 0.6395286274 1.9594887767 1.4321311859 -0.5905785000 0.5618415434 -0.4025181264 0.4165696501
1413393277.3057606220 0.6500130510 1.9532384895 1.4369401616 -0.5902700646 0.5614921567 -0.4037233840 0.4163114676
1413393277.3557605743 0.6593715594 1.9464394639 1.4385089487 -0.5899951985 0.5606268137 -0.4058991351 0.4157512882
1413393277.4057605267 0.6681242351 1.9395932350 1.4386264313 -0.5900170439 0.5598140443 -0.4070051917 0.4157341670
1413393277.4557604790 0.6772559563 1.9335435202 1.4412092598 -0.5901954443 0.5599993524 -0.4072441002 0.4149967538
1413393277.5057606697 0.6867525736 1.9272727153 1.4444664080 -0.5908097878 0.5597158636 -0.4080257533 0.4137353396
1413393277.5557603836 0.6964550689 1.9218795077 1.4471256071 -0.5901565275 0.5600219437 -0.4078869370 0.4143898434
1413393277.6057605743 0.7070737986 1.9157925058 1.4540036123 -0.5877613118 0.5602472155 -0.4082789698 0.4170946904
1413393277.6557605267 0.7156641960 1.9122108313 1.4547040228 -0.5847638591 0.5613330585 -0.4086868252 0.4194418976
1413393277.7057607174 0.7259755524 1.9068889680 1.4552279878 -0.5802247061 0.5631934245 -0.4094454679 0.4225007287
1413393277.7557604313 0.7357421445 1.9014045047 1.4534084677 -0.5750680023 0.5654336119 -0.4116762133 0.4243869918
1413393277.8057606220 0.7453311899 1.8949587995 1.4501319438 -0.5698875773 0.5686801334 -0.4136386983 0.4251283129
1413393277.8557605743 0.7550269347 1.8891867385 1.4455146772 -0.5648312152 0.5726580857 -0.4162305969 0.4240053130
1413393277.9057605267 0.7632252343 1.8812583350 1.4373870140 -0.5588470350 0.5761284594 -0.4205499361 0.4229701420
1413393277.9557604790 0.7714183410 1.8738729858 1.4305871535 -0.5519955723 0.5805401222 -0.4250197005 0.4214644811
1413393278.0057606697 0.7787385285 1.8661679347 1.4238741166 -0.5441891612 0.5860437449 -0.4293006090 0.4196568514
1413393278.0557603836 0.7850013928 1.8558961031 1.4168890751 -0.5377247516 0.5925969487 -0.4325070894 0.4154739047
1413393278.1057605743 0.7894916966 1.8429486171 1.4094894572 -0.5324541357 0.5997108743 -0.4354993486 0.4088762380
1413393278.1557605267 0.7938947337 1.8325704675 1.4047296593 -0.5261349296 0.6074345978 -0.4390832961 0.4017600085
1413393278.2057607174 0.7975518789 1.8212374037 1.4000339085 -0.5198056496 0.6152035859 -0.4420066402 0.3949136166
1413393278.2557604313 0.8008767942 1.8080942510 1.3975979430 -0.5129656101 0.6241208323 -0.4440267641 0.3875302600
1413393278.3057606220 0.8033715044 1.7949293396 1.3964771576 -0.5048674426 0.6344290056 -0.4429676990 0.3826072659
1413393278.3557605743 0.8057817168 1.7814931906 1.3945734348 -0.4975138219 0.6436402418 -0.4410323723 0.3790747720
1413393278.4057605267 0.8071735188 1.7679321460 1.3932631445 -0.4903475703 0.6526523458 -0.4381611536 0.3763229721
1413393278.4557604790 0.8091024404 1.7524641863 1.3945346273 -0.4846596971 0.6609525484 -0.4345571575 0.3733721783
1413393278.5057606697 0.8111143873 1.7361950349 1.3955393910 -0.4802534805 0.6673151839 -0.4317742163 0.3709690902
1413393278.5557603836 0.8129675666 1.7159044787 1.3963632444 -0.4768638281 0.6726123229 -0.4288953619 0.3691101747
1413393278.6057605743 0.8151935058 1.6949234958 1.3975507233 -0.4738253659 0.6759780625 -0.4278241265 0.3681164197
1413393278.6557605267 0.8174891116 1.6721751456 1.3975799695 -0.4727790337 0.6774389330 -0.4283212930 0.3661930466
1413393278.7057607174 0.8205755167 1.6474791532 1.3991931608 -0.4740291986 0.6754996889 -0.4334413037 0.3621120344
1413393278.7557604313 0.8244420526 1.6198307705 1.4025978136 -0.4780548283 0.6694304911 -0.4435982554 0.3557344327
1413393278.8057606220 0.8269545570 1.5915461812 1.4025710032 -0.4809619247 0.6620243256 -0.4548642917 0.3514226735
1413393278.8557605743 0.8310838129 1.5623259184 1.4058505328 -0.4847606682 0.6559348427 -0.4634766364 0.3463321876
1413393278.9057605267 0.8342738662 1.5332544221 1.4090620360 -0.4879733828 0.6510858652 -0.4696500184 0.3426339652
1413393278.9557604790 0.8375790339 1.5046627960 1.4131991505 -0.4903447709 0.6478419793 -0.4736040710 0.3399440535
1413393279.0057606697 0.8414433692 1.4764632629 1.4197083764 -0.4930806825 0.6456333330 -0.4755842059 0.3374147342
1413393279.0557603836 0.8458279038 1.4504239813 1.4254330324 -0.4952230321 0.6444491197 -0.4759162916 0.3360701772
1413393279.1057605743 0.8486490780 1.4239623955 1.4279734886 -0.4972127227 0.6435013210 -0.4758725384 0.3350087841
1413393279.1557605267 0.8520980882 1.3976457992 1.4318491752 -0.4985742265 0.6430354492 -0.4748588044 0.3353181588
1413393279.2057607174 0.8563903568 1.3740509705 1.4333218532 -0.5009912149 0.6424756346 -0.4740358958 0.3339503422
1413393279.2557604313 0.8598002590 1.3493808073 1.4314284092 -0.5034433934 0.6426794016 -0.4717153280 0.3331554978
1413393279.3057606220 0.8645798358 1.3275304056 1.4267613940 -0.5054598405 0.6435288322 -0.4690248334 0.3322599846
1413393279.3557605743 0.8693014819 1.3043629983 1.4230574538 -0.5083908555 0.6447815520 -0.4651080731 0.3308624617
1413393279.4057605267 0.8753267832 1.2838971178 1.4185582910 -0.5114976003 0.6463766036 -0.4610471104 0.3286381798
1413393279.4557604790 0.8814399526 1.2626001476 1.4138148351 -0.5135466833 0.6460571559 -0.4594739192 0.3282737775
1413393279.5057606697 0.8896514932 1.2433205425 1.4109460181 -0.5145043429 0.6454071907 -0.4589211017 0.3288255796
1413393279.5557603836 0.8982485134 1.2235283450 1.4072039701 -0.5151229197 0.6434954929 -0.4595747413 0.3306856291
1413393279.6057605743 0.9091584761 1.2060010885 1.4073106184 -0.5155929426 0.6406762768 -0.4617974836 0.3323265112
1413393279.6557605267 0.9208872096 1.1877662587 1.4077018996 -0.5154018189 0.6374220685 -0.4645309866 0.3350597473
1413393279.7057607174 0.9325573605 1.1704861344 1.4075599101 -0.5158592434 0.6348547966 -0.4660069007 0.3371738375
1413393279.7557604313 0.9447381999 1.1558202888 1.4060678281 -0.5151007892 0.6326766658 -0.4680209184 0.3396289645
1413393279.8057606220 0.9574326360 1.1410176509 1.4044044500 -0.5141868576 0.6307753675 -0.4694126371 0.3426165311
1413393279.8557605743 0.9698793340 1.1284821190 1.4016494236 -0.5129520957 0.6288917457 -0.4707075090 0.3461354658
1413393279.9057605267 0.9816846058 1.1145070373 1.3990812010 -0.5118854022 0.6277754310 -0.4711359357 0.3491450605
1413393279.9557604790 0.9938253415 1.1012139214 1.3967223655 -0.5104786202 0.6263605924 -0.4717085373 0.3529518982
1413393280.0057606697 1.0061775750 1.0906116892 1.3960117624 -0.5104801651 0.6260262157 -0.4705327174 0.3551058154
1413393280.0557603836 1.0182418707 1.0807210694 1.3957775146 -0.5103571580 0.6260878442 -0.4693166088 0.3567793482
1413393280.1057605743 1.0296065086 1.0701243349 1.3971406270 -0.5099871932 0.6265735397 -0.4663488445 0.3603295956
1413393280.1557605267 1.0396616403 1.0603188342 1.3964830664 -0.5088498173 0.6270530836 -0.4634477430 0.3648184250
1413393280.2057607174 1.0491739150 1.0528921664 1.3970861037 -0.5068434914 0.6274140646 -0.4611116943 0.3699152230
1413393280.2557604313 1.0580365685 1.0417524536 1.3981637904 -0.5065996715 0.6284256534 -0.4569837630 0.3736359343
1413393280.3057606220 1.0672107475 1.0322847496 1.4020069439 -0.5062640201 0.6283425191 -0.4551786259 0.3764237494
1413393280.3557605743 1.0751458024 1.0226420054 1.4051193084 -0.5050221429 0.6279772085 -0.4537598462 0.3803935630
1413393280.4057605267 1.0820467130 1.0132986773 1.4069210729 -0.5022940284 0.6272861888 -0.4532458274 0.3857213583
1413393280.4557604790 1.0889713594 1.0021107823 1.4137005326 -0.4997512307 0.6283815546 -0.4498737832 0.3911507491
1413393280.5057606697 1.0935170514 0.9915495183 1.4169456825 -0.4983287212 0.6288106477 -0.4472803715 0.3952289516
1413393280.5557603836 1.0981505639 0.9776809967 1.4221564493 -0.5002874932 0.6312719639 -0.4422549565 0.3944853423
1413393280.6057605743 1.1013064087 0.9651431726 1.4226983436 -0.5010107150 0.6328896817 -0.4386992306 0.3949454384
1413393280.6557605267 1.1040340390 0.9502393022 1.4218094350 -0.5022484849 0.6347234319 -0.4346329867 0.3949263113
1413393280.7057607174 1.1062773809 0.9350185142 1.4198914172 -0.5022491062 0.6370751385 -0.4308697576 0.3952623878
1413393280.7557604313 1.1092005430 0.9174274947 1.4178130101 -0.5022713269 0.6395536679 -0.4261370927 0.3963606921
1413393280.8057606220 1.1108249333 0.8987707224 1.4133892785 -0.5023925914 0.6420880311 -0.4214719406 0.3970970254
1413393280.8557605743 1.1117380610 0.8797297163 1.4037999127 -0.5025441570 0.6444954508 -0.4180295608 0.3966437578
1413393280.9057605267 1.1116276468 0.8566052533 1.3952172090 -0.5038685570 0.6444344944 -0.4170888886 0.3960524191
1413393280.9557604790 1.1118592906 0.8324936760 1.3884107140 -0.5056024457 0.6437277690 -0.4175922215 0.3944584424
1413393281.0057606697 1.1135022471 0.8063567183 1.3832233156 -0.5094688195 0.6414645553 -0.4214031218 0.3890811677
1413393281.0557603836 1.1138142048 0.7765753306 1.3794342051 -0.5148943981 0.6369658479 -0.4272863343 0.3828637563
1413393281.1057605743 1.1151520357 0.7469222849 1.3769003934 -0.5192247845 0.6337744375 -0.4321583118 0.3767954075
1413393281.1557605267 1.1169375459 0.7159457714 1.3759387108 -0.5230110116 0.6302176544 -0.4375674492 0.3712410500
1413393281.2057607174 1.1190015181 0.6855046632 1.3760780753 -0.5255018462 0.6273221650 -0.4417390249 0.3676701577
1413393281.2557604313 1.1226367414 0.6542110566 1.3800413700 -0.5283528926 0.6253666427 -0.4446647725 0.3633634863
1413393281.3057606220 1.1257108437 0.6250424631 1.3812995938 -0.5295623875 0.6237053783 -0.4478293120 0.3605609326
1413393281.3557605743 1.1293152522 0.5950123943 1.3839252908 -0.5300666493 0.6227201161 -0.4500607210 0.3587399501
1413393281.4057605267 1.1341717351 0.5666593760 1.3886637335 -0.5306393951 0.6217904501 -0.4523217781 0.3566559653
1413393281.4557604790 1.1394452357 0.5387086850 1.3928408615 -0.5297446078 0.6223765271 -0.4531838070 0.3558687204
1413393281.5057606697 1.1447549787 0.5126076337 1.3977527953 -0.5291208553 0.6232949719 -0.4539105810 0.3542593442
1413393281.5557603836 1.1500799572 0.4861128972 1.3999313593 -0.5279554692 0.6239123975 -0.4545326173 0.3541136012
1413393281.6057605743 1.1567501918 0.4602525603 1.4054035288 -0.5264979713 0.6244731057 -0.4556879302 0.3538103116
1413393281.6557605267 1.1641474278 0.4364136225 1.4105889679 -0.5246124444 0.6241445555 -0.4585865313 0.3534455407
1413393281.7057607174 1.1711812498 0.4123821550 1.4168197184 -0.5223474931 0.6239815238 -0.4606767997 0.3543685098
1413393281.7557604313 1.1780951955 0.3891074229 1.4216412206 -0.5196847386 0.6227382595 -0.4646206168 0.3553202992
1413393281.8057606220 1.1855342378 0.3680867310 1.4275836350 -0.5162150930 0.6206025712 -0.4700172859 0.3570128532
1413393281.8557605743 1.1934645867 0.3474314949 1.4364332743 -0.5112092385 0.6205766902 -0.4718492928 0.3618120105
1413393281.9057605267 1.1991039116 0.3282894115 1.4425515103 -0.5075082555 0.6211554733 -0.4735595692 0.3637892013
1413393281.9557604790 1.2055333583 0.3105165384 1.4507040051 -0.5049135687 0.6240715443 -0.4716005962 0.3649518782
1413393282.0057606697 1.2103889575 0.2919162604 1.4573532922 -0.5041030693 0.6274995486 -0.4687864177 0.3638182329
1413393282.0557603836 1.2141065175 0.2747837996 1.4642538958 -0.5033100173 0.6318082011 -0.4645674597 0.3628698098
1413393282.1057605743 1.2181125925 0.2567434705 1.4719833361 -0.5024728652 0.6362622417 -0.4594235728 0.3627965826
1413393282.1557605267 1.2215360805 0.2400423116 1.4805264861 -0.5006444935 0.6408978014 -0.4541245385 0.3638351315
1413393282.2057607174 1.2235046635 0.2219212322 1.4872695439 -0.4997013631 0.6441430039 -0.4498310809 0.3647332407
1413393282.2557604313 1.2277564912 0.2041065230 1.4967435518 -0.4990603448 0.6473072746 -0.4458712698 0.3648710391
1413393282.3057606220 1.2315883369 0.1856509642 1.5058512277 -0.4991815269 0.6483746597 -0.4447934895 0.3641247803
1413393282.3557605743 1.2348887866 0.1665202109 1.5139194958 -0.5004386605 0.6457370990 -0.4484082149 0.3626497192
1413393282.4057605267 1.2394529592 0.1480698611 1.5239886421 -0.5019394550 0.6425556282 -0.4531513956 0.3603232726
1413393282.4557604790 1.2444060104 0.1282580182 1.5347120463 -0.5046531414 0.6383142750 -0.4588630103 0.3568260514
1413393282.5057606697 1.2488703769 0.1083603499 1.5428149241 -0.5071619197 0.6352791394 -0.4623783577 0.3541376237
1413393282.5557603836 1.2529956579 0.0899508233 1.5478045270 -0.5087437064 0.6322649598 -0.4661025020 0.3523766726
1413393282.6057605743 1.2573001030 0.0706984209 1.5521921246 -0.5101899253 0.6292180352 -0.4694660910 0.3512726772
1413393282.6557605267 1.2617949668 0.0532372742 1.5540113823 -0.5110775381 0.6265434081 -0.4723333075 0.3509192990
1413393282.7057607174 1.2649266384 0.0354616114 1.5528845268 -0.5116060099 0.6240832784 -0.4742234009 0.3519822699
1413393282.7557604313 1.2684469901 0.0194888312 1.5516194618 -0.5120864334 0.6214584372 -0.4746405702 0.3553494403
1413393282.8057606220 1.2715153039 0.0056656516 1.5510693944 -0.5121056156 0.6188539193 -0.4732116969 0.3617158483
1413393282.8557605743 1.2749989772 -0.0059847011 1.5524309654 -0.5142144922 0.6167022110 -0.4692106716 0.3675638512
1413393282.9057605267 1.2759531126 -0.0173516513 1.5514406554 -0.5189069411 0.6150714717 -0.4633829098 0.3710780916
1413393282.9557604790 1.2761848159 -0.0291779514 1.5508315611 -0.5259310132 0.6126045670 -0.4566213280 0.3736431141
1413393283.0057606697 1.2762516325 -0.0386736725 1.5503683974 -0.5339121342 0.6104158422 -0.4490366617 0.3750951999
1413393283.0557603836 1.2765224941 -0.0483422805 1.5517408930 -0.5432669626 0.6069402699 -0.4418075766 0.3758863943
1413393283.1057605743 1.2764280302 -0.0571460556 1.5523265716 -0.5525693730 0.6021145802 -0.4351596160 0.3778375697
1413393283.1557605267 1.2763339855 -0.0652454479 1.5536861513 -0.5616916074 0.5952234737 -0.4307293600 0.3803732022
1413393283.2057607174 1.2776179036 -0.0731391020 1.5556122019 -0.5705050685 0.5882642744 -0.4257550058 0.3836688485
1413393283.2557604313 1.2784228507 -0.0805042576 1.5566448771 -0.5798570706 0.5798664580 -0.4216865247 0.3869123201
1413393283.3057606220 1.2803146296 -0.0872553747 1.5589016350 -0.5881948283 0.5722730928 -0.4164056321 0.3913268465
1413393283.3557605743 1.2828291353 -0.0926396965 1.5606245413 -0.5968404668 0.5640810827 -0.4112516826 0.3955578881
1413393283.4057605267 1.2863659067 -0.0969966810 1.5630330067 -0.6051515510 0.5554026074 -0.4056751274 0.4009329558
1413393283.4557604790 1.2880993343 -0.0992958741 1.5617306414 -0.6124808053 0.5472424932 -0.4000940604 0.4065927441
1413393283.5057606697 1.2916536027 -0.1006897082 1.5608020163 -0.6200604811 0.5388729687 -0.3939307674 0.4122614146
1413393283.5557603836 1.2964983631 -0.1011832575 1.5592442043 -0.6270388837 0.5307894096 -0.3866509779 0.4190296675
1413393283.6057605743 1.3016420488 -0.1020356501 1.5557471725 -0.6336652587 0.5232594749 -0.3794956276 0.4250305054
1413393283.6557605267 1.3071049392 -0.1021858435 1.5484462033 -0.6398606955 0.5140689455 -0.3738469735 0.4319141698
1413393283.7057607174 1.3120109257 -0.1011347892 1.5389101184 -0.6449846328 0.5048032990 -0.3682777420 0.4399317646
1413393283.7557604313 1.3179983108 -0.0991795829 1.5290839113 -0.6498482576 0.4947982708 -0.3644057344 0.4473034474
1413393283.8057606220 1.3245107446 -0.0975766084 1.5180543090 -0.6551172933 0.4849927153 -0.3587943766 0.4548296312
1413393283.8557605743 1.3306583300 -0.0945229408 1.5072405504 -0.6610475969 0.4745538912 -0.3539701553 0.4609987073
1413393283.9057605267 1.3363578175 -0.0905209008 1.4977677539 -0.6675061885 0.4646718155 -0.3485873915 0.4658351882
1413393283.9557604790 1.3416027325 -0.0877579155 1.4868167224 -0.6749257425 0.4538695387 -0.3422449581 0.4704743060
1413393284.0057606697 1.3469935282 -0.0835899302 1.4770289094 -0.6833491795 0.4445304977 -0.3338121952 0.4732821080
1413393284.0557603836 1.3507128185 -0.0780734752 1.4693667437 -0.6905165737 0.4349401741 -0.3262402065 0.4770547495
1413393284.1057605743 1.3546086706 -0.0721811832 1.4608215054 -0.6980215739 0.4244981990 -0.3183780156 0.4808353154
1413393284.1557605267 1.3587028393 -0.0659848739 1.4538913828 -0.7046417354 0.4137057062 -0.3105299906 0.4856940788
1413393284.2057607174 1.3611958204 -0.0563849720 1.4458228267 -0.7102792636 0.4033411117 -0.3039276860 0.4903542363
1413393284.2557604313 1.3650092784 -0.0480469474 1.4409841213 -0.7164998498 0.3912132411 -0.2970522503 0.4953182066
1413393284.3057606220 1.3696783413 -0.0392654291 1.4364952621 -0.7224181986 0.3794829227 -0.2890759546 0.5005394591
1413393284.3557605743 1.3730720523 -0.0287153895 1.4323697061 -0.7270243411 0.3675557364 -0.2819435017 0.5068000098
1413393284.4057605267 1.3763934118 -0.0180892264 1.4289472143 -0.7317340956 0.3553175918 -0.2737893368 0.5131803010
1413393284.4557604790 1.3794204555 -0.0071061002 1.4273825639 -0.7364411550 0.3425491281 -0.2659253157 0.5192285109
1413393284.5057606697 1.3819988666 0.0046244077 1.4253541712 -0.7410280681 0.3300812672 -0.2571803342 0.5251495359
1413393284.5557603836 1.3840186679 0.0162369657 1.4228070125 -0.7465583325 0.3175089518 -0.2477473618 0.5295847113
1413393284.6057605743 1.3854806113 0.0283592835 1.4213390593 -0.7517096862 0.3055045304 -0.2377466842 0.5339251293
1413393284.6557605267 1.3834847564 0.0418276519 1.4169542734 -0.7566600047 0.2949002440 -0.2258866544 0.5380285334
1413393284.7057607174 1.3830237753 0.0549605571 1.4154350338 -0.7626595952 0.2852995429 -0.2110262055 0.5407609946
1413393284.7557604313 1.3837741529 0.0670117645 1.4136532862 -0.7678797569 0.2754714299 -0.1958163076 0.5441802495
1413393284.8057606220 1.3825279897 0.0795136011 1.4123538479 -0.7727866413 0.2644253199 -0.1818667811 0.5475440907
1413393284.8557605743 1.3814913820 0.0932459674 1.4097964160 -0.7776782003 0.2522417582 -0.1689628437 0.5504927516
1413393284.9057605267 1.3821962428 0.1061985361 1.4090234798 -0.7823259517 0.2396717190 -0.1565352486 0.5531910054
1413393284.9557604790 1.3818416542 0.1190020800 1.4073227685 -0.7864415598 0.2259342471 -0.1455962622 0.5561161007
1413393285.0057606697 1.3839305773 0.1318146000 1.4083981491 -0.7904289450 0.2123672631 -0.1334627681 0.5588469540
1413393285.0557603836 1.3866820140 0.1440874049 1.4074297969 -0.7939823542 0.1983733341 -0.1229320683 0.5613624035
1413393285.1057605743 1.3897216709 0.1570552853 1.4091905781 -0.7970699895 0.1849647099 -0.1114143869 0.5639630505
1413393285.1557605267 1.3929034282 0.1703099921 1.4084535369 -0.7995748172 0.1705925871 -0.1015837736 0.5667971576
1413393285.2057607174 1.3968960586 0.1821035623 1.4089491928 -0.8020803913 0.1574435270 -0.0916688901 0.5687489748
1413393285.2557604313 1.4020898913 0.1954760511 1.4102790813 -0.8041601499 0.1434507969 -0.0810433966 0.5711219573
1413393285.3057606220 1.4083432315 0.2081623813 1.4112575977 -0.8063199749 0.1295315225 -0.0712317655 0.5727091045
1413393285.3557605743 1.4183217888 0.2202116040 1.4126630207 -0.8077619148 0.1152300554 -0.0614042745 0.5748671485
1413393285.4057605267 1.4266204540 0.2323908185 1.4135987097 -0.8093964284 0.1013849636 -0.0523130712 0.5760745207
1413393285.4557604790 1.4353730405 0.2452847642 1.4137953199 -0.8108961360 0.0874035222 -0.0436810276 0.5769749118
1413393285.5057606697 1.4446256732 0.2576409717 1.4137493196 -0.8118133835 0.0736956414 -0.0348994372 0.5781954791
1413393285.5557603836 1.4534396613 0.2691580617 1.4151409768 -0.8124830751 0.0585989796 -0.0275749156 0.5793764202
1413393285.6057605743 1.4653990349 0.2811169712 1.4166632975 -0.8125505037 0.0437832156 -0.0199056636 0.5809031533
1413393285.6557605267 1.4770597202 0.2919835839 1.4194104829 -0.8117243709 0.0282085237 -0.0125937773 0.5832231319
1413393285.7057607174 1.4891542952 0.3038791292 1.4207072282 -0.8106226718 0.0123922625 -0.0067384305 0.5853989318
1413393285.7557604313 1.5005193156 0.3157171654 1.4228235250 -0.8092428413 -0.0046604866 -0.0042005899 0.5874407704
1413393285.8057606220 1.5110900145 0.3269032486 1.4239923286 -0.8079367155 -0.0201902502 -0.0006681191 0.5889228906
1413393285.8557605743 1.5220100430 0.3370560545 1.4265787942 -0.8072705654 -0.0327852908 0.0055922946 0.5892436552
1413393285.9057605267 1.5325693298 0.3471381925 1.4297544108 -0.8077150066 -0.0403660789 0.0144100563 0.5880130935
1413393285.9557604790 1.5423969526 0.3570576007 1.4313876311 -0.8078466222 -0.0467867077 0.0220341445 0.5871195241
1413393286.0057606697 1.5515768917 0.3674597075 1.4347109631 -0.8081819530 -0.0505735116 0.0289428387 0.5860431408
1413393286.0557603836 1.5615995764 0.3772827543 1.4386419756 -0.8092515772 -0.0524523319 0.0351287231 0.5840604511
1413393286.1057605743 1.5726437257 0.3873416949 1.4408439339 -0.8097143797 -0.0535248634 0.0402857937 0.5829877934
1413393286.1557605267 1.5844745282 0.3974514421 1.4478538997 -0.8098299259 -0.0544717941 0.0438446379 0.5824825855
1413393286.2057607174 1.5949154109 0.4076869995 1.4512815236 -0.8098431211 -0.0542814833 0.0457594873 0.5823347053
1413393286.2557604313 1.6075304052 0.4174434307 1.4554187803 -0.8094651409 -0.0541940491 0.0464600742 0.5828127077
1413393286.3057606220 1.6191622957 0.4274657534 1.4567880274 -0.8095303242 -0.0533363720 0.0462693465 0.5828164661
1413393286.3557605743 1.6309594761 0.4377307676 1.4547692207 -0.8090220063 -0.0531010039 0.0439114475 0.5837255018
1413393286.4057605267 1.6421660321 0.4471587874 1.4507764928 -0.8086573968 -0.0526001248 0.0409939878 0.5844877538
1413393286.4557604790 1.6545736849 0.4574911896 1.4452090488 -0.8083031926 -0.0516540512 0.0378097765 0.5852761986
1413393286.5057606697 1.6668670053 0.4664209136 1.4367753974 -0.8082409696 -0.0499820940 0.0356840547 0.5856406522
1413393286.5557603836 1.6799075619 0.4755949568 1.4275328005 -0.8082400214 -0.0476798476 0.0341899238 0.5859229890
1413393286.6057605743 1.6944528040 0.4852809107 1.4203882384 -0.8093550748 -0.0447436319 0.0341107073 0.5846185337
1413393286.6557605267 1.7074352824 0.4937124859 1.4136852712 -0.8100699908 -0.0434606779 0.0317889778 0.5838554961
1413393286.7057607174 1.7211436467 0.5018860708 1.4068755895 -0.8105225298 -0.0426797165 0.0289776509 0.5834312010
1413393286.7557604313 1.7348380082 0.5103454829 1.4038714625 -0.8112355200 -0.0434133771 0.0247086526 0.5825819189
1413393286.8057606220 1.7458050360 0.5181873517 1.4022095890 -0.8118453577 -0.0455169761 0.0181281939 0.5818132764
1413393286.8557605743 1.7584268222 0.5260605429 1.4019090668 -0.8124026266 -0.0490664923 0.0117745018 0.5809094704
1413393286.9057605267 1.7696744913 0.5339557979 1.4022263775 -0.8123148006 -0.0543127375 0.0066073869 0.5806471680
1413393286.9557604790 1.7788916133 0.5416291220 1.4022181586 -0.8119584927 -0.0601756145 0.0036668567 0.5805935374
1413393287.0057606697 1.7858272956 0.5493591149 1.4035191668 -0.8117954930 -0.0663028194 0.0024561216 0.5801603064
1413393287.0557603836 1.7899733428 0.5566122067 1.4054761566 -0.8107756176 -0.0722194773 0.0038564290 0.5808720797
1413393287.1057605743 1.7929736107 0.5628054738 1.4063583804 -0.8103784250 -0.0784614914 0.0070983163 0.5805860975
1413393287.1557605267 1.7952268819 0.5693092788 1.4090558632 -0.8102573716 -0.0847894018 0.0131790196 0.5797586245
1413393287.2057607174 1.7948176164 0.5750311451 1.4112273681 -0.8103536073 -0.0891617920 0.0230009482 0.5786606626
1413393287.2557604313 1.7929460461 0.5805585990 1.4161439356 -0.8105868132 -0.0942300937 0.0353225351 0.5769072943
1413393287.3057606220 1.7880924845 0.5854798612 1.4217886987 -0.8098804023 -0.0998771902 0.0477511381 0.5760539121
1413393287.3557605743 1.7831876822 0.5916910054 1.4284820621 -0.8083195892 -0.1069264888 0.0608286880 0.5757482422
1413393287.4057605267 1.7787277896 0.5970959002 1.4342339427 -0.8061409767 -0.1153293471 0.0734544202 0.5757085335
1413393287.4557604790 1.7721762587 0.6022061228 1.4402278894 -0.8044848085 -0.1247431414 0.0852849401 0.5744299962
1413393287.5057606697 1.7671841603 0.6075010150 1.4463863409 -0.8026108039 -0.1362248032 0.0958872646 0.5727690049
1413393287.5557603836 1.7616544810 0.6122907668 1.4526972013 -0.8010834482 -0.1482718381 0.1054866185 0.5702221887
1413393287.6057605743 1.7557287697 0.6178666723 1.4579845135 -0.7992961071 -0.1605608948 0.1155213847 0.5674510921
1413393287.6557605267 1.7513034054 0.6235602577 1.4639350747 -0.7976047144 -0.1726159040 0.1260962793 0.5640303162
1413393287.7057607174 1.7457047004 0.6288781565 1.4693136172 -0.7946100144 -0.1843137613 0.1370301498 0.5620018687
1413393287.7557604313 1.7399235655 0.6347750090 1.4752484375 -0.7914409454 -0.1959083233 0.1477380662 0.5598344600
1413393287.8057606220 1.7353294467 0.6404526784 1.4809441305 -0.7881157994 -0.2079201995 0.1576463218 0.5574857079
1413393287.8557605743 1.7312617258 0.6460608301 1.4862247505 -0.7836638017 -0.2191228730 0.1690523092 0.5561272599
1413393287.9057605267 1.7269682766 0.6515432807 1.4899760913 -0.7795382152 -0.2309867273 0.1785531348 0.5541516768
1413393287.9557604790 1.7226610803 0.6572970217 1.4939550869 -0.7747652813 -0.2428540123 0.1875176383 0.5528090294
1413393288.0057606697 1.7193520752 0.6648605009 1.4971866699 -0.7700230001 -0.2536488392 0.1968789549 0.5513306837
1413393288.0557603836 1.7177466209 0.6727000856 1.5005337182 -0.7664784101 -0.2641472128 0.2042778809 0.5486416355
1413393288.1057605743 1.7159822955 0.6807932320 1.5020710727 -0.7634073540 -0.2731632001 0.2093777218 0.5465821509
1413393288.1557605267 1.7158155665 0.6904003494 1.5033631505 -0.7619506494 -0.2811213304 0.2130621178 0.5431450446
1413393288.2057607174 1.7155539073 0.6999557718 1.5036949455 -0.7614160869 -0.2874391376 0.2146327778 0.5399602351
1413393288.2557604313 1.7148192101 0.7103224157 1.5040723844 -0.7628620069 -0.2924792848 0.2147027353 0.5351636776
1413393288.3057606220 1.7144048288 0.7205996933 1.5038723446 -0.7646486246 -0.2972048727 0.2136443622 0.5304128874
1413393288.3557605743 1.7140553913 0.7319337622 1.5040715693 -0.7668044074 -0.2997342166 0.2128704112 0.5261716338
1413393288.4057605267 1.7136551671 0.7450229225 1.5041134830 -0.7673281270 -0.3009242051 0.2126667004 0.5248095300
1413393288.4557604790 1.7126229132 0.7588142400 1.5048156634 -0.7653839938 -0.3007641802 0.2134167542 0.5274291790
1413393288.5057606697 1.7103279264 0.7735471648 1.5045557390 -0.7633393378 -0.2989749805 0.2142950422 0.5310411013
1413393288.5557603836 1.7087859177 0.7893299795 1.5054150135 -0.7605230860 -0.2967137724 0.2150576805 0.5360184390
1413393288.6057605743 1.7065819127 0.8039070997 1.5042458089 -0.7569781894 -0.2956845594 0.2165059418 0.5409989273
1413393288.6557605267 1.7034592843 0.8193567166 1.5021480756 -0.7532628327 -0.2951213451 0.2184007089 0.5457102042
1413393288.7057607174 1.7016314739 0.8353493204 1.5018599683 -0.7496332768 -0.2962490886 0.2214707673 0.5488507329
1413393288.7557604313 1.7011696534 0.8506827497 1.4997247241 -0.7472935677 -0.2993752982 0.2237773523 0.5494091837
1413393288.8057606220 1.7005171748 0.8648570328 1.4991996452 -0.7458701604 -0.3022140791 0.2246529761 0.5494318835
1413393288.8557605743 1.6991111745 0.8781119664 1.4958615369 -0.7456171418 -0.3055168762 0.2242371592 0.5481169699
1413393288.9057605267 1.6995073422 0.8916378317 1.4937952131 -0.7455524541 -0.3078788154 0.2254876680 0.5463675363
1413393288.9557604790 1.6993874854 0.9052109831 1.4904028923 -0.7464868491 -0.3101030191 0.2252785880 0.5439145700
1413393289.0057606697 1.6991259493 0.9186860972 1.4826672409 -0.7460479910 -0.3119528318 0.2257809781 0.5432501962
1413393289.0557603836 1.6985917298 0.9320040547 1.4742842816 -0.7459916460 -0.3138330166 0.2255700470 0.5423314999
1413393289.1057605743 1.6995728903 0.9452381995 1.4618255058 -0.7452246369 -0.3143598872 0.2270234464 0.5424743834
1413393289.1557605267 1.6991720761 0.9573319005 1.4520017816 -0.7441593563 -0.3148913118 0.2291100360 0.5427512373
1413393289.2057607174 1.7020807795 0.9706458714 1.4432504279 -0.7435878610 -0.3156763747 0.2321904310 0.5417685144
1413393289.2557604313 1.7038523405 0.9833399831 1.4339084131 -0.7422240049 -0.3171548198 0.2335571319 0.5421876179
1413393289.3057606220 1.7064153613 0.9961536427 1.4269100693 -0.7413410389 -0.3182939184 0.2343157393 0.5424007557
1413393289.3557605743 1.7074356028 1.0084662274 1.4192499891 -0.7409734329 -0.3198692269 0.2343670195 0.5419540105
1413393289.4057605267 1.7088596287 1.0203267714 1.4142658296 -0.7408180950 -0.3221648305 0.2325899090 0.5415720694
1413393289.4557604790 1.7106936141 1.0316382945 1.4110615667 -0.7412771900 -0.3234102857 0.2317212199 0.5405730209
1413393289.5057606697 1.7121431680 1.0429344237 1.4091339172 -0.7425421234 -0.3240421320 0.2310614291 0.5387378841
1413393289.5557603836 1.7148983439 1.0542180786 1.4087060562 -0.7429110084 -0.3252046959 0.2298358488 0.5380526200
1413393289.6057605743 1.7155856606 1.0645769550 1.4088003686 -0.7434964866 -0.3257275882 0.2283551286 0.5375578554
1413393289.6557605267 1.7175406027 1.0753682909 1.4093900839 -0.7440453145 -0.3260286643 0.2278385908 0.5368346642
1413393289.7057607174 1.7188563654 1.0862031930 1.4113509301 -0.7447795532 -0.3261178897 0.2275681433 0.5358761791
1413393289.7557604313 1.7194667604 1.0969182571 1.4119960862 -0.7448135991 -0.3254002012 0.2271908725 0.5364249427
1413393289.8057606220 1.7204624088 1.1070355374 1.4132605896 -0.7444901498 -0.3243620406 0.2275440015 0.5373522224
1413393289.8557605743 1.7207270087 1.1162188258 1.4156084485 -0.7439290137 -0.3230138762 0.2278034742 0.5388295050
1413393289.9057605267 1.7209942374 1.1258877466 1.4183465203 -0.7432849136 -0.3217152145 0.2272571891 0.5407226904
1413393289.9557604790 1.7204759092 1.1351206348 1.4208658855 -0.7426720954 -0.3204670181 0.2270768901 0.5423791432
1413393290.0057606697 1.7213903573 1.1448484419 1.4227796663 -0.7427395351 -0.3192398648 0.2269732194 0.5430534498
1413393290.0557603836 1.7205908779 1.1519423974 1.4242962966 -0.7435090171 -0.3176355214 0.2265173598 0.5431315704
1413393290.1057605743 1.7207519627 1.1614135512 1.4235404549 -0.7440290338 -0.3159851264 0.2266623238 0.5433216246
1413393290.1557605267 1.7202543445 1.1688699184 1.4199288198 -0.7446003526 -0.3143272725 0.2266785207 0.5434938168
1413393290.2057607174 1.7204145413 1.1773945580 1.4148231595 -0.7459378377 -0.3125465618 0.2267815239 0.5426430958
1413393290.2557604313 1.7189752121 1.1833204618 1.4058385309 -0.7469343952 -0.3110010661 0.2261183441 0.5424369462
1413393290.3057606220 1.7198078731 1.1911445005 1.3955816957 -0.7483122375 -0.3107525621 0.2245366061 0.5413362659
1413393290.3557605743 1.7189765208 1.1979400451 1.3849141174 -0.7499673825 -0.3106938958 0.2226491139 0.5398570185
1413393290.4057605267 1.7196161544 1.2054166523 1.3730093615 -0.7510875328 -0.3121308536 0.2215366678 0.5379250442
1413393290.4557604790 1.7197867925 1.2127444925 1.3626102020 -0.7517356364 -0.3147274670 0.2217326267 0.5354202058
1413393290.5057606697 1.7181632449 1.2182279284 1.3507793741 -0.7519033021 -0.3177738017 0.2221370235 0.5332132575
1413393290.5557603836 1.7175494112 1.2232362063 1.3405073274 -0.7516102162 -0.3207908166 0.2223386053 0.5317338427
1413393290.6057605743 1.7152706546 1.2302692460 1.3314192235 -0.7511983239 -0.3232438218 0.2231548880 0.5304869517
1413393290.6557605267 1.7138076972 1.2379330893 1.3211875412 -0.7512501938 -0.3251740752 0.2245620525 0.5286367862
1413393290.7057607174 1.7122532289 1.2456428224 1.3100309871 -0.7510052291 -0.3273280946 0.2253498872 0.5273185875
1413393290.7557604313 1.7087557118 1.2527220297 1.3009181141 -0.7501116126 -0.3287776245 0.2260362127 0.5273949874
1413393290.8057606220 1.7044130565 1.2593082168 1.2904915861 -0.7491421791 -0.3302256900 0.2263858487 0.5277181413
1413393290.8557605743 1.7012168033 1.2673957824 1.2797586172 -0.7481155173 -0.3311382722 0.2270724603 0.5283074060
1413393290.9057605267 1.6972358408 1.2757833325 1.2710735429 -0.7479232483 -0.3305005165 0.2295308526 0.5279164810
1413393290.9557604790 1.6927815686 1.2851150379 1.2586421036 -0.7474321365 -0.3276148725 0.2352742444 0.5278823038
1413393291.0057606697 1.6873940328 1.2934759002 1.2473502464 -0.7470396192 -0.3248015965 0.2399497668 0.5280718130
1413393291.0557603836 1.6828316651 1.3035967589 1.2354104658 -0.7462822964 -0.3210150656 0.2455575354 0.5288795313
1413393291.1057605743 1.6772177457 1.3127170662 1.2244454987 -0.7455821568 -0.3181191158 0.2495779137 0.5297342169
1413393291.1557605267 1.6729284910 1.3217679078 1.2152962036 -0.7441498727 -0.3149245802 0.2531102456 0.5319762018
1413393291.2057607174 1.6698343161 1.3320585846 1.2047527172 -0.7430368411 -0.3127348391 0.2553900122 0.5337313133
1413393291.2557604313 1.6673265220 1.3436289782 1.1936651277 -0.7419145299 -0.3110964826 0.2566326243 0.5356505437
1413393291.3057606220 1.6660309893 1.3548598352 1.1822403841 -0.7416292233 -0.3117057010 0.2541532965 0.5368721943
1413393291.3557605743 1.6670031821 1.3671098857 1.1707397520 -0.7421745349 -0.3136812504 0.2503484591 0.5367557003
1413393291.4057605267 1.6674471926 1.3800348424 1.1592221341 -0.7421224610 -0.3169028162 0.2464526102 0.5367382685
1413393291.4557604790 1.6686503191 1.3914802552 1.1469778674 -0.7419668330 -0.3211837434 0.2427254518 0.5361068707
1413393291.5057606697 1.6699677274 1.4032002043 1.1378147920 -0.7414976746 -0.3255355080 0.2402933036 0.5352260830
1413393291.5557603836 1.6704520782 1.4136988119 1.1290725336 -0.7409575728 -0.3290312225 0.2380422287 0.5348422453
1413393291.6057605743 1.6722579694 1.4259252521 1.1198673598 -0.7397771155 -0.3320060340 0.2373072444 0.5349645639
1413393291.6557605267 1.6745062619 1.4376803640 1.1138460610 -0.7387942994 -0.3351424508 0.2363277295 0.5348006406
1413393291.7057607174 1.6762574256 1.4494367241 1.1078878753 -0.7385295126 -0.3374194566 0.2358500691 0.5339447670
1413393291.7557604313 1.6772570812 1.4598599904 1.1027493265 -0.7378706728 -0.3395913670 0.2352459729 0.5337451695
1413393291.8057606220 1.6783629340 1.4714610435 1.1003117673 -0.7367756399 -0.3421436722 0.2354372481 0.5335434998
1413393291.8557605743 1.6783825244 1.4807220248 1.1010117976 -0.7355670020 -0.3456252014 0.2364100862 0.5325360803
1413393291.9057605267 1.6783454955 1.4905965234 1.1051411359 -0.7339297895 -0.3490761915 0.2378280296 0.5319123094
1413393291.9557604790 1.6770345871 1.4997951584 1.1109848500 -0.7321200782 -0.3518845421 0.2386189217 0.5322015317
1413393292.0057606697 1.6765559762 1.5081094952 1.1208884454 -0.7293637126 -0.3541340132 0.2401691536 0.5337943922
1413393292.0557603836 1.6748300335 1.5170704946 1.1306203258 -0.7262478402 -0.3558908283 0.2416367671 0.5362065514
1413393292.1057605743 1.6732281675 1.5247215086 1.1416972723 -0.7234394158 -0.3568595040 0.2443231703 0.5381383601
1413393292.1557605267 1.6710358430 1.5313654191 1.1530500167 -0.7204933095 -0.3578007477 0.2460069555 0.5406926981
1413393292.2057607174 1.6706552163 1.5368125724 1.1639437966 -0.7173254478 -0.3596316786 0.2480848427 0.5427367396
1413393292.2557604313 1.6685951294 1.5419615362 1.1727803459 -0.7140730251 -0.3612575323 0.2502966316 0.5449259641
1413393292.3057606220 1.6668741579 1.5455503248 1.1833870820 -0.7120020570 -0.3625839056 0.2525973524 0.5456927339
1413393292.3557605743 1.6660855779 1.5467979106 1.1944482644 -0.7107728232 -0.3635308063 0.2549619309 0.5455655419
1413393292.4057605267 1.6654621898 1.5477778973 1.2039670421 -0.7098691344 -0.3637580092 0.2581976502 0.5450687078
1413393292.4557604790 1.6649260491 1.5478859289 1.2119754025 -0.7085137766 -0.3642080062 0.2606491523 0.5453648099
1413393292.5057606697 1.6651334072 1.5463911101 1.2197893788 -0.7085506219 -0.3662349784 0.2612805673 0.5436546899
1413393292.5557603836 1.6658674615 1.5451448355 1.2270609330 -0.7082063351 -0.3681059683 0.2618213069 0.5425784610
1413393292.6057605743 1.6664696915 1.5426352684 1.2337596613 -0.7085593700 -0.3707262111 0.2616491559 0.5404122637
1413393292.6557605267 1.6684159001 1.5381435621 1.2420814585 -0.7084775607 -0.3744247884 0.2599017580 0.5388104490
1413393292.7057607174 1.6697104396 1.5314220167 1.2497270767 -0.7082340825 -0.3774986126 0.2586364427 0.5375932220
1413393292.7557604313 1.6711746421 1.5248154613 1.2593205557 -0.7073393576 -0.3806734699 0.2585616760 0.5365674255
1413393292.8057606220 1.6725282433 1.5176736253 1.2684224426 -0.7059520123 -0.3827032933 0.2595048265 0.5364952849
1413393292.8557605743 1.6737121020 1.5098845857 1.2788265071 -0.7041876890 -0.3841935604 0.2615012308 0.5367793895
1413393292.9057605267 1.6752910566 1.5014115754 1.2886266023 -0.7022952622 -0.3856579488 0.2643230567 0.5368264458
1413393292.9557604790 1.6770937528 1.4897572476 1.3005147812 -0.7015812014 -0.3861485247 0.2677166445 0.5357246802
1413393293.0057606697 1.6783588932 1.4780971293 1.3095673289 -0.7013335016 -0.3872379621 0.2704641576 0.5338794056
1413393293.0557603836 1.6793219629 1.4639816581 1.3197296793 -0.7010659527 -0.3881173259 0.2730648925 0.5322659445
1413393293.1057605743 1.6807966191 1.4511207815 1.3301207258 -0.7011918000 -0.3896382026 0.2748907283 0.5300445437
1413393293.1557605267 1.6827507507 1.4376246489 1.3409936994 -0.7018146792 -0.3900428259 0.2781528532 0.5272131829
1413393293.2057607174 1.6838728679 1.4196069841 1.3512342897 -0.7021164157 -0.3907670226 0.2795378125 0.5255399930
1413393293.2557604313 1.6864321871 1.4040550395 1.3612097702 -0.7028426820 -0.3903617548 0.2828407894 0.5230974600
1413393293.3057606220 1.6887956958 1.3872416269 1.3699877750 -0.7036415328 -0.3909927231 0.2845526754 0.5206179585
1413393293.3557605743 1.6914147141 1.3707625423 1.3758757646 -0.7040726295 -0.3895180642 0.2885332084 0.5189470085
1413393293.4057605267 1.6946432415 1.3542283364 1.3801191154 -0.7050351975 -0.3883555595 0.2918358959 0.5166595973
1413393293.4557604790 1.6989989067 1.3384900573 1.3817849779 -0.7059038740 -0.3870620213 0.2949106092 0.5146945162
1413393293.5057606697 1.7020869992 1.3208953544 1.3794754214 -0.7066314079 -0.3868983453 0.2951142818 0.5137015520
1413393293.5557603836 1.7069149866 1.3050793761 1.3755680235 -0.7063521399 -0.3882924813 0.2936586906 0.5138678594
1413393293.6057605743 1.7109775636 1.2894761537 1.3715814645 -0.7056936768 -0.3906009725 0.2906594728 0.5147274867
1413393293.6557605267 1.7163691556 1.2735677079 1.3679800362 -0.7052076767 -0.3937568284 0.2861984890 0.5154882323
1413393293.7057607174 1.7225503610 1.2574973668 1.3650224873 -0.7043269383 -0.3979382108 0.2812649118 0.5161964682
1413393293.7557604313 1.7281000417 1.2404417521 1.3617666714 -0.7035024878 -0.4008748290 0.2775338401 0.5170672962
1413393293.8057606220 1.7337926065 1.2241387895 1.3610661504 -0.7028162694 -0.4032183630 0.2748560563 0.5176083379
1413393293.8557605743 1.7373577144 1.2065528325 1.3587465744 -0.7024384642 -0.4046964387 0.2736456415 0.5176089831
1413393293.9057605267 1.7427850282 1.1886137759 1.3590371614 -0.7018419629 -0.4063220099 0.2728052985 0.5175882075
1413393293.9557604790 1.7464019176 1.1699300301 1.3601700189 -0.7015605077 -0.4080466328 0.2710743947 0.5175224362
1413393294.0057606697 1.7497559961 1.1503653045 1.3612305781 -0.7010254149 -0.4087605161 0.2712002401 0.5176182356
1413393294.0557603836 1.7526916510 1.1304164150 1.3621683310 -0.7004628725 -0.4093825222 0.2711401988 0.5179195955
1413393294.1057605743 1.7550324117 1.1096478873 1.3659868514 -0.6986588857 -0.4081398279 0.2736139357 0.5200317841
1413393294.1557605267 1.7570386963 1.0874563514 1.3700176691 -0.6965908671 -0.4057227653 0.2773917301 0.5226892286
1413393294.2057607174 1.7580518526 1.0650538087 1.3740883137 -0.6951262778 -0.4027052504 0.2814347695 0.5248070214
1413393294.2557604313 1.7609270465 1.0426239991 1.3782446182 -0.6948496222 -0.4017635711 0.2820753549 0.5255506918
1413393294.3057606220 1.7623794099 1.0185337847 1.3816916455 -0.6954677976 -0.4020053212 0.2805635239 0.5253573767
1413393294.3557605743 1.7651652967 0.9948143189 1.3847037605 -0.6969279842 -0.4022924239 0.2787650408 0.5241586044
1413393294.4057605267 1.7669516361 0.9704131028 1.3869961761 -0.6981668598 -0.4029139502 0.2762293179 0.5233743865
1413393294.4557604790 1.7695505513 0.9448110259 1.3888890409 -0.6992574188 -0.4035505426 0.2730647976 0.5230885567
1413393294.5057606697 1.7706848176 0.9181427609 1.3915766316 -0.7011874233 -0.4039822286 0.2701497099 0.5216835158
1413393294.5557603836 1.7729320859 0.8918889091 1.3939539930 -0.7030190597 -0.4034003519 0.2690325352 0.5202440320
1413393294.6057605743 1.7731546600 0.8641386943 1.3963718795 -0.7051986202 -0.4015941980 0.2691315122 0.5186378653
1413393294.6557605267 1.7742992391 0.8358952185 1.3986897288 -0.7070433598 -0.3990671245 0.2709923333 0.5171056688
1413393294.7057607174 1.7757632043 0.8073045541 1.4019788321 -0.7092772081 -0.3966767690 0.2731023193 0.5147703432
1413393294.7557604313 1.7754705960 0.7808956995 1.4030115441 -0.7109169170 -0.3934661837 0.2759469109 0.5134537972
1413393294.8057606220 1.7750016744 0.7527671809 1.4059547760 -0.7128489899 -0.3901940019 0.2790100110 0.5116134988
1413393294.8557605743 1.7748681161 0.7253350175 1.4073933822 -0.7144064051 -0.3887220077 0.2803874641 0.5098054129
1413393294.9057605267 1.7745345553 0.6983187578 1.4092346679 -0.7154193765 -0.3881197753 0.2796413181 0.5092532659
1413393294.9557604790 1.7734053894 0.6715097475 1.4106305956 -0.7153585702 -0.3890314423 0.2774147278 0.5098604924
1413393295.0057606697 1.7721199513 0.6450502627 1.4136984252 -0.7146532497 -0.3913816863 0.2740370096 0.5108765269
1413393295.0557603836 1.7717449300 0.6194521994 1.4163940449 -0.7136346451 -0.3934106089 0.2702139743 0.5127748963
1413393295.1057605743 1.7704677292 0.5941264960 1.4192466814 -0.7126350772 -0.3953770881 0.2669438053 0.5143629164
1413393295.1557605267 1.7682814972 0.5684635968 1.4220341154 -0.7123675392 -0.3957605531 0.2667262955 0.5145514134
1413393295.2057607174 1.7657521303 0.5427490829 1.4253164613 -0.7126374399 -0.3943425186 0.2680275341 0.5145902236
1413393295.2557604313 1.7630386367 0.5173612128 1.4287470012 -0.7137123516 -0.3927803377 0.2701609413 0.5131776994
1413393295.3057606220 1.7582490649 0.4897827729 1.4335359914 -0.7150640398 -0.3906178693 0.2727815547 0.5115577411
1413393295.3557605743 1.7550984426 0.4649342697 1.4378242318 -0.7162771487 -0.3886971769 0.2750987436 0.5100806134
1413393295.4057605267 1.7509078508 0.4383670262 1.4409634713 -0.7182154606 -0.3861955669 0.2789072087 0.5071787705
1413393295.4557604790 1.7488759317 0.4133755697 1.4482262203 -0.7194158228 -0.3839965647 0.2821748983 0.5053363623
1413393295.5057606697 1.7450646236 0.3893519454 1.4532071328 -0.7209230246 -0.3814502847 0.2857697931 0.5030917394
1413393295.5557603836 1.7408615692 0.3664939358 1.4562341816 -0.7217397144 -0.3793584954 0.2893854770 0.5014329092
1413393295.6057605743 1.7363768913 0.3446713280 1.4587439171 -0.7227591671 -0.3776899719 0.2913922820 0.5000600059
1413393295.6557605267 1.7331503243 0.3244761893 1.4580006871 -0.7231610200 -0.3767153379 0.2932074722 0.4991523531
1413393295.7057607174 1.7302980511 0.3055698902 1.4545112928 -0.7232397354 -0.3766727469 0.2941192859 0.4985336224
1413393295.7557604313 1.7256581041 0.2860290233 1.4485979789 -0.7229422430 -0.3771874840 0.2931081211 0.4991710574
1413393295.8057606220 1.7235200725 0.2693722676 1.4427149347 -0.7216995015 -0.3794672892 0.2909419564 0.5005069270
1413393295.8557605743 1.7206078272 0.2533867612 1.4353947790 -0.7194488073 -0.3838276671 0.2855302463 0.5035297549
1413393295.9057605267 1.7176235416 0.2385288418 1.4286575502 -0.7168702676 -0.3884952277 0.2791464957 0.5071939584
1413393295.9557604790 1.7139717219 0.2231202216 1.4233008423 -0.7141683033 -0.3938367183 0.2722426048 0.5106272985
1413393296.0057606697 1.7100189970 0.2084370197 1.4194454497 -0.7119743266 -0.3974097165 0.2675999583 0.5133695919
1413393296.0557603836 1.7067128209 0.1943688395 1.4165945337 -0.7103668642 -0.4005153977 0.2636286706 0.5152341782
1413393296.1057605743 1.7015943656 0.1787906510 1.4148872924 -0.7093286469 -0.4028402328 0.2610818743 0.5161481109
1413393296.1557605267 1.6965341251 0.1633636504 1.4141211631 -0.7091891705 -0.4033303428 0.2603850744 0.5163089851
1413393296.2057607174 1.6900760300 0.1477324284 1.4127291776 -0.7092501379 -0.4042781600 0.2587786199 0.5162916203
1413393296.2557604313 1.6816876270 0.1309631608 1.4132916080 -0.7099415670 -0.4048665733 0.2581744791 0.5151814899
1413393296.3057606220 1.6730699722 0.1134929315 1.4137940611 -0.7102374909 -0.4049780398 0.2573277654 0.5151096145
1413393296.3557605743 1.6638817942 0.0968783933 1.4156194731 -0.7116081094 -0.4036739983 0.2588231741 0.5134897918
1413393296.4057605267 1.6523855004 0.0763375167 1.4185698512 -0.7138178321 -0.4008289707 0.2616746515 0.5112011498
1413393296.4557604790 1.6402211113 0.0577777382 1.4194593474 -0.7166344049 -0.3971414492 0.2644894695 0.5086837127
1413393296.5057606697 1.6277419217 0.0401831886 1.4182551669 -0.7196798175 -0.3924667219 0.2668861085 0.5067569807
1413393296.5557603836 1.6148048644 0.0236137423 1.4157165692 -0.7226596341 -0.3871911738 0.2679174749 0.5060299149
1413393296.6057605743 1.6008470302 0.0065405933 1.4090938744 -0.7254308808 -0.3812697430 0.2685755340 0.5062120137
1413393296.6557605267 1.5871491933 -0.0095882224 1.4017071258 -0.7285111972 -0.3754952035 0.2675348067 0.5066556176
1413393296.7057607174 1.5727983333 -0.0252171755 1.3931263495 -0.7313683322 -0.3692746195 0.2670133217 0.5073859517
1413393296.7557604313 1.5587987774 -0.0396683340 1.3836362732 -0.7341716401 -0.3640597676 0.2661267110 0.5075717311
1413393296.8057606220 1.5436497230 -0.0537183539 1.3755879348 -0.7362323772 -0.3595695925 0.2651377938 0.5083045793
1413393296.8557605743 1.5297903599 -0.0659148415 1.3662809524 -0.7373947937 -0.3560767048 0.2633087430 0.5100262781
1413393296.9057605267 1.5149163427 -0.0781672004 1.3589659887 -0.7384878505 -0.3538085960 0.2607618779 0.5113300451
1413393296.9557604790 1.5003767506 -0.0893400526 1.3512736015 -0.7389997370 -0.3515952173 0.2584344499 0.5132950681
1413393297.0057606697 1.4855804308 -0.0999629435 1.3452323657 -0.7399251369 -0.3496771659 0.2554938854 0.5147422131
1413393297.0557603836 1.4709830310 -0.1094653399 1.3396804740 -0.7409139002 -0.3472667238 0.2524294031 0.5164608518
1413393297.1057605743 1.4560997989 -0.1185144339 1.3331658059 -0.7422027352 -0.3439516526 0.2501832903 0.5179195708
1413393297.1557605267 1.4413191673 -0.1276065593 1.3274606507 -0.7435931161 -0.3409858286 0.2482358166 0.5188226304
1413393297.2057607174 1.4258998194 -0.1348188799 1.3218938110 -0.7448962260 -0.3375649063 0.2483371559 0.5191417953
1413393297.2557604313 1.4105862598 -0.1413388857 1.3160606959 -0.7459219801 -0.3339761368 0.2492623764 0.5195465402
1413393297.3057606220 1.3966616445 -0.1465729537 1.3122584299 -0.7465767365 -0.3315227116 0.2495241786 0.5200514903
1413393297.3557605743 1.3809055816 -0.1515996668 1.3068938699 -0.7470304770 -0.3301499415 0.2482376884 0.5208882152
1413393297.4057605267 1.3666286863 -0.1563629550 1.3023342685 -0.7468894945 -0.3289403291 0.2474695498 0.5222194604
1413393297.4557604790 1.3513670494 -0.1603106999 1.2979645541 -0.7470643351 -0.3286770345 0.2454586593 0.5230834855
1413393297.5057606697 1.3373782538 -0.1631105350 1.2939501165 -0.7464943183 -0.3295244634 0.2433186567 0.5243623671
1413393297.5557603836 1.3220761574 -0.1659949047 1.2904850196 -0.7460420178 -0.3294710267 0.2428439001 0.5252589746
1413393297.6057605743 1.3082456836 -0.1673704510 1.2870119081 -0.7456689564 -0.3293898860 0.2430415050 0.5257479789
1413393297.6557605267 1.2931005795 -0.1689403479 1.2828512017 -0.7456311073 -0.3281315662 0.2452055020 0.5255836650
1413393297.7057607174 1.2785701470 -0.1697929395 1.2799137177 -0.7459171177 -0.3266432894 0.2481432492 0.5247253976
1413393297.7557604313 1.2641743689 -0.1695783545 1.2767493175 -0.7455863145 -0.3249769160 0.2513439762 0.5247068298
1413393297.8057606220 1.2499815522 -0.1696243855 1.2732128447 -0.7453110319 -0.3234823304 0.2542739550 0.5246097631
1413393297.8557605743 1.2365984061 -0.1683747311 1.2697599552 -0.7444903723 -0.3218986834 0.2573002881 0.5252731526
1413393297.9057605267 1.2235082326 -0.1663802821 1.2665404769 -0.7442576336 -0.3219734749 0.2586060215 0.5249157856
1413393297.9557604790 1.2110778826 -0.1634482369 1.2620539992 -0.7439609508 -0.3222154237 0.2597927983 0.5246017788
1413393298.0057606697 1.1998823797 -0.1601253379 1.2587902513 -0.7438200404 -0.3225004139 0.2605505969 0.5242505289
1413393298.0557603836 1.1889903113 -0.1562225913 1.2554928500 -0.7437649191 -0.3233892008 0.2608195349 0.5236471523
1413393298.1057605743 1.1786500389 -0.1500736713 1.2516501613 -0.7442014004 -0.3250695885 0.2596331826 0.5225750173
1413393298.1557605267 1.1686421848 -0.1444668558 1.2472049282 -0.7449036571 -0.3275906876 0.2575849820 0.5210113819
1413393298.2057607174 1.1601653262 -0.1374201482 1.2425874360 -0.7453793836 -0.3311665724 0.2542692347 0.5196974428
1413393298.2557604313 1.1502009945 -0.1294410558 1.2384413783 -0.7451519449 -0.3348776428 0.2499096467 0.5197602446
1413393298.3057606220 1.1404239824 -0.1216149807 1.2342776751 -0.7448335222 -0.3396213908 0.2447989732 0.5195707823
1413393298.3557605743 1.1305693272 -0.1128733705 1.2298012746 -0.7440299729 -0.3445130625 0.2393237443 0.5200522037
1413393298.4057605267 1.1208801199 -0.1030925764 1.2248956947 -0.7421225959 -0.3493308995 0.2339209947 0.5220181448
1413393298.4557604790 1.1101304057 -0.0937131246 1.2207980618 -0.7391162406 -0.3534298326 0.2300427971 0.5252378965
1413393298.5057606697 1.0980243164 -0.0845643450 1.2167846987 -0.7361394714 -0.3563490086 0.2274742289 0.5285541958
1413393298.5557603836 1.0854465617 -0.0752688711 1.2138169927 -0.7336999664 -0.3577317903 0.2268872408 0.5312574757
1413393298.6057605743 1.0706388450 -0.0672792689 1.2114914584 -0.7326431853 -0.3573941877 0.2288405374 0.5321046571
1413393298.6557605267 1.0544093248 -0.0600444160 1.2096070262 -0.7328760579 -0.3558469147 0.2327313849 0.5311325253
1413393298.7057607174 1.0381996789 -0.0532987237 1.2086273637 -0.7338855660 -0.3527263501 0.2382185183 0.5293845818
1413393298.7557604313 1.0219853510 -0.0469230888 1.2072197418 -0.7350339776 -0.3495771747 0.2438079674 0.5273315140
1413393298.8057606220 1.0053245261 -0.0406562152 1.2077870847 -0.7361737016 -0.3468520990 0.2478281135 0.5256644640
1413393298.8557605743 0.9896935412 -0.0340797441 1.2064891526 -0.7368726399 -0.3444389242 0.2517517735 0.5244059350
1413393298.9057605267 0.9720875193 -0.0271647853 1.2065975427 -0.7376953196 -0.3422228702 0.2539894976 0.5236205283
1413393298.9557604790 0.9542286753 -0.0204711757 1.2056229220 -0.7389660413 -0.3402183063 0.2551234804 0.5225827242
1413393299.0057606697 0.9366147879 -0.0119181674 1.2061681235 -0.7398934761 -0.3384462070 0.2561552705 0.5219159764
1413393299.0557603836 0.9212210431 -0.0041278521 1.2062977479 -0.7406211984 -0.3375749531 0.2552509241 0.5218911355
1413393299.1057605743 0.9048541894 0.0038989579 1.2061949649 -0.7402068293 -0.3373656789 0.2533388100 0.5235434041
1413393299.1557605267 0.8888099246 0.0135093990 1.2056447822 -0.7385686310 -0.3380751273 0.2497696136 0.5271021967
1413393299.2057607174 0.8732172445 0.0229565655 1.2060856301 -0.7355029776 -0.3390721650 0.2456284565 0.5326650901
1413393299.2557604313 0.8571019006 0.0316106663 1.2071950612 -0.7317862498 -0.3389325908 0.2431242750 0.5389843879
1413393299.3057606220 0.8408662275 0.0400831466 1.2094408270 -0.7275951580 -0.3381374100 0.2419972489 0.5456241468
1413393299.3557605743 0.8256608321 0.0473535481 1.2111076381 -0.7239924202 -0.3352969295 0.2434326002 0.5514993325
1413393299.4057605267 0.8099916187 0.0528685683 1.2131085804 -0.7217349778 -0.3324895621 0.2451301590 0.5553922200
1413393299.4557604790 0.7950609441 0.0576523323 1.2145827026 -0.7212359321 -0.3297966999 0.2474675761 0.5566081797
1413393299.5057606697 0.7814261241 0.0607426774 1.2161488949 -0.7218114334 -0.3272101213 0.2496289184 0.5564235744
1413393299.5557603836 0.7684306190 0.0634157134 1.2181618007 -0.7236597866 -0.3255618001 0.2513344777 0.5542174735
1413393299.6057605743 0.7558558097 0.0644332463 1.2205609584 -0.7261241989 -0.3241988211 0.2527263772 0.5511516583
1413393299.6557605267 0.7450353190 0.0645595184 1.2228165330 -0.7290576339 -0.3227161425 0.2544565534 0.5473400409
1413393299.7057607174 0.7355394543 0.0640564461 1.2251447355 -0.7314298438 -0.3225914118 0.2545346123 0.5442033588
1413393299.7557604313 0.7270456799 0.0639660259 1.2283628406 -0.7323014200 -0.3227133167 0.2548516848 0.5428087732
1413393299.8057606220 0.7186220965 0.0636091860 1.2314168706 -0.7320447142 -0.3239497371 0.2538456898 0.5428899244
1413393299.8557605743 0.7098169140 0.0615873181 1.2341099344 -0.7319015630 -0.3256779713 0.2516034607 0.5430926805
1413393299.9057605267 0.7025895850 0.0599548406 1.2373012966 -0.7322726893 -0.3292355471 0.2477830609 0.5422031148
1413393299.9557604790 0.6961777632 0.0579457342 1.2403673743 -0.7324168618 -0.3336092582 0.2423682589 0.5417822723
1413393300.0057606697 0.6892989606 0.0551780330 1.2437539264 -0.7316125739 -0.3377180392 0.2373055961 0.5425639334
1413393300.0557603836 0.6829982097 0.0522260979 1.2474646473 -0.7312310374 -0.3416785290 0.2330342370 0.5424499951
1413393300.1057605743 0.6766207392 0.0481360807 1.2514689733 -0.7311553700 -0.3437784511 0.2305683254 0.5422789401
1413393300.1557605267 0.6698997266 0.0435751661 1.2562288373 -0.7318118899 -0.3441261754 0.2314314788 0.5408031100
1413393300.2057607174 0.6615777097 0.0380176343 1.2618023098 -0.7332176717 -0.3433055559 0.2350773363 0.5378399271
1413393300.2557604313 0.6532543287 0.0312987130 1.2670199300 -0.7343999427 -0.3418853646 0.2417583778 0.5341572880
1413393300.3057606220 0.6443784386 0.0234942052 1.2718808597 -0.7348865516 -0.3417956865 0.2506387850 0.5294314540
1413393300.3557605743 0.6356988080 0.0159490899 1.2781269475 -0.7348521872 -0.3428446656 0.2597323745 0.5243938328
1413393300.4057605267 0.6271513766 0.0083136857 1.2837734803 -0.7340840139 -0.3455268127 0.2690249374 0.5189965947
1413393300.4557604790 0.6192139724 0.0019269483 1.2893477930 -0.7324222524 -0.3495909513 0.2788241455 0.5134207893
1413393300.5057606697 0.6110409621 -0.0050461323 1.2954784173 -0.7294150981 -0.3555293707 0.2865769005 0.5093389455
1413393300.5557603836 0.6034967539 -0.0109693232 1.3004994695 -0.7254710446 -0.3626107200 0.2946281630 0.5053706311
1413393300.6057605743 0.5961092639 -0.0165059188 1.3050481571 -0.7205474761 -0.3715284222 0.3011605675 0.5020759691
1413393300.6557605267 0.5901401857 -0.0203350343 1.3099009343 -0.7146459779 -0.3821018176 0.3062156681 0.4995110528
1413393300.7057607174 0.5846931956 -0.0236705177 1.3148438011 -0.7082654418 -0.3942671853 0.3097952645 0.4969309254
1413393300.7557604313 0.5796293222 -0.0257849530 1.3199669264 -0.7012739724 -0.4068037564 0.3130817164 0.4946770241
1413393300.8057606220 0.5744260250 -0.0272922586 1.3234069115 -0.6942910782 -0.4181460677 0.3149776590 0.4938652034
1413393300.8557605743 0.5702671727 -0.0281589282 1.3259299551 -0.6870993532 -0.4279738776 0.3169351429 0.4942519136
1413393300.9057605267 0.5661793363 -0.0289168274 1.3264240494 -0.6801428708 -0.4357831355 0.3190908341 0.4956609463
1413393300.9557604790 0.5617008334 -0.0292453983 1.3252169825 -0.6740964440 -0.4414912909 0.3218936129 0.4970552546
1413393301.0057606697 0.5571244785 -0.0299462633 1.3214381385 -0.6684163987 -0.4452184743 0.3258199829 0.4988400213
1413393301.0557603836 0.5530984991 -0.0313510682 1.3156858140 -0.6633066878 -0.4478530709 0.3303807666 0.5003003237
1413393301.1057605743 0.5491564720 -0.0327929631 1.3073858259 -0.6587845430 -0.4507543659 0.3348389069 0.5007058357
1413393301.1557605267 0.5455835663 -0.0352452022 1.2969701627 -0.6543663198 -0.4540523591 0.3393327847 0.5004941917
1413393301.2057607174 0.5430945402 -0.0380788169 1.2849930573 -0.6503436902 -0.4579756292 0.3440853553 0.4989154997
1413393301.2557604313 0.5413888079 -0.0421444116 1.2716641300 -0.6463537519 -0.4629290714 0.3486953517 0.4963215228
1413393301.3057606220 0.5401974419 -0.0471862132 1.2591100615 -0.6417178709 -0.4682463039 0.3534689175 0.4939668990
1413393301.3557605743 0.5402652146 -0.0529335073 1.2479099410 -0.6369626134 -0.4750455365 0.3578981598 0.4904276447
1413393301.4057605267 0.5415725929 -0.0600310931 1.2371754541 -0.6322214507 -0.4815354951 0.3633495896 0.4862064170
1413393301.4557604790 0.5441105208 -0.0669705948 1.2265241235 -0.6272980850 -0.4885635847 0.3686020621 0.4815965699
1413393301.5057606697 0.5472026265 -0.0743094621 1.2170502701 -0.6225664091 -0.4970096465 0.3730807050 0.4756083106
1413393301.5557603836 0.5510843532 -0.0825884836 1.2077766912 -0.6183467217 -0.5069139982 0.3756184823 0.4686110177
1413393301.6057605743 0.5557990071 -0.0914298533 1.1996157161 -0.6140052426 -0.5172164474 0.3774539066 0.4615335925
1413393301.6557605267 0.5609663137 -0.1005789343 1.1918002324 -0.6090857306 -0.5278261641 0.3788438224 0.4548532418
1413393301.7057607174 0.5658009518 -0.1094802257 1.1858557538 -0.6040543130 -0.5366958318 0.3805625489 0.4497200433
1413393301.7557604313 0.5709107186 -0.1188609073 1.1801967360 -0.5995809921 -0.5448139600 0.3817567199 0.4449069450
1413393301.8057606220 0.5755305330 -0.1284755231 1.1745247140 -0.5948253436 -0.5515015512 0.3829982337 0.4419742104
1413393301.8557605743 0.5794038820 -0.1387895969 1.1696399435 -0.5911043579 -0.5556620463 0.3853214667 0.4397302533
1413393301.9057605267 0.5827445458 -0.1493482218 1.1659443631 -0.5879433549 -0.5595844101 0.3866979807 0.4377814194
1413393301.9557604790 0.5861579258 -0.1608776988 1.1615745690 -0.5850309702 -0.5628651404 0.3876972466 0.4365918490
1413393302.0057606697 0.5891651868 -0.1732651360 1.1582482849 -0.5824958053 -0.5647221614 0.3890948881 0.4363401028
1413393302.0557603836 0.5912602142 -0.1863562121 1.1559508643 -0.5805439206 -0.5659497775 0.3904464219 0.4361435512
1413393302.1057605743 0.5930531200 -0.2002165410 1.1536277496 -0.5795572251 -0.5665528995 0.3919533666 0.4353203342
1413393302.1557605267 0.5947617073 -0.2146384697 1.1520198521 -0.5792767210 -0.5660920650 0.3936855956 0.4347296934
1413393302.2057607174 0.5958234438 -0.2301141622 1.1515322646 -0.5797081629 -0.5656477884 0.3944262666 0.4340609929
1413393302.2557604313 0.5965671870 -0.2461580502 1.1510733809 -0.5807520156 -0.5644949474 0.3956325662 0.4330674581
1413393302.3057606220 0.5983700555 -0.2643859460 1.1521925225 -0.5818267791 -0.5622327830 0.3971545584 0.4331745072
1413393302.3557605743 0.5991259730 -0.2817742740 1.1529078047 -0.5842414957 -0.5597458174 0.3987746789 0.4316540861
1413393302.4057605267 0.5997290115 -0.2991643748 1.1546883249 -0.5861370532 -0.5578184768 0.3993182553 0.4310763654
1413393302.4557604790 0.6000079895 -0.3164477555 1.1564839980 -0.5887568611 -0.5549357761 0.4003214725 0.4302956676
1413393302.5057606697 0.6008844812 -0.3345573644 1.1587812511 -0.5915506200 -0.5524625586 0.4005890661 0.4293965364
1413393302.5557603836 0.6011578875 -0.3525149067 1.1623895812 -0.5948692944 -0.5492298193 0.4015518770 0.4280574940
1413393302.6057605743 0.6014872042 -0.3701364022 1.1665992396 -0.5984674798 -0.5462041094 0.4023080217 0.4261994864
1413393302.6557605267 0.6017517310 -0.3869748857 1.1711844523 -0.6012900870 -0.5441620108 0.4018758235 0.4252455288
1413393302.7057607174 0.6016240523 -0.4031561905 1.1762743599 -0.6033373389 -0.5427073477 0.4011480121 0.4248918247
1413393302.7557604313 0.6014701558 -0.4200192197 1.1823961839 -0.6053678978 -0.5413393606 0.4004943411 0.4243650407
1413393302.8057606220 0.6010118610 -0.4351604108 1.1888813729 -0.6066003063 -0.5398219057 0.4006102450 0.4244288045
1413393302.8557605743 0.6001649302 -0.4492863889 1.1960331228 -0.6080189270 -0.5387552013 0.4006780464 0.4236896513
1413393302.9057605267 0.5997482038 -0.4629636040 1.2028246403 -0.6083744069 -0.5383561246 0.4006568487 0.4237066836
1413393302.9557604790 0.5991759157 -0.4763719073 1.2104591595 -0.6091259043 -0.5381929249 0.4000324860 0.4234241590
1413393303.0057606697 0.5977666116 -0.4891973809 1.2184786270 -0.6087199870 -0.5387267389 0.3986060436 0.4246724624
1413393303.0557603836 0.5965071198 -0.5004432041 1.2260984545 -0.6075747823 -0.5392623887 0.3983065757 0.4259117652
1413393303.1057605743 0.5943701364 -0.5113312477 1.2337438960 -0.6066969929 -0.5395718562 0.3976688025 0.4273645919
1413393303.1557605267 0.5928479439 -0.5209884471 1.2412822342 -0.6059108521 -0.5402112661 0.3974029598 0.4279190517
1413393303.2057607174 0.5908790723 -0.5310056044 1.2492411651 -0.6051443713 -0.5401123445 0.3979189105 0.4286484408
1413393303.2557604313 0.5888265474 -0.5406954600 1.2569577508 -0.6047829373 -0.5405282012 0.3974320135 0.4290858388
1413393303.3057606220 0.5868313076 -0.5499398535 1.2649241770 -0.6035297460 -0.5421815511 0.3949666176 0.4310364048
1413393303.3557605743 0.5843589959 -0.5581003918 1.2732131599 -0.6015674862 -0.5448472091 0.3910993479 0.4339347628
1413393303.4057605267 0.5818928881 -0.5657386735 1.2816261791 -0.5998043061 -0.5471358628 0.3875815985 0.4366436151
1413393303.4557604790 0.5787692052 -0.5737112586 1.2905641051 -0.5988279689 -0.5487064829 0.3850330076 0.4382645803
1413393303.5057606697 0.5756774011 -0.5828927256 1.3004066573 -0.5974698092 -0.5494982634 0.3833162588 0.4406247057
1413393303.5557603836 0.5721774986 -0.5922117446 1.3110890833 -0.5973600938 -0.5490094036 0.3823036908 0.4422595178
1413393303.6057605743 0.5682093502 -0.6016408619 1.3219583838 -0.5964426000 -0.5482349407 0.3823406218 0.4444213357
1413393303.6557605267 0.5646018155 -0.6115205451 1.3343672068 -0.5961854639 -0.5466950398 0.3834113350 0.4457389081
1413393303.7057607174 0.5605246928 -0.6224050567 1.3470942058 -0.5970572886 -0.5449931697 0.3839876637 0.4461597396
1413393303.7557604313 0.5560734753 -0.6324746104 1.3601547861 -0.5982515443 -0.5439474438 0.3846385547 0.4452745787
1413393303.8057606220 0.5521483453 -0.6442254256 1.3733958367 -0.5985801182 -0.5427895916 0.3855393773 0.4454668225
1413393303.8557605743 0.5482618993 -0.6558690656 1.3862589213 -0.5999987742 -0.5410500055 0.3871102342 0.4443107348
1413393303.9057605267 0.5434099435 -0.6675892612 1.4007206252 -0.6017250525 -0.5394375386 0.3887668281 0.4424866738
1413393303.9557604790 0.5396399214 -0.6791782669 1.4135863920 -0.6034305110 -0.5373794936 0.3915213417 0.4402339574
1413393304.0057606697 0.5361640287 -0.6907753919 1.4244463335 -0.6058058426 -0.5354846121 0.3933818171 0.4376142792
1413393304.0557603836 0.5320831110 -0.7008585718 1.4340555237 -0.6071479252 -0.5342712121 0.3951694259 0.4356223062
1413393304.1057605743 0.5285366629 -0.7116509186 1.4388564033 -0.6086758989 -0.5343175801 0.3950765825 0.4335122462
1413393304.1557605267 0.5247352143 -0.7216440895 1.4424417054 -0.6107670744 -0.5358273417 0.3924748371 0.4310639662
1413393304.2057607174 0.5214633054 -0.7305126857 1.4428950154 -0.6118818418 -0.5379535595 0.3900741901 0.4290089810
1413393304.2557604313 0.5174865307 -0.7383946508 1.4409860608 -0.6119122481 -0.5413751402 0.3858198089 0.4285083817
1413393304.3057606220 0.5132398582 -0.7458505707 1.4373948535 -0.6113913514 -0.5442150783 0.3821761581 0.4289195125
1413393304.3557605743 0.5082788518 -0.7521872327 1.4329139419 -0.6103233813 -0.5475210664 0.3787116292 0.4293058980
1413393304.4057605267 0.5027493106 -0.7584109564 1.4282408224 -0.6091482165 -0.5499061228 0.3766055863 0.4297789418
1413393304.4557604790 0.4963140508 -0.7649269835 1.4233982979 -0.6073546492 -0.5516811081 0.3751607080 0.4313035222
1413393304.5057606697 0.4892008372 -0.7714419818 1.4193647148 -0.6056462530 -0.5529254837 0.3749213702 0.4323193170
1413393304.5557603836 0.4815002702 -0.7772970470 1.4158752471 -0.6029438916 -0.5536814491 0.3758650988 0.4343051278
1413393304.6057605743 0.4729812460 -0.7835369499 1.4122208900 -0.6002757315 -0.5545232918 0.3757098609 0.4370527033
1413393304.6557605267 0.4638511012 -0.7907165018 1.4094899866 -0.5980941466 -0.5550976221 0.3765674528 0.4385737968
1413393304.7057607174 0.4544145760 -0.7977522701 1.4072074656 -0.5954966429 -0.5550270028 0.3780904937 0.4408813366
1413393304.7557604313 0.4443655596 -0.8056981246 1.4048423646 -0.5951008509 -0.5553605787 0.3793833934 0.4398839002
1413393304.8057606220 0.4342626719 -0.8125645274 1.4030820194 -0.5940388143 -0.5554748676 0.3817594597 0.4391187465
1413393304.8557605743 0.4243034868 -0.8215334186 1.4022562536 -0.5944387019 -0.5552078263 0.3842615338 0.4367264280
1413393304.9057605267 0.4130938844 -0.8296661175 1.4014276046 -0.5938366961 -0.5567082434 0.3840338904 0.4358346948
1413393304.9557604790 0.4022627602 -0.8390986862 1.4011217443 -0.5935416829 -0.5570692222 0.3850194286 0.4349048079
1413393305.0057606697 0.3913161169 -0.8480157396 1.4014705480 -0.5929177425 -0.5587157083 0.3837487479 0.4347668415
1413393305.0557603836 0.3793809468 -0.8564774320 1.4031617026 -0.5938072131 -0.5591990777 0.3838964274 0.4327966245
1413393305.1057605743 0.3670003153 -0.8653926190 1.4042140031 -0.5941208578 -0.5591354072 0.3841555551 0.4322181304
1413393305.1557605267 0.3549749058 -0.8747731871 1.4057932030 -0.5954273300 -0.5587808601 0.3841445286 0.4308865584
1413393305.2057607174 0.3415486958 -0.8840326795 1.4082988195 -0.5950187655 -0.5591764582 0.3829226660 0.4320238293
1413393305.2557604313 0.3284263545 -0.8927513992 1.4111214197 -0.5937847427 -0.5607718331 0.3795645263 0.4346094808
1413393305.3057606220 0.3149052945 -0.9024905815 1.4148684193 -0.5936393103 -0.5600233042 0.3781474833 0.4370020010
1413393305.3557605743 0.2999369948 -0.9122152298 1.4192867404 -0.5941854232 -0.5586928513 0.3766427546 0.4392564355
1413393305.4057605267 0.2849667587 -0.9222916590 1.4234860209 -0.5961332016 -0.5569709630 0.3751676757 0.4400656400
1413393305.4557604790 0.2704459784 -0.9341989917 1.4274461370 -0.5994006600 -0.5539981748 0.3753220263 0.4392473650
1413393305.5057606697 0.2549567738 -0.9459426550 1.4323874976 -0.6014519494 -0.5516515840 0.3752008826 0.4395001480
1413393305.5557603836 0.2390795302 -0.9579896717 1.4371254026 -0.6035520803 -0.5491400870 0.3752100126 0.4397584538
1413393305.6057605743 0.2228548726 -0.9703808448 1.4428263687 -0.6057319374 -0.5472687150 0.3750659568 0.4392166910
1413393305.6557605267 0.2060495650 -0.9836356354 1.4482907934 -0.6074933477 -0.5454215728 0.3732293684 0.4406438233
1413393305.7057607174 0.1897992468 -0.9962727407 1.4542547355 -0.6093740855 -0.5430441715 0.3708643589 0.4429739034
1413393305.7557604313 0.1729084278 -1.0093183685 1.4605098140 -0.6099536737 -0.5412111987 0.3667998054 0.4477776871
1413393305.8057606220 0.1562105884 -1.0233883594 1.4676858276 -0.6108984113 -0.5386876344 0.3625138779 0.4529927724
1413393305.8557605743 0.1371614737 -1.0373803484 1.4725303311 -0.6101907197 -0.5374815942 0.3572855782 0.4594864929
1413393305.9057605267 0.1191987624 -1.0523627040 1.4782183185 -0.6102331214 -0.5370388183 0.3511354102 0.4646598422
1413393305.9557604790 0.1006804234 -1.0691367879 1.4854733745 -0.6109406315 -0.5345759362 0.3488039588 0.4683117675
1413393306.0057606697 0.0821766431 -1.0870145309 1.4931079566 -0.6133280761 -0.5314292249 0.3489650407 0.4686523769
1413393306.0557603836 0.0643231673 -1.1070435538 1.5013105701 -0.6156223775 -0.5276792224 0.3510837385 0.4682989804
1413393306.1057605743 0.0446397859 -1.1286505583 1.5089052522 -0.6182494649 -0.5247605296 0.3523352412 0.4671764800
1413393306.1557605267 0.0260097405 -1.1505559884 1.5180852302 -0.6199825176 -0.5228499737 0.3537193053 0.4659745014
1413393306.2057607174 0.0075976015 -1.1723017462 1.5267457755 -0.6216068351 -0.5211599587 0.3554284827 0.4644005100
1413393306.2557604313 -0.0106928279 -1.1958408464 1.5339032163 -0.6231895701 -0.5199164252 0.3563557856 0.4629602839
1413393306.3057606220 -0.0302572371 -1.2201094254 1.5417279371 -0.6253790793 -0.5192584335 0.3562751084 0.4608033566
1413393306.3557605743 -0.0500391713 -1.2438910396 1.5489083089 -0.6289592118 -0.5172565391 0.3561798807 0.4582487046
1413393306.4057605267 -0.0693398501 -1.2668092348 1.5563713419 -0.6336207777 -0.5143864623 0.3548888077 0.4560539570
1413393306.4557604790 -0.0885273593 -1.2891687685 1.5588085271 -0.6391634460 -0.5095544621 0.3531769304 0.4550718573
1413393306.5057606697 -0.1089315766 -1.3116717477 1.5615080215 -0.6451261372 -0.5030976201 0.3509583660 0.4555582038
1413393306.5557603836 -0.1304463109 -1.3344873202 1.5620069119 -0.6511076103 -0.4958948393 0.3468990775 0.4580482706
1413393306.6057605743 -0.1527427645 -1.3551944589 1.5608042834 -0.6564502866 -0.4871130931 0.3432775790 0.4625520073
1413393306.6557605267 -0.1746545384 -1.3761602357 1.5574003000 -0.6618916238 -0.4777096974 0.3395283263 0.4673472361
1413393306.7057607174 -0.1948055880 -1.3958391127 1.5530916333 -0.6688937867 -0.4656867463 0.3400582360 0.4691240268
1413393306.7557604313 -0.2160898045 -1.4153861237 1.5492916036 -0.6754731462 -0.4550917371 0.3398262943 0.4702612352
1413393306.8057606220 -0.2375050154 -1.4347948309 1.5466140086 -0.6808993591 -0.4449046318 0.3407920397 0.4714835279
1413393306.8557605743 -0.2587073705 -1.4517756803 1.5435419879 -0.6860748428 -0.4371676726 0.3400329018 0.4717662152
1413393306.9057605267 -0.2789357280 -1.4678130284 1.5422257089 -0.6906518061 -0.4296184645 0.3383301459 0.4732449366
1413393306.9557604790 -0.2991349611 -1.4828722881 1.5390097846 -0.6953417656 -0.4220585018 0.3361551521 0.4747274627
1413393307.0057606697 -0.3184561573 -1.4942988558 1.5384439348 -0.6999073555 -0.4154840782 0.3318594625 0.4768353716
1413393307.0557603836 -0.3378187198 -1.5058915052 1.5364778589 -0.7038470330 -0.4094800146 0.3259055101 0.4803239222
1413393307.1057605743 -0.3560489185 -1.5149795042 1.5357801599 -0.7072013238 -0.4040365457 0.3184179081 0.4850059723
1413393307.1557605267 -0.3727472010 -1.5221849129 1.5356658355 -0.7103037410 -0.3993436386 0.3096680441 0.4899989350
1413393307.2057607174 -0.3904370523 -1.5278463997 1.5349405044 -0.7139216103 -0.3939358987 0.3008813981 0.4945713561
1413393307.2557604313 -0.4071130521 -1.5338636078 1.5344176128 -0.7172223793 -0.3875134909 0.2927272332 0.4997360502
1413393307.3057606220 -0.4234447664 -1.5375583976 1.5340680108 -0.7199481688 -0.3810369676 0.2845452032 0.5054893578
1413393307.3557605743 -0.4399209289 -1.5408256832 1.5360699932 -0.7250532858 -0.3737455165 0.2761788850 0.5082688710
1413393307.4057605267 -0.4554104943 -1.5417937254 1.5364413025 -0.7295739897 -0.3655217373 0.2679096508 0.5121914409
1413393307.4557604790 -0.4714652487 -1.5430273561 1.5381702665 -0.7343356853 -0.3565428490 0.2588900290 0.5163373422
1413393307.5057606697 -0.4881358380 -1.5445992155 1.5411768572 -0.7398890543 -0.3468874008 0.2499090378 0.5194023405
1413393307.5557603836 -0.5039674945 -1.5448719288 1.5438003145 -0.7463553105 -0.3372503611 0.2407041203 0.5208430387
1413393307.6057605743 -0.5196302094 -1.5447239911 1.5465314365 -0.7527099623 -0.3264999954 0.2326129297 0.5222228362
1413393307.6557605267 -0.5360093764 -1.5442812051 1.5509973572 -0.7600014734 -0.3152882110 0.2248838215 0.5219371335
1413393307.7057607174 -0.5540120203 -1.5437759022 1.5554859460 -0.7667304417 -0.3045015127 0.2165314325 0.5220319887
1413393307.7557604313 -0.5705983489 -1.5430827196 1.5604047280 -0.7715836268 -0.2941114140 0.2072737860 0.5245900882
1413393307.8057606220 -0.5890799060 -1.5402009624 1.5657260631 -0.7730387275 -0.2850580343 0.1972534312 0.5312665309
1413393307.8557605743 -0.6073692608 -1.5363438610 1.5705520127 -0.7744521798 -0.2754080536 0.1886261251 0.5373959529
1413393307.9057605267 -0.6261264946 -1.5327505433 1.5766410571 -0.7752807915 -0.2660512885 0.1795769052 0.5439747616
1413393307.9557604790 -0.6457876332 -1.5295165834 1.5815797540 -0.7767154445 -0.2568859711 0.1703929096 0.5492622074
1413393308.0057606697 -0.6646220400 -1.5256388557 1.5875685675 -0.7783312064 -0.2467460365 0.1626488029 0.5539515263
1413393308.0557603836 -0.6865980833 -1.5228980041 1.5928350008 -0.7804426766 -0.2369968931 0.1537185681 0.5577744194
1413393308.1057605743 -0.7069241534 -1.5187719401 1.5981640593 -0.7825188249 -0.2271861482 0.1456163720 0.5611119451
1413393308.1557605267 -0.7291545890 -1.5156571358 1.6036021362 -0.7854899107 -0.2169438310 0.1373760789 0.5630886142
1413393308.2057607174 -0.7503371406 -1.5123283193 1.6094000782 -0.7880424659 -0.2070169677 0.1294593831 0.5651312371
1413393308.2557604313 -0.7735720055 -1.5097068118 1.6149823283 -0.7902957112 -0.1967078923 0.1210927842 0.5675167236
1413393308.3057606220 -0.7956841241 -1.5071484604 1.6213179872 -0.7922418896 -0.1847004107 0.1142898047 0.5702423934
1413393308.3557605743 -0.8178677544 -1.5040005321 1.6273959421 -0.7943764834 -0.1729794631 0.1083152244 0.5721118074
1413393308.4057605267 -0.8409325154 -1.5010171367 1.6339368927 -0.7967319252 -0.1602846289 0.1032031328 0.5734772798
1413393308.4557604790 -0.8642986233 -1.4987520581 1.6396649776 -0.8001067334 -0.1474737751 0.0981071337 0.5731105401
1413393308.5057606697 -0.8887939650 -1.4974524618 1.6438270689 -0.8038583856 -0.1344462101 0.0934583288 0.5718404090
1413393308.5557603836 -0.9118844192 -1.4955195976 1.6461321901 -0.8072737093 -0.1215511228 0.0884811324 0.5707062047
1413393308.6057605743 -0.9351529814 -1.4937248848 1.6467026147 -0.8101824077 -0.1082862413 0.0832490671 0.5700422344
1413393308.6557605267 -0.9568242060 -1.4904920668 1.6445995835 -0.8134487546 -0.0945300659 0.0788678576 0.5684584868
1413393308.7057607174 -0.9791173923 -1.4878700640 1.6394043884 -0.8160266483 -0.0802278617 0.0742966258 0.5675773171
1413393308.7557604313 -1.0014077138 -1.4845159756 1.6340770104 -0.8174780826 -0.0660013940 0.0688422443 0.5680089312
1413393308.8057606220 -1.0215910597 -1.4813599136 1.6262353579 -0.8171036004 -0.0527074692 0.0626702718 0.5706453066
1413393308.8557605743 -1.0404872847 -1.4765871543 1.6166793668 -0.8158379422 -0.0411479473 0.0541611674 0.5742663723
1413393308.9057605267 -1.0588432082 -1.4716911481 1.6044222377 -0.8145764795 -0.0297974205 0.0458358787 0.5774741076
1413393308.9557604790 -1.0759211908 -1.4664719343 1.5924478404 -0.8132834124 -0.0191978985 0.0369303310 0.5803771898
1413393309.0057606697 -1.0927593881 -1.4617570768 1.5799577364 -0.8119242918 -0.0092175489 0.0271807297 0.5830567632
1413393309.0557603836 -1.1087042214 -1.4575937600 1.5673995985 -0.8115756273 0.0009749346 0.0192047967 0.5839308404
1413393309.1057605743 -1.1235697869 -1.4526402416 1.5564697963 -0.8099673613 0.0107832187 0.0111805845 0.5862692133
1413393309.1557605267 -1.1374854361 -1.4493729737 1.5456215448 -0.8096013028 0.0204895274 0.0035712732 0.5866115885
1413393309.2057607174 -1.1502697846 -1.4459094122 1.5353900457 -0.8083978463 0.0289591285 -0.0026902356 0.5879175569
1413393309.2557604313 -1.1630217362 -1.4428958101 1.5265382711 -0.8082591832 0.0351502276 -0.0093039342 0.5877031488
1413393309.3057606220 -1.1746663690 -1.4405716952 1.5171687667 -0.8077496902 0.0389265196 -0.0156258745 0.5880314585
1413393309.3557605743 -1.1868542044 -1.4388838296 1.5098227738 -0.8075294080 0.0403055951 -0.0227103167 0.5880101664
1413393309.4057605267 -1.1986932309 -1.4377014135 1.5026557018 -0.8078676581 0.0405446901 -0.0280900261 0.5872962842
1413393309.4557604790 -1.2107014711 -1.4369434303 1.4961569153 -0.8083292680 0.0399087624 -0.0326565788 0.5864679301
1413393309.5057606697 -1.2228658383 -1.4369701183 1.4915883361 -0.8101727627 0.0389101185 -0.0353107993 0.5838315208
1413393309.5557603836 -1.2344436022 -1.4370558916 1.4866361325 -0.8123868393 0.0376830416 -0.0360174289 0.5807842599
1413393309.6057605743 -1.2465170686 -1.4375121659 1.4818478386 -0.8162369236 0.0361296111 -0.0366280623 0.5754218633
1413393309.6557605267 -1.2592843871 -1.4374810325 1.4779394729 -0.8192358556 0.0340686660 -0.0364056822 0.5712850122
1413393309.7057607174 -1.2726507438 -1.4370768640 1.4751581273 -0.8217587084 0.0331352919 -0.0347915720 0.5678065024
1413393309.7557604313 -1.2854968112 -1.4359882637 1.4725629168 -0.8229635606 0.0338176494 -0.0314781956 0.5662123875
1413393309.8057606220 -1.2987575912 -1.4340339920 1.4705001892 -0.8232418824 0.0357181710 -0.0255000344 0.5659918405
1413393309.8557605743 -1.3105178082 -1.4312232958 1.4695615377 -0.8238208976 0.0376470317 -0.0202764508 0.5652350796
1413393309.9057605267 -1.3229656594 -1.4272567596 1.4680814438 -0.8238344042 0.0392033983 -0.0162965715 0.5652383478
1413393309.9557604790 -1.3338867139 -1.4227646606 1.4674188112 -0.8243580855 0.0407111765 -0.0118165305 0.5644791552
1413393310.0057606697 -1.3443255585 -1.4172948419 1.4660586550 -0.8243246356 0.0427491262 -0.0072850438 0.5644540153
1413393310.0557603836 -1.3526943969 -1.4102578244 1.4657734340 -0.8239430318 0.0433578458 -0.0048626716 0.5649905591
1413393310.1057605743 -1.3603172346 -1.4031715701 1.4665103446 -0.8226453391 0.0429958804 -0.0035643058 0.5669155987
1413393310.1557605267 -1.3655675054 -1.3950817818 1.4669255025 -0.8207186100 0.0411950350 -0.0049044675 0.5698244277
1413393310.2057607174 -1.3705815350 -1.3865979517 1.4665390477 -0.8189258750 0.0368809722 -0.0099112584 0.5726272540
1413393310.2557604313 -1.3741997097 -1.3777447525 1.4658832131 -0.8172840502 0.0319082120 -0.0155973887 0.5751394342
1413393310.3057606220 -1.3783358400 -1.3687744457 1.4658746673 -0.8162662630 0.0273394183 -0.0215717884 0.5766251834
1413393310.3557605743 -1.3820676953 -1.3592832686 1.4657224930 -0.8158530412 0.0232362634 -0.0264048211 0.5771885972
1413393310.4057605267 -1.3850616981 -1.3501273558 1.4652948255 -0.8150480114 0.0204625640 -0.0301982995 0.5782439669
1413393310.4557604790 -1.3886794565 -1.3405562524 1.4643044606 -0.8145883531 0.0195001189 -0.0320916595 0.5788226721
1413393310.5057606697 -1.3919826070 -1.3308470135 1.4643989662 -0.8143968845 0.0210780504 -0.0295094651 0.5791740859
1413393310.5557603836 -1.3962442241 -1.3215051460 1.4636199539 -0.8139821706 0.0227386174 -0.0274348012 0.5797959235
1413393310.6057605743 -1.4013131475 -1.3125943719 1.4636068264 -0.8142857649 0.0256670365 -0.0234633203 0.5794215813
1413393310.6557605267 -1.4059011914 -1.3036692705 1.4632030933 -0.8142436510 0.0295108572 -0.0185959481 0.5794743970
1413393310.7057607174 -1.4091842258 -1.2931572144 1.4630553158 -0.8143051415 0.0333272025 -0.0136249592 0.5793192510
1413393310.7557604313 -1.4125149114 -1.2835664818 1.4625277027 -0.8150162422 0.0367427421 -0.0090271050 0.5782015282
1413393310.8057606220 -1.4149127357 -1.2735783559 1.4617697321 -0.8152436306 0.0397260931 -0.0054412543 0.5777283558
1413393310.8557605743 -1.4166927824 -1.2649492279 1.4618069796 -0.8157824998 0.0422867487 -0.0035484794 0.5767999238
1413393310.9057605267 -1.4170287550 -1.2549956459 1.4609857335 -0.8164213195 0.0418556157 -0.0061957707 0.5759044616
1413393310.9557604790 -1.4164250731 -1.2451113173 1.4584703308 -0.8176988673 0.0388994007 -0.0130745923 0.5741815515
1413393311.0057606697 -1.4145146272 -1.2340945362 1.4560220941 -0.8188175977 0.0368392920 -0.0192609346 0.5725466135
1413393311.0557603836 -1.4128261755 -1.2225342546 1.4533324883 -0.8200565240 0.0353425553 -0.0248984849 0.5706472349
1413393311.1057605743 -1.4087391627 -1.2107264802 1.4491320233 -0.8211948151 0.0349819270 -0.0282501754 0.5688736837
1413393311.1557605267 -1.4050488456 -1.1983245780 1.4443406587 -0.8210041743 0.0348678919 -0.0314832978 0.5689860963
1413393311.2057607174 -1.4035653223 -1.1866050284 1.4377536462 -0.8210669656 0.0373543429 -0.0311700982 0.5687548822
1413393311.2557604313 -1.4010980044 -1.1732595794 1.4285097868 -0.8209766036 0.0399801167 -0.0294238038 0.5687998298
1413393311.3057606220 -1.3992275272 -1.1596783320 1.4166880511 -0.8211116165 0.0409786371 -0.0295973966 0.5685248092
1413393311.3557605743 -1.3963914107 -1.1457027079 1.4056494111 -0.8215340047 0.0405654568 -0.0314527520 0.5678442104
1413393311.4057605267 -1.3929975781 -1.1301399449 1.3947682643 -0.8217952480 0.0399067104 -0.0336466258 0.5673869310
1413393311.4557604790 -1.3884761427 -1.1139442497 1.3838601563 -0.8221174238 0.0387534823 -0.0358236103 0.5668666316
1413393311.5057606697 -1.3851645789 -1.0973084283 1.3737983324 -0.8226767259 0.0384086521 -0.0372748465 0.5659844220
1413393311.5557603836 -1.3820052964 -1.0808925632 1.3655898246 -0.8230943752 0.0371765298 -0.0398076241 0.5652865717
1413393311.6057605743 -1.3780473572 -1.0617031606 1.3579728335 -0.8232338586 0.0359680371 -0.0415574129 0.5650356589
1413393311.6557605267 -1.3754681178 -1.0430981145 1.3506651389 -0.8220199994 0.0353210377 -0.0422440708 0.5667900699
1413393311.7057607174 -1.3722541695 -1.0230691476 1.3456158724 -0.8199796934 0.0345802651 -0.0425124356 0.5697632847
1413393311.7557604313 -1.3700607126 -1.0023163716 1.3416240480 -0.8179005628 0.0332946882 -0.0429765047 0.5727854338
1413393311.8057606220 -1.3698478729 -0.9824147981 1.3382968333 -0.8155973656 0.0315632268 -0.0430932299 0.5761490028
1413393311.8557605743 -1.3686094539 -0.9619268818 1.3364250544 -0.8137891631 0.0302833744 -0.0415791287 0.5788793409
1413393311.9057605267 -1.3680592456 -0.9402146617 1.3338965675 -0.8125292912 0.0276468855 -0.0404061619 0.5808606914
1413393311.9557604790 -1.3674770403 -0.9190570446 1.3320908902 -0.8115244131 0.0254438067 -0.0371452111 0.5825813016
1413393312.0057606697 -1.3681165367 -0.8984839590 1.3309642442 -0.8089743589 0.0222975481 -0.0351623812 0.5863675578
1413393312.0557603836 -1.3696699459 -0.8782506746 1.3304918277 -0.8063883065 0.0180740283 -0.0346400771 0.5900943091
1413393312.1057605743 -1.3719598982 -0.8587879932 1.3291865701 -0.8036099054 0.0137729762 -0.0345267112 0.5939943866
1413393312.1557605267 -1.3739412986 -0.8385883444 1.3284056526 -0.8022747810 0.0107968169 -0.0332256724 0.5959317572
1413393312.2057607174 -1.3763252144 -0.8201997977 1.3271141777 -0.8023987435 0.0087519439 -0.0311904443 0.5959083957
1413393312.2557604313 -1.3810655509 -0.8025150899 1.3262958992 -0.8035827009 0.0083109867 -0.0289182419 0.5944320866
1413393312.3057606220 -1.3844835246 -0.7846890088 1.3266953832 -0.8037335930 0.0111681706 -0.0226080009 0.5944547600
1413393312.3557605743 -1.3887767481 -0.7682829675 1.3274694443 -0.8050525061 0.0149575555 -0.0155300799 0.5928115641
1413393312.4057605267 -1.3946921794 -0.7529747221 1.3268630038 -0.8075131341 0.0191043491 -0.0085369219 0.5894783143
1413393312.4557604790 -1.3980559346 -0.7367709976 1.3247950012 -0.8087353875 0.0224561049 -0.0018826768 0.5877408034
1413393312.5057606697 -1.4017943655 -0.7212782416 1.3244747510 -0.8108999466 0.0258214530 0.0034305987 0.5846047898
1413393312.5557603836 -1.4052174611 -0.7068812474 1.3242541480 -0.8113029437 0.0270973232 0.0049526917 0.5839766600
1413393312.6057605743 -1.4061346200 -0.6908539704 1.3244676395 -0.8106824680 0.0251879720 0.0023300400 0.5849393755
1413393312.6557605267 -1.4073433364 -0.6762777731 1.3241854426 -0.8102351611 0.0216429224 -0.0030617801 0.5856971855
1413393312.7057607174 -1.4077266811 -0.6619633199 1.3237224872 -0.8108043546 0.0173456494 -0.0090454714 0.5849902619
1413393312.7557604313 -1.4077952550 -0.6473623447 1.3241256135 -0.8107674196 0.0151509402 -0.0119184275 0.5850509306
1413393312.8057606220 -1.4081654384 -0.6328807690 1.3250252816 -0.8107999154 0.0135836304 -0.0135452886 0.5850089805
1413393312.8557605743 -1.4089285559 -0.6184177055 1.3254855591 -0.8103497453 0.0124433489 -0.0133655663 0.5856618607
1413393312.9057605267 -1.4083284742 -0.6038944958 1.3270643319 -0.8084705433 0.0113948397 -0.0118359575 0.5883072738
1413393312.9557604790 -1.4095558908 -0.5904247698 1.3282700871 -0.8071109815 0.0111348235 -0.0089987729 0.5902261443
1413393313.0057606697 -1.4097889142 -0.5769092711 1.3315280701 -0.8031686225 0.0105227013 -0.0055644583 0.5956328343
1413393313.0557603836 -1.4105658531 -0.5646520915 1.3336488940 -0.8045627381 0.0080434242 -0.0040114065 0.5937996399
1413393313.1057605743 -1.4106707409 -0.5540523085 1.3349741209 -0.8064992974 0.0032108882 -0.0052555161 0.5912029711
1413393313.1557605267 -1.4112180943 -0.5441951173 1.3376931990 -0.8095996790 -0.0017675252 -0.0065497641 0.5869432138
1413393313.2057607174 -1.4108266305 -0.5338977044 1.3401465564 -0.8115685601 -0.0071224035 -0.0069048191 0.5841729770
1413393313.2557604313 -1.4105425921 -0.5244998605 1.3438433790 -0.8137562285 -0.0118542817 -0.0071684504 0.5810412119
1413393313.3057606220 -1.4113218051 -0.5151579407 1.3481847098 -0.8145812123 -0.0135942497 -0.0033595384 0.5798804691
1413393313.3557605743 -1.4120518394 -0.5063026367 1.3533416676 -0.8152752617 -0.0149648724 0.0001307641 0.5788801975
1413393313.4057605267 -1.4128877278 -0.4971529342 1.3587746102 -0.8152982435 -0.0155880813 0.0027993647 0.5788246276
1413393313.4557604790 -1.4135646158 -0.4876859820 1.3642490018 -0.8144078261 -0.0146041274 0.0065654258 0.5800719847
1413393313.5057606697 -1.4139170521 -0.4783736252 1.3679312930 -0.8121527180 -0.0127997277 0.0104465387 0.5832109391
1413393313.5557603836 -1.4135107937 -0.4688143547 1.3695727295 -0.8089043686 -0.0096077554 0.0138113358 0.5876994644
1413393313.6057605743 -1.4127155408 -0.4598137901 1.3702093532 -0.8056924144 -0.0048074356 0.0174547505 0.5920573904
1413393313.6557605267 -1.4099830705 -0.4509124649 1.3699081935 -0.8017580619 0.0010186893 0.0204568985 0.5972976543
1413393313.7057607174 -1.4062219251 -0.4423777509 1.3683774776 -0.7980704546 0.0052115972 0.0190016468 0.6022419167
1413393313.7557604313 -1.4004830443 -0.4349220278 1.3664562684 -0.7950358107 0.0076080497 0.0135488240 0.6063634279
1413393313.8057606220 -1.3940401972 -0.4294204508 1.3648962259 -0.7924461316 0.0094535482 0.0080084602 0.6098160571
1413393313.8557605743 -1.3868301241 -0.4249852724 1.3626331797 -0.7925590890 0.0112486235 0.0011189703 0.6096903368
1413393313.9057605267 -1.3786819106 -0.4230312516 1.3605096340 -0.7968820854 0.0131513288 -0.0057794504 0.6039640573
1413393313.9557604790 -1.3695591381 -0.4227262949 1.3577785311 -0.8024730757 0.0166283637 -0.0113243817 0.5963490745
1413393314.0057606697 -1.3600402526 -0.4224440321 1.3561668615 -0.8076744868 0.0208288426 -0.0162272064 0.5890371470
1413393314.0557603836 -1.3502769399 -0.4227027283 1.3552048725 -0.8125196402 0.0257907086 -0.0198028625 0.5820262196
1413393314.1057605743 -1.3408473797 -0.4224002237 1.3556955754 -0.8150862359 0.0298073199 -0.0213432931 0.5781785327
1413393314.1557605267 -1.3307622886 -0.4227080237 1.3560926737 -0.8161437988 0.0313690057 -0.0231764969 0.5765311225
1413393314.2057607174 -1.3211434804 -0.4231195187 1.3574401558 -0.8165057322 0.0309231363 -0.0247336563 0.5759777732
1413393314.2557604313 -1.3117054783 -0.4229226694 1.3580792055 -0.8166069790 0.0277560985 -0.0262208942 0.5759297748
1413393314.3057606220 -1.3025249596 -0.4226109105 1.3591783083 -0.8164131590 0.0240269514 -0.0245767783 0.5764444824
1413393314.3557605743 -1.2934884571 -0.4222277174 1.3602656602 -0.8167342373 0.0178484731 -0.0226609953 0.5762925446
1413393314.4057605267 -1.2845102528 -0.4215898314 1.3607904507 -0.8177758867 0.0094055524 -0.0200774487 0.5751095815
1413393314.4557604790 -1.2767728097 -0.4208039389 1.3617503961 -0.8187091884 0.0005372071 -0.0158890031 0.5739882541
1413393314.5057606697 -1.2699817111 -0.4197258281 1.3621621916 -0.8197285036 -0.0096603670 -0.0103496654 0.5725772805
1413393314.5557603836 -1.2637025694 -0.4184332364 1.3623959124 -0.8194862762 -0.0216078875 -0.0036381582 0.5726797588
1413393314.6057605743 -1.2575953370 -0.4166743552 1.3620207423 -0.8198016443 -0.0338291316 0.0036442588 0.5716358747
1413393314.6557605267 -1.2532466317 -0.4149921347 1.3613545852 -0.8200104214 -0.0470482090 0.0111398421 0.5703027956
1413393314.7057607174 -1.2487678915 -0.4114796692 1.3606684679 -0.8201314004 -0.0594821267 0.0186839862 0.5687682053
1413393314.7557604313 -1.2461252068 -0.4087628449 1.3601311249 -0.8206512979 -0.0697630430 0.0259343186 0.5665615379
1413393314.8057606220 -1.2447412217 -0.4049209171 1.3593620424 -0.8208885098 -0.0793562674 0.0324116411 0.5646185640
1413393314.8557605743 -1.2435618140 -0.3998829805 1.3579993886 -0.8208767652 -0.0877959604 0.0401874396 0.5628838027
1413393314.9057605267 -1.2430231931 -0.3940530805 1.3561482999 -0.8210211545 -0.0962590156 0.0475534907 0.5607112726
1413393314.9557604790 -1.2438949375 -0.3875299620 1.3540953320 -0.8204011777 -0.1050104545 0.0553998940 0.5593259907
1413393315.0057606697 -1.2451962023 -0.3798425143 1.3516523463 -0.8199288087 -0.1124808562 0.0634567949 0.5577078455
1413393315.0557603836 -1.2472838274 -0.3707616735 1.3493464553 -0.8192790451 -0.1180973523 0.0704964189 0.5566552942
1413393315.1057605743 -1.2501235951 -0.3609726974 1.3459398787 -0.8183813481 -0.1228844449 0.0764151523 0.5561583468
1413393315.1557605267 -1.2527362996 -0.3499935559 1.3419049871 -0.8179569742 -0.1283696790 0.0789715730 0.5551856487
1413393315.2057607174 -1.2558630043 -0.3372839577 1.3381437579 -0.8159245009 -0.1328586313 0.0800302317 0.5569658471
1413393315.2557604313 -1.2592832977 -0.3224662445 1.3328955040 -0.8144765499 -0.1373101490 0.0786644120 0.5581986949
1413393315.3057606220 -1.2630541307 -0.3067847893 1.3283394213 -0.8123819667 -0.1410145692 0.0762112496 0.5606623556
1413393315.3557605743 -1.2687660112 -0.2915416388 1.3225630807 -0.8092079245 -0.1441971881 0.0722250565 0.5649541990
1413393315.4057605267 -1.2753708278 -0.2754739941 1.3169527651 -0.8059210804 -0.1470613474 0.0673630042 0.5694966180
1413393315.4557604790 -1.2826287741 -0.2581765860 1.3121421595 -0.8023419663 -0.1491168938 0.0627585751 0.5745196970
1413393315.5057606697 -1.2924074820 -0.2422141849 1.3076941183 -0.8000421419 -0.1480663612 0.0613613366 0.5781381411
1413393315.5557603836 -1.3031443523 -0.2270453120 1.3036723354 -0.7978537677 -0.1472518417 0.0599661640 0.5815069386
1413393315.6057605743 -1.3151254230 -0.2112748880 1.3015994216 -0.7967260584 -0.1445995617 0.0614507416 0.5835600748
1413393315.6557605267 -1.3293747265 -0.1971572488 1.3023216050 -0.7947159423 -0.1409283950 0.0649402378 0.5868121710
1413393315.7057607174 -1.3443609153 -0.1836286874 1.3049687370 -0.7944377066 -0.1381853277 0.0666688952 0.5876468361
1413393315.7557604313 -1.3607887649 -0.1715766105 1.3106036959 -0.7946451515 -0.1339106957 0.0708582654 0.5878657287
1413393315.8057606220 -1.3775849162 -0.1599998835 1.3193880069 -0.7962195357 -0.1305948533 0.0748329753 0.5859858881
1413393315.8557605743 -1.3949703756 -0.1492865565 1.3320938505 -0.7965144863 -0.1255651104 0.0811793012 0.5858395661
1413393315.9057605267 -1.4119821565 -0.1392850856 1.3455899441 -0.7983527307 -0.1230116085 0.0841661854 0.5834527528
1413393315.9557604790 -1.4288816956 -0.1299591565 1.3593011213 -0.7985429396 -0.1215056627 0.0869269349 0.5831031260
1413393316.0057606697 -1.4464597521 -0.1197323521 1.3748384563 -0.7989760639 -0.1211406359 0.0871526283 0.5825518131
1413393316.0557603836 -1.4634419116 -0.1105429470 1.3882527511 -0.7986527120 -0.1208100331 0.0877488078 0.5829742090
1413393316.1057605743 -1.4793084777 -0.1016725080 1.4027560084 -0.7987089399 -0.1226319965 0.0863170066 0.5827304670
1413393316.1557605267 -1.4962592986 -0.0932998473 1.4180264802 -0.7976953000 -0.1243796800 0.0837562409 0.5841205317
1413393316.2057607174 -1.5115883645 -0.0847104901 1.4337640836 -0.7965374397 -0.1262895393 0.0818631620 0.5855574115
1413393316.2557604313 -1.5280840474 -0.0772804118 1.4515025582 -0.7958756882 -0.1284688590 0.0804959463 0.5861723670
1413393316.3057606220 -1.5453889502 -0.0706432104 1.4674802227 -0.7952572518 -0.1293146290 0.0801095638 0.5868782566
1413393316.3557605743 -1.5628479368 -0.0644449560 1.4837242438 -0.7956388063 -0.1299237523 0.0814573390 0.5860404512
1413393316.4057605267 -1.5798883092 -0.0588262890 1.5014829236 -0.7957132297 -0.1306345255 0.0825619957 0.5856266675
1413393316.4557604790 -1.5981172631 -0.0543310539 1.5189366027 -0.7967647387 -0.1305778402 0.0842579070 0.5839657387
1413393316.5057606697 -1.6152121922 -0.0491313980 1.5358975454 -0.7975618327 -0.1306043554 0.0865061125 0.5825412585
1413393316.5557603836 -1.6327635452 -0.0453271715 1.5523110276 -0.7982836768 -0.1314649501 0.0874146142 0.5812218366
1413393316.6057605743 -1.6506006227 -0.0411239497 1.5684758974 -0.7991189456 -0.1322154489 0.0882961632 0.5797687241
1413393316.6557605267 -1.6686571607 -0.0375900402 1.5839256459 -0.8002727857 -0.1333271579 0.0892330892 0.5777757292
1413393316.7057607174 -1.6863044897 -0.0337424185 1.5971196093 -0.8013861566 -0.1347459113 0.0898127318 0.5758102471
1413393316.7557604313 -1.7041753568 -0.0297508825 1.6076245477 -0.8023848466 -0.1364181382 0.0901406601 0.5739715245
1413393316.8057606220 -1.7224290914 -0.0260224661 1.6169722924 -0.8027865148 -0.1380292280 0.0910571070 0.5728789986
1413393316.8557605743 -1.7407715427 -0.0214894775 1.6229457218 -0.8033242004 -0.1399949817 0.0916810282 0.5715472187
1413393316.9057605267 -1.7596890403 -0.0184896493 1.6267322792 -0.8031866919 -0.1419283199 0.0919412878 0.5712217517
1413393316.9557604790 -1.7781391319 -0.0125957411 1.6274694905 -0.8034334866 -0.1434987163 0.0932736055 0.5702655395
1413393317.0057606697 -1.7979853828 -0.0087870417 1.6266145580 -0.8023337593 -0.1449021147 0.0939189137 0.5713520400
1413393317.0557603836 -1.8174969817 -0.0050290520 1.6241383404 -0.8004790563 -0.1460590697 0.0941323414 0.5736193258
1413393317.1057605743 -1.8373591645 -0.0004872232 1.6200589432 -0.7978490052 -0.1467869873 0.0951729324 0.5769165089
1413393317.1557605267 -1.8587696258 0.0053161206 1.6144221631 -0.7950104825 -0.1475080994 0.0958810158 0.5805226301
1413393317.2057607174 -1.8785417877 0.0102151139 1.6094720143 -0.7921243004 -0.1479278179 0.0957274926 0.5843737679
1413393317.2557604313 -1.8992655998 0.0136978147 1.6049680651 -0.7901845223 -0.1476102874 0.0960910559 0.5870145933
1413393317.3057606220 -1.9193843007 0.0167117035 1.6018733159 -0.7885470914 -0.1473008274 0.0964562059 0.5892301343
1413393317.3557605743 -1.9392250488 0.0193280745 1.5992108963 -0.7874650341 -0.1464497972 0.0969231944 0.5908106053
1413393317.4057605267 -1.9599852195 0.0205332568 1.5958918648 -0.7867509368 -0.1457989013 0.0961537480 0.5920473804
1413393317.4557604790 -1.9803415218 0.0212225964 1.5932803682 -0.7866228626 -0.1456624263 0.0955462181 0.5923494321
1413393317.5057606697 -2.0013807705 0.0204580854 1.5896392747 -0.7862442540 -0.1451248815 0.0949408152 0.5930809249
1413393317.5557603836 -2.0222558003 0.0194247600 1.5851725480 -0.7857771648 -0.1440226345 0.0949913538 0.5939599067
1413393317.6057605743 -2.0429552271 0.0170110931 1.5783829921 -0.7866812933 -0.1435013243 0.0948865531 0.5929050975
1413393317.6557605267 -2.0636611898 0.0137695217 1.5688493651 -0.7869056457 -0.1421845936 0.0949396498 0.5929161062
1413393317.7057607174 -2.0846110190 0.0103492202 1.5582417369 -0.7874197159 -0.1400931441 0.0959072364 0.5925756526
1413393317.7557604313 -2.1065306509 0.0045081723 1.5477252626 -0.7879965053 -0.1389242697 0.0957436438 0.5921103863
1413393317.8057606220 -2.1254119050 -0.0009710199 1.5377851587 -0.7888349177 -0.1376150907 0.0958917944 0.5912751671
1413393317.8557605743 -2.1446292995 -0.0075955162 1.5276701678 -0.7896055356 -0.1373051969 0.0945535093 0.5905336696
1413393317.9057605267 -2.1637682126 -0.0140954427 1.5180550950 -0.7903883494 -0.1374738872 0.0919016302 0.5898654743
1413393317.9557604790 -2.1849576009 -0.0227848726 1.5090793454 -0.7923231280 -0.1362094864 0.0897433309 0.5878921426
1413393318.0057606697 -2.2044101368 -0.0306060303 1.4991840451 -0.7934575504 -0.1356548018 0.0868441919 0.5869250180
1413393318.0557603836 -2.2233626967 -0.0397538553 1.4883193848 -0.7958593145 -0.1335751098 0.0860145558 0.5842663243
1413393318.1057605743 -2.2439250819 -0.0496999086 1.4795849622 -0.7977206920 -0.1309127782 0.0854222725 0.5824144378
1413393318.1557605267 -2.2652359986 -0.0605768258 1.4697091061 -0.8001023508 -0.1276054399 0.0858967814 0.5798058493
1413393318.2057607174 -2.2857291008 -0.0708381659 1.4589384145 -0.8019987665 -0.1234781242 0.0877104012 0.5778044798
1413393318.2557604313 -2.3062840386 -0.0809397122 1.4498367632 -0.8033884532 -0.1189263867 0.0908110507 0.5763478644
1413393318.3057606220 -2.3257670626 -0.0906377099 1.4388231633 -0.8037613268 -0.1146716899 0.0937701303 0.5762163619
1413393318.3557605743 -2.3450783928 -0.1016453667 1.4278558404 -0.8041156093 -0.1110023836 0.0960895870 0.5760584597
1413393318.4057605267 -2.3647322114 -0.1118347247 1.4152679838 -0.8044194365 -0.1086421013 0.0972558416 0.5758885007
1413393318.4557604790 -2.3826770606 -0.1213473437 1.4032805751 -0.8043750277 -0.1065230315 0.0988562315 0.5760738703
1413393318.5057606697 -2.3997997603 -0.1310210048 1.3905922736 -0.8044462025 -0.1048452532 0.0992334497 0.5762174091
1413393318.5557603836 -2.4168563168 -0.1401606207 1.3774470072 -0.8041644063 -0.1041724979 0.0989758728 0.5767767982
1413393318.6057605743 -2.4328829977 -0.1493091567 1.3644498051 -0.8045474458 -0.1032609524 0.0993479018 0.5763424134
1413393318.6557605267 -2.4470371301 -0.1580860698 1.3523725521 -0.8043375892 -0.1026834286 0.0994777509 0.5767159901
1413393318.7057607174 -2.4605081843 -0.1669521651 1.3402276525 -0.8044422070 -0.1021177178 0.1004242872 0.5765064352
1413393318.7557604313 -2.4766121816 -0.1761522511 1.3294935310 -0.8041198049 -0.1016328296 0.1006078055 0.5770096852
1413393318.8057606220 -2.4875900884 -0.1852155244 1.3212223196 -0.8034383667 -0.1023902605 0.1002565279 0.5778855025
1413393318.8557605743 -2.4975993399 -0.1925810004 1.3133325185 -0.8017068377 -0.1033709086 0.0995603280 0.5802312838
1413393318.9057605267 -2.5069269840 -0.1997412826 1.3067209487 -0.7982391348 -0.1042373564 0.0994890220 0.5848510850
1413393318.9557604790 -2.5181426816 -0.2100368685 1.3012401422 -0.7947289385 -0.1049190417 0.0988994834 0.5895903673
1413393319.0057606697 -2.5262708454 -0.2198874311 1.2952069807 -0.7919500659 -0.1055851385 0.0985664764 0.5932550222
1413393319.0557603836 -2.5348756536 -0.2308739174 1.2907655089 -0.7916389140 -0.1067278673 0.0981107731 0.5935412946
1413393319.1057605743 -2.5421238956 -0.2424088686 1.2867290597 -0.7935801005 -0.1069649308 0.0989306637 0.5907637866
1413393319.1557605267 -2.5484253639 -0.2542413970 1.2832191895 -0.7967652842 -0.1071855122 0.0995753028 0.5863114420
1413393319.2057607174 -2.5540615664 -0.2668850286 1.2831127510 -0.7993123532 -0.1076826813 0.1006564687 0.5825568449
1413393319.2557604313 -2.5579766385 -0.2801114763 1.2827339712 -0.8026142462 -0.1084515064 0.1008030821 0.5778298895
1413393319.3057606220 -2.5614611265 -0.2930428760 1.2815915786 -0.8056394024 -0.1088588669 0.1015073385 0.5734031396
1413393319.3557605743 -2.5645377611 -0.3053025971 1.2802820737 -0.8083958986 -0.1092672338 0.1016686385 0.5694033990
1413393319.4057605267 -2.5671530948 -0.3162863558 1.2773698061 -0.8104161451 -0.1103295574 0.1009818209 0.5664412877
1413393319.4557604790 -2.5694967057 -0.3284381624 1.2741089176 -0.8123331311 -0.1108806556 0.1008898955 0.5635970133
1413393319.5057606697 -2.5715437125 -0.3401625853 1.2677893464 -0.8152616096 -0.1113446672 0.1013789101 0.5591718785
1413393319.5557603836 -2.5741770832 -0.3534006680 1.2594495399 -0.8188992121 -0.1102817263 0.1033793137 0.5536738559
1413393319.6057605743 -2.5750399994 -0.3614446114 1.2525220914 -0.8216483372 -0.1093917274 0.1059260040 0.5492787468
1413393319.6557605267 -2.5756547640 -0.3684527341 1.2438948682 -0.8247344679 -0.1082576109 0.1085157783 0.5443506893
1413393319.7057607174 -2.5756685223 -0.3742669610 1.2338934699 -0.8264337560 -0.1078920149 0.1098456000 0.5415722521
1413393319.7557604313 -2.5750756137 -0.3780407622 1.2233247479 -0.8249972227 -0.1106936911 0.1070448204 0.5437535247
1413393319.8057606220 -2.5736067095 -0.3800189052 1.2112352946 -0.8230599556 -0.1159046073 0.1010461978 0.5467431732
1413393319.8557605743 -2.5721503771 -0.3803398266 1.1979087579 -0.8197514260 -0.1207161340 0.0959861694 0.5515631150
1413393319.9057605267 -2.5708769003 -0.3793822258 1.1836695532 -0.8163681909 -0.1249674565 0.0915315200 0.5563704634
1413393319.9557604790 -2.5699152581 -0.3775072308 1.1686251581 -0.8131235575 -0.1284264204 0.0880390148 0.5608795474
1413393320.0057606697 -2.5695513942 -0.3746827587 1.1520799534 -0.8100916222 -0.1310861983 0.0852192667 0.5650713662
1413393320.0557603836 -2.5696099718 -0.3717456359 1.1358418288 -0.8076351097 -0.1325431055 0.0839823471 0.5684230996
1413393320.1057605743 -2.5703142444 -0.3685659862 1.1195263560 -0.8047256552 -0.1330465707 0.0836582531 0.5724653060
1413393320.1557605267 -2.5715934256 -0.3654945458 1.1036983510 -0.8010448866 -0.1329788777 0.0833678151 0.5776621116
1413393320.2057607174 -2.5733195982 -0.3622664078 1.0887200219 -0.7975556063 -0.1315210917 0.0845476689 0.5826310574
1413393320.2557604313 -2.5756328974 -0.3599478168 1.0747943210 -0.7954352487 -0.1306251278 0.0844705234 0.5857342159
1413393320.3057606220 -2.5785187114 -0.3581729566 1.0615788993 -0.7965786350 -0.1291377790 0.0844563451 0.5845109392
1413393320.3557605743 -2.5815334535 -0.3573007217 1.0534154680 -0.7982688229 -0.1273478544 0.0850727443 0.5825049687
1413393320.4057605267 -2.5850898228 -0.3571993477 1.0487404811 -0.8017778151 -0.1259478642 0.0855918103 0.5778957628
1413393320.4557604790 -2.5890457253 -0.3573479008 1.0475668469 -0.8055044742 -0.1251631801 0.0847798882 0.5729826270
1413393320.5057606697 -2.5933058748 -0.3574139504 1.0483309224 -0.8080760401 -0.1250458601 0.0830635055 0.5696289146
1413393320.5557603836 -2.5982290485 -0.3572620288 1.0495042305 -0.8093553619 -0.1249241802 0.0817325654 0.5680296076
1413393320.6057605743 -2.6036820739 -0.3567368826 1.0478426338 -0.8098889311 -0.1244618139 0.0803302860 0.5675704549
1413393320.6557605267 -2.6095144396 -0.3560805119 1.0412347208 -0.8108242415 -0.1251021699 0.0774952401 0.5664874088
1413393320.7057607174 -2.6160355667 -0.3553938292 1.0293662208 -0.8111079941 -0.1251967421 0.0761460387 0.5662432149
1413393320.7557604313 -2.6233960399 -0.3543708133 1.0106859771 -0.8101615236 -0.1244040404 0.0762801822 0.5677528284
1413393320.8057606220 -2.6313016318 -0.3534137692 0.9859946196 -0.8086880782 -0.1230363258 0.0777226244 0.5699516193
1413393320.8557605743 -2.6329341180 -0.3542949814 0.9803509838 -0.7992042830 -0.1191583437 0.0790666035 0.5837998590
1413393320.9057605267 -2.6286133636 -0.3569541358 0.9947289915 -0.7953106660 -0.1209269436 0.0747142151 0.5893007763
1413393320.9557604790 -2.6239913157 -0.3601623836 1.0020474904 -0.8056185603 -0.1258797830 0.0666558199 0.5750565339
1413393321.0057606697 -2.6199809882 -0.3633203880 1.0038749247 -0.8124077769 -0.1315925773 0.0594643096 0.5649256531
1413393321.0557603836 -2.6174947309 -0.3661687071 0.9996449531 -0.8134678910 -0.1340169966 0.0584485494 0.5629326799
1413393321.1057605743 -2.6159939996 -0.3680440943 0.9872599552 -0.8096944448 -0.1312065876 0.0632240192 0.5684913904
1413393321.1557605267 -2.6138285472 -0.3699038236 0.9817268467 -0.7953192193 -0.1157836831 0.0851367294 0.5889084950
1413393321.2057607174 -2.6114820860 -0.3718952857 0.9908932939 -0.7869410444 -0.1187368994 0.0776509145 0.6004961922
1413393321.2557604313 -2.6119676765 -0.3730894242 0.9925517083 -0.7903913772 -0.1223076528 0.0693161384 0.5962529512
1413393321.3057606220 -2.6123138531 -0.3723784893 0.9844697619 -0.8012428097 -0.1184460814 0.0653534434 0.5828459600
1413393321.3557605743 -2.6114545820 -0.3713080048 0.9824794644 -0.8009354218 -0.1116059115 0.0771714147 0.5831733391
1413393321.4057605267 -2.6099756968 -0.3721000858 0.9858848307 -0.7970057141 -0.1127433769 0.0745788299 0.5886499985
1413393321.4557604790 -2.6111869158 -0.3732619511 0.9855930048 -0.7948477008 -0.1112571556 0.0759376513 0.5916692073
1413393321.5057606697 -2.6112611451 -0.3728441761 0.9838692615 -0.7954467961 -0.1142899173 0.0725494268 0.5907104113
1413393321.5557603836 -2.6108873793 -0.3723972316 0.9845886082 -0.7973672808 -0.1123370259 0.0748547817 0.5882028338
1413393321.6057605743 -2.6108384918 -0.3724106934 0.9840792337 -0.7970250352 -0.1128021260 0.0744595629 0.5886276812
1413393321.6557605267 -2.6112819226 -0.3728667738 0.9841981845 -0.7959394816 -0.1128019498 0.0742981374 0.5901151146
1413393321.7057607174 -2.6108153609 -0.3727829313 0.9842252735 -0.7955424792 -0.1126890359 0.0743349420 0.5906671324
1413393321.7557604313 -2.6111057918 -0.3725538505 0.9839471111 -0.7966347683 -0.1124711058 0.0747784653 0.5891786465
1413393321.8057606220 -2.6111297882 -0.3726266955 0.9841689687 -0.7960757349 -0.1127414347 0.0741349999 0.5899633844
1413393321.8557605743 -2.6110361062 -0.3727425083 0.9841273978 -0.7958836650 -0.1125161448 0.0746496597 0.5902005907
1413393321.9057605267 -2.6108922571 -0.3726695293 0.9841536903 -0.7958428197 -0.1125123110 0.0746298158 0.5902589066
1413393321.9557604790 -2.6111895148 -0.3726475226 0.9841198931 -0.7963061288 -0.1124587175 0.0747338672 0.5896307618
1413393322.0057606697 -2.6109052466 -0.3727006007 0.9842870146 -0.7957999727 -0.1127225960 0.0742048582 0.5903301270
1413393322.0557603836 -2.6110467163 -0.3727334108 0.9842166009 -0.7957753034 -0.1123171704 0.0749644023 0.5903446943
1413393322.1057605743 -2.6109356766 -0.3726572571 0.9841304133 -0.7959098992 -0.1124613894 0.0747406818 0.5901641287
1413393322.1557605267 -2.6109332984 -0.3726845026 0.9840655885 -0.7959641115 -0.1123338204 0.0748593592 0.5901002647
1413393322.2057607174 -2.6109424533 -0.3727830480 0.9840732682 -0.7957162096 -0.1124011381 0.0748917161 0.5904175885
1413393322.2557604313 -2.6109519384 -0.3726368353 0.9839947033 -0.7957626903 -0.1123909323 0.0748877697 0.5903573842
1413393322.3057606220 -2.6109973055 -0.3725795940 0.9840989999 -0.7958334610 -0.1123685097 0.0748328576 0.5902732112
1413393322.3557605743 -2.6110273318 -0.3727019708 0.9841801676 -0.7956748461 -0.1123972954 0.0749939747 0.5904610834
1413393322.4057605267 -2.6109961740 -0.3726706070 0.9841194334 -0.7957396062 -0.1123625708 0.0748047578 0.5904044208
1413393322.4557604790 -2.6109129085 -0.3726444780 0.9839661426 -0.7957301433 -0.1123739010 0.0747178604 0.5904260214
1413393322.5057606697 -2.6110075129 -0.3726960702 0.9839700346 -0.7956592284 -0.1123353922 0.0748718817 0.5905094015
1413393322.5557603836 -2.6109393831 -0.3726898746 0.9840205778 -0.7956551086 -0.1125135433 0.0748744950 0.5904807031
1413393322.6057605743 -2.6109835219 -0.3727034137 0.9841012951 -0.7957599298 -0.1123651913 0.0747990548 0.5903772517
1413393322.6557605267 -2.6109458585 -0.3727341234 0.9841106880 -0.7956745610 -0.1123541759 0.0748013584 0.5904941058
1413393322.7057607174 -2.6109451176 -0.3727330052 0.9841231452 -0.7956869201 -0.1123420697 0.0749745277 0.5904577925
1413393322.7557604313 -2.6110020628 -0.3726369792 0.9841604524 -0.7957183146 -0.1124857013 0.0749409571 0.5903923981
1413393322.8057606220 -2.6109718480 -0.3726837235 0.9840791453 -0.7956577132 -0.1124880267 0.0748793457 0.5904814399
1413393322.8557605743 -2.6109798774 -0.3726940211 0.9840335302 -0.7956972890 -0.1124525076 0.0747233906 0.5904546322
1413393322.9057605267 -2.6109815199 -0.3727287307 0.9840179105 -0.7956708549 -0.1123726593 0.0747718156 0.5904993240
1413393322.9557604790 -2.6109339117 -0.3727064899 0.9840822521 -0.7956661173 -0.1123621653 0.0747948337 0.5905047894
1413393323.0057606697 -2.6109544749 -0.3726786054 0.9840642969 -0.7955942076 -0.1124925303 0.0748634170 0.5905681640
1413393323.0557603836 -2.6109921605 -0.3726891798 0.9839778748 -0.7955897636 -0.1123978972 0.0748394782 0.5905952026
1413393323.1057605743 -2.6109640752 -0.3727415857 0.9839640167 -0.7955933421 -0.1123805209 0.0749162999 0.5905839488
1413393323.1557605267 -2.6109688209 -0.3726854435 0.9840098497 -0.7955770488 -0.1123462611 0.0750079979 0.5906007765
1413393323.2057607174 -2.6109560951 -0.3727145915 0.9840086409 -0.7955674432 -0.1123734952 0.0750121007 0.5906080136
1413393323.2557604313 -2.6108960239 -0.3727897096 0.9839643964 -0.7955121715 -0.1124162996 0.0749513719 0.5906820231
1413393323.3057606220 -2.6109034808 -0.3727656857 0.9838664162 -0.7955284675 -0.1124211558 0.0750346335 0.5906485799
1413393323.3557605743 -2.6109431897 -0.3727352199 0.9838386812 -0.7954828703 -0.1122834823 0.0749521220 0.5907466480
1413393323.4057605267 -2.6109072901 -0.3727776929 0.9838051589 -0.7955009501 -0.1121504584 0.0750524010 0.5907348391
1413393323.4557604790 -2.6109142657 -0.3727939704 0.9837337503 -0.7954608338 -0.1121483992 0.0751063663 0.5907823898
1413393323.5057606697 -2.6109358242 -0.3727329009 0.9837961392 -0.7954348395 -0.1122718503 0.0749436164 0.5908146089
1413393323.5557603836 -2.6109309357 -0.3727746047 0.9838147211 -0.7953994847 -0.1123684185 0.0749681128 0.5908407403
1413393323.6057605743 -2.6109922749 -0.3727393896 0.9839064697 -0.7954887127 -0.1122866064 0.0749278530 0.5907412655
1413393323.6557605267 -2.6109755041 -0.3727638310 0.9838464665 -0.7955319071 -0.1121660047 0.0750982237 0.5906843734
1413393323.7057607174 -2.6109857982 -0.3727434818 0.9838727437 -0.7954724584 -0.1121711608 0.0749849002 0.5907778461
1413393323.7557604313 -2.6110108785 -0.3727169382 0.9839226536 -0.7955484163 -0.1121701989 0.0748992893 0.5906866007
1413393323.8057606220 -2.6109855657 -0.3727035265 0.9838665971 -0.7954936783 -0.1122038506 0.0749781626 0.5907439198
1413393323.8557605743 -2.6110091151 -0.3726821769 0.9838482658 -0.7954413676 -0.1123211126 0.0748710883 0.5908056520
1413393323.9057605267 -2.6110020463 -0.3727052781 0.9837365811 -0.7954255743 -0.1122198022 0.0749436361 0.5908369684
1413393323.9557604790 -2.6109698641 -0.3727717795 0.9835928259 -0.7953543185 -0.1123219557 0.0748649780 0.5909234480
1413393324.0057606697 -2.6109415939 -0.3727750890 0.9835982877 -0.7953924518 -0.1122569618 0.0750326109 0.5908632071
1413393324.0557603836 -2.6109651898 -0.3727507420 0.9837279316 -0.7953542313 -0.1123265880 0.0750003723 0.5909055158
1413393324.1057605743 -2.6109153216 -0.3727591839 0.9837558890 -0.7953935253 -0.1122802515 0.0751883980 0.5908375325
1413393324.1557605267 -2.6109709829 -0.3727324931 0.9837840390 -0.7954143534 -0.1123089750 0.0749651080 0.5908324069
1413393324.2057607174 -2.6110152754 -0.3727269090 0.9838281078 -0.7954709233 -0.1123215813 0.0748853033 0.5907639663
1413393324.2557604313 -2.6110435425 -0.3726740941 0.9838112496 -0.7954227555 -0.1123265827 0.0748799717 0.5908285443
1413393324.3057606220 -2.6110436576 -0.3726690217 0.9837163163 -0.7953612851 -0.1121686373 0.0750324747 0.5909219498
1413393324.3557605743 -2.6109751584 -0.3727326998 0.9838041718 -0.7954266596 -0.1121546561 0.0750691014 0.5908319493
1413393324.4057605267 -2.6110183655 -0.3727020518 0.9836976945 -0.7953740792 -0.1122494052 0.0749717263 0.5908971023
1413393324.4557604790 -2.6110128657 -0.3727288889 0.9836321486 -0.7954009195 -0.1122733855 0.0748553187 0.5908711749
1413393324.5057606697 -2.6109509330 -0.3727566646 0.9836583247 -0.7954283924 -0.1123265902 0.0749411968 0.5908131911
1413393324.5557603836 -2.6110034478 -0.3727119655 0.9837244200 -0.7954074127 -0.1124761245 0.0747579331 0.5908362046
1413393324.6057605743 -2.6109537340 -0.3727465902 0.9837647913 -0.7954089511 -0.1124681761 0.0747925931 0.5908312601
1413393324.6557605267 -2.6110440867 -0.3726732990 0.9837946875 -0.7954216264 -0.1123883688 0.0746636061 0.5908456962
1413393324.7057607174 -2.6110478994 -0.3727236815 0.9838149317 -0.7954444047 -0.1123219241 0.0747552656 0.5908160751
1413393324.7557604313 -2.6110426966 -0.3726705650 0.9838017321 -0.7954092251 -0.1123031631 0.0748867302 0.5908503549
1413393324.8057606220 -2.6109585591 -0.3726929642 0.9838193645 -0.7954223266 -0.1122445639 0.0750864825 0.5908185004
1413393324.8557605743 -2.6110223912 -0.3726322810 0.9838655271 -0.7954709948 -0.1121391906 0.0749975004 0.5907842865
1413393324.9057605267 -2.6110299592 -0.3726432734 0.9838770773 -0.7954554343 -0.1121631288 0.0749669463 0.5908045714
1413393324.9557604790 -2.6109939760 -0.3726211593 0.9837921230 -0.7953658139 -0.1122293980 0.0750828428 0.5908979193
1413393325.0057606697 -2.6110062273 -0.3726551622 0.9838091560 -0.7954354481 -0.1123087200 0.0750237310 0.5907966140
1413393325.0557603836 -2.6110268994 -0.3726181907 0.9837360252 -0.7954309186 -0.1122788964 0.0748798893 0.5908266288
1413393325.1057605743 -2.6110302783 -0.3726436615 0.9837783791 -0.7954539129 -0.1123001275 0.0749020603 0.5907888245
1413393325.1557605267 -2.6110524598 -0.3726411751 0.9837078077 -0.7954103966 -0.1122224996 0.0749524415 0.5908557718
1413393325.2057607174 -2.6110543666 -0.3726392389 0.9837462920 -0.7954269861 -0.1123846960 0.0748549210 0.5908149717
1413393325.2557604313 -2.6109856760 -0.3726843580 0.9836564954 -0.7953523756 -0.1123396582 0.0749733646 0.5909089560
1413393325.3057606220 -2.6110160105 -0.3726932666 0.9837283083 -0.7954226665 -0.1124668154 0.0750720265 0.5907776129
1413393325.3557605743 -2.6110182535 -0.3727319916 0.9835655495 -0.7953251291 -0.1123552192 0.0751058118 0.5909258505
1413393325.4057605267 -2.6110054894 -0.3727680764 0.9835732521 -0.7953601531 -0.1124245268 0.0751601477 0.5908586166
1413393325.4557604790 -2.6109881186 -0.3728140262 0.9835648014 -0.7953859072 -0.1123271375 0.0749003892 0.5908754561
